season,player_id,pa,offense_runs,total_innings,field_innings,defense_runs
2022,657709,103,-10.419351729708222,257.9736696636696,228.66666666666666,-2.221787825818783
2023,669224,75,-0.7895669144796873,164.66666666666666,164.66666666666666,0.5497665425616312
2021,642423,225,-11.124358559820527,722.7562003070811,639.3333333333334,-13.303809272502145
2024,701538,593,26.224496568287112,1372.3362480127184,1363.0,7.674001820641304
2025,664761,504,-1.329739144723879,1052.686274509804,1046.3333333333335,0.35465439273182
2025,700932,531,8.337388652563924,1093.414933070408,420.6666666666667,-8.332087096666504
2025,606466,556,28.437294174243718,1080.3786344008724,891.3333333333331,7.664394348835058
2021,605244,94,-5.412521622749457,266.6695813460519,257.3333333333333,1.761810293434837
2024,663609,49,-0.3995719466113372,102.96986652757278,2.6666666666666665,-1.5461915091781566
2025,664056,501,14.116317594162002,1154.587666398642,1145.6666666666667,21.904574261629318
2023,641658,252,1.5269194278467473,515.7013280400315,462.0,-0.45721582698341556
2023,672356,345,-13.13787459936701,1002.0195531672782,983.3333333333333,-11.765476932103073
2023,455117,407,-16.573659052498087,952.681116357465,821.3333333333333,1.6586633397388963
2024,660644,278,-8.58764784090725,711.2667985696548,672.3333333333334,4.497481950523316
2025,669127,522,22.08539779865847,1076.8857177446203,953.0,2.3664169321513926
2023,646240,656,19.71531385314874,1321.6666666666665,1303.6666666666665,0.632541163375973
2023,608070,691,26.466844874937017,1374.1703640930966,1097.0000000000002,7.669988197045997
2021,664238,367,-10.421775314785968,1068.325889164599,1056.3333333333335,13.086495314273737
2022,660670,533,15.695624962485212,1034.7263157894736,731.0,-21.023929095413592
2022,624503,443,6.766791996443911,869.6920225729448,761.6666666666665,11.761651468746287
2021,571466,380,-10.544858965892889,852.75524073154,760.3333333333333,6.971913105546229
2025,686797,527,-11.639693328740794,1034.7030736610716,998.3333333333335,4.96402988666616
2025,666176,573,10.47280437845062,1297.2932690520927,1268.0,-37.50882763612581
2022,621458,92,1.7412207614824808,167.34268794547432,11.0,0.6359531830150884
2023,666397,408,17.24315780000272,793.7942048734599,417.33333333333337,-4.352648776108593
2023,677950,402,-11.974921116694869,1029.3049301681624,1015.3333333333335,21.11427798684289
2023,663624,470,6.215407968031512,965.4911813823376,729.0,-11.663597969602312
2021,605137,568,13.081624668814268,1122.5266537631765,1036.666666666667,-25.163817984006883
2021,646240,650,27.440549174430394,1329.5122377622379,1294.0,-0.6886148588772381
2023,543877,355,-18.863803288875033,899.5034749034749,895.0,7.982173360021592
2023,657136,403,-2.9061936691117376,940.9467417894797,877.0,7.083742725217901
2021,543877,490,-16.609740286555542,1198.6851351351352,1177.0,7.633722760061117
2023,553869,526,-13.42389670882502,1146.3157210604716,1069.0000000000002,12.247800292812004
2025,682177,422,-5.89984306526826,780.7941687734838,684.6666666666666,9.648896713922952
2025,810938,295,-8.683030127146578,740.3333333333333,740.3333333333333,25.182933397692537
2022,595751,274,-1.633270149670539,666.7315731751647,575.3333333333333,1.6514248961733295
2023,663616,212,-1.8950205780472649,517.601585314977,498.6666666666667,-5.427570207989327
2024,665161,650,2.154426114852617,1383.3333333333333,1383.3333333333333,14.435541476173533
2021,518735,350,23.909896201641736,731.4794258373206,611.0,-2.304063172923757
2023,545361,361,17.373086033160924,702.5868779878313,670.3333333333333,-15.321599915708395
2022,593160,550,-5.919989221704172,1099.3551196515923,968.0,9.16543117192002
2024,642086,307,-0.283161613615627,746.4591506006311,655.3333333333333,0.12349134365731951
2024,608841,313,-12.176182282889119,656.7606967376389,406.99999999999994,-9.72422694395786
2023,543510,226,-7.55492235980762,568.7161188883244,517.0,7.132281656838984
2025,687952,137,-6.259588713710372,302.66666666666663,302.66666666666663,3.2825990855479703
2023,691023,465,9.082986562090737,977.0970764682702,812.6666666666667,-29.814932724834527
2022,664034,613,12.723940105071318,1202.7993818681318,1111.0,-24.073730711479154
2021,405395,296,-7.181704220869942,597.9610982182185,332.0,-3.937693062613302
2021,608385,472,30.83578692041624,890.241695113798,740.3333333333334,-19.297094259930578
2023,666134,424,25.94485834149196,917.4687590816623,912.6666666666666,-6.713853598449084
2025,682998,642,41.19402294366866,1265.3142857142857,1227.0,28.39589045045345
2024,668800,93,-10.349564763020833,284.65717900063254,274.6666666666667,-0.07201098488957916
2021,476704,503,-0.7035896149437733,1045.8065342238924,413.3333333333333,-8.037355280193665
2022,602074,408,2.0757186348453356,778.2150034650034,758.6666666666665,7.184485118104797
2023,677951,694,23.208905621957918,1363.0900900900904,1282.3333333333335,1.879067499681649
2023,518692,730,61.30232535932903,1382.1087428883172,1347.6666666666667,-14.80216576776086
2023,669357,464,16.301043469649976,920.0819638787018,652.3333333333333,-4.0693299889807735
2021,660634,161,-4.048438965793407,355.66666666666663,346.66666666666663,14.544837249136881
2025,622761,83,-3.6355161769809317,213.74994375005048,162.66666666666669,-0.9565980015192275
2025,624428,459,-8.60315537028082,921.9239480758561,758.0,19.511758812265242
2021,462101,527,-15.623912033539002,1259.3333333333333,1259.3333333333333,0.1305432959852757
2024,671739,470,0.9774641237758648,955.3387254901961,941.6666666666666,-14.35430809843865
2024,696100,224,-10.666127989253573,579.5074474545063,475.33333333333337,-4.405629033070283
2025,669911,337,-15.88703767112828,730.715940430226,717.0,-13.928936238491952
2021,553869,371,-4.06325983916003,865.469704300846,847.3333333333334,9.608760646831417
2022,518595,426,12.311037815896023,924.2384857698578,854.0,8.833134586454998
2021,660294,262,-4.648552918260426,575.8098501035377,440.3333333333333,-14.190439752549189
2023,657557,400,-17.822629417664043,929.756129236617,914.0,-8.059494859687963
2023,668942,350,-4.799492873712379,759.0198130909832,606.3333333333334,11.458749098824534
2021,641658,494,-13.94486758494685,1227.661792423405,1194.0,0.51679387696147
2022,621563,371,-3.18154826844075,820.8743722139598,793.0,4.258974198977176
2024,542932,74,0.4790485397311714,184.52252252252254,182.33333333333331,-2.1878505798690098
2024,665742,713,67.32459374584379,1369.2216690374585,1322.3333333333335,-10.375746594740788
2023,547180,546,27.660046232593487,1091.1473857057017,293.6666666666667,-12.607582525676314
2025,543309,327,0.6556169485362462,777.1114099052912,631.0,-0.9307255532360924
2023,592206,671,8.62666701373637,1366.623940767419,1239.6666666666665,-40.29976987134102
2023,671221,337,-2.7235870768495327,696.8962776717367,649.3333333333333,17.560575963024252
2023,462101,406,-8.086372162644489,1006.0567375886525,1004.3333333333334,4.3163758653726
2025,673962,511,-4.949232482056866,1105.5274246586748,1053.6666666666667,19.398812976739315
2025,592518,678,15.85221012634086,1377.1094449433544,1231.0,4.480990483333429
2025,694212,118,-6.8459624095891085,253.64106762346762,191.33333333333331,0.9171905573337515
2024,670623,641,8.10906250425044,1281.1458229508983,1119.0,-8.764542210308857
2024,686611,132,-1.754685851538926,256.33333333333337,256.33333333333337,3.4123053256393527
2024,664901,141,-6.813947993038134,356.4713832678949,341.0,-2.8335704501854595
2022,657041,548,0.9105304959541165,1448.5740946045826,1440.666666666667,-29.873478014041076
2023,666969,632,27.22176526934378,1257.517933441235,1169.3333333333335,-9.143195050602474
2025,682626,277,8.498423613050768,648.647619047619,628.3333333333333,5.6980501704686874
2024,670156,106,-6.5196834801643115,299.15109201847054,251.66666666666666,4.91157662799892
2023,665019,148,-5.28834201903931,327.30010844579164,260.6666666666667,1.3006050582448185
2025,641584,217,-0.8228558008072155,468.6137644425854,381.0,7.444079737095398
2021,547180,599,52.98462042887703,1194.770067401045,1082.6666666666665,-24.979341675899768
2024,642731,381,-15.612327991157002,816.0382327770646,790.6666666666666,-19.848516866937146
2024,672695,388,9.866818801306803,849.9814299023308,818.0,21.67268338093085
2023,624415,338,6.137353364499259,869.2165621312292,847.6666666666667,-10.663594834432766
2023,605137,617,-1.3535970103457027,1272.3101399011503,381.6666666666667,-18.643394579106168
2025,691594,342,-4.80722515885741,820.0651972828443,791.9999999999999,-1.5613354450414554
2024,547989,120,-15.344545819908637,304.33333333333337,304.33333333333337,-1.9420315754252075
2025,695657,284,11.6471455897866,616.9999999999999,616.9999999999999,9.036209998379931
2023,670541,496,37.53577917367869,985.8432912396589,345.33333333333337,-21.526177114300918
2021,519390,238,-10.230043301594586,567.2116366960853,537.6666666666666,4.616970722661365
2025,671289,428,-6.407295212655921,874.9561666580028,629.3333333333334,-20.587779473624195
2024,682729,66,-0.17388347463874798,161.20783294380854,137.33333333333334,0.5124636862266222
2022,502110,596,3.093480146063392,1214.6607193086704,0.0,-14.579261034226146
2025,656941,724,53.999636700989456,1439.8034497789283,66.66666666666666,-13.49007088287534
2024,675961,96,-2.8888859394747106,278.1793448769293,253.66666666666669,2.9146401927028065
2025,669398,17,-1.5679151038444932,36.28598707403055,21.0,-1.7217049881199213
2025,681546,148,-6.960055342848069,428.1904761904762,424.3333333333333,-16.09817762659761
2022,628338,82,-2.558718936344906,357.4211061655883,341.66666666666663,1.8022376737294534
2024,624641,274,5.966649071156592,579.2985887943396,490.0,16.3897248433099
2025,683748,38,-0.27273077894092335,137.1315789473684,135.0,-1.0366645896995264
2024,518792,258,2.0549249872944833,613.851348284604,550.0,14.100379243163047
2025,571912,54,0.8427259074556197,207.2382087970323,202.66666666666666,1.9095009233286926
2022,664247,162,0.09036002663418241,350.59978926344013,196.66666666666666,0.2976395036655286
2023,671218,60,-2.7221348935548564,136.34691126915976,66.0,3.079021261955969
2023,664238,165,2.2718478681531735,479.38957934300436,436.0,10.124830482247887
2023,650619,4,-0.12489655261602295,19.0,19.0,-0.5601670275952166
2021,643565,185,-10.504423014638643,342.43101517249045,270.6666666666667,11.064560250096058
2024,657193,11,-1.398444806126089,27.545045045045043,18.666666666666664,1.3235491289176922
2023,518735,405,-11.980528063530171,840.3379191569367,576.6666666666667,-6.533304583319772
2021,663697,622,18.391602230321638,1261.5292447481688,1162.3333333333335,6.747402315159834
2024,663757,209,-2.7587042642198614,620.4347557875448,603.0,-12.296375004611203
2024,656716,325,-2.6051317617910796,623.0531193741572,535.9999999999999,0.03380664167859537
2025,672275,452,-14.998035206251638,1091.4941620879122,1071.0,15.536930529049595
2021,542583,510,6.387879175554272,1043.9591542575217,963.666666666667,-10.909808565339311
2025,689172,63,-2.0477979370055133,182.15116279069767,169.0,-1.1996615609214518
2021,546318,492,-1.3220230843011627,977.1844921248946,897.0,8.49042866766126
2021,518692,695,38.148889246512674,1363.5522528181316,1297.6666666666665,-8.141570243020961
2025,673548,651,18.20171955008964,1315.264349610788,412.66666666666663,-16.814596158746223
2025,664023,663,14.354157131363928,1300.417141596948,1197.6666666666667,-1.2999809543990262
2025,664913,76,-2.7974559971612023,172.0718885183947,116.0,-7.263278892778763
2025,672386,506,3.1103400058879203,1088.4809676907203,1015.6666666666667,7.598068988537092
2023,571466,123,-8.32418557041863,298.6353527572063,255.0,1.1225858348251483
2022,456715,156,-11.651941883437138,367.33333333333337,367.33333333333337,-0.7886559174330754
2024,663611,94,-2.803877158882942,369.7705740116925,345.99999999999994,-8.926790304306374
2025,665926,369,-9.448778189720175,854.4929292366255,810.3333333333333,10.386525728390849
2025,663728,705,53.092009910686606,1402.584935373343,1047.3333333333333,4.419734728263952
2021,641432,284,-3.2682761595880203,590.9727592038618,291.3333333333333,-15.45718047292047
2022,605353,253,-7.4445640504525645,560.1136185886628,533.6666666666666,-20.065410389190042
2024,669701,592,10.662015808836662,1238.1895551920245,1117.6666666666665,-0.9198766777073883
2024,673490,470,4.232209432394533,1053.3333333333335,1053.3333333333335,-7.779237670107471
2023,668843,86,-0.03232724066836279,186.9229101841729,169.99999999999997,-0.5546071806199111
2023,643565,401,11.302627562028672,801.2462725339417,664.6666666666666,-9.287349942275519
2021,543510,412,-14.998214976185125,969.6960958747885,942.3333333333334,9.953319045338269
2021,669008,6,-0.6811401107644833,12.534791965566715,0.0,-0.1504518925908213
2023,663697,529,4.051319251993219,1028.0118532769284,796.6666666666667,-15.001429192885812
2022,641796,46,-1.5443608665747142,213.27924314689022,192.33333333333331,-6.113559618763087
2022,623993,647,19.579724141042472,1303.4279423507503,753.0,-17.67946054373046
2022,578428,467,-5.781864758468738,999.3677545338771,890.6666666666667,-7.009357632670847
2023,668715,665,19.342045768680997,1468.529954043112,1389.0,-25.925278989291215
2025,607732,129,-19.079101635092343,302.01371033548753,237.33333333333331,-0.20336969763697743
2024,682928,602,13.00567514452014,1182.6064359875877,1093.0,13.025607831048
2024,542194,147,-4.472700805370744,368.2009744760517,311.66666666666663,3.803477834473253
2024,543305,63,-5.003444232830933,149.3502936134515,100.33333333333334,-3.5074303902378468
2022,641355,550,-6.007284644482443,1240.984496124031,1235.3333333333335,-2.7133903317915085
2022,543760,724,12.012932172896656,1416.6166666666668,1393.6666666666665,22.00866625997704
2021,663624,573,10.011105525536893,1177.8791462673012,814.6666666666667,-21.277645421040116
2021,425877,465,-14.73485289084202,1012.4756097560975,1005.9999999999999,13.772546593504186
2021,455117,426,-20.1932142454568,974.9310464789684,854.0,9.171985695530575
2021,666969,609,5.291510093630961,1318.6173659828833,1207.3333333333333,18.51077262612585
2022,665155,85,4.634638176760005,209.93023745223232,173.33333333333331,0.9091501127787265
2025,666139,435,-6.58092614965874,925.827708090866,888.3333333333333,-17.141922386841816
2023,669707,209,8.037525904983802,482.6966386554622,477.99999999999994,12.452577874965144
2021,670541,593,24.718817228253513,1195.8080285114384,326.66666666666663,-17.32641269863846
2022,663993,645,34.74635648852863,1362.9620361645802,1297.6666666666667,-13.28364752524599
2024,593934,95,-2.824549795202189,199.14859384294593,113.66666666666666,-2.870455056918364
2025,545121,121,-2.4410207321710296,282.93336980099525,242.00000000000003,0.5609126652260527
2025,592450,679,77.35681860309694,1322.3852794867644,805.0,-3.253776378988604
2022,645444,124,-7.666279318603541,308.9995454451949,229.0,1.906695210156398
2023,595879,547,-20.029697373101044,1151.5407751950818,1051.0,9.505224641525968
2022,669016,461,-2.110436902589572,973.1618131420611,897.6666666666666,15.02618586123034
2024,681082,571,-5.1877339289201245,1310.129507001458,1286.3333333333333,15.085700879882419
2024,682985,582,31.24836709179984,1122.0710951374645,831.3333333333333,-4.493632092940198
2024,606192,652,28.878572927239354,1314.1078227564644,1256.666666666667,-19.040903524557322
2022,664702,596,-15.450729921970968,1339.6666666666665,1333.6666666666665,18.57332552633862
2023,678246,304,-4.9469050716026715,718.5589430894308,714.3333333333333,-11.006681210800803
2024,571745,423,-9.646505740325347,932.1667455474864,618.0,-8.343508117160415
2024,678662,695,-2.4485433297237975,1365.0000000000005,1365.0000000000005,28.310024388917142
2022,668952,84,-6.220356790356449,248.66666666666666,248.66666666666666,6.666473939936253
2021,457763,454,23.416213406981065,915.6226601225635,836.9999999999999,13.1055132316069
2022,630105,684,14.453132395721953,1412.333333333333,1394.3333333333333,-13.998236764378422
2022,457759,532,13.016132381310936,1096.2220775242993,575.6666666666666,2.6492315377387277
2022,624431,353,-4.855978500159553,1001.2199685534592,988.6666666666667,13.431186591738193
2025,676609,370,9.818999217034339,741.2826881451882,712.6666666666667,20.67608361495815
2024,595909,346,-9.152865964168805,967.6136636461854,924.0,-16.573825237203884
2023,669352,60,-3.1908182229150808,130.48418539755926,79.33333333333333,6.389357682300975
2021,657557,394,-8.962488052908691,923.5707103276252,911.0,-1.0770196277741397
2024,666211,8,-0.8175857088579921,44.0,44.0,-0.29944177970310426
2021,608070,328,21.107322302245006,1217.3665440392763,1144.3333333333333,20.30408008175089
2022,641511,167,-10.564559362266294,446.2619047619047,417.33333333333337,1.5782722272954455
2021,514917,415,-11.945312413346599,1260.0,1233.0,-19.889277169700232
2024,664728,426,-1.0933729693139154,1157.3333333333333,1157.3333333333333,10.098902726674577
2025,682657,484,-9.804112212178573,1289.0525328330207,1285.0,-23.503913578201903
2025,545341,293,-6.642721958999271,638.0924892761236,276.33333333333337,-6.412564167690525
2025,592626,306,-5.228469855944237,648.7246339109547,21.333333333333332,-8.288223837450516
2022,660766,274,3.4595778748466133,650.428275757119,487.3333333333334,-17.520330371254495
2024,682868,108,-5.195309706989999,239.7325503862901,159.33333333333331,1.0156253502628412
2024,680779,122,-10.204879334117289,303.02857142857147,293.0,1.9746881283167752
2023,676059,228,1.5402180599199105,636.0168408014707,607.6666666666665,1.986042742414583
2021,571980,446,5.662743293916989,948.3466751964078,839.6666666666667,-13.22253111119652
2025,687957,43,-1.4227880676165754,108.35827087591794,90.33333333333331,2.741024888951787
2021,444876,348,5.131368087942002,634.3333333333333,634.3333333333333,2.1989477056572326
2025,691723,294,1.2540726699949512,670.0173468408054,527.6666666666666,-14.295828022805724
2024,572761,157,0.24734410458991352,337.7381334257879,23.0,-4.020865150244952
2023,672515,380,-2.9470231050654734,925.8356206790696,905.9999999999999,16.515136967685
2024,670770,341,2.055778414784264,700.35288714033,636.6666666666666,-13.319695014092503
2021,640457,573,10.706861513283105,1176.4749271466887,495.6666666666666,-15.510476883675032
2022,668939,470,23.054004387900306,978.8729320553623,822.0,7.005568005901647
2025,701358,493,-1.8077563700121448,1060.0710451126988,937.3333333333333,10.541484073331915
2025,687478,38,-5.806330027319828,118.33333333333333,118.33333333333333,-2.1203967835938036
2023,656448,271,6.381891305268442,740.3117677190131,669.6666666666667,-18.432263294383404
2023,663698,95,-4.3624418907972915,251.0,251.0,1.476143889838554
2024,644433,54,-2.9351148683629735,127.7384262409417,95.0,1.2504149547312118
2025,669394,376,-4.489576869985767,816.2640833691169,693.3333333333333,2.3133344944997876
2022,474832,298,-1.9617656622337183,633.2955892128048,539.3333333333334,2.907069710703206
2021,571875,160,-3.9518781757468084,375.4504889241076,292.33333333333326,-4.037434045351635
2024,660688,485,-18.330190776211513,1105.365162907268,1022.6666666666665,6.15739576485843
2023,641786,54,-4.847053871333728,106.21330532212885,5.666666666666667,-1.2818540741420676
2022,600303,195,-4.873596795791691,411.9917202710674,79.33333333333334,-8.73367129245916
2021,663616,287,0.3159084761201587,655.2845528455284,651.3333333333333,-6.778195197489333
2022,543592,397,-6.870434575805669,895.1737841679007,818.0,1.1693043841847905
2025,656484,86,-0.4730480225292757,224.3976912134807,218.0,-2.0645514086299004
2025,804668,17,-0.443083062838174,59.33333333333333,59.33333333333333,-0.33984905683660926
2024,573262,474,6.005501136237246,1104.1981250097538,1053.6666666666667,-14.086477753872163
2021,621311,220,-12.522152209824798,467.8771059852313,307.6666666666667,-2.421995475846809
2022,600869,467,-11.455729433831442,1057.3521697686206,998.3333333333335,0.40556255028539834
2024,690993,556,0.9883272296644265,1255.5558832614258,1144.0,-2.121380180922522
2023,691783,34,-4.1566299507105455,74.42883336176018,36.0,3.1885116855101012
2024,571970,293,14.283367627476705,624.5225225225225,622.3333333333334,-1.0906681962808988
2022,641598,215,-0.26483255819675433,443.32735377407863,123.00000000000001,-3.533781400648171
2021,592206,574,34.495161985138665,1147.957729794781,980.3333333333333,-8.990187731565683
2021,668942,550,7.179153288959924,853.7260168732812,799.6666666666669,7.896335926401661
2024,669304,429,2.845517144440124,915.2249088330386,724.6666666666667,-14.747505482771297
2024,623912,246,-6.199875834092376,498.9051854940219,7.333333333333333,-2.627265337624519
2022,666135,156,-5.388487405159755,349.3783563085294,312.33333333333337,-2.3879738639103802
2021,453943,40,-5.2856401795639485,94.29311193784878,60.0,-1.9249616390006414
2024,543685,238,-6.700247441230598,482.66666666666663,428.66666666666663,-7.230612428535336
2021,608348,359,1.1337758230512387,756.4099677098052,722.6666666666666,5.7340650340485535
2024,669137,39,-2.3893451150341747,79.4076841465171,48.0,0.7334785533291337
2025,575929,563,12.270361142959567,1150.2979324614003,893.6666666666665,-3.065967801961733
2023,680757,718,5.382639252028107,1384.4156862745099,1352.3333333333335,46.7599274998326
2021,664789,133,-7.862584460496042,297.33956528382475,257.3333333333333,0.8433332470229312
2021,545361,146,16.9852183408246,296.9464101430046,277.6666666666667,-5.707917559217319
2022,643376,248,13.12083621996902,556.5773024990292,515.0,6.080583731490789
2021,595879,542,18.621085994008393,1139.5963633563142,1063.6666666666665,16.482952667190062
2022,570731,510,-25.998116974825887,1127.7666666666669,1110.6666666666667,2.94821565652743
2024,641779,28,1.4186625140679228,62.75000000000001,47.0,2.667200061061342
2022,642708,670,5.556137072450836,1334.5142223863763,1221.3333333333333,-5.642823577460208
2021,518586,271,-2.735468274938869,713.4197860962568,685.0,4.932554639193584
2024,671056,259,10.672496298755025,581.4957110532723,493.33333333333337,-2.7431676467781374
2025,592669,108,-10.029423834864513,237.91558441558442,216.0,-5.1234856952235965
2022,668751,232,-2.6867740600326147,533.9515749867724,433.33333333333337,-11.936560543627591
2023,676701,227,-10.16273681981995,690.1637313137312,681.3333333333333,-0.04782151162872861
2025,656582,80,-6.333250274485463,184.1507460880375,125.0,-1.4157251251899887
2023,608385,197,-7.070455947634433,424.13132006778267,35.0,-6.437891743260842
2022,622110,247,-4.548176221940025,684.6590013644892,670.0,-10.821265968506175
2022,666158,471,13.883216369220365,1114.4065621370498,1091.6666666666667,-14.181025614227828
2025,669221,337,-3.7754421082052376,744.8098899497927,661.3333333333334,6.204441812053571
2024,621043,367,19.694826334521878,717.9285714285714,707.0,0.40483366260227716
2021,547172,30,-3.2611932380357933,92.00517964857069,80.66666666666667,-0.3151891242713371
2022,443558,507,-9.082972904197398,1054.2479725727674,0.0,-12.653867983555156
2023,542583,115,-3.5204020825613203,257.814611986009,167.33333333333334,-6.031288747449014
2025,467793,474,-8.113961325905441,1040.1900328114616,870.3333333333334,13.588748019044981
2021,650559,219,2.17578335542116,432.5073891625615,395.0,-0.2790576989748015
2023,650559,626,-8.749244970655976,1234.0725673829124,1183.6666666666667,10.735195407888826
2024,645302,295,18.246691409794746,567.4061994841845,452.6666666666667,12.802854070046493
2022,623520,127,4.14901236783925,341.4844272844273,334.6666666666667,-3.080739721223211
2024,680728,87,4.2642368284456875,215.13157894736844,213.0,-2.8633088873734382
2023,680911,314,-3.722284589909095,817.6831556676423,775.3333333333333,-5.243590315708067
2023,656308,97,-4.207536310026824,209.45751777490136,160.0,2.959460942321402
2021,621006,105,-6.142184258610106,307.0,307.0,-0.6388042925140236
2023,608348,151,-8.534125442786667,395.3474535603715,366.0,4.708798011304006
2025,691781,274,-16.208282885598763,611.6326415701416,596.6666666666666,-5.6386475594442125
2023,677592,103,-8.416610614908723,239.66666666666666,239.66666666666666,-1.0896943602256668
2022,596115,396,3.4262785812691376,815.6871657754011,798.0,3.908419392551492
2022,621433,225,-10.517016076005191,503.0872430715293,420.66666666666663,11.626445471076929
2022,641856,57,-5.760450128128136,159.6477335164835,137.0,-3.0979676259238014
2024,641645,187,-6.4285101547106365,466.0340617323534,413.6666666666667,5.613540291582337
2022,608422,22,-3.437366422121495,53.40573152337858,40.33333333333333,-0.5824723459291126
2024,642201,42,1.6595411261801603,261.66666666666663,261.66666666666663,-8.784698560781505
2024,593871,469,-10.38435728249181,995.6506052364955,949.6666666666667,-7.883987263611781
2025,663898,128,-6.0840620207749785,282.52091231503,251.0,-4.414685095558538
2022,643446,589,35.17046204419215,1255.6431787429863,1131.0,6.416772605848775
2024,671213,243,3.756802829635326,540.1891891891892,538.0,5.993809603116521
2021,467827,107,-3.4543684424024157,304.1961298779132,242.0,-2.206364525526975
2024,665487,438,21.66880134148884,868.2661122661123,828.0,-9.036049600968084
2025,669369,84,4.407337868098976,460.26607387140905,456.0000000000001,-11.915617843679023
2024,641487,451,-4.22487662262159,904.5019483767046,852.6666666666667,10.091898723437588
2021,680911,100,-4.026974877995839,470.7462365591398,448.33333333333337,-12.43087124291268
2024,663630,15,0.841948597461069,71.4857142857143,54.0,-0.695078856754181
2025,694359,23,-2.637164785818473,78.0,78.0,-0.8167928269149114
2023,660634,27,-1.7122773052224585,47.9009009009009,41.333333333333336,2.2735348620596083
2025,666023,348,-9.472582080364042,812.4967513578681,745.6666666666667,8.719470592624578
2025,663886,342,0.08451803120240142,760.6733984520736,609.6666666666667,3.7185415941602997
2023,671732,129,-7.741699030211909,278.96033934305257,237.0,0.8180694792446822
2021,656308,124,-6.132901714810215,318.6799719887955,306.3333333333333,7.552471972793628
2025,680977,515,16.115430001963656,1081.1433370660693,1054.9999999999998,-8.889003706010405
2025,642215,125,-1.3680371662722406,345.78565030662594,290.6666666666667,-6.041012486193804
2022,622569,16,-0.5205168392197277,45.66666666666667,45.66666666666667,-4.746201714015491
2024,669364,303,17.316341887071708,591.3583333333333,589.3333333333334,-12.838774882887227
2024,571771,393,-9.227154870427508,866.1947072879566,783.3333333333333,14.959009263419977
2022,605253,8,-0.8977262226811784,19.0,19.0,-0.4624866033091654
2025,642136,190,-2.061113942761324,416.39085981701146,359.3333333333333,0.8176002218383756
2022,676369,206,-1.0874424803371339,609.5562445528088,584.0,-26.0606968359959
2021,519222,62,-5.350720083549676,191.69824883449883,177.66666666666666,1.1190111688708941
2025,621512,37,-0.5101123529559839,84.37837837837837,80.0,-0.036677098342528344
2024,679032,363,-9.133662100031957,999.4592760180997,995.0,-11.622526601426785
2021,641561,54,-3.6092959632015886,114.94434978799549,92.33333333333331,0.44334823074325774
2024,666165,38,1.0141774793469744,82.22486960644855,53.33333333333333,-0.7499493706971395
2024,649557,34,-5.347637092214683,112.66666666666667,112.66666666666667,-0.9917884194985703
2021,663698,6,-0.27320632953924817,11.25,9.0,-0.3004145313792012
2022,608700,186,-10.452828941053735,440.1566741926498,394.0,-1.4135511536336631
2021,592444,98,-7.457809923168428,247.66666666666666,247.66666666666666,6.9462218688170445
2021,673451,179,-10.400928791285747,573.2130490197508,522.3333333333334,-12.31144599040849
2022,656821,34,-5.036875484409468,74.33368244658567,47.0,-1.3544583475125553
2022,668472,182,-5.254261207373259,378.35933075933076,362.6666666666667,2.1788936265568317
2025,660162,289,7.652957821698185,634.8254151609415,546.0,-2.184555796438974
2023,641525,86,-4.895451238745153,245.3383155533255,218.33333333333334,-1.2209246355935015
2025,691406,653,19.84975678731893,1324.0600225225226,1278.3333333333333,-15.017116667386677
2021,624415,294,-4.8552950932583485,681.3333333333334,672.3333333333334,-10.292197697870407
2022,621446,39,-0.12183100237952282,88.93786831944726,62.99999999999999,-3.0738889288460305
2023,680700,102,2.684526313173298,219.58669915750784,202.33333333333334,0.5817511845105185
2022,546990,4,-0.2545278432797743,9.0,9.0,-1.0943217071209652
2022,672724,57,2.5444680317414714,121.85585585585585,119.66666666666666,-0.9065644231134801
2023,693304,128,-5.9531736676360705,325.13157894736844,323.0,-3.2832332731575007
2021,672701,46,-1.0449188541108678,94.20312107773407,74.0,-3.5948510181159854
2024,665120,60,-0.7661950367617347,127.31428571428572,125.0,2.6822839623538046
2024,663837,565,9.58426568654537,1205.939882071014,1168.6666666666667,2.496603239007028
2022,672820,36,-4.723159960456906,78.43137254901961,73.66666666666666,-3.4894564623186275
2022,614173,275,0.15759070532218056,619.5882684128026,572.0,-7.024460786934574
2024,605204,157,-3.0065417581277263,402.7355867769458,333.3333333333333,-11.261346816986688
2021,642736,96,-11.87624563940237,272.10119958972797,259.66666666666663,-5.567460967920896
2024,686554,104,-2.12756940197329,233.80237603443635,175.0,1.9684806183412362
2021,624513,263,-5.880360005529509,609.5484113091186,549.6666666666666,3.356786145683283
2022,665923,36,-3.321501676243553,97.83333333333333,93.33333333333333,0.005361517784586267
2024,665561,56,2.517327480133895,126.66666666666666,126.66666666666666,1.9324727191905404
2021,669288,44,-0.9164353408868746,173.7214137214137,163.0,-0.6788862596706525
2025,669256,11,-2.0764336886437187,19.0,19.0,1.1110100868770423
2023,681351,199,2.783158264019496,441.17204301075265,424.3333333333333,2.3567203750164962
2023,641432,149,-1.414038556959018,326.4278088030607,89.66666666666666,-11.250290696637187
2024,623168,16,-1.2024346649875173,47.599999999999994,43.99999999999999,1.5687575492969839
2022,621011,27,-3.3072791397699066,51.59939763713833,15.333333333333334,3.0295861064639746
2021,488671,111,-1.7127169713911017,246.15585968405333,235.0,4.533017512413058
2025,656577,100,2.2630138106623527,307.7234042553191,306.0,4.568661488905537
2025,665052,86,0.7605179776490699,167.9420867459483,133.33333333333334,3.7318781801250496
2022,628451,128,-3.2033501582450965,329.95541513820274,273.66666666666663,6.966727507214562
2021,518960,23,0.8543371608222016,51.97560975609756,50.0,-0.6662683150799533
2021,676701,50,-3.8552564083888106,180.35482298640193,159.0,-3.238568596608876
2025,677870,32,-4.833906247978738,130.33333333333334,130.33333333333334,1.0947540786718921
2025,694728,47,0.05439301550026898,101.66666666666669,101.66666666666669,2.2968076399545567
2021,657136,14,0.9166170992170991,30.333333333333336,30.333333333333336,0.8768254266735325
2024,680716,40,-2.089677248681604,145.33815789473684,135.0,-0.06415689403731606
2024,670223,28,-3.362833371506857,63.056350912600905,8.0,-0.9249983625183436
2025,642350,36,-3.85635521074205,86.9757014487438,71.0,-2.36172111528745
2022,669742,142,3.8743867000342354,294.13319001851744,37.666666666666664,-2.9110968137743356
2022,663905,3,-0.7032370928774784,7.147058823529412,0.0,-0.0857843137254902
2024,678489,18,-0.948420226721139,59.49813227862009,55.333333333333336,-0.8614821814331362
2022,670276,71,-4.672173546582803,207.64761904761903,205.33333333333331,0.32144067878858174
2025,693409,6,-0.8643498588700861,18.595238095238095,16.666666666666664,-1.2142068451964838
2025,690984,8,0.17988857496027605,15.38235294117647,12.999999999999998,-1.9282091212745966
2021,641786,147,1.893427165387877,309.68086073242443,285.66666666666663,-3.1492303765222234
2024,695257,49,-0.2447927432765047,131.72916666666666,126.66666666666666,-0.5121561078613358
2025,680118,8,-1.1415499267691318,39.76015037593985,27.0,0.3296120749391871
2022,650907,83,-4.9399268648937085,216.00000000000003,216.00000000000003,0.6242401506623538
2023,686531,38,0.3537140868093236,79.60735294117646,68.0,-2.3221487812936084
2023,571875,54,-2.8397457951107956,121.77385537013265,117.66666666666667,-0.05684572046129044
2022,543768,19,-4.61658145361287,46.131434259336736,25.666666666666664,-0.4205820766389501
2025,667452,13,0.5620698072388596,28.037252837252836,11.666666666666666,2.094649950861378
2023,666703,37,0.22740322788562195,94.33333333333333,94.33333333333333,3.8469169977851845
2021,663799,48,-6.5223374859533205,108.44382962841779,7.666666666666667,-1.7326399659445073
2022,657061,63,-6.697114880394601,147.1,139.0,-3.268554614122215
2025,665861,34,-2.4400218477280524,92.76470588235293,88.0,-0.24700309641581353
2023,691176,33,2.6922076481437682,71.66666666666666,71.66666666666666,-2.4088036877369934
2025,605113,10,-1.9632970901091151,23.243872549019606,6.666666666666666,0.7767409104022299
2023,687401,34,-3.579498201504046,94.25870204357047,76.33333333333334,1.835316938993083
2022,665922,9,-0.6835454602788857,25.0625,20.0,-0.24148934457579868
2022,542921,25,-5.092605586516138,51.062952925452926,23.0,-0.02692848020911298
2021,542992,15,0.3394451164838929,52.6077694235589,45.333333333333336,-1.6400065070063001
2024,595284,6,-0.6861523658865673,13.728571428571428,1.0,-0.3313283976580525
2024,664874,43,-2.90789567592964,148.33333333333331,148.33333333333331,1.4191363145866802
2023,670869,12,-0.06479988555606858,29.333333333333336,29.333333333333336,-0.44195353185963904
2023,571980,8,-2.0497674061113664,30.25,28.0,0.11017687046049365
2025,668731,18,-2.0005541148575845,66.66666666666666,66.66666666666666,3.4678461200951953
2025,666915,21,-0.7870123217388233,61.66666666666668,61.66666666666668,0.019181189509204444
2025,682997,6,-0.7967026519805703,26.0,26.0,-2.044172539944145
2025,672642,6,-0.8908951031272945,13.0,13.0,0.028392694849921463
2024,669087,4,-0.4284529451878103,16.666666666666668,16.666666666666668,0.09526202462284825
2023,676761,12,-3.060754108763707,31.85606060606061,26.333333333333336,-2.294497059651251
2023,640457,21,-0.7895634574582011,43.41666666666667,36.666666666666664,2.7779175319818386
2021,665066,2,-0.5134809917230174,3.0,3.0,0.05691095917281022
2022,553988,17,-0.5541608043356966,45.0,45.0,0.11494837425827314
2022,669309,1,-0.248187486221233,9.333333333333334,9.333333333333334,-0.26832982944054184
2023,543482,6,0.08556229271245641,19.358333333333334,17.333333333333336,-0.34534382320193846
2023,518586,1,0.4366814961203693,2.25,0.0,-0.02700617283950617
2024,687066,1,-0.26378987807817866,2.3142857142857145,0.0,-0.027777777777777783
2023,621311,9,-0.537071823646454,21.916666666666664,19.666666666666664,0.28995171228248207
2021,641999,3,-0.20400620791079765,9.0,9.0,0.4599643599112774
2025,682729,112,-1.9500299629852067,219.96060150087607,177.33333333333334,-4.446534754702096
2023,628451,383,-1.8147503578129294,1000.3657104069878,959.6666666666667,0.3213727664381678
2025,671739,641,-9.509676501476582,1386.2328722002635,1373.6666666666667,-7.857986376098789
2024,666023,368,-3.9770554127043916,799.7150759032338,644.6666666666666,12.959490479379316
2023,474832,404,17.904013488333455,830.7823567294736,250.0,-12.51927482542061
2024,545341,279,14.792521268780028,622.2738869318888,386.3333333333333,-0.8323096115473929
2025,670231,175,-4.125330763322545,440.2789781392271,404.66666666666663,-5.957039679973913
2025,571970,388,19.75145267272815,832.1038659758171,809.0,-4.824063706467877
2022,650559,355,1.5859074456333717,718.8457946976621,666.9999999999999,3.1090102460914926
2022,680700,123,-4.438730732300084,257.3616234247593,93.66666666666667,2.4863132989147725
2023,665923,497,4.785320452277323,1116.003474903475,1080.0,-1.4681735129950928
2021,578428,500,-0.3486548204755522,1103.4167312282505,1055.3333333333335,1.800426609900546
2022,543877,426,-2.985414982807907,1055.425291996061,1023.3333333333334,5.268777135261919
2024,664913,400,-3.8200664542543716,898.8238574795823,836.3333333333335,-1.5675204230638342
2024,665926,633,-5.227744160176806,1328.3883624478137,1297.6666666666667,14.659847194582166
2022,592206,558,-3.754171164751657,1150.0312208225819,868.0,-10.09826757802118
2021,593160,683,-0.31412883348161547,1347.6962230920717,1265.0,37.66408528253851
2022,425877,270,-17.74093205592527,680.25,678.0,9.903105351513712
2021,624503,210,-4.8502417910193785,437.7034484063896,403.6666666666667,1.2266401721505915
2021,664702,484,-1.8539539591489624,1328.8317567567567,1314.0,11.100938267556002
2021,543760,711,33.49110789597167,1426.6410256410259,1409.3333333333335,6.206921965241085
2021,621433,284,3.855224301565043,648.0432958510684,612.6666666666666,26.845627536419304
2023,502110,479,19.98285762257653,955.2237063490138,21.0,-12.504530264444758
2023,660670,735,72.73543745232944,1385.7412407696788,1311.3333333333335,-24.232316644474494
2024,673962,188,2.7542140238538284,401.78973830377396,343.0,-3.1665922098710966
2024,592450,704,89.07489405446151,1385.1653643195393,892.0,-20.74873939968422
2022,608385,547,2.0603987997565625,1109.4462433784827,850.6666666666667,-24.495288632873017
2022,663624,609,8.00184644503647,1250.837647165156,1071.0,-16.055242887189664
2022,669352,181,-1.2168636263616666,423.5779920589903,411.9999999999999,-1.6295620444260026
2024,605113,228,-12.029809673400148,571.8398421605889,545.3333333333333,1.6256004554997165
2025,641487,654,10.733474054695563,1378.4972581829102,1351.0000000000002,-4.758294539388647
2025,701538,483,13.380738908819604,998.0219114910344,973.3333333333333,-17.12207758494123
2025,669364,619,1.7924669424533688,1189.6969696969697,1173.3333333333333,-0.15862181219405747
2022,641658,226,-6.413242371916791,691.5099573257468,685.0,-8.44174060341664
2023,686217,223,0.31212379887930064,510.10216450216444,505.33333333333337,-5.403808364642158
2024,663728,628,14.875449387207585,1278.3175895694571,1073.3333333333335,10.957560395427869
2022,571980,334,-0.5014964726038362,809.6111157659124,683.0,-19.462744367213958
2024,669127,534,0.6417046382123539,1188.560351167494,1155.6666666666667,11.287451108864673
2021,621563,486,2.3681403631140827,1073.6365596753915,1024.3333333333333,22.545316398222656
2022,462101,577,9.00586473302564,1281.2788143044722,1205.0,38.456819600215155
2023,630105,522,-1.6466861718375885,1118.6462450592887,1106.0000000000002,-14.196708456831285
2025,686611,322,-4.1651943878275945,695.5954664341762,679.0,10.565758839065555
2022,666969,657,11.702582407192345,1460.6983322285712,1266.0,-9.056911021304336
2025,663609,41,0.22777880391797245,91.51714022310638,11.666666666666666,-1.8301536978073667
2024,592200,125,-6.277829719088217,347.0,347.0,-1.4148632942425183
2021,502110,625,15.376167425797728,1281.0174689547646,314.66666666666663,-18.115321810999514
2022,405395,351,16.864420719244396,722.6671267863801,97.66666666666666,-8.356578865621616
2024,656941,692,29.11777252260195,1332.7542437379516,41.66666666666667,-12.222598459119396
2022,680911,472,-4.829581905628488,1083.2378326104138,941.3333333333333,-22.439095916094132
2021,630105,643,18.489485368460112,1293.1452380952383,1282.6666666666667,7.956559397645759
2025,681082,560,6.002998881297716,1293.2309523809527,1288.666666666667,7.05033583157612
2025,672695,720,34.83224089413975,1426.6666666666665,1426.6666666666665,31.01429510029236
2023,669016,472,18.234636315719502,928.4984397898377,869.3333333333334,13.205121852310032
2024,664761,606,5.395859654139654,1246.029101469891,1211.3333333333335,-5.979098147269994
2025,623168,174,7.9256834667945775,413.56249438997116,379.0,5.126237825777144
2024,694359,106,-1.6879001829177076,235.0886164879145,42.66666666666667,-3.7028449682452926
2024,700932,156,-0.3257441976212525,356.6768290403039,52.333333333333336,-4.044655262528162
2022,608070,685,37.73726385443936,1377.0837731179063,1086.0000000000002,-6.75765884490696
2021,642708,294,7.336095447283486,1131.7726045883942,1112.3333333333335,-6.202004922779349
2024,671289,383,-10.167535731544236,947.873422227789,924.3333333333335,-21.63981751030854
2024,682177,221,-1.2192775211530258,363.86404565203316,241.00000000000003,3.551598390169886
2023,622110,209,-6.9394966466297205,551.6641864658343,519.0,-1.838818748242997
2021,622569,84,0.6172476880121648,225.92574832984926,167.66666666666666,-4.992174095043268
2021,670370,104,0.0014550552288192797,249.949178731823,156.0,-9.195863046894917
2024,467793,594,10.955536859443514,1308.1874832484589,1285.0,5.578536178003922
2025,663757,581,20.24912011312702,1241.5707681365577,1235.0,-14.794240832223569
2024,453568,499,-1.0221638783433518,994.3729630736443,104.66666666666666,-7.230147219346336
2023,570731,151,-8.669236329934774,415.45290720856053,389.66666666666663,2.3560536882163965
2022,656448,84,3.3606951450669884,179.95974756014914,73.0,-0.2500805093061305
2022,605137,647,15.071920409969353,1307.7908860261616,1038.3333333333335,-18.161557503755958
2021,623993,425,-4.361523708024052,887.0193907909375,591.0,-3.4840685434065732
2024,660707,247,-16.54113996055898,553.2043294139803,458.3333333333333,-12.710285103516918
2025,660644,95,-2.189446381348331,394.1378645521759,364.0,-5.1622821238087555
2022,518586,124,-3.3664533542301327,367.00448733426,318.6666666666667,1.9348154982619519
2021,641598,225,12.104278110703303,524.8865940529698,463.66666666666663,0.3120691936187525
2023,641355,556,29.76640615818883,1229.230769230769,1196.0,-10.189017692105715
2023,643446,648,6.619897967970132,1176.0357723577238,1166.3333333333335,0.7040858020639131
2025,593871,524,24.08446099020992,1096.9445090447086,364.33333333333337,-15.149055180405805
2022,547180,426,22.85927684654176,864.5854005254832,60.66666666666667,-7.751457936924117
2021,669016,251,-1.4214137779176086,563.0,563.0,-1.516607785275796
2023,641598,344,17.287767338749507,710.1735249492576,244.33333333333334,-2.7011442618724084
2023,623993,656,18.446850879506954,1293.415834013521,511.3333333333333,9.238334304749287
2024,667452,189,-9.389632319137915,386.68211698041523,298.6666666666667,-4.217349806054463
2022,518692,708,56.83711630433824,1394.9161138310542,1320.9999999999998,-20.00312060875725
2021,547004,141,-10.422675164391798,327.29124066645375,266.0,1.8476572844942316
2025,670623,438,11.956461876572408,869.6416298993904,707.0,-7.893743400841018
2022,514917,617,-11.07781299605993,1254.6315789473683,1248.0,-10.553524476869438
2023,677347,46,-4.611978004565129,114.47537878787878,110.33333333333334,-0.041355017315292786
2023,664702,518,-14.046439898700196,1280.6666666666667,1280.6666666666667,-17.1329658921636
2022,519222,136,-12.693664167354624,336.93223912503436,291.66666666666663,1.1441533718717718
2025,670770,685,9.149532958471017,1313.3333333333335,1286.3333333333335,-11.262956300752453
2023,665804,156,-0.8583103385647624,368.4607883500488,277.0,-0.8489821913943861
2021,443558,557,14.30658110463913,1133.340769517763,0.0,-13.729270584863638
2023,668939,687,20.80749975285608,1310.5371449255379,885.0,4.082778567869811
2021,624431,290,-18.73126578205537,765.1315789473686,763.0,3.5786714535271065
2024,592669,424,-4.997959072791429,975.3348774364802,907.6666666666665,2.790341517266474
2025,681909,2,-0.29697780256360284,28.000000000000004,28.000000000000004,-0.323875262001268
2022,665019,127,-7.574276736363647,277.19822932657775,203.0,5.271093387705929
2021,592863,37,-2.2149314765971253,86.43085331572175,68.66666666666667,0.510395096506602
2024,663898,539,-6.3097945546208285,1133.2845528455287,1102.3333333333335,0.7594792583759435
2022,656308,426,-7.2701878979438925,886.1424576262232,837.3333333333333,-15.463124765878915
2025,573262,558,6.438408451330124,1245.2607412195646,1207.3333333333333,-21.958332433725225
2023,683737,81,-4.127019211107769,202.64555738227097,144.0,-5.956823702169295
2025,680837,53,1.109931446693663,172.4313725490196,167.66666666666666,2.003581864016644
2024,680118,132,2.8412036203224815,529.3658131816027,520.6666666666667,-16.721771007880488
2025,669701,563,6.648682016860421,1242.6598274307894,1122.3333333333333,-6.622987654185496
2022,672515,73,0.5039839699856139,163.0658302804083,147.66666666666666,2.7147823338859087
2021,666135,205,0.36702608596059694,508.6666666666667,508.6666666666667,-14.014412878972463
2024,689172,272,-4.527263144571612,733.7177033492824,727.0000000000001,-1.1493886539760498
2024,672386,386,-8.470908011872389,847.0715801029854,792.3333333333334,11.303305447580339
2021,595981,34,-2.7132125185021385,96.1408359385838,54.0,0.5980715035842704
2025,678662,390,-5.337500047489145,804.0663472192884,751.3333333333334,13.387857125306029
2025,542932,107,-5.080611882255896,266.72664613508266,230.33333333333337,-4.093891941612684
2022,670541,561,51.2792421013894,1147.7388495611033,468.33333333333337,-15.314981660444086
2023,666135,319,9.980694672283056,709.1292039940276,670.3333333333335,-19.390880193678434
2023,663993,724,12.401870025427943,1410.2621104081165,1338.6666666666667,-4.594716410486738
2023,645444,120,-7.0926683080972275,289.05432863261836,237.0,1.7043286424627895
2021,621458,60,-7.575853163642358,125.24603462199033,101.0,1.7903949094410347
2022,677951,631,5.38325548899703,1331.6666666666667,1313.6666666666667,-11.20398269679083
2024,606466,583,38.54833731300741,1088.5355831019097,823.3333333333333,10.109235945680112
2025,624641,261,2.43262908809863,574.0294876505698,488.3333333333333,14.094579301361172
2025,642201,271,-4.080160511439811,750.9277845084486,729.3333333333333,-6.662532530523207
2022,444876,131,-6.298701235566085,322.0833333333333,315.3333333333333,-0.565062121071302
2023,622569,185,-0.67671829432317,377.48097185763055,347.66666666666663,-6.333168286682177
2022,476704,184,-11.096462581677558,387.6784511244363,41.333333333333336,-5.410829666833147
2022,595879,590,-2.26635449146879,1214.221872102456,1014.3333333333335,10.111860479538162
2024,682626,342,-1.7982434486233827,846.2383308895405,798.6666666666666,3.3467755911126438
2022,646240,614,26.024908322862675,1215.0,1188.0,7.41968132882668
2023,621563,318,-20.550039982555372,938.0067190033908,930.3333333333333,6.8520584936034545
2023,663368,168,-1.4308892621579314,519.97234762752,503.3333333333333,11.416471094885015
2024,664056,437,-3.8107119530960514,1110.0170916544757,1079.0,2.7648943248231266
2025,645302,114,-3.1457850633491304,238.7707261292167,223.33333333333337,-0.6609873912062616
2024,592626,449,30.195802615994328,913.2320665025159,0.0,-10.96129023579837
2024,571912,154,-10.131696179907461,365.0134289497373,280.3333333333333,2.943854703512819
2024,621512,140,-7.009764829108523,331.5041988113808,279.6666666666667,2.9847304222563613
2024,656582,416,-0.5728016338992514,1034.8463863750717,957.6666666666667,-3.0699944564476134
2021,518595,229,-6.811497793424971,482.299043062201,457.0,3.7508791801089965
2023,443558,152,-3.383083362254099,310.63911394234975,0.6666666666666666,-3.743089682534025
2022,664238,255,11.981315088862603,787.0393165918973,751.6666666666666,-13.354181021576483
2023,665155,293,-11.643091311918358,554.4212959564097,350.66666666666663,-8.334133872121821
2022,608348,354,-9.230309541986646,889.3480392156863,873.3333333333334,7.578338012185274
2024,673548,585,27.39786850702729,1151.4477907997646,619.3333333333334,-6.118201709180486
2024,664023,657,19.237837863463195,1313.443404554047,1187.6666666666667,-6.21803782967752
2021,600303,242,-1.024436831879108,523.9913959211437,463.66666666666663,-10.038844560534082
2022,677950,411,-7.808748926868031,972.9285714285714,971.0,10.75852700531482
2021,614173,136,-9.752018625476504,362.27318660768873,339.33333333333337,-8.6744386221624
2025,678489,77,-8.781804678634266,228.24227642276423,222.66666666666669,4.551826707404312
2021,660670,360,30.33838709226061,685.8691179551645,663.6666666666666,-1.9725754796376007
2022,624513,41,-3.982486114932444,103.069913529024,88.0,-0.1774899239711105
2024,621550,174,-3.8939804560701825,352.4248749948978,200.66666666666666,-3.3685485451663384
2021,605353,37,-5.546413127077923,84.11429268337163,68.33333333333333,-3.363084632644023
2022,680757,638,19.826585743817702,1273.8344272844272,1202.6666666666665,19.275714689209124
2024,676609,483,-2.4692605710513766,1140.3074198832264,1111.3333333333333,12.546774588516797
2023,679881,44,-1.5802009319107648,92.20281114234604,75.0,-1.7726027522810122
2024,677870,210,-0.9416912379365261,543.6721611721612,539.6666666666667,2.1722153512709688
2023,691026,137,-11.359029030164233,322.33333333333337,322.33333333333337,-2.8453589749097983
2025,518792,95,-7.7357663964501455,194.4321599825632,178.0,-3.0274784729461763
2025,685301,42,-2.28334883307568,89.48822055137845,76.33333333333333,1.0287736179621763
2022,657136,56,-2.102103625418151,135.79981684981684,114.33333333333334,-2.1860393045068514
2023,668472,345,-8.044999941128882,716.6967752754638,702.3333333333333,-4.113342560599154
2021,663993,629,9.627740413110352,1319.22641748454,1237.0,-26.605419270625394
2021,456715,277,2.4424625221188574,615.9806389342289,570.3333333333333,-4.207738368561458
2021,457759,612,24.367204030662535,1269.4165109601568,1232.0,-8.753203652980499
2024,666915,93,-6.667237820820672,227.9077562585627,212.99999999999997,5.101306125264121
2025,571771,256,-7.686967609074507,574.3263072513073,534.3333333333334,9.975116114972172
2022,545361,499,45.97672197043794,1011.6392072321537,889.6666666666666,-3.802138338003051
2021,657061,131,-4.168094854137357,301.7835666202568,283.0,-4.006243522066829
2021,641355,350,-18.222509589386885,823.0313725490197,805.6666666666667,-7.380554646605329
2024,680977,652,18.642076634750964,1486.642276422764,1448.6666666666665,2.736625895893886
2024,669394,579,3.230279003706144,1041.3788985612377,739.6666666666665,-14.87506754964419
2022,668843,59,3.248658380724117,145.43715952942938,108.66666666666669,6.773488527338584
2023,600869,576,17.65075240283423,1210.0507798185795,1134.6666666666667,-5.066543297740153
2023,657041,682,17.14279321369388,1409.9809523809524,1398.6666666666667,-18.235776236718216
2024,668731,82,-4.606279701885853,213.02440789205497,199.66666666666669,-5.199326507193316
2025,621043,584,0.8897959716790391,1220.7435897435898,1218.6666666666667,-15.52450311732548
2025,606192,546,0.648894240095556,1131.91377134968,904.3333333333334,12.031906881130059
2024,669911,458,6.92252676483891,960.9807692307692,948.0,-3.8254448610303724
2025,665161,543,27.44840411087755,1096.3333333333333,1078.3333333333333,30.57875445745255
2024,656577,155,-11.534525427704523,492.0,492.0,7.871256344952671
2021,643376,198,-0.07160396506016431,524.8723393723393,510.66666666666663,6.822199800774697
2023,518595,292,-4.291471992499455,591.9277191535527,503.33333333333326,0.9658648795706075
2023,624431,168,-9.606621520012375,465.25,463.0,6.8015433224930115
2023,621433,71,-2.555246279944556,182.52252252252254,180.33333333333334,3.9782397561258547
2025,666211,135,-1.4362327822746441,374.822119330133,348.66666666666663,-0.598140873463147
2024,669369,73,-3.804896172738859,373.2795698924731,370.6666666666667,-17.18786319634954
2023,650907,105,-0.07016722068565925,323.6666666666667,323.6666666666667,1.330600064164352
2023,664954,86,-3.7182928860047633,219.8344150389654,194.66666666666669,1.9460616020718302
2023,669742,56,-5.928683195189588,138.6323529411765,134.0,-2.5158917691068963
2021,664034,636,26.64248049657165,1353.3934986221739,1139.6666666666665,-19.95001859837517
2025,671056,452,17.296613427706404,930.3099361177617,143.66666666666669,-9.562481989712644
2021,622100,96,-3.4204584736966837,230.4718233592314,152.0,-6.752705138014235
2021,621011,134,2.6568960610385535,270.6498906170674,184.0,-3.4081186368618046
2024,592518,643,14.465259749894052,1324.3618594500326,845.3333333333333,-1.3984615929685593
2022,641432,62,-2.640170781529705,151.27379361481044,37.666666666666664,-1.6837122573753107
2022,542583,507,-8.952695327613574,1076.236794261731,559.6666666666666,-10.134312161609536
2022,543510,191,-9.175484402405202,542.0,542.0,4.293006461203246
2024,682998,684,15.380001452845285,1374.304569892473,1369.6666666666665,2.0459640392953213
2023,600303,24,-0.889743265324556,51.027200692940994,0.0,-0.6124664006354372
2023,672724,191,-11.401602527802561,426.3583333333333,424.3333333333333,5.911569068952046
2021,623520,320,-16.364346345141726,695.535376475538,628.6666666666667,-3.9911779134732854
2024,663886,513,8.880462619429057,1163.871072264331,1100.3333333333333,10.842953624542552
2025,696100,579,14.459363473280664,1211.5376892839386,877.6666666666666,0.26150446088271256
2025,702332,506,5.4350399209535585,1201.1519230769231,1193.0,4.446295971217401
2025,670156,175,0.645659791589648,414.2501268237919,319.0,-3.289732967822986
2025,695506,232,-12.656892361451657,566.6354447573959,495.66666666666663,-10.044946375322388
2025,690993,468,6.89839843264164,1034.3773215665865,657.3333333333334,-7.6428781723394
2025,665487,691,34.15729281803687,1327.5363067419887,1241.3333333333335,35.78838998300439
2022,642423,96,-7.016433034115908,416.33333333333337,416.33333333333337,-5.5215563690275555
2023,543592,154,-12.329766610591202,439.33333333333337,439.33333333333337,2.8875159381761013
2025,665742,715,52.22853122310417,1396.3333333333333,1369.3333333333333,-25.91866945596154
2025,671213,112,-6.436324033315849,241.74358974358975,239.66666666666669,-0.7419923534207019
2022,624415,303,1.4212519537300472,727.7884923863246,679.6666666666666,4.571680493572412
2025,695600,69,3.8492504324823136,129.82590247590247,58.0,0.2895750517002309
2021,666198,249,-9.868340528470151,519.7926093514329,506.33333333333337,-6.6971457168752195
2021,641856,300,-8.347911859016248,678.4122449306565,580.0,3.45010140191492
2022,657557,237,-10.242784420152292,537.4936265906099,529.0,1.428408820167089
2024,624428,294,-10.283987640823625,596.1669505495797,321.33333333333337,3.6127883390738127
2025,679032,172,-4.778594389845209,555.2055985552115,548.6666666666667,-2.3817861955658577
2021,621446,290,-10.603810431975305,649.3852302632221,609.3333333333333,0.8980631617290875
2024,545121,303,-11.090757489951983,648.9898813927329,627.0,-9.800265417711294
2022,518735,376,-15.94733453976487,769.6481809011278,486.66666666666663,-4.951073655807636
2023,642708,545,-2.6356019065465763,1077.849707533348,949.0000000000001,-4.330629152848206
2025,642731,165,-9.72303238056299,334.55206369159856,313.3333333333333,-0.8497493342327412
2023,668952,18,-2.6731698828836077,70.66666666666667,70.66666666666667,0.1690892076378661
2024,682657,169,-2.353024680293175,410.73039215686276,392.3333333333333,-13.130243319889257
2022,571875,111,0.2082081001659641,312.1700774388304,190.33333333333331,-9.76054126003652
2021,543768,245,-4.387867091058063,699.1078824953821,640.3333333333334,-11.500021383108987
2021,519299,171,-8.002696115299884,443.57696859211796,366.3333333333333,-9.924943508275744
2021,622110,312,0.16669605723366843,750.6136507434087,710.0,2.6817054690470394
2025,664728,409,-7.923200838526618,1123.7575547305971,1107.0,17.671583827726298
2021,600869,590,16.96715267479638,1298.66299828809,1236.6666666666667,-12.605876892442879
2023,457759,626,17.58362704208325,1308.6199422262746,474.6666666666667,-15.18808273050332
2021,643446,426,-3.252206081107144,864.2743079456998,748.3333333333333,-4.683384721119381
2025,680779,283,-16.74814915147333,727.4313725490196,722.6666666666666,8.038237257688694
2023,643376,301,6.065214142679729,649.9319239397023,544.3333333333334,2.319666019668346
2021,641796,156,-9.56772649363917,378.48541976911315,318.0,-4.468337785126922
2025,680728,131,-2.189878227172224,273.2268136317142,26.0,-2.8738404020319175
2025,656716,511,12.80326184666141,938.1643955582928,878.6666666666666,11.154251135019962
2025,682985,655,15.729965177213796,1316.9925749865163,1120.3333333333333,-4.67688918780281
2023,593160,592,-3.7727720957496875,1254.8718842432081,1230.666666666667,-9.161502759189789
2022,656695,71,-3.865708976075879,180.24459066582037,84.66666666666666,-3.1747382847138295
2025,805904,52,2.991334793393129,117.46491228070175,115.33333333333334,-1.030590815615187
2025,670223,134,-4.962202247091618,324.6857484620643,229.0,-2.292273983868549
2023,676369,179,8.571575932844135,431.7508940439591,309.66666666666663,1.4263766523204673
2024,691406,177,1.5490483926028862,366.6585896241069,338.33333333333337,1.7557093292054682
2021,628451,258,0.2599411438066137,615.6587554219134,471.3333333333333,2.8173444616121985
2024,642350,448,-8.082725675557494,1027.3442640157139,1000.3333333333333,22.232070117734388
2021,570731,641,7.20832706926839,1269.3824012616394,1100.6666666666667,3.9189612989967912
2022,669357,313,3.9647172628737555,662.1981142625058,467.3333333333333,-0.3926287675851976
2021,657041,264,2.2591397708032264,597.1597472490478,570.3333333333333,-20.130530261898237
2024,666176,451,-5.524852919275498,1060.9001215788144,1047.3333333333335,-9.297499628306673
2021,474832,381,26.84028087024899,824.290854965468,815.0000000000001,6.582681822514033
2025,605204,10,-1.7271666606183256,41.0,41.0,0.3452456727490308
2022,660294,193,-14.959946548767256,419.1813663576821,295.0,-7.770816854976047
2025,682928,635,17.626445161235434,1233.300354436435,1162.3333333333333,17.523138051111324
2024,672275,448,-8.724169123630809,942.7802291337593,888.6666666666667,11.592021047368242
2021,596115,595,9.087564627885387,1198.8012747249713,1114.6666666666667,9.000519862507296
2022,676782,6,-0.2442739395053669,18.314285714285713,16.0,-0.03985937132516798
2021,543592,194,0.1112869014250304,464.23423423423424,457.66666666666663,0.7662745589870619
2024,669221,263,-6.379155575537464,611.8858278446514,605.0,4.431558483618264
2024,641584,382,2.410763913811677,806.3261094815202,642.0,-0.9702914412659214
2021,608700,169,-1.037966259680002,372.87619043527286,245.33333333333334,-4.535665447586849
2022,663697,430,-3.317986007079745,840.1529878991954,674.6666666666667,-20.29360580293891
2024,607732,281,1.3742541675985747,621.163253684065,527.0,2.6994527631954073
2024,594807,330,-17.67111102724128,674.4539801270723,630.9999999999999,8.514914024424819
2023,682829,427,-0.5715807923617948,823.5757575757576,818.6666666666666,18.94828083965438
2021,457727,33,-4.382261792478987,65.66666666666667,65.66666666666667,-1.2328899498662493
2022,546318,197,0.025090238213702154,483.1818941193941,457.0,6.445180050335592
2021,602074,331,-11.326349310798431,618.3170201276529,513.3333333333334,3.1170991546185385
2024,543309,263,1.4079166945921826,678.7161345059116,651.0,4.8990390774449555
2022,663698,291,-0.8874999059457682,705.966535844553,636.6666666666666,3.2377165473248546
2023,624503,93,-6.030900272387251,140.35075565437833,109.66666666666666,6.162583785402776
2024,656484,31,-2.182675604434678,109.66282894736841,105.0,0.7145785161857348
2025,673490,191,-1.1198555777216779,407.33333333333337,407.33333333333337,1.6532261025076975
2022,519390,191,-7.68389200809638,458.2864199215215,285.0,-3.6943385690468333
2021,546990,148,-3.341517486107062,352.0201648971643,320.3333333333333,-5.135560775944717
2021,542454,127,-3.9146936863398567,302.90833333333336,283.33333333333337,-12.432031848369355
2024,575929,358,16.096112425321074,717.0931418371047,423.3333333333333,0.3935838046556529
2021,665155,131,1.3145158439684121,322.0280830052427,289.3333333333333,-6.987053509644012
2025,642086,225,1.224538772127929,508.17394789894786,453.66666666666663,-1.6858572688852314
2023,641856,147,1.5300200149992935,370.6599692189744,353.66666666666663,-5.193285361685014
2023,664034,665,-1.2548080952852079,1375.8558558558557,1364.6666666666665,-32.883402906815526
2021,502481,144,-8.595680594805406,706.5675675675675,700.0,-8.396291125638674
2021,666158,381,1.32447559034894,868.3690476190477,860.3333333333334,-1.1794990207111835
2021,664247,106,-1.1865347782060072,211.20198768561886,175.0,-0.2657099955991511
2024,622761,208,1.077824196496978,495.7648495744047,457.66666666666663,0.8089983357901289
2025,695681,184,-3.4912003183111775,451.5,447.0,-3.6180898405949398
2021,628338,347,-4.02769173630948,988.2926330707236,969.0,3.795183125221981
2024,687952,123,-9.293346574603113,252.33333333333331,252.33333333333331,2.182305348964814
2024,694175,21,-4.099079341285908,54.666666666666664,54.666666666666664,-3.9104198321198704
2025,680716,10,-0.46257795753813113,52.333333333333336,52.333333333333336,-0.7209393236179564
2022,672356,57,0.7558352622093831,137.66666666666666,137.66666666666666,-1.7102271958282724
2023,641796,67,0.7243161193521548,210.22337662337662,203.0,-3.4541871793890837
2024,592348,33,-3.5233017569080185,94.1891891891892,92.00000000000001,-5.177319195524408
2021,656821,15,-1.5557567317576066,45.08409090909091,35.0,0.9481912638056608
2024,687799,9,-0.3671819128612194,49.78787878787879,47.333333333333336,-2.3208959189265475
2022,605244,115,-9.30368532057735,378.92982456140345,374.66666666666663,0.9479091822575447
2022,640457,147,-1.0893385549392511,293.1942567567568,240.0,2.5735526915875626
2024,691723,46,-5.485283443049926,94.31745523909106,77.33333333333333,-4.734127673494323
2023,672820,173,-11.219580625415313,372.928178587753,355.66666666666663,9.52347811213103
2022,553869,381,-12.762411745135932,905.1891891891892,903.0,6.964570041241977
2022,455117,379,-16.886557306675297,913.4519553486789,791.0,6.513209362511507
2024,681546,156,-6.696754235415826,429.58162830349534,419.66666666666663,-4.998644860380795
2023,666198,94,-4.401186879369167,227.33333333333334,218.33333333333331,-11.60198412572514
2024,666139,387,7.1449384672000615,893.1654142283174,807.0,-3.185352980361309
2022,678246,50,-3.722794882151933,160.8234234234234,137.66666666666666,-3.9936518202419746
2023,677008,33,0.11706911560201627,65.77897975529761,22.333333333333336,-0.514642774665313
2025,663837,100,-1.8605168840404076,218.6926640926641,202.99999999999997,2.1060103103039536
2022,641786,62,-3.2971086240172687,133.79184681752182,18.333333333333336,2.576938557606109
2021,663905,24,-0.2522484040459336,58.60276657543238,20.333333333333332,-1.0830977826485604
2021,506703,39,-3.5166673491767804,99.63351844234197,93.33333333333331,0.9517534292590408
2023,595751,52,-5.330673803795954,129.0797020184117,65.66666666666666,-0.25260166536962914
2023,660766,65,-5.272963379846945,159.72117647303594,78.66666666666666,-6.722366473270805
2022,668715,108,-3.033519277180261,256.35833333333335,236.33333333333331,-5.339929910423379
2022,571466,308,-14.270297063583815,740.9106310821774,648.3333333333334,7.3792039217439385
2022,677954,65,-2.137076277771536,154.0,154.0,-4.758761051520943
2022,671221,109,3.326248320191837,248.0,248.0,0.9440133201875154
2023,666197,45,-1.0250287205343422,153.44455645161293,144.0,2.24623906539401
2023,596115,168,-8.616630475372236,355.66666666666663,310.66666666666663,5.253189684215323
2022,650619,75,-2.763361411542209,193.25869360902257,172.0,3.6392515794796707
2024,541645,51,-2.5067356552760787,114.8378655184158,101.33333333333333,7.179254690546735
2021,595751,311,-11.854252825216435,698.5551953289189,671.3333333333333,-2.1383742867242646
2022,668942,510,14.278758928722116,1013.0202552680495,927.6666666666667,4.4067833673268435
2024,656883,15,-0.8573916824151087,47.526666666666664,42.666666666666664,-0.5130121584834832
2025,681987,90,1.284942227262397,242.2211882001356,167.0,-9.179737260796003
2023,543760,753,32.21872444779032,1417.6273016994303,1322.0,21.17860737740744
2025,666165,18,-2.498046146303232,41.19791666666667,38.66666666666667,-0.8256547212167895
2024,672642,45,-0.3644343796907118,173.0,173.0,-2.7691303423900693
2022,666134,94,0.013208265478960035,200.77447123762914,126.66666666666666,3.7562013364680342
2022,676701,125,-0.6867161081690694,307.33333333333337,307.33333333333337,4.85157894392222
2022,660634,28,-2.3446318910081922,61.426817042606515,54.66666666666667,1.487489183830286
2025,665561,118,-6.931916306558456,360.9090909090909,356.0,6.151775795685795
2024,642136,186,-2.950234164904724,403.5466245209937,317.6666666666667,2.6631530802931715
2022,663616,180,2.2699643503133586,427.96089107754955,370.99999999999994,-1.0337579152268321
2024,686797,185,-7.606891371306848,364.77059553349875,330.0,0.2502672880627399
2021,608422,33,-3.8577576198663373,97.21365757584577,80.33333333333333,-0.43365037900578096
2024,663550,91,-1.7881310938291728,212.9388343633195,181.33333333333331,-2.5339761525646107
2023,666150,102,1.561325490764876,197.1000827129859,190.33333333333331,2.6878709439979156
2022,670869,59,5.687297933143212,143.66666666666666,143.66666666666666,-5.02092542749513
2024,691594,36,-2.020571874590249,76.65402168211226,59.0,-0.20917798025045942
2025,695257,6,0.09370214217403497,17.666666666666664,17.666666666666664,-0.89767210893692
2025,660688,267,-13.260135983212503,571.4871794871794,567.3333333333334,3.97642750389246
2024,596129,79,-4.518196978273911,170.62081714254242,0.0,-2.0479179012307904
2023,641511,187,-6.015446906816939,591.6323529411765,587.0,1.1353155128047165
2021,591971,97,-2.7427871481779813,184.15688684060234,130.33333333333331,-0.7108897594505854
2025,669087,58,-2.68873507377228,164.66666666666669,164.66666666666669,-0.12554493759176413
2023,687462,44,0.5090903300652134,91.30069469029297,36.666666666666664,0.3388537831561087
2023,664247,30,-1.1384691012959633,63.152577782016245,19.0,-0.4374922026679723
2025,641645,21,-3.2625321953708397,71.66666666666667,71.66666666666667,-0.39856115857125174
2021,593528,12,-1.7514011688957254,39.97340425531915,36.0,-0.2956089698822163
2022,621006,33,-1.519538717152331,102.25,100.0,2.7187393105439543
2023,621458,34,-2.049823961784297,73.54473874741169,7.333333333333332,-1.2056247899620565
2022,671218,22,-2.793030553287467,49.58413978494623,42.33333333333333,-1.6060674793049161
2025,669304,36,-3.171762498768152,101.0,101.0,-0.09275239962196768
2023,602074,80,-3.741038463581041,165.07051282051282,158.66666666666666,0.6500584139724106
2024,671117,14,2.239071362312955,27.100082712985937,20.333333333333332,-2.516506685055862
2023,677800,85,3.716249913725809,188.9026930894309,179.33333333333331,-8.969520839119744
2022,677223,1,-0.24076729659707685,4.0,4.0,-0.2268124334601284
2021,606336,7,-0.220730407276088,26.595238095238095,24.666666666666668,-1.379922261342056
2023,614173,71,-1.1741234405435126,181.1157509157509,163.33333333333331,-6.576469638567676
2024,660162,45,0.4009532665407467,87.31972789115646,85.66666666666667,0.28457842507127706
2024,642215,98,4.637297608908866,264.9441349760009,242.33333333333331,-9.84822658668649
2023,670276,12,-1.9838458420389007,35.24242424242425,30.333333333333336,-0.3928031582864385
2023,668751,5,-0.6177167584760311,11.454545454545455,9.0,-0.5612006499790487
2023,663905,37,-1.348556912683516,76.17021276595744,62.0,-1.6912255875451023
2022,666703,6,-0.22729369260157378,7.84090909090909,6.0,-1.086197365192708
2025,686554,41,-4.744530843103519,83.204329004329,73.66666666666666,-0.586815614903185
2022,665650,28,-4.563585845398638,56.33333333333333,56.33333333333333,0.42459543261665683
2025,668800,88,-3.773951532278091,213.0925773999628,154.33333333333331,0.5672152258221421
2025,676466,16,-0.6242383588220655,94.66666666666667,94.66666666666667,-4.912495064064413
2025,644433,22,-2.0608608608388135,53.58823529411765,52.0,0.15736041383915006
2024,676113,75,0.10676299405157552,159.06452083952084,119.66666666666666,-2.5727782578170406
2024,693049,38,-0.6145573638787416,103.11776061776061,99.0,-2.5101262374183966
2025,640459,15,0.7766611761701729,71.66666666666666,71.66666666666666,-1.2647953814720734
2024,665052,89,1.874773426017883,187.5662864530378,156.0,0.3082569629892864
2021,602080,9,-0.21466020227809113,30.0,30.0,0.18523045595137203
2021,643436,6,-0.17950432525625748,13.43047914922915,0.0,-0.1612025960984294
2025,682868,12,-0.7787395870621076,27.666666666666664,27.666666666666664,0.7653783786350344
2024,664058,9,-0.842939121994494,45.333333333333336,45.333333333333336,0.03629023563732019
2025,685744,4,-0.32795904172469825,11.666666666666666,11.666666666666666,-1.8600319941952197
2022,641525,14,-1.2508582089581313,39.583882783882785,24.333333333333332,-0.3107969008452327
2021,621008,7,0.4856241730546077,16.0,16.0,-0.9140412696089113
2025,671976,12,-2.8580283161214024,26.164092664092664,16.0,-1.8575658042612315
2023,656821,8,-1.6246819673547197,25.902439024390244,18.0,-1.2855336917147602
2023,657061,10,1.6038586592477004,25.04978354978355,20.666666666666668,0.3175139674084971
2022,547172,4,-0.9800270427725947,8.666666666666666,8.666666666666666,-0.07843298603234496
2022,681351,16,0.2399307694191173,39.333333333333336,39.333333333333336,-0.4015510443502242
2022,669008,3,-0.7314233370577199,6.394736842105263,0.0,-0.07675438596491227
2021,641929,2,-0.5531055360984334,10.131578947368421,8.0,0.1389863055794435
2024,687957,7,1.4156920799581925,13.114285714285714,0.0,-0.15740740740740738
2022,664789,1,-0.19839565927197425,0.6666666666666666,0.6666666666666666,-0.7639266524686632
2021,541650,21,-3.80135893838019,43.62309749074455,30.0,-1.3491276266476684
2022,502054,622,-7.905536852313565,1218.4127793411262,1104.3333333333335,-28.049643189785872
2023,676116,495,14.067659364725994,1064.8661283657157,993.0,-4.41835623294355
2023,650333,617,17.102036062121034,1263.8472652218782,1250.3333333333333,-4.046831688836146
2022,647304,498,5.551343379956058,1026.727369314818,683.3333333333333,-8.682431286806771
2023,665506,95,0.43965171835816363,275.72819522819526,259.33333333333337,3.709324301121616
2023,670764,349,2.000077271153531,719.0509778751039,681.0,7.431777299511345
2023,592696,516,2.3499274600796767,1101.6005939369168,834.0,16.78731350563218
2023,519058,386,-9.753837802386531,943.3833766712344,827.3333333333335,-15.31694069456572
2021,544369,408,-15.013494148651933,870.6602564102564,866.3333333333333,1.743941283762584
2021,542303,208,-6.981416565599596,410.33333333333337,410.33333333333337,9.919792594543079
2024,669004,451,-6.555864500470923,1009.8642765189076,874.3333333333334,-9.058064676559713
2024,669234,228,-2.590691185936966,476.3786010057787,65.0,-8.405960643591335
2025,607043,652,15.306893981996598,1347.5256747638327,1310.6666666666667,-9.529631200233727
2022,650402,572,7.88537056470142,1214.955549254305,1115.0,-0.2431347183969097
2025,624585,315,-3.575766963587098,661.0047910448184,274.3333333333333,-9.089305258534061
2022,664670,156,-3.0087301625838,439.1273041444093,353.6666666666667,-5.604825931575054
2023,678554,92,-0.17132444158702698,195.12785125551085,181.66666666666666,4.243686393322042
2022,656775,672,8.451952321920913,1359.5034749034749,1319.0,10.806376159570975
2024,642715,688,18.027018506083724,1399.3333333333335,1399.3333333333335,-11.802552530287725
2024,679845,171,-8.341155544842037,385.10755665902724,348.66666666666663,1.9709631357972976
2025,677942,266,-1.6710806665862539,608.7567567567568,600.0,1.4328279127507082
2025,682988,116,-7.149897617852194,254.3003875968992,245.66666666666666,-6.074577905267242
2022,500871,542,6.9848626548349415,1181.54401291103,1103.0,-10.579096572578457
2025,571448,436,-10.228533603281452,908.05782487861,826.0000000000001,19.418386375618066
2023,681297,77,-4.866691891415126,238.33333333333331,238.33333333333331,-6.613500529775434
2021,656537,140,0.20843615070911437,372.3297764227642,368.6666666666667,1.2759157635631115
2024,668804,692,22.240863408548744,1327.2387802549097,1082.6666666666667,-6.8626146934414
2023,645801,251,5.765081423191153,525.9453145129353,39.66666666666667,-6.444626794218237
2024,668885,257,1.6297216489957949,517.5172481683105,425.66666666666663,1.9480565056098678
2025,656976,288,7.305811614946693,627.573823198778,301.6666666666667,-11.789340448716292
2023,514888,410,24.82081092733737,747.6874999999999,736.9999999999999,-21.331867675552886
2021,607208,646,39.60659387565569,1262.4670542635658,1258.3333333333335,16.133636977755636
2022,570482,551,6.267122882402396,1171.3644497044431,1080.3333333333335,7.672149747852596
2024,668930,619,1.508238455821726,1335.4649122807018,1333.3333333333335,48.06404750338463
2021,595956,124,-5.342931396466332,298.5548206860707,274.0,2.655871574522859
2021,665750,172,-9.613092177540254,398.2538461538461,386.0,13.668481131457272
2024,670242,261,16.440091488071648,602.0780194723693,482.0,-4.216924699615495
2024,621020,593,2.0825418870313923,1266.0430729923792,1250.3333333333335,-3.1303010851196675
2025,643396,459,-11.10088226449989,1150.5214626391098,1137.0,2.500958927475131
2023,672478,293,-11.213259541584755,669.2609521448012,469.6666666666667,-18.344030352309638
2021,592178,582,25.252908937086175,1187.1327951861274,1094.6666666666665,-14.013813300677516
2022,643217,521,13.333468992165606,1069.2918727237875,1037.3333333333333,1.720769988795002
2024,663538,641,4.893291320078568,1331.0,1331.0,17.77194756874215
2021,545350,198,-2.4042685494676452,619.6325324693019,549.3333333333333,-1.4036221516121299
2021,475582,273,-0.8623956017242502,540.9810966781795,357.3333333333333,-9.116951346138277
2024,702616,208,-6.148629248652256,511.21705426356584,509.33333333333326,-7.444957306397603
2025,624413,709,31.371065570660335,1422.4710144927537,1395.666666666667,-31.91768812927066
2025,676044,83,-3.1921745301359126,213.7117117117117,209.33333333333334,-0.3713796849206772
2023,660821,403,4.263834233874915,1038.3521081144092,1025.3333333333333,-20.331610742245807
2025,457705,551,-4.737071244037124,1139.4092996000118,61.666666666666664,-14.726593683159344
2021,664057,215,-10.154610019312505,537.6537156244467,429.66666666666663,-8.81293289450507
2022,650490,558,30.714620377085996,1158.2061625366505,1023.6666666666667,-23.235324883151772
2022,572816,297,0.29898296560272897,609.2268590528574,364.3333333333333,-2.1123230968388746
2023,686668,431,-24.560815128179854,1067.3333333333333,1067.3333333333333,41.38192292655058
2021,650333,441,5.582511050131513,1096.9079335298848,1067.0,-1.8294286625330107
2023,673237,377,7.2019005499907305,845.6767855061424,602.6666666666666,4.039524295184659
2025,667670,699,21.03899769689494,1407.5369182628256,162.0,-18.391913352872457
2022,641513,96,-3.383083129910923,213.34332514332516,185.66666666666669,4.1957940866508725
2024,593428,463,0.037997322596293515,965.88266716263,881.6666666666665,-7.3307027441443715
2025,502671,534,4.337117830835169,1054.0648399054194,925.6666666666667,-5.60403106083098
2021,571657,518,-5.224408283054553,1213.6758272266836,1159.0,-11.076630460176572
2025,672580,666,18.84373071215007,1457.3333333333333,1412.3333333333333,4.69675867910039
2023,571657,369,0.5500370106870038,973.6405370888955,954.9999999999999,-14.557200260008273
2025,665839,102,-1.7579125231421533,262.3687474989996,258.3333333333333,-4.03965423257566
2025,673357,431,-1.630878683127536,921.3583333333333,883.3333333333335,17.125817619405343
2024,656896,302,-6.858306479408526,1033.3432360683703,1011.6666666666666,-20.00879432629612
2022,642133,599,1.3524655713341476,1305.9967294721498,1210.3333333333335,-13.371187552787074
2022,518934,541,7.237822162700251,967.992478525626,839.0,20.079300194254436
2023,683002,622,22.0647333941585,1071.9527302178337,939.3333333333333,2.643653316869319
2021,519317,566,19.48996126257314,1152.5098963603555,136.33333333333331,-5.1472307899711405
2025,683734,447,-3.8390661822246637,942.1435326743522,727.3333333333334,-16.525510756564316
2025,663586,447,2.620864253987424,882.6666666666667,882.6666666666667,-2.8742017766712427
2025,678882,587,1.8471895393484163,1424.6666666666665,1424.6666666666665,13.734613268931824
2022,572191,456,-4.15025150509641,1068.0,1059.0,10.510943541599307
2025,621566,724,32.11189522366794,1421.8198404361742,1391.6666666666665,10.77850030733814
2022,608324,656,25.343259695253014,1360.1044820228244,1328.6666666666667,29.410716508218123
2023,669743,439,-11.499562975195955,1005.5949627173043,956.0000000000002,26.29684334036262
2021,665862,507,2.451966479165988,1033.7187590816625,1017.6666666666667,10.81383998510173
2023,542303,592,32.85958076776002,1205.136901289322,13.666666666666668,-13.84220206409684
2024,680777,465,2.3297389176687875,976.6718081838212,677.0,0.39864543636253735
2025,676391,588,2.649103422568258,1095.4426320929192,1071.6666666666667,35.29767579978703
2023,677594,714,29.156879160477416,1367.5675675675675,1324.9999999999998,9.800652340621935
2023,657656,404,-6.35856997752201,864.1839977964753,810.3333333333333,4.997414808580743
2023,543543,67,0.2432077027415307,171.45157654975992,46.33333333333333,-2.402022355496809
2021,458015,529,28.422862953456086,1083.50960659531,966.0,-2.2027840727850054
2021,596825,101,-9.045456473655381,256.6779231367701,238.66666666666669,-5.891423501107072
2022,608369,663,15.230452980475617,1325.3498037429933,1216.0000000000002,-4.074082793774688
2024,668709,642,15.800058548054167,1381.224358974359,1361.6666666666665,-4.19910190972463
2025,694384,563,6.306801020495564,1133.073796755047,1095.3333333333335,-7.068905404772764
2021,572233,445,-2.2955631830130754,899.3308911436318,832.3333333333334,8.360568357038321
2021,594809,275,-7.69586636638219,615.4745099465495,585.3333333333334,2.436035372156001
2025,664770,438,2.383508129692483,886.026622599202,752.0000000000001,-1.8533745321872115
2022,572039,139,-5.527036520460408,305.984457119631,180.33333333333334,-1.2340362133279317
2022,668227,645,19.113445478244973,1304.2774337821897,1011.6666666666667,-7.731724282426619
2024,621466,194,-3.173757614842974,394.92051264031613,156.0,-0.8888696701120664
2025,621439,542,35.21789799090061,1046.0,974.0,-13.286447688279189
2023,493329,329,-10.513218320441219,715.9402353100535,676.0,-2.7598742086457237
2023,596019,687,27.24888963823426,1371.5293613451508,1343.3333333333335,10.519372486904226
2021,622682,209,0.0766712932419491,506.6870901139577,477.66666666666663,-0.641156318157561
2022,666624,425,11.304773847206144,843.5011491095817,786.3333333333334,-4.908005725904612
2022,665489,706,22.698676784166057,1422.0351052644737,1136.0,-18.384415024667106
2022,669720,582,1.0271254656150997,1293.6838400900901,1259.3333333333335,-8.849874300391425
2022,669374,266,9.776148512207762,557.3382936419855,281.66666666666663,-8.131038353544
2023,665862,383,6.5707140056286555,802.2731837415818,771.6666666666667,-15.289560473639927
2021,660271,627,43.44614373013172,1271.2628857408897,45.66666666666667,-17.87745792871725
2021,624512,214,-6.051386892588595,536.6605906118775,478.66666666666663,5.1179512941909415
2025,592885,644,21.301058348527427,1278.0166811264921,139.33333333333331,-14.992763323184011
2025,605170,386,2.070393021861788,786.4308972565739,450.33333333333326,-3.6677743215321326
2022,642165,192,-7.72708823931195,507.3626431166873,472.6666666666667,-7.948792326057711
2024,668670,337,-11.508209474916896,827.8215747976999,763.3333333333334,8.21626803677149
2024,609280,319,-1.7922918886000696,642.1517857142858,572.0,-0.29820484039411665
2025,621028,116,-11.04132720319923,430.8476196634092,413.00000000000006,3.428046097240441
2024,661388,679,22.302794757653224,1350.8963801718269,1026.3333333333335,7.40433103623267
2021,506702,220,-18.551707843654775,497.5878301988164,399.3333333333333,3.192175011972526
2024,444482,260,5.9368984729925405,584.249677973495,312.66666666666663,2.24729049219546
2024,620443,130,-4.171923430019155,294.0727482939217,196.66666666666666,3.031027025300836
2025,641555,98,-2.5714812399822247,323.2000587544066,317.0,-3.5960863207556035
2023,642180,55,-0.6531444824090553,149.82940039872003,126.99999999999999,1.7078841049070486
2021,658069,284,-17.797134644060073,790.3175930120751,761.3333333333334,4.199278646900077
2021,592622,24,-1.8403630012264551,48.49355273166863,10.666666666666666,-1.1690821841101753
2023,545350,83,-3.3288139452490535,330.66666666666663,330.66666666666663,6.459728453483869
2022,661531,205,-12.268367763279272,471.7701095461007,430.0,0.6968431994413493
2021,521692,631,18.11308807961351,1330.8570023089555,987.0,8.404801941999786
2023,679529,684,6.024971717114229,1403.2328117591278,1341.666666666667,-18.034800029202366
2021,592743,418,-21.967808942704742,1078.0188153437252,1016.0,24.562891971013702
2025,687637,137,4.8942856098494,337.7416666666667,331.6666666666667,-6.923386821931453
2025,641680,433,-16.049518566433644,957.256904363428,757.0,4.00951440328152
2025,683021,25,-2.469443948911803,54.234234234234236,47.666666666666664,1.2279536170587728
2022,650331,174,-11.229870619722952,494.3178294573644,479.66666666666663,2.4395023606708635
2023,641820,263,-7.710319020876005,539.5450358716255,309.33333333333337,-6.7241802899958865
2023,592178,335,-10.007322075350839,667.3550742745697,437.0,-18.652550605182903
2024,647351,364,-5.076661593756874,769.9877082939583,638.6666666666666,-1.6122383103055287
2025,680737,110,2.290127121288168,295.4490196078431,287.66666666666663,1.9028510680713242
2025,671277,526,-3.5806632413029647,1159.4244745876458,1134.6666666666665,-16.69732169826746
2025,701305,109,0.3946355325855164,244.31045586912683,148.66666666666666,0.18168469163105616
2022,622534,363,6.245306290208267,808.8005161505162,651.3333333333333,-11.91919731263657
2022,663656,609,23.895134818164742,1303.2375126443055,1233.0,-6.255329045977463
2022,650489,392,-3.8831658852864814,958.747211701711,944.0,8.589030327191894
2023,663897,19,-3.7965028749327683,43.05209176788124,28.666666666666668,-0.37052890774245756
2023,596142,267,2.29867773411425,585.7600713416739,524.3333333333334,5.4655156512496665
2023,596117,125,-5.975840768040804,366.33333333333337,366.33333333333337,1.6235716817908674
2025,700337,403,-2.822286403799041,874.1372790561311,612.3333333333333,-2.1302009615838546
2022,656495,28,2.5821672028205986,121.18918918918921,119.00000000000001,-3.2715761256679734
2023,656811,368,8.586580962564662,921.2659487270672,814.6666666666667,-24.00067333230267
2021,514888,663,26.76067995074042,1272.5677373222015,1232.3333333333333,-18.57079680089089
2025,677588,169,-2.256427519952146,428.7608695652174,427.0,-3.810632080177663
2022,641857,597,4.082509993484569,1241.5691056910568,1233.6666666666665,2.5145051826355425
2022,663743,240,0.7585338509286821,587.9660652027525,512.3333333333333,4.076555389571669
2022,595281,221,0.7753901896244795,521.1377272969657,498.66666666666663,-5.126313549217539
2023,665750,554,2.666048968863418,1223.5508333333332,1211.3333333333335,7.480079967285262
2022,657757,410,-3.139922108010003,944.0181451836503,709.6666666666666,-22.362182568409
2023,686676,70,-9.883434402206046,184.05,180.0,2.8044087966827274
2024,665828,326,-4.834584265224926,847.3402831402831,838.3333333333333,9.598945927393581
2021,493329,591,24.074584315461898,1225.788582060321,1203.6666666666667,13.51653654019492
2021,624424,479,-0.09125599304999366,980.5253365900759,929.3333333333334,-12.684989533080707
2022,683146,42,-1.5452495513568503,94.4375,77.0,-0.46854367463438196
2023,572233,661,20.26557010852206,1340.6635902413148,1257.3333333333335,-13.435137560509784
2024,641343,346,0.1885354390767504,725.9805377499473,555.3333333333333,-8.592670613561358
2024,621493,663,9.878492876455399,1362.430815252023,1204.0,-5.33533596412684
2025,670097,56,-0.11205312585934646,193.33333333333334,193.33333333333334,-6.724848033775103
2023,521692,580,-7.93528409435886,1162.2521437538699,868.0,-7.185469652666678
2022,628450,327,-0.4385256678190341,698.9818987123278,418.0,-5.426229114118419
2023,641313,524,-25.506331715004944,1035.3829009350034,981.0,1.4799639126331856
2021,516770,346,-1.6264137649605384,721.8027848408547,696.6666666666667,7.055642009222892
2024,662139,513,6.287852538823142,911.145186247293,865.9999999999999,32.67254484384946
2022,641933,383,2.4758173252177147,854.2149122807018,836.3333333333334,-6.607948855538652
2022,669257,578,18.611545496707485,1172.7802523771895,956.3333333333334,3.6617569488961865
2025,694362,75,-3.070877253033041,205.0151515151515,201.33333333333331,-0.8598401350320068
2021,657656,378,4.992510950827658,765.9238510870537,713.3333333333333,11.298219934347054
2025,663853,341,8.62744921139506,610.5855927073288,496.66666666666663,-5.2475399471259
2025,643289,398,-9.30896679713802,945.0234212639316,912.0,17.131813417027114
2022,516416,387,1.8190910964988225,815.6240373661426,762.3333333333333,1.2912418975836757
2022,669222,420,-14.86652593522848,921.0097237330208,851.6666666666665,-4.46877145582225
2023,680574,403,19.768351667805273,796.4537264537264,771.3333333333333,-0.4693920908742122
2025,695238,149,-3.0923951819221394,308.39465366743605,201.33333333333334,-8.20747364893828
2023,543807,683,1.0548277585262493,1319.7235921143815,1128.3333333333335,-13.085198868233265
2021,665506,68,-9.79375688517629,167.66277056277056,161.66666666666666,-0.938897176689852
2022,666971,493,5.638548434686854,1025.4427366074933,884.3333333333333,0.4471236650500802
2023,596103,207,2.062608146972698,699.3773885556943,654.6666666666667,-10.628643169493316
2024,596146,399,-1.6070508516866917,895.2648351648352,875.0,-16.48441497541615
2025,607680,43,-2.392367326202187,134.14939839572193,122.00000000000001,-1.6215718680498874
2023,677649,439,8.154658488087037,971.4427525435246,671.0,-6.124917655265362
2023,656537,50,-4.422744572255096,115.33333333333333,115.33333333333333,-2.1109996472814787
2023,608336,332,3.9554973359505867,884.8837604643231,853.0,-23.193680188381375
2021,670032,532,9.399892172634182,1258.1413094530617,1215.6666666666667,-0.48042718443441634
2021,608336,616,21.31663676905612,1356.6356862054804,1223.6666666666667,1.521202858941074
2021,596019,524,5.496267987748567,1041.3612124226347,1022.6666666666667,11.104381390707562
2023,595956,149,-20.86225919648098,373.82591297442104,279.0,2.2067576795058828
2024,602104,301,8.069188842693212,786.6874088501797,762.6666666666666,-8.780935462303145
2022,650859,511,4.335311704260105,838.8958287345907,756.6666666666666,24.144423389779234
2021,609275,125,0.9236953398209398,282.6770416203466,228.66666666666669,-1.090087235728744
2025,655316,135,1.767204264166205,498.4330868477251,467.0,-6.216190686851684
2022,607461,47,-5.6949273217600265,104.18854248640464,64.33333333333333,-1.8092472090256335
2023,624424,470,-1.3390777309669417,948.8032604182883,703.6666666666666,-7.292726132172253
2025,669003,78,-1.315775852790797,203.33333333333331,203.33333333333331,8.368739896370618
2025,666182,628,20.75811201401362,1201.6152055678654,1078.0,-3.8614112713645117
2024,595777,668,35.89140137986081,1319.481806437483,1068.3333333333335,-13.163914683226825
2025,681481,464,12.60072938658137,968.5026748471465,577.3333333333334,2.31322285939628
2025,682641,184,-1.6140558362010506,430.6792601807308,374.33333333333337,-9.131119054417338
2024,592663,413,2.821568777208506,869.6840197399714,827.0,5.41767749405395
2022,656305,621,10.469192489405987,1346.8480883813309,1322.0000000000002,9.27314985685491
2023,664029,72,-2.9798987990706185,157.95285405217575,82.66666666666666,-1.7936143585777762
2023,675986,37,-3.84982278991875,99.08017643551159,77.33333333333334,1.7147754825517012
2025,808975,170,2.314396091783507,365.07165963018826,312.0,5.517254267387795
2024,686894,28,-2.9562312724605397,77.04606685694517,64.33333333333333,-2.8364171309313595
2023,621438,243,-1.8347542636305025,474.7138430326727,441.33333333333326,14.878089855227827
2021,656811,236,-8.658994291478976,531.9097498956606,303.6666666666667,-5.171385455948155
2025,666163,128,-8.455806200850606,329.6885409800044,315.33333333333337,1.9250938791545684
2021,592696,267,11.330747214360184,858.4295343703238,828.0,10.453037282419732
2025,674441,15,-1.04619273596959,64.72079164464245,53.00000000000001,-1.856566401780039
2025,621035,125,-5.917852320343982,257.7040362731152,244.0,-3.5867673510024702
2022,669065,98,-0.18721238436977805,246.3352392615685,209.33333333333334,-10.41305389238495
2023,670032,262,-5.248082772142461,588.5865252394663,530.0,11.478042188718085
2021,656403,83,-6.354687637418961,174.80633559490371,147.0,-6.615586167375873
2021,642721,295,-11.05346783372478,716.5641025641025,707.3333333333333,0.014064148603277093
2023,681584,140,-8.20312978464271,314.9427744639207,263.6666666666667,-2.250917934510719
2023,677587,86,-5.321354370327503,176.66666666666669,176.66666666666669,-1.9184666067855236
2023,606132,169,1.0970403668257824,462.74875386812903,443.33333333333326,-24.264348972654105
2025,663457,583,5.786646330023529,1132.4769220348169,1091.3333333333335,-0.5291731219157804
2021,594988,34,-4.258603143956258,77.4906941266209,69.66666666666666,0.643940819015587
2024,680776,735,36.60151525868122,1404.0599145145866,1374.6666666666667,-15.03047609550136
2025,668974,47,-7.197458289233381,129.7982456140351,127.66666666666669,-0.46156988282603156
2021,660821,251,3.6490013688338476,533.7725225225225,529.3333333333334,2.3755001098763016
2025,605141,663,4.040835271541777,1278.017423259345,1205.6666666666665,13.525477816291062
2024,645277,435,2.561369588900843,869.3333333333333,869.3333333333333,4.834007056383431
2025,676694,381,3.8021270648399055,854.4920160195261,833.6666666666667,-5.628649242862772
2023,660271,599,62.86645730052244,1191.6398416994164,0.0,-14.302947345500527
2025,682663,585,-5.185186908451747,1168.3632156603976,600.0,-12.992476550638536
2022,666160,111,-5.024631988958816,237.3357574811301,205.0,-0.19547982841542222
2025,664040,553,11.45696290534933,1114.7635425495182,990.6666666666666,-5.634630436170863
2021,669289,239,5.629818074437835,654.6303966229975,619.6666666666666,6.09352404547166
2021,621438,271,5.699401295298085,529.3053641933318,420.0,9.446558760331278
2022,669261,372,3.0495190500455824,975.35,965.0,-11.696082051933573
2023,686469,260,-0.963162294642893,522.4234234234234,369.6666666666667,-2.810257041048302
2023,458015,242,0.6909343623869701,509.61936508224596,293.0,7.561184140977744
2023,543333,100,-5.162941427802061,218.12219927800425,124.0,-1.129867268397045
2021,670764,173,-3.057033882438761,387.39725936462776,372.33333333333337,-5.329826932530911
2024,667472,108,1.9460709921209554,196.99854921116517,146.66666666666666,6.579764654402253
2024,456781,309,5.914368568993158,647.1843119443051,376.3333333333333,-9.082733745503106
2022,553882,296,-7.695229857660482,704.9367488931056,692.3333333333333,3.4898647966522214
2022,595978,338,-26.041010062495467,791.5818442052034,660.3333333333333,6.346466462771549
2025,681715,294,3.6618859069770817,602.4295829944401,211.0,-2.932959517032179
2025,670042,219,-0.01633370874361839,652.5733082706766,624.0,-13.251689802998147
2025,516782,329,4.655703050039745,670.4699900801315,46.0,-7.402533471465777
2022,544725,315,-19.682488455581765,634.8888915701416,612.6666666666665,10.371787969098548
2024,663647,396,-17.038742172571336,825.6666666666665,816.6666666666665,10.535791171283348
2025,678894,88,-2.8145615478686783,209.1883165360209,205.33333333333331,2.2027096660099916
2022,643393,558,-4.122011643263733,1292.33809202664,1228.6666666666667,1.9198798888965454
2021,642180,145,-0.8281432999046192,857.6129032258063,855.0,-23.868607302279706
2021,543333,565,0.30078906220899615,1186.240110549826,1122.0,-24.34739622252626
2022,676801,407,7.326579793729663,1155.6666666666667,1146.6666666666667,-25.94990970703246
2024,608701,307,10.03841120699781,551.4552020510511,398.66666666666663,1.4000355820242163
2022,500743,507,-18.377153214007436,1199.6666666666667,1199.6666666666667,10.274491315132135
2025,691720,156,-6.406140945985637,363.7567567567568,355.0,-0.3916423038422163
2023,663527,111,-4.2695907818009395,244.23605894313891,166.0,-0.36244271636376
2021,660829,150,-5.687502667269678,353.3983612671113,339.0,-6.720772634227745
2022,672779,177,-6.813500269658322,428.75573593073585,417.3333333333333,-4.468279229827317
2022,608577,171,-0.2120187548030099,426.6809458337075,410.0,-4.273169170456546
2023,624512,206,-4.018444332340507,539.735795960796,516.0,4.2658284581077375
2025,696285,364,-13.786978519512775,945.6159420289855,940.3333333333334,10.092026053674308
2021,572122,656,2.874846306282981,1379.498972275182,1269.6666666666665,-10.54308194621656
2021,596103,306,4.316721720787072,1169.4929630121155,1143.0,-31.40179128687707
2021,641313,520,18.396900088704005,1054.8941394292485,998.0,17.169311962173143
2021,457708,354,-0.7214487397916365,732.5897538011793,524.6666666666667,-1.1546149493727609
2024,694497,162,-1.3750768966110316,319.93055456033085,275.0,4.638887823366513
2024,682622,240,-12.482887765430437,528.8050147281477,443.6666666666667,-5.515328036501872
2023,686527,182,-5.757508331093758,386.96599533308927,245.33333333333331,3.0151848695153043
2023,668901,233,-11.372955131860458,487.37292582039277,134.33333333333331,-0.7421207338687843
2025,669477,348,0.03621568716602064,713.4200031568772,675.6666666666665,-7.3956299320005945
2022,671083,94,-2.1772876015738047,213.2671197045152,163.66666666666669,1.1317654751286292
2024,553993,640,18.638564746202594,1386.7655389457118,1364.0,-12.024572949180651
2025,666185,241,-6.403018976221388,572.3361745063878,543.6666666666665,-2.0795326988281104
2025,592192,125,-8.029109147041805,291.7165389309508,220.66666666666669,-7.600538565706288
2025,702176,153,-6.503543628715291,368.4232407815848,336.6666666666667,-0.724901078651714
2024,543063,80,-2.5979015926550177,188.0063192572533,146.33333333333331,-0.3071918301571356
2024,669450,8,-2.129731527145531,12.292054263565891,4.333333333333333,1.1453781678533577
2024,694376,46,-1.7133661321314255,104.66900427433943,85.66666666666666,2.0051268025799236
2021,642211,137,-10.283659039999684,326.6479386278959,287.0,-5.084318860274394
2024,649966,109,1.467769668365922,243.70445654884708,195.66666666666666,12.43525687361975
2024,676356,362,-4.863296983560788,866.1842591834852,844.3333333333334,1.3097769584856858
2023,519317,415,-8.321272112515206,841.768189487382,257.3333333333333,-6.7030068437858725
2021,642851,132,-10.956292800976396,385.2795698924731,382.66666666666663,5.475700690904433
2024,691718,410,2.6683391571768103,979.146775462565,966.6666666666667,20.25543796261625
2021,641820,598,-0.624909048956073,1226.399573733754,615.0,-10.726009515427826
2021,656467,44,-3.285089298612096,116.00638693507963,109.33333333333331,-0.7198233852111506
2024,676572,74,-1.222284680935068,158.66666666666666,158.66666666666666,1.6110786123937744
2025,664774,242,-12.882501988212036,615.1030075187969,596.0,-8.913954419326512
2023,666152,39,-3.0946199440449345,127.99999999999997,127.99999999999997,0.7544029955795819
2025,683083,92,1.0298433521528987,248.6396656187615,228.99999999999997,8.08590633670029
2023,664057,40,-3.715401193421369,149.0,149.0,-1.9470762828958341
2022,543257,477,-6.332773920258216,1096.052805457978,1075.6666666666665,2.7955966430154007
2021,543543,377,3.9264271311027876,807.6367619549482,622.6666666666666,-9.45811268061339
2024,656248,108,-5.163747688314876,236.48487957145926,182.0,1.2937912842583312
2024,677956,51,6.1499538277860895,194.0,194.0,-2.9653077548342046
2023,542208,189,-4.491144982472728,406.0153310072205,286.0,1.5839677256975646
2021,596142,432,-1.1854673544477912,995.7043758043758,942.3333333333333,-0.7617334441112369
2025,666149,243,-8.498309474978281,573.7365301365301,548.3333333333333,0.6761265922806838
2021,543807,342,13.419750740082872,646.2767076334957,268.3333333333333,-0.14750007777159135
2023,607208,691,12.591778672505434,1359.5263157894738,1342.0,0.21258941851884483
2022,592325,423,-0.986482993177491,821.3081899252954,585.0,-3.8755191467335135
2022,429664,104,-11.505822763115429,225.70173111776444,82.33333333333334,3.9504030256125464
2025,656180,286,-15.826158785348671,650.5533942938355,608.3333333333333,7.04761208799742
2021,606132,533,-12.885808390098854,1072.4469605715735,1044.6666666666667,-17.53951315970781
2024,672744,28,1.3424647941073595,58.766666666666666,50.666666666666664,5.1340660573847705
2024,656555,517,1.2518945484928317,1128.2404964566717,816.0000000000001,-36.29559964984554
2025,699625,46,-4.9127672727474785,125.04901960784315,122.66666666666667,0.9698228772993986
2021,519058,199,-8.441972479348047,446.5538667071261,407.0,-5.218132166188985
2025,608671,50,-1.3678636450061323,158.741040721591,147.33333333333331,-0.035050362422430204
2023,687093,80,-2.5998706358184323,199.33333333333334,199.33333333333334,-6.642493040266074
2023,686681,461,-10.839681507607136,998.9221475459966,894.3333333333335,-3.6032912197851674
2024,678877,198,3.964637032392452,497.7799764420432,457.0,-6.226136184492125
2024,606115,602,-20.828207149857732,1381.6666666666665,1381.6666666666665,1.5555948833468651
2025,664983,222,-8.968320431324074,469.02402438289556,371.66666666666663,8.591037026463002
2021,645801,63,-2.61513325705033,172.79824561403507,170.66666666666666,-1.616839305524901
2021,622268,69,-2.2637351267989825,148.5003465003465,137.66666666666666,4.354712376561695
2023,669289,254,-4.142217823598367,672.7354524554515,623.6666666666667,-2.6870576791583654
2022,657077,644,2.481297091511309,1302.1929889566986,1277.3333333333335,-12.499052428052533
2024,669397,105,-5.889769877871176,255.03750915987763,223.66666666666669,-2.3077354629579467
2022,669134,50,-3.087437841799238,108.0285993424794,71.66666666666666,-0.9587890542074993
2022,676551,4,-1.0801099117768191,27.010924369747897,20.0,-1.379613236024389
2025,669200,26,-1.8199865457387832,79.99824561403508,70.66666666666667,3.2741720440301947
2024,642020,76,-9.357049183550497,213.66666666666663,213.66666666666663,4.126135742232523
2023,506702,44,-5.183619478416842,184.33333333333331,184.33333333333331,0.9548847979300793
2023,679631,56,-3.214466262718564,183.83342331118496,168.66666666666669,-9.422116359180123
2025,672284,65,-4.0647043676848815,162.87860549625256,141.0,-4.347316579641458
2025,665833,544,-1.0315872007785163,1128.0386434286304,1045.6666666666667,5.3287849491290045
2023,682073,94,-9.140132593374574,228.56136889645293,138.33333333333334,-4.905546213961097
2022,543105,36,-3.4033062554867746,79.48454692285338,0.6666666666666666,-0.9838328709287232
2025,640492,21,-0.24382064988646013,47.1512987012987,37.0,-2.0299980732722775
2022,666464,81,-4.039607376136049,186.5263157894737,160.0,-5.722372894697369
2024,680718,225,-7.297549095893459,515.5426302242091,484.3333333333333,-5.946578536390947
2022,666310,8,-1.9360313731507552,33.75675675675676,25.000000000000004,0.23126180299732288
2023,656627,0,0.0,9.0,9.0,0.2333298138296246
2025,606992,77,-1.6550321086428714,258.8726817042607,247.66666666666669,4.286106369865561
2024,686823,353,-3.6270467403575384,712.8908057403584,482.66666666666663,11.735419972853874
2021,596056,143,-7.81510183866471,278.9163589988699,203.0,-6.133316799274515
2025,605131,44,-2.9572394227183194,103.0,103.0,0.24024098932129925
2023,664059,108,4.044040686663381,303.70517497544813,238.33333333333331,-10.2132049029846
2022,676475,53,-2.0427473274785264,115.49547794547794,102.33333333333334,0.8917184906830672
2021,668663,107,0.02620528332524108,232.1855071168014,214.00000000000003,-0.28362196994590694
2025,656541,61,0.2081528033796083,150.90714285714284,143.0,-8.012208606863656
2025,680869,101,-7.179527210682664,228.09848484848487,217.66666666666669,6.016818731656967
2022,666018,87,-1.7814663546165355,237.38372093023256,222.0,-0.2021286718438775
2023,668663,2,-0.5061180910255814,5.333333333333333,5.333333333333333,-0.4432312860221778
2024,669242,153,1.3655155231579235,324.0,324.0,8.489032778128994
2023,656403,29,0.8991757399911258,81.02706797706799,72.33333333333334,-1.7991263932013584
2023,642851,145,-12.558912412659962,352.81423598923595,314.66666666666663,3.7571470845389943
2025,527038,463,-6.728036936945287,943.3126702898154,187.33333333333331,-8.986084400868418
2024,681962,9,-1.5741950871263408,22.333333333333332,22.333333333333332,0.03137276883487583
2024,656413,232,-1.21389605888423,775.2288552355084,757.6666666666666,-3.526547371129889
2021,621573,38,0.6121034166872235,77.4741258368656,23.333333333333336,0.3411615953262781
2024,681508,23,-3.8356292681690074,68.8158422459893,46.0,-1.270235837599579
2025,681146,125,-12.142239659474281,325.4393481044303,254.33333333333331,-3.8512617764561607
2022,668904,41,1.9115724716848128,102.33333333333334,102.33333333333334,0.4883892519485704
2024,678225,81,-5.128111010040686,241.94623655913978,239.33333333333331,-1.4911180288706818
2021,641684,38,-0.9834689822784253,69.57742869875223,63.666666666666664,4.201215896866259
2024,641943,78,0.21318910745208952,169.62248865406758,158.66666666666669,-5.519849428627533
2022,663662,70,-0.5694297817740955,173.66666666666666,173.66666666666666,3.9232232904641497
2021,656364,31,-4.3690010003422675,78.7833100120027,67.33333333333333,-2.291730006071042
2025,692585,147,-8.87170529563044,352.0682121681566,167.0,0.47060283460189145
2024,676070,72,-6.939529706912877,176.26490901571543,153.33333333333331,-5.289853951792397
2021,664059,94,-4.746837206574984,281.66025641025635,268.3333333333333,4.315311576213277
2021,663897,108,-3.025830777676547,237.4048885150221,167.66666666666669,3.026280811048862
2023,676724,47,0.9466315794433624,129.57051282051282,118.66666666666667,-7.251011215996076
2021,460077,36,-5.961561023113569,92.53991228070176,84.33333333333334,0.6688686538660282
2022,650339,77,-7.8528778446001795,221.10585585585588,216.66666666666669,-5.571686143801948
2021,663527,18,2.311696928728696,44.0,44.0,-2.6366971641083787
2023,672279,6,-1.3469746088370964,37.41025641025641,35.33333333333333,-0.36010455330879515
2024,543228,96,-8.965004425387534,298.6666666666667,298.6666666666667,0.8879337681394517
2021,445055,14,-0.22897039976887068,28.333333333333332,28.333333333333332,-0.5170299682981117
2025,686765,104,-2.679669535069025,275.92594268476626,269.6666666666667,-2.800827123715047
2024,668723,49,-7.227508015468416,121.46491228070175,119.33333333333333,4.317005915141768
2022,666181,61,-4.80301145804751,167.23316704956412,133.0,-4.410005530476711
2021,643269,65,-3.710112503185864,141.59349593495935,135.66666666666669,-5.442635147586407
2021,596117,34,-1.982867658657662,139.1891891891892,137.0,2.9156680740507452
2022,666783,1,-0.20613034463760985,1.0,1.0,0.04132204852204747
2024,682617,81,-2.016375254013799,211.49903089129094,151.0,-5.297999983250439
2024,621545,39,-0.20165096716744335,132.8974358974359,126.66666666666667,1.2110321676926081
2021,608597,17,-2.184211745827725,54.333333333333336,45.333333333333336,-0.1149597652038411
2024,682634,10,-1.3956458068559647,25.333333333333332,25.333333333333332,-0.9150468684308062
2024,605119,5,-1.6269842513853996,12.5,8.0,0.2644174159026716
2025,691373,9,-0.037627105176003595,23.166666666666664,18.666666666666664,-2.2754779126798304
2022,672640,10,2.02432517346661,54.666666666666664,54.666666666666664,-3.152739015708397
2021,676900,3,-0.7169167257222473,25.666666666666668,25.666666666666668,-0.5308797227206397
2021,656494,4,-1.0676160715872736,17.52252252252252,15.333333333333332,-0.3678000642976744
2021,664731,25,-4.819349001969568,67.24242424242424,62.33333333333333,0.26888799390271645
2021,425772,9,-2.398720683129656,23.225806451612904,18.0,0.0675457526254687
2025,642727,4,-1.000792281160305,1.6666666666666667,1.6666666666666667,-0.8946668724137158
2023,608703,5,-0.24923847324827506,6.0,6.0,-0.2776823050674048
2022,606019,47,-0.0892788106010084,109.44586466165414,105.0,2.334553378863158
2021,666128,1,0.15509069121195174,1.6530612244897958,0.0,-0.01984126984126984
2025,572138,9,-1.334355289191588,18.416666666666668,2.6666666666666665,-0.27508743813404823
2024,621529,0,0.0,9.333333333333334,9.333333333333334,0.13102052089327
2025,677943,10,-2.2094407349691085,22.617886178861788,18.666666666666668,0.3153599066838987
2025,595453,0,0.0,7.666666666666667,7.666666666666667,0.5327539762773064
2024,682619,3,-0.14534567830007483,8.0,8.0,0.9234471245316342
2022,600474,21,0.10690664974118469,44.49969553038606,28.666666666666668,-0.03526855255762584
2022,600301,6,-0.6850403928569171,5.711711711711712,1.3333333333333333,-0.11976543925413119
2021,666179,10,2.5097420454871924,21.84735826051616,0.0,-0.26222823700893877
2023,669699,4,-1.056821048761427,10.0,10.0,-0.06098972488415289
2022,542963,3,0.30824280950231886,9.0,9.0,0.17983377309449736
2024,669392,5,0.4628999961516006,14.263157894736842,10.0,-1.1298529256824896
2021,667674,0,0.0,0.6666666666666666,0.6666666666666666,0.010512122631693328
2025,672820,544,2.5478823976154668,1042.3632758879612,928.3333333333335,2.7168128538299654
2023,669701,232,-2.513863180904436,717.1894800759961,660.0,-0.3522231685071828
2023,605204,546,0.2566267928674222,1230.3362746450125,1110.6666666666667,-16.88053747103427
2021,520471,377,-1.5784936434174228,848.0868082368081,841.3333333333333,-0.6543869344472306
2024,672515,351,0.9522993492790037,811.0596401718581,803.0,11.887816937966573
2022,640458,128,-4.367655377531843,440.0868082368082,433.33333333333337,-11.467492723037166
2022,673548,446,11.367056690494394,921.8476423875653,887.3333333333333,0.9325642371757628
2023,665120,116,-9.385720271722672,337.5225225225225,326.3333333333333,-1.7434297369792133
2023,573262,381,6.105259772834709,976.8301991618524,935.6666666666666,-8.62708917863456
2023,543685,182,-0.35717470108886173,360.3333333333333,360.3333333333333,0.1807717902814887
2024,680474,459,-2.4513615630387386,1055.6542843468392,1026.6666666666667,1.4694949146257033
2024,657557,482,-4.1984558996513535,1118.0735427198813,1051.0,2.8848854747310426
2023,543068,278,-10.069605715261812,582.454232031906,467.0,-1.4865297180712949
2023,606192,678,7.011846559599044,1382.3265856273458,1135.6666666666667,-9.039673192869682
2021,543068,547,19.716049637380422,1136.854613600475,956.3333333333333,10.195468753598485
2022,642350,325,-3.791822672122599,773.2356563646197,735.3333333333334,19.61736126116663
2023,660688,562,-9.927927113214157,1166.7642483596487,1018.0,-0.20324657744932073
2024,687401,511,5.839454770777941,1092.001666801667,1055.6666666666665,11.162989103272958
2025,686217,594,13.20903485210249,1183.5148461115623,1148.0,3.2129243084880272
2025,596115,654,14.87464186227757,1359.6842194453327,1314.3333333333335,-6.777695177747208
2022,660707,185,-3.0403029375191126,429.5686808510329,328.33333333333337,-3.04378015268349
2022,622761,533,-1.7951360981229731,1247.9593423304564,1226.3333333333335,28.63915045959602
2024,690291,94,-0.32862506911653666,198.03659345384563,134.33333333333334,-5.690491846947442
2025,665966,446,0.3735533334314982,999.5961297804126,980.6666666666667,10.546530842420413
2022,672386,541,11.192353342329675,1131.212833327131,678.0,3.4457260506296548
2023,665161,634,-3.242589719729774,1327.666666666667,1327.666666666667,21.307187220357932
2023,656716,518,-7.588211856428826,812.8020166730565,670.3333333333333,24.452446076039113
2024,695578,336,10.717331223834899,700.59375,693.0,-12.355251312075698
2023,608841,657,-5.356100274158947,1341.774785760098,93.66666666666667,-15.090562978203781
2021,642221,66,-6.127381494543859,203.44311307321388,193.0,-3.0801159590175438
2025,805373,208,-3.9243010343622844,489.980631276901,472.0,0.9900058456518512
2023,680779,255,-9.212929609362721,522.2234775451076,370.66666666666663,-21.660109226578612
2021,543281,554,3.9798869950524214,1005.9698602696892,967.9999999999999,8.203414098702671
2022,665926,557,27.529486560493623,1254.2685564435565,1238.0,26.56440443895654
2024,608385,508,11.37570380795123,1048.6132627628144,550.6666666666667,-8.918804625476668
2023,547989,594,-12.30703025975333,1235.7687582687583,1150.0,1.1545541974609757
2025,694192,589,11.892811829150727,1029.3935574229693,988.6666666666667,-5.5637546730528555
2023,681082,640,8.466905579866953,1328.76015037594,1322.0,17.349393679027436
2025,682829,699,19.010397848935753,1412.0427513910968,1347.0,11.433479472690948
2022,624428,602,-13.587927975339124,1105.5558508404154,996.0000000000001,22.732836257100942
2023,642731,530,4.516111541355279,1009.4375000000001,983.0000000000001,8.706029805497884
2025,645444,204,-8.432553381041334,463.8866042330894,383.66666666666674,2.7993156201757223
2023,623912,434,13.754555964902083,877.9991394897547,77.33333333333334,-11.845102527829235
2021,571771,585,11.205497836042298,1078.8153949883067,1024.9999999999998,-6.021080916726781
2024,669707,446,-10.657063061771629,1023.7060765294912,1000.3333333333333,4.0658300226895445
2025,691026,537,-2.619875015409175,1121.6666666666665,1121.6666666666665,5.98244445570835
2024,608070,682,46.063038605193896,1387.6734086059744,1103.0000000000002,9.04805590606341
2025,641355,656,26.12204527982504,1393.4649122807018,1391.3333333333333,5.573621420087985
2023,595909,203,-6.974594770747777,548.245450532202,539.0,-5.062401665359859
2023,621043,580,-12.773370915019058,1148.061403508772,1141.6666666666665,3.090774994942859
2025,518595,231,-10.162725106521705,512.0984143049932,462.3333333333333,2.0752557640339964
2022,663845,287,-4.317712209004615,727.1243872685236,672.9999999999999,-0.38199962600375326
2022,656941,669,26.70597651561494,1308.5216563401345,1070.0,-27.588679369726705
2021,572761,242,-7.209715357387933,544.3095960377209,280.6666666666667,-4.7075330898435395
2025,669016,425,14.614573568982443,820.0477181399277,749.0000000000001,2.2144783831012784
2023,663611,294,0.18492699892286169,622.0387411308465,599.0,8.471534166704071
2023,670770,556,23.512719565316445,1040.8025630954824,954.3333333333334,-1.009038086158161
2023,663757,555,-3.0812507180740605,1342.666666666667,1342.666666666667,-0.7460161130266938
2021,642201,220,-10.07070259167019,512.0617117117116,488.33333333333326,9.012401106774771
2024,670541,635,48.95533818338447,1248.2376664576805,424.3333333333333,-20.466607621205235
2025,663368,171,-3.2459892976659717,461.4102564102564,459.3333333333333,-4.010725034306288
2023,605612,270,-17.43101860579705,640.3333294412699,555.6666666666666,1.7822024736341757
2022,664761,631,1.6027997565091123,1297.7717212404712,1210.6666666666665,-3.350712059223186
2024,553869,351,-12.124168304418829,804.6153846153846,671.0,5.198050471536151
2025,624431,302,-11.927202825195682,763.4982932948049,721.3333333333333,6.045006363449925
2022,663898,581,-6.104549867221415,1182.9711506961507,1157.6666666666667,25.33384530104126
2023,593871,343,9.767136848815007,727.619756707366,619.3333333333333,-4.612802362145876
2023,624641,300,-3.449959591979416,670.5618226645284,609.0,18.685346948301078
2022,641584,247,10.525228328340457,500.56874299538777,327.6666666666667,3.4969719784786424
2024,547180,631,31.007922644959905,1263.2814039356583,1160.3333333333335,-20.255129465969556
2025,664034,490,-6.525679724054241,1095.0535035213034,1025.0,-14.746946060891275
2022,664913,555,11.287834472631822,1201.0586097596934,1147.3333333333335,-3.567512271137535
2022,664058,228,-6.919410794928412,675.4102564102565,673.3333333333334,2.9315630797769767
2023,660644,84,-6.878153458093349,271.52252252252254,269.33333333333337,-2.984779646779293
2021,665120,574,22.642317916732527,1229.609523809524,1222.6666666666667,-25.407250550280594
2021,665487,546,48.84896871996226,1078.696167560533,983.3333333333333,4.052924239350563
2022,607732,384,-18.58525661382388,938.9659061206316,866.3333333333334,4.969259480137294
2021,501981,114,-4.575740414386438,249.04513656733067,23.666666666666668,-3.730849794700343
2024,669357,402,-2.4570860737231928,861.6760993392572,840.6666666666667,-10.33905831248217
2024,668715,655,5.731573559234221,1419.7140712945593,1333.0000000000002,-13.660623867772365
2022,573131,388,-5.1185768646435275,798.0056348243204,500.33333333333337,-27.64508762948431
2022,643524,292,-9.159948667941647,590.3302240607875,284.6666666666667,-9.313054155028361
2022,453568,577,-1.0261959585034612,1132.2054717666545,418.0,-10.262086848848723
2022,594807,315,-1.5936690117552188,670.9475225225225,661.3333333333333,-5.277540324332322
2022,680977,468,17.170947607040993,1134.386760699521,1037.0,1.79285178608654
2024,518692,638,28.352159860565457,1269.1498696064486,1237.3333333333335,-16.253297178933458
2022,571912,206,-5.997599275756409,653.300806451613,642.0,4.178538637805977
2024,680757,540,19.70063067186561,1051.7982456140353,986.6666666666667,-3.848337927080518
2025,630105,515,12.427268286572863,1163.7838015215423,1137.6666666666665,-7.492694045152225
2022,663728,415,8.879899340338529,981.0005013368984,960.0,12.631872273388867
2023,682985,416,14.05657215511404,830.7555266805266,742.3333333333334,0.17085504680185848
2021,663837,77,2.611696762619025,257.38372282931147,237.0,-8.210288418105675
2021,593871,618,23.112935360681334,1327.4280233435406,1253.6666666666667,12.63602516083754
2022,594838,77,-9.2103228577348,216.73713649000484,200.0,-7.051372269470023
2024,693304,387,-2.2676245469761045,828.1212121212122,825.6666666666667,-6.549223912470822
2023,571745,229,-9.51852437617542,470.38383228144136,416.33333333333337,4.095838842334468
2021,670712,169,-3.4096871936643014,429.37448995244677,419.6666666666667,-1.533936772073717
2024,680700,316,4.3330410203977605,665.4646733111849,630.6666666666666,4.314437826193426
2024,666397,301,-5.108867741776234,634.9280492482604,491.33333333333326,-0.7213803233006013
2025,457759,191,-5.715217961161719,571.374487856305,416.6666666666667,-7.31388332847229
2025,642708,191,1.1926718485397254,385.3148032254627,313.66666666666663,-9.950227477993318
2022,641914,293,-10.088513245828283,605.0353382215062,508.66666666666663,-2.33643616460022
2023,663837,530,-2.166704737620493,1282.7878787878785,1280.3333333333333,-4.487672334619545
2021,656716,172,-5.252309941615502,322.3222282572277,251.0,2.0209306609332858
2024,664238,441,6.47391680032182,1172.1208177642498,1142.3333333333333,3.2561757159915907
2025,663993,609,-4.924866307551674,1305.9933708372278,1249.6666666666665,-33.07277606409228
2025,682653,146,-3.3092423893424954,307.3883855446356,286.33333333333337,-0.17872822355262707
2023,543939,250,-13.241971720530731,565.5734195702219,498.33333333333326,3.529695475784495
2023,670623,571,23.743239293032804,1160.480051903336,1086.0,-11.463637528031224
2021,596451,62,-1.9036667009272428,165.85700757575756,151.66666666666666,-5.1267163007422445
2024,671732,451,15.772002209420439,930.7018608664737,874.3333333333335,1.9382098787550506
2022,668731,225,-5.359800345549099,552.1812375708358,519.0,9.106456098493645
2022,592450,696,88.40750299804654,1255.1933156253554,932.6666666666667,2.600045687700492
2023,543305,312,7.8551543931679335,726.3162825902913,651.0,-6.204820535204663
2021,642162,271,-17.296289416828124,693.0199055330634,666.6666666666666,-5.822355609862232
2021,518792,344,-5.861940077855298,797.7434612373413,758.6666666666667,3.8353153390052133
2024,595879,289,-20.001002862096325,702.6666666666665,702.6666666666665,5.785128036269819
2021,663757,527,5.514157437316801,1096.0055821371611,1073.3333333333333,-8.541340411718554
2021,657193,74,-1.738011062618901,170.3868663088175,155.66666666666666,0.10017307967375044
2025,805779,523,12.101946913935205,1059.4333333333334,1051.3333333333335,0.47008859706718065
2022,664850,72,-4.52949911872207,199.0,199.0,3.05091413185544
2024,605137,603,-2.0081292774033876,1203.9259772423543,610.0,-14.129595104276213
2025,643446,462,4.291909054603344,933.466891676542,723.6666666666666,0.5349430259234089
2023,666165,344,-1.9933786997466632,696.1347076876747,418.66666666666663,-1.2600955599944719
2025,683737,592,29.903225577452062,1180.1543687722315,1068.9999999999998,-0.9071833241783871
2025,628451,193,-2.6222495618663886,595.0925295768891,556.3333333333333,1.2160762658277833
2023,673490,626,16.963759658961962,1357.3333333333335,1348.3333333333335,22.503392078076807
2025,689200,78,-6.196217333067464,196.11371951219513,179.0,-7.977881857888017
2025,663604,148,-5.179228896138447,394.60526259666597,351.3333333333333,3.633321985324922
2024,687231,135,-7.5070324178153705,372.4789331368671,345.6666666666667,1.3381498530220788
2025,664702,299,-0.8326683572695037,1231.121212121212,1228.6666666666667,-33.41555019352972
2024,695336,52,-2.084896679558336,120.99999999999999,120.99999999999999,5.2802359960552785
2022,605504,14,-1.2162106152329297,81.78787878787878,79.33333333333333,-0.339452875961641
2023,543281,114,-7.298067670168399,294.4472775920144,271.6666666666667,-8.733138581249813
2023,663630,139,-1.6022182963140954,536.3625322793837,491.99999999999994,1.6668294098591172
2023,670156,149,-0.5840145657120761,385.25475915142846,349.0,-6.585616712489837
2022,666915,353,-4.334304736882817,761.5272391237506,736.6666666666665,-4.830218488970107
2022,624414,300,0.8848337052926887,668.6243666866592,580.0,-8.885573078728337
2022,570560,44,-5.4496765726273395,126.31782945736433,120.66666666666666,-0.932747291724948
2024,641658,231,-8.64033176392331,553.8585265285965,451.66666666666663,15.180062087242735
2021,623912,196,1.7279217961371396,749.3409688010759,697.3333333333334,-1.2533553420153543
2021,425784,52,-1.047722880429204,184.0,184.0,3.7209559548818754
2022,665861,29,-2.6866124379185057,135.66666666666663,135.66666666666663,2.434494442704418
2022,592567,128,-2.2645698309458875,267.9481463297253,204.33333333333331,-0.7156660178358055
2022,575929,487,22.521471697061855,979.0059293596502,547.6666666666667,1.7722215148058944
2024,663697,636,8.913616151521236,1292.381971643783,1075.3333333333335,-7.993008883049423
2024,663616,400,8.075049415255073,873.5897504950599,480.66666666666674,-8.750819924194314
2023,641487,638,28.477453153553075,1265.1629429304485,1234.6666666666665,-7.798149531341916
2023,665487,635,13.785059272222169,1226.5675675675677,1202.0,12.745369948991197
2021,666801,93,-4.40647626231435,201.98298087219987,151.0,-0.6896336186459431
2022,596129,461,12.871346390380056,956.0096647469779,4.333333333333333,-11.806949156105933
2022,644374,190,-6.247715604006129,487.6421676482293,438.33333333333337,2.9919489087725366
2024,543510,233,-3.1909084231871665,577.0,577.0,6.454927062492643
2022,572287,123,-8.01949667589566,298.0740196078431,293.66666666666663,1.6027881439394456
2022,553902,55,-4.08314069083455,162.12577519379846,147.33333333333334,-5.443889213088768
2022,656582,467,-2.4747659273446674,919.836542270397,700.6666666666666,10.362441363524802
2021,571745,682,17.642040183607833,1370.321205821206,1052.0,0.4263275618823059
2024,545361,126,8.306413233823411,246.47667039940276,202.33333333333331,-2.6689631775072344
2024,671218,518,14.498304007034957,1023.0102429481997,921.0,-12.634816557722857
2021,593934,502,2.7804195590268614,1082.3465909196334,954.6666666666667,-16.62157358688566
2024,608348,311,-4.379514200145255,718.1747215117184,648.3333333333334,7.544105560135368
2024,657136,487,8.39788372608848,945.9244601111961,858.0,4.312854279071949
2023,571771,508,-14.21214493135155,1017.6661597084565,979.0000000000002,6.527746086101548
2023,518792,377,10.155681884945155,714.1693707492077,503.33333333333337,20.328512583403075
2021,642086,493,-13.221603819205445,1019.3310886210512,704.3333333333333,3.2606227533050434
2023,678662,615,-16.706086171707838,1312.8030701754387,1300.3333333333335,3.3860407466455857
2021,645302,368,-15.87332160349403,790.1051726293252,748.6666666666667,5.006434728680572
2021,657108,104,-10.473385969659615,249.00000000000003,249.00000000000003,-0.33889131721735977
2025,686555,441,15.142246190647363,1003.6964630875199,948.0,-19.630780033058944
2022,592200,176,-2.0946297536889618,471.625850340136,466.66666666666663,3.9655986726863945
2021,595284,159,-15.42763766322297,421.7422848091354,393.66666666666663,-0.09722315859220798
2025,689414,390,1.5056282477028247,851.9918993139851,575.6666666666667,-15.458011256471721
2021,543939,477,6.852665310725038,962.7867375249753,926.6666666666667,5.646322713381807
2025,641598,290,-6.834167236917588,625.6946971960701,380.3333333333333,-2.318628375073182
2021,502210,158,-6.931668628212108,335.9181264476085,288.0,-3.050968622362827
2025,657041,142,-8.147245533860165,339.99999999999994,330.99999999999994,-6.097878636640576
2021,602922,89,1.3210224168904192,243.54293329047482,144.66666666666666,-3.084228533619792
2023,649557,344,-12.606020130792116,929.3953994548958,834.0,-25.289378627620266
2024,677951,709,65.2632193073261,1398.0,1389.0,0.9137140100513794
2025,643376,337,2.3737180347095856,824.3376543964779,811.0,11.77544838553748
2021,542932,271,-7.449054371974695,591.8473143979174,561.3333333333333,-1.5990932534820752
2025,665804,103,4.245681477329134,240.3893980233603,227.33333333333331,1.983546796443946
2024,455117,147,-16.706955354701023,363.41709105053565,306.3333333333333,-2.2403427082494836
2025,677008,167,-8.675078698084075,389.38102374917537,281.33333333333337,-3.8611220577037755
2023,682928,614,3.8468179992672273,1285.212594535599,1253.6666666666667,26.197724805832934
2021,573262,532,10.367544584553928,1131.0176053652015,1057.0,0.4117783331182845
2022,660162,433,-9.67097380035715,868.4137997260989,851.0,11.483354909743376
2023,665742,708,44.75386204575493,1392.320246442198,1325.6666666666667,-23.805693570615723
2024,650559,622,-13.656149272774508,1257.3253857253083,776.3333333333333,-8.733525425466045
2023,542194,332,-7.4121743053352676,804.4967153337723,760.6666666666666,4.035892065450541
2021,547989,626,13.451137000309998,1283.7628205128206,1150.6666666666665,-9.514690592279058
2023,669364,84,1.0054942644166123,186.16068143812709,169.99999999999997,-10.120646029629336
2021,666211,170,-5.174224047551354,424.0845528455285,409.33333333333337,-2.9895001836611472
2022,621550,534,11.623846536598855,1118.9415612141806,1049.0,-17.68913833350431
2025,668952,44,-3.61240949766121,140.00000000000003,140.00000000000003,-2.9811338389740842
2022,669394,183,1.2921388692723919,403.2132204570551,328.66666666666663,-11.798757438215809
2023,642086,586,-5.987510396312936,1327.8650362318842,1317.6666666666667,-7.759502059664538
2021,673490,298,-8.274501027823423,736.201904929495,655.3333333333334,14.347893193424595
2021,621043,627,25.139000253628517,1303.3999999999999,1297.9999999999998,20.559607874315986
2022,606466,558,4.558395578688794,1145.3497344783352,763.3333333333334,-12.332798628194446
2023,542932,424,2.6986333531561835,1034.2234450909298,939.6666666666667,1.9343155307973416
2021,641487,673,-3.101719799696466,1409.5675675675675,1394.0,18.230721170663628
2022,592669,522,17.40947866942027,1100.6463815789475,1040.0,-20.839627861348067
2025,672724,265,-20.028098750380078,571.948502423366,517.6666666666667,15.778121309451288
2024,663698,282,7.307296769076032,665.0656469095795,576.3333333333333,0.5507530303370366
2024,669208,71,-0.8691452361750303,168.73283581352635,132.0,2.80882595522122
2025,681393,337,-2.5977462849815174,750.7834468922705,721.3333333333334,-17.474726508988056
2025,578428,343,-10.374293563072285,729.5922399672119,624.0,-3.8045499145516715
2025,700250,530,15.700356771502205,1085.0010076314302,646.0,-5.086076223400393
2025,640902,78,-1.4776875423940117,191.10435905679716,169.66666666666666,-0.12260097863861585
2024,691023,178,-5.436379159455049,383.79770098693007,193.0,0.6850164514574901
2022,664023,641,21.843642340251183,1317.6828935291742,1164.3333333333335,1.5023538835718586
2021,656568,5,-1.3374639451632977,54.197916666666664,51.666666666666664,-2.559500450000127
2023,664901,69,-4.43863223283,239.7534749034749,233.00000000000006,-6.040578508796285
2021,670084,39,-5.1236106035577915,102.02523347145774,81.0,1.885679998538282
2023,666801,256,-11.753337540452769,514.5291261982061,456.66666666666663,-8.105781939452141
2021,488771,162,6.282630713118102,496.619111639021,467.3333333333333,3.6083521280896877
2021,543305,113,-3.3232400025247797,271.3333333333333,271.3333333333333,-7.583327574059437
2023,668800,241,-3.049590521420958,586.3370856785491,578.3333333333334,3.0460368341116846
2021,641470,218,-3.746206007751012,582.70664160401,552.3333333333333,-1.0948268202094114
2024,668942,476,-4.918320148862847,1025.5749085914613,942.3333333333333,23.225013131403806
2023,664728,313,-5.220537713029319,751.8282661440835,730.3333333333333,12.1182001908516
2021,641645,156,-1.5113548762939342,336.86121444454443,275.0,1.2992487279267242
2021,571970,592,34.50985496952069,1304.7705837078202,1252.333333333333,5.328863010323653
2023,623168,47,1.114012775025572,108.56456641531508,58.66666666666667,-0.3317316079420047
2022,669256,95,-0.43220726836194245,195.1964487161788,72.66666666666667,-0.3956707891891491
2022,518626,546,-4.686626663395408,1122.2409532408892,904.3333333333334,3.8446328317769516
2022,669911,120,-2.846118635756981,247.73236651285433,237.0,-0.357896508268825
2021,663630,197,-8.888020690011391,418.3734011845511,369.00000000000006,2.8890325681758995
2022,596059,472,-9.732606875400284,1016.1459941076845,976.0,2.9129361477840665
2023,572761,237,-4.265021583583893,507.13079038889055,53.33333333333333,-4.873068791719011
2024,677950,103,-5.026795375584064,309.9947552447552,304.0,-11.35334894147756
2025,660670,412,37.219538497582846,812.1897780118175,744.0,-15.581562267852942
2022,541645,380,-19.928127012444865,817.3282002307258,710.6666666666666,-11.173039865733267
2025,677347,140,-1.7891275146693761,332.9932773109243,302.0,10.415298738934602
2023,666906,175,-8.576260269329534,478.3333333333333,478.3333333333333,-10.160730266911795
2021,605204,211,7.435881955979664,446.9060926382874,394.0,-7.121827718540676
2024,666703,57,0.9296446438392525,109.13738754805786,71.33333333333334,6.334191794491808
2022,656669,234,-3.7020919720877545,541.4383435436412,434.0,5.017765324162042
2021,670623,85,-3.5076903308724083,187.17021276595744,182.0,1.4498833638664965
2022,455139,220,-10.69928572190454,528.0125178743367,473.66666666666674,6.7306393216660405
2024,666134,297,-11.656511937103499,643.6915781853281,565.0,-6.157735619370882
2023,669304,152,-10.682216225744105,351.64102564102564,334.33333333333337,3.1559489331501793
2025,623993,221,-9.749573033426728,430.38570071128447,118.0,-1.8558436837429553
2025,666158,503,3.135744298562517,1076.7522098419404,582.3333333333333,-15.817401001863942
2022,571976,286,1.645371370796326,634.093022568829,608.6666666666667,8.393817489596659
2024,668845,98,-6.804502087608036,240.28775209289915,212.0,4.979526692555169
2021,606192,584,27.587593923473367,1258.7131327022566,1173.0,0.39240382379073324
2022,621512,313,-13.291779171648948,742.2134350287633,681.3333333333334,6.143736568980643
2023,679032,164,6.188796905869275,513.6666666666666,513.6666666666666,13.159309300616703
2023,641645,120,-4.011059942736573,246.30561562871407,206.33333333333334,1.8761598277783493
2024,641432,254,-2.701094632749575,536.7365806463249,33.33333333333333,-6.768722318831896
2024,656448,6,2.209812331460593,11.076923076923077,0.0,-0.1329534662867996
2022,543309,248,-4.6168878318670465,567.133689189188,445.3333333333333,5.251861603878094
2025,687462,411,14.6433413092258,862.1100311328101,788.6666666666667,-2.7404018035520563
2024,571466,96,-4.0943017222470175,238.7587773202407,201.0,2.3553115746363726
2021,606299,154,-4.882344377355953,383.3060344213138,339.33333333333337,-7.374095757459775
2025,677800,417,6.301283162650081,939.8894739077327,890.6666666666666,0.48228582936094444
2022,682998,115,6.917404718462811,289.4343515037594,271.0,-4.493938673051433
2021,624641,325,-1.0696731861288926,731.3430621152371,644.3333333333333,23.316759508350106
2021,663611,199,4.020695045823131,451.9428571428572,445.0,-4.556802793273982
2021,474568,127,-2.279042801404958,327.47586410527435,309.33333333333337,-2.5931577891566624
2025,690987,206,-9.009621394253427,452.4587838833969,422.66666666666674,4.925009223910452
2023,644433,16,-2.1968029225357153,39.434108527131784,35.666666666666664,0.2595996105128809
2021,665742,654,49.657517688557576,1252.1133115160283,1189.0,18.24675511874252
2025,807712,207,10.326617519088265,420.1895363408521,357.33333333333337,4.887742133942372
2023,571970,579,14.281028403856176,1161.0764246795725,1055.0,-17.471310567767766
2022,675656,151,-8.117630308625849,423.0,423.0,7.1075166960362015
2024,646240,601,21.88093839984596,1202.6180223285487,1108.3333333333333,1.9121207166894605
2022,666139,198,-0.7383721473426509,483.57165991902843,422.0,-11.88608893634602
2024,666969,637,-6.638388604379186,1325.2256893996444,1120.6666666666665,-15.292504565698772
2025,543760,534,-1.3226156826366404,1109.7400126032467,1045.0,10.472764472491605
2024,543877,315,-16.6900455635202,801.4043666859455,786.0,5.499070162475578
2024,663624,507,0.9035331411841654,1029.280646866692,948.6666666666667,-12.558109561033667
2024,676059,447,15.006046073434149,893.3911149825783,873.0,-5.849433241562059
2025,668939,365,-2.7199031235409485,709.8848469855335,533.0,3.8751586305971175
2023,671056,44,1.8551869938425374,110.0,110.0,1.9910352789551236
2024,681351,522,1.4327190953520572,1156.5118162805663,1102.6666666666667,11.051893293641054
2022,543829,59,-1.4505336277460237,131.46491228070175,129.33333333333331,-2.659239709419918
2023,671739,539,18.017568699420515,1194.965156582548,1174.0,-15.07640672717654
2022,656509,14,0.5101635680921471,56.0,56.0,-1.6742533931938999
2025,687221,155,-6.095391415375034,368.83524105399107,348.33333333333337,5.040929688465782
2021,435559,244,-11.578601957655188,569.8395084173394,520.3333333333334,1.564465820446307
2024,687529,130,-2.3089239764011795,311.85714285714283,308.0,-4.868877415221803
2025,688363,184,-2.038602770378678,476.83333333333337,472.33333333333337,3.551446168053184
2025,665155,63,-1.3069333992911933,164.363029890881,47.0,-2.359484223356717
2024,665019,120,-0.6319741515010023,306.87782403435193,291.0,-4.2154577723353714
2023,664874,193,-12.977757312337019,602.7371541501976,595.0,3.58114072187125
2024,669224,414,3.2342486581305945,862.6282644803982,783.0,9.174926493487956
2021,649557,319,-2.160762298573246,679.5788067291705,604.6666666666666,5.9549402075918785
2021,621500,51,-3.2812672692535765,125.93425668053396,111.33333333333333,0.4851500283717256
2021,543685,249,-2.9940826409915036,506.0555008210181,485.33333333333337,-4.757931172839424
2021,605612,320,-7.718340433989234,767.331799302088,714.0,-2.7048167330602126
2022,666176,286,-7.294415923663664,661.6602381330694,539.6666666666666,8.454720382995392
2024,672569,48,-0.6701982817614801,107.76666666666668,99.66666666666667,-1.980254258917205
2021,605421,231,-19.276088183995633,524.9873559811019,501.33333333333337,5.774236313955531
2022,545121,222,0.44663440887349615,522.5833333333334,511.33333333333337,16.503365217030286
2021,668800,185,-13.463494613074438,411.6455654274803,403.66666666666674,3.5542136622793894
2024,643565,350,4.716226325727849,738.1672013613512,522.6666666666666,-8.719040634636919
2022,606993,59,0.23790115517125532,221.94623655913978,219.33333333333331,-0.8717181654558146
2021,664901,184,-5.880285645065458,590.9586697086697,585.0,-5.129686397604823
2021,621559,16,-3.1840619975949154,31.423423423423426,22.666666666666668,0.12313586963310219
2023,663609,99,-2.8356765899877923,205.6055183012222,55.66666666666667,-3.3397667832820357
2023,671213,502,18.903148952513153,1065.6355685786864,995.3333333333334,-0.586039191880694
2022,669369,19,-2.554709902342671,55.16625716625717,48.33333333333333,0.7312384560351162
2022,571740,23,-1.7410155144036146,157.21418918918917,153.0,-5.334756153577977
2023,656514,39,-2.0194857194267226,190.02252252252254,183.33333333333331,-5.236902841301967
2024,695391,123,-5.299080336238735,303.66666666666663,303.66666666666663,0.6756242386792879
2024,670869,16,0.20619595214740377,42.289929189614476,26.0,-0.675570462509236
2023,642336,160,-4.1397497931508696,372.0696977730647,355.0,-0.23044205164286108
2021,642336,270,3.713842046390216,617.2627836725677,526.6666666666666,5.541113283247446
2022,592626,433,19.824740898282364,943.1535170577326,656.6666666666666,-12.632983430993288
2022,592518,644,44.25100756530918,1277.7945032683942,1099.3333333333335,-0.8366553065475593
2022,642456,85,-1.8285479667325402,167.6889632168657,153.66666666666669,5.964410069728187
2022,642136,81,-1.4638058672141239,195.9974833132728,170.0,-2.1404289138439423
2024,665953,132,-1.9948427433184395,283.7886529956663,86.0,-3.019060220412699
2023,675961,112,-7.902857728324351,392.04901960784315,389.6666666666667,-12.237751914344393
2022,669221,612,10.784553149896851,1280.6641763320881,969.0,8.409459404662991
2024,592206,659,1.2811600079289622,1404.5504846146766,1322.6666666666667,-28.3510077250113
2024,676701,67,-10.215743710870814,215.81229235880397,212.0,-2.5155620793712288
2024,518735,243,-2.8429353478346937,536.8626169301905,496.0,-0.5593612300351622
2023,645302,126,2.223465029910841,300.7435897435897,298.6666666666667,0.22041130191846614
2022,467793,506,5.219128132680527,1107.2883141405746,678.6666666666666,-2.729670540493013
2022,681546,16,3.8924726386871242,35.75675675675676,27.0,-0.561623562958984
2022,671289,86,-1.2411203388612202,197.9030612244898,194.0,-4.2096086444006495
2021,664728,68,2.8991032847476634,223.57619047619048,219.33333333333334,-2.4587168535874238
2021,595909,168,-9.126590639511992,537.142655210643,529.0,-10.637177233703127
2022,664056,313,0.5222663718901353,745.9166666666666,743.6666666666666,2.8800900412874912
2021,606157,200,-4.4460454370171245,603.3701312814359,575.0,-13.757951975249352
2022,663886,183,9.043048913143283,386.64906702368,351.0,0.9005860178796964
2022,570481,41,-2.8943268732317504,95.26315789473684,91.0,0.8946394629655507
2024,624415,224,-3.202380195142762,603.7557265955194,583.6666666666666,-8.384216076513441
2021,670770,36,-0.08533128811506235,83.83140500682447,66.66666666666666,-0.4616657835488073
2024,671221,19,-0.5583895345919001,52.333333333333336,52.333333333333336,-2.69091235331347
2022,546991,235,-9.387837686782744,497.5183075281759,461.0,17.994378715315072
2023,622666,20,-1.6821249286678026,48.0,48.0,-0.6232225722416049
2024,681460,121,-3.2566651603635863,279.0,279.0,-1.6262919793005084
2021,660620,66,-2.6027911445682976,159.33749999999998,150.0,-3.495356519365834
2021,664041,9,-1.7037355521224982,17.42422969187675,1.6666666666666667,2.0949923396030052
2023,672695,495,10.069804102971595,1312.6283783783783,1306.0,-8.136090475832251
2021,644433,18,-0.5698846865416444,43.666666666666664,43.666666666666664,0.18312871027315014
2022,623515,3,-0.7285369969573054,7.711711711711713,3.333333333333333,-1.8442187989482086
2023,666211,56,-1.9224209114447097,141.23867382583902,73.66666666666667,-2.8142107975798236
2021,666137,18,-3.7207329695441365,90.0,90.0,-2.9762348674828245
2024,693307,87,-6.284178971733278,236.66666666666669,236.66666666666669,2.182774077612074
2023,696100,77,-2.995886916634863,178.4378556910569,149.66666666666666,-1.7584933782779717
2022,669127,153,-2.03917468890998,338.5151267327126,145.33333333333331,-2.685742750320454
2024,672356,161,-6.178260738059894,396.8537899092777,358.6666666666667,2.923743942438337
2021,642731,132,4.978146272682004,267.06496804304027,216.0,3.0346331729477884
2022,605113,54,-0.9406224515782287,133.4149956408021,126.0,-0.9146315189504848
2021,660688,96,-1.6225076770471416,205.49830436844167,192.66666666666666,2.2545709606739552
2024,678246,237,-14.94586653950644,571.6188556067588,528.6666666666666,-7.0059547955491235
2024,682668,40,2.7565289552894425,97.33333333333334,97.33333333333334,2.5709406705080764
2021,664874,104,-4.2203816384865505,286.02698183132964,280.0,0.03466396970457031
2021,607468,81,-2.2291855859082523,315.0717041502253,290.0,-6.183954119476041
2022,547379,69,-0.27231509280954214,168.45454545454544,166.0,2.430794089825401
2022,609274,35,-3.598621036587894,91.84700752055403,46.33333333333333,2.2272968955387094
2025,641856,21,-1.1412170401163002,46.36363636363637,39.0,-0.15534514316548664
2023,669087,46,0.4871489473529489,137.0889222571409,95.33333333333334,-0.20281145949161739
2021,459964,69,-5.392843396627482,193.82734454336293,133.66666666666666,-3.8869031501152844
2021,668721,16,-0.897432317488422,38.153846153846146,34.0,0.04952433737103193
2024,691182,36,-4.977278912121104,84.08333333333333,77.33333333333333,-0.6257720915013847
2023,660620,66,-4.844686767582919,210.0,210.0,3.31418690436989
2024,680911,27,-2.9155246222424718,86.24592677784167,82.33333333333334,-0.452361761368361
2021,641924,45,-1.4673037971845249,95.67131189109078,57.0,0.9393353526947579
2025,665923,23,0.07546960945960746,101.81744186046511,94.0,-6.47946377571749
2023,681987,56,-9.284331775451111,169.40648466900177,150.33333333333331,-6.8795351686511825
2022,606988,8,-0.14221523443300077,18.333333333333336,18.333333333333336,-0.34504029814309234
2022,673962,102,-1.098677406754786,226.23577235772362,218.33333333333337,2.6627103841130775
2023,670712,78,-3.290441713980401,187.26397119280412,164.66666666666666,-3.5493406190043117
2021,670768,11,0.46505309491002367,21.564285714285713,17.0,-0.3423972543799634
2023,670223,99,-7.636028887349708,231.66666666666669,231.66666666666669,-2.7775776931959593
2025,664954,9,-0.203264598067408,23.333333333333332,23.333333333333332,0.6285155945957512
2022,656577,12,-0.7535914236541991,37.864583333333336,35.333333333333336,0.554443885658968
2021,622666,18,-3.6038245954200407,36.138530358892794,9.333333333333334,-0.4903485720518216
2021,592261,58,1.8920066275735392,171.83348521397303,154.66666666666669,-1.750443181294075
2025,600869,91,-9.557270502051534,183.63488372093025,159.0,-0.005578037199207575
2022,592348,45,-4.715940257765894,102.45339912280701,86.33333333333333,1.6210982662142368
2025,701675,65,-4.17558529733903,167.19333333333333,162.33333333333331,5.7006787485449655
2023,608360,2,-0.5257905741734578,6.0625,1.0,-0.03900121718424824
2025,543592,41,-4.911394437996387,112.97560975609755,111.0,1.3827493687710182
2021,665561,56,-1.3683630103616535,151.76348854397634,147.33333333333331,0.9903721474178593
2023,642201,17,-1.8796700290592079,43.74358974358974,41.66666666666667,0.841722216535026
2021,656514,21,-2.1826103131253145,71.66666666666667,71.66666666666667,-3.2500891394943547
2022,592144,42,-2.2241123938097647,102.33333333333333,102.33333333333333,1.1547203630655192
2022,657247,4,0.30080903977781537,16.147058823529413,9.0,0.28342019317515366
2024,691176,67,0.19780088460222633,143.0482456140351,138.66666666666666,-4.481768250164476
2023,680418,7,-1.1041821200797004,17.526315789473685,9.0,-0.5214614433399274
2025,622569,34,-1.8684611914171403,93.69437236404363,71.0,-2.066718088070363
2025,671655,49,0.31368919386341476,104.29609180845736,20.666666666666664,-3.0739203132324215
2023,680716,8,-0.6821048983605228,42.00121951219513,34.00000000000001,-0.8876275602433661
2023,643348,6,-0.9503375531468615,14.034883720930232,2.0,-0.2859399713603757
2022,666023,7,-1.7773759282987875,16.829166666666666,3.6666666666666665,-0.08587742817540528
2022,663911,31,-1.2191885815771952,115.00251373562799,80.0,-3.902131622931236
2021,676646,10,-2.464561550354277,38.78787878787879,36.333333333333336,-0.18172253787514625
2024,682119,11,-1.3570151924227214,40.642276422764226,38.666666666666664,-4.158058751095819
2023,680814,37,-0.9835549924216181,105.91666666666667,103.66666666666667,-3.4674248838342985
2021,623508,13,-1.8074902910406214,28.84090909090909,27.0,-1.5865977479263464
2021,672695,37,0.9459615703423336,91.52252252252254,89.33333333333334,1.514155100590796
2024,621311,62,-2.4740512805859263,122.12915062915307,63.666666666666664,0.3465691595982076
2025,694377,72,-2.478487681701222,154.28589248589248,141.0,5.545114342582389
2025,679822,9,-1.2089597829141172,22.440909090909088,17.0,-0.23530967376399697
2025,676812,30,-3.4148272083985174,70.64393897471479,23.0,-1.4946679818263533
2024,672701,4,-0.12588483107631881,8.666666666666666,8.666666666666666,-0.14842588544152624
2022,680118,7,-0.4254559048884128,23.1190137505927,16.666666666666668,2.7071043949139884
2021,660644,26,-4.985135463413133,68.71803921568628,62.333333333333336,1.6807437267811844
2022,682626,14,-0.027988011404300184,30.320512820512818,12.666666666666666,0.012715437457129289
2022,621453,79,-4.259282617120259,166.6376811594203,153.33333333333334,5.182974224462248
2025,672359,16,-2.5131366804558133,52.24242424242424,47.33333333333333,-2.2208338021205174
2021,624419,6,0.14134353575531544,17.0,17.0,0.47783429534863764
2021,657011,20,-1.9013682645244714,43.86541162089942,35.333333333333336,1.508693568760466
2021,571918,19,-0.653563156758035,52.5034749034749,48.0,-3.834288901907246
2025,595751,39,-1.8417056196275694,124.33333333333334,124.33333333333334,-0.10122103578454661
2024,668843,8,-0.3792060754628253,17.78415870138431,0.0,0.8230778479909611
2024,660758,5,-1.1294891559213072,13.666666666666666,13.666666666666666,-0.5704410816296837
2022,676625,15,-1.456123078005258,41.03030303030303,33.666666666666664,-0.6447589208183592
2025,666150,34,0.13404363244922646,82.69480519480518,72.0,-2.0575692634964806
2023,623507,23,-2.719649929050809,56.426088897332775,18.0,-1.6196456920472744
2024,605244,7,-1.8617153339147667,25.33333333333333,25.33333333333333,0.7609150559991702
2025,605353,12,-0.6372451365438899,27.714285714285715,20.0,0.8765822655795125
2023,605421,8,1.0550184871569797,25.666666666666668,25.666666666666668,0.7906441120158723
2024,669352,18,-2.3576263562666835,50.539712320200124,42.33333333333333,-2.019870669554014
2021,600858,4,-1.0489557444631719,9.0,9.0,-0.3570600100582285
2023,641470,6,0.980630568564702,15.75,9.0,-0.08515447317675268
2025,670276,8,-0.5132594474781893,12.399999999999999,7.0,-3.1567062061558735
2022,672832,14,-2.4996552400532597,33.666666666666664,33.666666666666664,0.33078197422731787
2022,670298,1,-0.23716564902692433,1.0,1.0,-0.3016165634177772
2025,666198,8,-0.6437350225549925,25.333333333333336,25.333333333333336,-1.5462535162928703
2022,542303,507,-3.1822418770517396,1043.922018791783,425.0,-14.615644467138775
2021,656775,657,35.114335399249484,1335.040301212028,1307.6666666666667,14.295427491871209
2021,676801,307,2.7142897348621027,854.0373348762222,838.0,-0.9043936368909447
2021,572191,502,-14.896585725182728,1181.8843278164927,1161.6666666666667,57.05896855731743
2021,672779,50,-4.4228653103527,115.8505711103767,89.66666666666666,-3.54507526490587
2022,596142,471,-7.883456242571908,1027.693590998571,714.0,4.662556058363876
2024,572138,405,2.8833808497977556,865.0926101074006,648.0,-5.7982268627554685
2025,596146,474,-6.51271006014082,1187.932778932779,1183.6666666666665,-20.222884300298745
2025,669397,416,-23.113100637142058,971.2361813367916,776.6666666666667,15.143005046778743
2024,641680,491,-19.00324755424657,1045.3857782689197,921.3333333333334,-0.03079149044795715
2024,592192,461,6.048824494784446,994.8706911400715,653.3333333333334,-5.748485856331099
2025,668709,344,-5.098142715887464,804.4035586071324,780.6666666666665,-1.534800873833948
2023,669720,566,11.55663588495423,1225.7088958660388,1203.6666666666667,8.005657437474552
2021,572039,186,-5.252850123149591,405.78399259449606,300.6666666666667,-4.629047500181508
2023,669257,554,17.172879709154714,1072.6374394220818,950.3333333333334,7.474554251125975
2024,607043,663,13.608726848652932,1449.0,1413.0,-27.50017826595443
2024,516782,370,5.806280796124896,784.365025466893,714.0,-17.017477667008865
2024,624413,695,18.828503940173135,1422.0,1413.0,-7.418757378474185
2025,663538,649,15.674533214856874,1368.030303030303,1360.666666666667,26.69003359775802
2024,457705,515,4.804891124794963,1056.0657621432563,36.0,-13.93792277460437
2025,620443,283,-8.64862710951595,627.2529874041177,539.6666666666666,7.529711544668116
2023,663656,674,36.248917012279,1360.8325822954357,1196.666666666667,7.273830063214092
2023,608324,724,17.303761042651463,1420.4687039312041,1372.0,9.74470359322581
2022,606132,433,-6.680478275326022,1052.1416362784894,910.3333333333333,-10.037973383084672
2022,677649,220,-4.058331616408582,485.9183558558558,478.66666666666663,5.16339051361119
2023,622534,336,-0.17369243486387909,733.7496223810465,699.6666666666666,-3.6842697747304864
2021,500743,539,0.5195230134366016,1105.5838728108722,1097.3333333333333,-26.267488309983847
2021,592325,394,1.5213591290138468,804.2530617487394,729.3333333333334,-3.2120127199763924
2021,595281,377,6.549590862551341,954.904101469891,948.3333333333333,9.121821836145696
2025,670242,392,8.267300583902593,818.2965818803574,683.0,-24.677483773617585
2023,807799,580,4.734089403377629,1168.0809899739213,738.0,-29.80278715795886
2022,660271,666,34.332568968757954,1364.5236449554118,0.0,-16.37802728855945
2022,670764,466,-15.167397673039735,1020.442276944113,995.6666666666667,47.170053606519275
2025,694497,220,5.6385508706738445,455.44249629205905,390.3333333333333,1.1393873709971865
2025,602104,391,-6.460937062684179,908.360346257073,881.3333333333333,16.954538578851245
2025,656896,127,-5.92906112037619,343.6178514604716,326.3333333333333,-3.409564083406162
2025,641343,218,7.5503837310964235,435.9085912370128,248.66666666666669,-3.4903738982463337
2022,596019,706,28.988771745954995,1392.0,1374.0,-1.267668629826791
2023,683146,389,-16.412558848685784,849.6334862370163,773.3333333333333,-2.1605876567858235
2025,691019,297,11.464649688080327,620.3176165480255,485.6666666666667,-1.1510152921202441
2022,665750,341,0.23508361536662514,798.9157567832624,784.0,-8.290365069585043
2023,643393,419,-10.656022476326648,936.8881346968678,880.9999999999998,-6.18478035546663
2024,696285,521,-1.9196372882639685,1270.5599539150471,1247.3333333333335,28.492208267486838
2024,608671,207,-11.089677528707334,684.7969020772902,496.0,-6.661778777975298
2024,621566,685,15.280246428906125,1434.3333333333335,1434.3333333333335,-3.635412755276889
2024,621028,311,-0.0051097046353945075,943.1891891891893,941.0000000000001,-1.7925653941989232
2022,642180,163,-9.291013798781236,557.1446121446122,544.0,-5.650620155803971
2021,669720,516,8.323250034779194,1213.775641025641,1206.3333333333333,-11.501802927701537
2022,686469,298,9.098193579839764,617.7471784971785,300.0,-10.812300318441311
2021,572816,365,0.5532139240640803,767.1595126394562,476.0,10.655711283763818
2023,650490,600,42.11114265820481,1158.9615541615185,1010.6666666666667,-16.444976819983243
2023,643217,621,-6.490205129583089,1272.823245614035,1268.6666666666667,-18.410728407695522
2023,691016,138,-12.896165209384296,319.4925244661541,177.66666666666669,-2.5745189061583638
2025,691185,61,-1.028312367951913,122.54166666666667,114.66666666666667,5.332796977136112
2021,502054,561,3.672725709869155,1115.56927309983,901.3333333333333,-6.9603689506218025
2021,622534,464,-1.8814890385344611,1166.5822734499204,1153.0,2.087984793522504
2022,669289,491,-0.590954494585779,1100.0394144055372,1076.0,7.229216458103499
2022,660636,283,-7.731753265624832,659.3040640491481,570.3333333333334,-0.7695258963637228
2024,669477,113,0.8109963585060167,252.27589285949,201.33333333333334,-6.679397397605302
2025,702616,649,-1.7011795973753117,1318.0,1282.0,-11.39228278284401
2025,647351,284,-3.0309438759599434,650.4350538508434,642.0,-4.332463337055161
2025,672744,234,-8.76894673585198,496.9185425813374,409.33333333333337,12.771754587903576
2023,500743,423,-16.817844691762943,1068.8593306863302,1065.0,25.98821667854891
2023,607461,72,-2.44067058484528,185.50718851639886,125.33333333333333,0.696164374333681
2021,605361,42,-0.8868961278486087,133.96918979651818,110.33333333333333,-6.16956479718367
2023,669134,174,3.8325054574800506,368.8479366504818,306.66666666666663,-0.115172732555058
2021,664670,23,-2.024006817034974,59.14233517717081,44.66666666666667,-1.6203422920471366
2022,521692,473,1.2854515263035093,979.8180607359063,549.0,1.4276720162973304
2024,664983,495,8.911789931812606,888.4907073262262,855.6666666666667,10.548145658408183
2025,642715,686,8.811354166587721,1391.0,1382.0,-8.588921347135983
2024,667670,614,49.24854189563888,1263.1580777850772,76.33333333333333,-16.665287667333843
2022,641820,587,1.1227828728634983,1179.4926810143577,426.3333333333333,-0.6108937241574073
2021,663656,563,37.05735932662419,1187.2263157894736,1149.0,-6.57416325970822
2021,650489,424,-11.286012279223957,1075.1896574560908,1025.6666666666667,-13.55158537393455
2024,643289,428,-6.863533055957216,951.6455834402059,905.3333333333334,17.015615175344323
2024,666163,328,-3.0519131308428498,749.095040050413,632.0,1.0981992860483722
2025,553993,657,22.353343887078,1388.2820512820513,1353.6666666666665,-17.818658990632287
2022,670032,480,-17.548040468130004,1040.679570496363,1013.3333333333335,1.4937342138223215
2022,592696,270,-9.009254380501647,620.6086468180154,517.3333333333334,-17.183667223788895
2023,516416,326,-20.808248030420142,720.7099860688957,675.3333333333333,-5.475581985776632
2025,621493,663,16.363491666654436,1358.4171796671797,1293.6666666666667,2.9033997254666293
2023,570482,228,-3.1969120376290343,500.8102564102564,484.33333333333326,-1.0518865670153192
2023,600301,82,-7.850117187718175,243.47857142857143,233.0,-3.026343437747669
2021,608577,167,-5.157125730041189,389.937985283467,325.33333333333337,-3.0626928954738633
2022,572233,667,21.668013975806055,1377.0322621289997,1281.0,5.793709018871633
2022,642721,33,-2.6043034762444486,87.5589430894309,83.33333333333333,-2.2740912030672304
2023,518934,562,-4.1416088319232,1125.1216218820582,1030.3333333333335,-2.6717102114349296
2024,663853,216,1.0729703870662557,359.30133938630115,261.66666666666663,1.1276906289425719
2022,607208,708,30.21311792990397,1388.0,1388.0,0.9241377564317093
2023,669222,330,-5.451112416330908,759.98985548777,711.3333333333334,-11.165082959588023
2022,664029,91,3.574627032145665,193.32722641715324,72.0,-0.6405089256968415
2024,694384,607,3.7784655762722625,1255.4545454545455,1244.0,-22.815389667763647
2023,666181,329,17.251726351030598,717.4636524259091,561.0,16.534460937860423
2023,641857,627,-11.641343891886182,1244.6330706918943,1169.666666666667,17.18027282581036
2023,668227,654,21.52854795838688,1325.7277712495104,1204.6666666666667,-0.1825019070316367
2022,493329,584,-9.54137724174402,1249.046135512627,1194.6666666666667,-9.824055081859019
2023,669261,534,14.287397269157115,1208.3808827897064,1170.0,-13.028308668725098
2024,621439,388,25.102396833846548,855.6535714285715,813.0,-11.398134033883728
2022,642851,177,-3.4601162334183173,486.3727677290725,422.3333333333333,1.654518948414128
2021,553882,437,-1.6995609711323374,893.4137083994735,757.6666666666667,1.3263981603990587
2024,605170,274,1.6317422997326831,609.7062043367657,529.3333333333333,0.34605974282075613
2021,600474,411,-7.9669019418141325,910.8116318477099,829.0,2.89268608714243
2023,656495,28,-1.7216873197790057,191.53125,189.0,-5.380060560856622
2025,649966,330,-7.6005572634691365,723.6458173079926,619.3333333333334,1.0130093609087027
2025,678877,153,-15.686259769539376,337.96533748496563,286.33333333333337,1.4947539296467593
2024,666149,341,17.541495654059283,710.645435446906,674.0,5.441780987235073
2024,666185,265,-8.242959457022351,524.6798730636417,465.66666666666663,1.003235172835052
2024,656541,158,3.9063983677554903,364.09489778239777,338.33333333333337,-7.630675972853929
2024,676694,513,-9.811254319106528,1182.958839406208,1170.3333333333335,33.58410404516799
2022,663897,136,-2.866759396565737,394.8167974179232,356.3333333333333,1.1036220860378319
2021,657077,591,6.125986963193073,1204.2113689701923,1176.3333333333333,-38.4624282376871
2022,672279,24,-3.1851133363668582,61.75,55.0,-1.8819706332886534
2025,676572,514,-7.8102917358959845,1051.2220772988476,925.6666666666665,-10.636097938107152
2025,621020,645,4.32717525142389,1373.2939254565513,1329.0,13.728681663184766
2025,668804,654,1.949027935416167,1311.9479447994204,986.0,-7.950043609469879
2022,683002,132,2.2716578715882516,244.57448203514292,215.33333333333331,7.273368351289868
2023,683011,601,-9.123796642412564,1390.3823529411764,1387.9999999999998,4.473173827659092
2021,544725,451,0.05537830922423215,835.072352384755,817.6666666666665,-7.193860179918498
2023,663743,323,-21.66519997816917,920.311917237223,914.0,6.144624428288494
2022,645801,149,-3.5255225492563627,323.77429100724055,178.66666666666669,-2.773426917953446
2022,596117,121,6.177593302068457,358.0,358.0,2.7884169480127214
2023,500871,310,-12.994815920066245,733.9318212515508,651.3333333333334,-4.467757615710577
2025,686948,446,16.037844990058826,889.3106094067566,706.6666666666666,-1.695398818432218
2022,679529,404,-14.267770604498025,952.2261904761904,949.3333333333333,-12.903870735848175
2021,628450,289,-1.9295119478495595,605.8579719495046,469.33333333333337,-6.335107616086515
2025,692216,138,2.310241606515775,383.30769230769226,375.0,3.5777542626604326
2022,519058,285,-8.430939411093613,636.4714072030118,394.3333333333333,-5.555536603149227
2021,665489,687,56.538383828874984,1382.720393018448,1144.0,1.417520931901459
2023,666624,429,15.824662466018395,807.8662154189972,328.99999999999994,-9.502353310019757
2024,502671,654,0.21885368108928005,1350.4938874335162,1312.6666666666665,-17.753772662031874
2024,670042,455,19.00136846427663,1217.7621554180073,1186.6666666666665,-15.551460560197771
2025,641943,145,-3.9573298299465085,333.954376063128,213.66666666666669,-4.969877673021925
2022,669743,131,1.7916120604439372,320.2078358633237,298.66666666666663,-4.3812470414071125
2023,663330,11,-0.18006505496019432,23.163706563706565,0.0,-0.35324206214749754
2024,665833,599,18.257328091256056,1221.8237984690193,1105.0,-1.4493309310417248
2024,655316,142,-6.25262257923483,379.7552141196204,334.3333333333333,-1.5694662270841948
2023,543257,420,3.246082684751216,921.4865599491004,608.0,-27.417701380914224
2024,682988,49,-2.311823112574806,108.53635307781649,95.66666666666666,-1.9064059132314632
2024,678894,10,-0.7862732458376159,25.0,25.0,-1.3186091338049422
2022,656627,21,-0.6507110693983349,58.666666666666664,58.666666666666664,0.1301390026011799
2024,672284,449,-5.173962554999811,1101.7956282398507,1086.6666666666667,-3.164615703013557
2025,691718,647,19.2684144930479,1357.1202189966898,1326.666666666667,20.08445388323779
2025,805249,218,-2.2721804678026443,494.7619072047424,477.33333333333337,-6.8231782618884615
2023,502054,481,9.036163959305997,970.6598121510741,576.3333333333333,-8.892518107727957
2022,641313,351,4.872199924785727,691.125,681.0,11.585862582920193
2024,681146,272,6.365878058180586,545.3191497836374,361.66666666666674,-6.259306811757469
2022,668901,41,-1.5550737414969937,83.78836917884595,12.666666666666666,-1.6681726170238866
2024,650391,349,-11.669021777787032,745.7100790773231,8.0,-10.67465559925423
2022,677594,560,35.235460429510866,1133.9483615766796,1107.6666666666667,15.504727556752673
2021,663662,107,0.5188161070892805,267.35833333333335,265.3333333333333,0.14925971613868483
2025,592663,550,-0.8902454989535242,1161.524482389434,1056.3333333333335,14.975796317424258
2023,665489,682,6.76638214788074,1367.4780178595738,1059.3333333333333,-20.47576040244341
2021,518934,666,-4.72181796385673,1090.566087652134,1016.0,3.3601767602874073
2022,621438,405,3.292900501898794,858.8023198191318,803.3333333333334,7.398232265796567
2025,686894,61,-0.11451916010363794,165.09986504723344,148.66666666666666,6.1488996361485855
2025,688760,74,0.7471707031694146,161.15077519379844,135.33333333333331,-4.37458136204715
2025,663647,570,-20.41381742805767,1289.7333333333336,1284.3333333333335,26.440116703605
2021,650331,128,-2.7165246360332898,291.5924412762648,273.33333333333337,7.113565457052662
2023,595281,408,4.164054968246478,1098.7647058823532,1094.0,-15.628068350547332
2021,608369,409,24.372661061198915,820.3198782448202,788.0,6.41865700436525
2024,680869,547,-4.743941831022433,1200.0,1200.0,13.015670324718204
2022,514888,604,43.38365115804687,1181.1439986477924,1120.9999999999998,-26.21608122849225
2024,663586,469,13.068689473738491,953.3333333333333,953.3333333333333,-13.8913956199965
2022,622682,336,-5.624393534423174,656.9350007507902,617.6666666666666,2.7463422981598375
2022,665862,241,13.461813204640576,488.4856711915535,480.66666666666663,2.6872720418147495
2023,650489,409,9.590148025675795,676.6510375762623,646.6666666666666,10.024352228762092
2025,593428,552,3.5030143888955734,1163.9933700530396,1079.3333333333335,-4.268557372425189
2022,679631,103,-0.7311699946058221,272.3445833262363,207.33333333333337,-7.905037742129359
2024,681481,296,20.59215967671028,616.2557041829676,279.66666666666674,3.1381280045374953
2024,605141,516,27.938835140124663,983.9320749805127,938.6666666666665,3.5831606352677987
2025,680777,464,6.916915377093681,936.2712045939161,667.6666666666666,0.615814291247903
2023,553882,146,-6.202326079472353,404.5589430894309,400.3333333333333,-1.4873958211516896
2021,642165,310,-7.5485075626049,703.4804094155259,622.0,-7.299066519178268
2021,502273,65,-4.188979682333505,134.79603375368117,117.0,0.873771001683326
2023,595978,212,-20.533186902322,568.2112503737827,495.6666666666667,3.6564800185411186
2025,606115,214,-17.011943628873976,682.3387096774194,670.0,-13.69544339331015
2024,607680,314,-3.7164851580718925,802.496670569794,758.3333333333333,-17.309758970052584
2021,647304,143,-0.6640013397583813,494.9542378673958,452.0,-3.4502188865432433
2021,595978,164,-11.379949324753323,743.3583333333333,741.3333333333334,10.110285496402238
2023,650402,672,15.19912643682893,1388.1444379161771,1278.3333333333335,0.41561839161331937
2021,642133,316,-6.574013136793125,697.0432743965321,468.99999999999994,-14.065885066212939
2024,571448,635,0.8254057205996093,1314.717503667703,1186.6666666666667,28.928989787132195
2021,543105,312,-2.410474749694985,693.4186438820577,421.33333333333337,-0.21832675584394012
2025,687515,132,-1.3926012059449213,367.6421580671581,343.6666666666667,-6.110645543951391
2024,686482,37,-3.179447664507391,120.33333333333334,120.33333333333334,1.5703122882993323
2023,686759,44,-5.302358925726453,138.41729234714126,122.0,-1.1597548763305263
2022,686676,26,-2.0609588824909624,105.33333333333334,105.33333333333334,0.1899187216370325
2025,669234,127,0.733498385954082,257.06665805155177,32.0,1.0307791171999816
2021,607461,234,6.678295820663044,575.0491901444746,429.33333333333326,-13.295254483683033
2025,680776,696,19.755739390705834,1358.666666666667,1349.666666666667,-12.39099863449477
2024,671277,528,9.12480959218737,1183.393129786236,1132.3333333333335,-6.118608093944918
2025,656555,328,2.4402773550734156,724.7807445916068,697.3333333333333,-12.792684178548486
2023,642133,351,-10.916452650613397,737.9392594284479,482.0,-8.853594331576335
2021,666971,531,2.009654936159046,1163.42444626927,1027.6666666666667,-26.896693683237913
2022,592178,181,5.921548456527224,360.7965860597439,254.0,-6.550804821569222
2025,645277,667,-3.339475472819471,1377.3333333333333,1377.3333333333333,-12.8149355894876
2025,682622,360,3.0839029866195906,729.884193058429,673.3333333333333,-8.118545957325384
2023,687263,329,-3.497356236484938,716.260162601626,710.3333333333333,6.009923015008686
2021,500871,584,8.880992418312083,1182.4908104716735,1133.6666666666667,-14.864413727485292
2021,608324,400,6.434209969058523,787.1939443535189,763.0,5.048903181970863
2022,686681,194,-2.5841458868292664,425.38470588235293,418.99999999999994,-4.074903585655532
2025,690022,207,-10.447458047369876,504.7416666666667,498.66666666666663,12.168283171703552
2025,609280,341,9.42260087681225,774.9206477150012,531.6666666666667,-21.23002917646628
2023,572191,388,-3.0668518337117145,1071.9619047619049,1058.3333333333333,3.252853448959476
2022,571657,583,-5.712412004221734,1218.0107307965861,1114.0,-3.494504926983404
2025,608701,209,7.25472465842372,413.6856542269871,142.33333333333331,1.7541039799284803
2021,593590,77,-4.966702907310521,201.0,201.0,1.5697088404992956
2022,650333,603,20.6132690438974,1281.3766350666497,963.0,-21.21795278759581
2024,678882,571,-8.450531887140327,1569.279569892473,1566.6666666666667,-19.981377852644897
2021,643217,502,6.65005917604217,1114.798442965703,1055.0,9.213147309921276
2024,640492,79,-4.087525184041277,184.763310661508,156.33333333333331,6.736400452530155
2025,665828,122,-1.2303468758369147,287.2307692307692,281.0,0.8583132427718807
2023,676801,457,21.03606364956508,1172.4535256410256,1143.3333333333333,-13.8451208310724
2021,592530,122,-5.135314110583795,273.4304178503236,143.0,-1.140863428992891
2021,656305,608,2.136531610903668,1318.755376344086,1308.6666666666665,30.928813651136377
2021,571718,268,1.9651970140950148,584.8767872772049,544.0,-6.366129031193703
2021,669257,501,21.53045172719647,1041.153116140616,989.0,7.415902575739926
2025,680718,502,3.2098571105596103,1219.5717240893712,1150.6666666666667,-8.436790269615633
2025,701762,489,39.93561933737234,1012.6426188250871,934.6666666666666,-17.007766182349993
2023,669065,33,-5.384585804491703,84.04235588972432,75.33333333333334,-2.6458440196909647
2024,672580,626,-12.131924854245113,1415.6129032258063,1412.9999999999998,-17.891361878388537
2023,657077,602,1.661158712192135,1205.7735575915808,1162.666666666667,5.593460458936463
2021,668227,590,23.0566339780873,1226.913722552224,1005.6666666666667,-10.378221869416906
2022,458015,376,-5.269283932745292,776.706966455331,620.3333333333333,-1.538048817778193
2021,641829,150,-8.47543511214291,412.58453178028117,393.3333333333333,-2.0872672837650446
2025,668670,142,-3.425031743898101,342.281739527489,311.0,4.585635757334986
2024,656180,130,-5.297354436381128,306.4339523254157,261.3333333333333,-1.9034008578466186
2024,677942,185,-0.8239163671464849,422.06577171360186,325.66666666666663,-3.2666311881085184
2025,681962,105,-12.618620855657172,341.93029194608147,330.6666666666667,-5.4500713440879
2023,666160,324,6.608368698674308,660.6409090016185,576.6666666666666,10.984857576869672
2025,681508,110,-6.163291597683349,264.67321392782037,174.33333333333331,-1.3726297479643068
2022,595956,47,-1.6222396509238832,113.22516457090924,93.99999999999999,0.34334858372293514
2021,543257,642,13.992368722682745,1390.299019607843,1322.6666666666665,-4.721374163766852
2021,650490,527,3.6003027403941337,1242.8453219905427,1195.3333333333335,-21.577752334924813
2022,543333,419,-0.1755896552287597,884.1410256410256,862.3333333333334,-17.85427709874446
2023,672779,220,-7.45881177619782,560.4865950644287,534.3333333333333,-14.114351952904226
2021,650859,190,-10.368254312998602,397.3620856785491,387.3333333333333,7.114855571071821
2024,664040,425,12.540921580348153,865.3063205502679,526.6666666666667,1.946145337598253
2025,656248,73,-7.567941532115166,179.56427940883586,131.33333333333331,-4.951391467416894
2022,543543,241,-9.183120724734644,519.9212624145075,316.0,-8.497386907795118
2022,596103,325,12.657469268693935,1127.9113866984535,1117.3333333333335,-37.224022525375005
2023,666971,592,1.086871097286933,1225.4300970714385,813.6666666666667,4.4254233200945245
2021,663330,72,-8.13078409864202,155.1531071353947,80.33333333333334,13.922259407419423
2024,643396,496,-5.026617516007528,1146.0730938644174,1127.3333333333333,19.19564750243469
2024,673357,425,-4.90764240485905,853.105303030303,821.6666666666665,-5.503996611252299
2024,663457,405,7.4309473384374884,830.9784709913743,815.6666666666667,8.330583836276356
2023,681807,113,-0.19322288433479518,455.3097919655667,443.0,-3.7516178800889186
2025,667472,333,-12.822044734706534,703.5232457732938,632.3333333333333,-1.9179763339627023
2022,608336,410,-3.811498256039721,1065.3963587412181,1007.3333333333333,-14.920113557842829
2023,657757,344,-16.290873011240844,799.6034116620069,535.3333333333334,-3.825557194804231
2025,668930,659,28.27940288264505,1369.7791979949875,1365.3333333333335,21.166703305511845
2025,662139,271,10.318932901977558,562.7489766896392,500.3333333333333,-0.25511622609384066
2022,608703,272,-5.196085520028063,699.4899446412101,672.3333333333334,5.746734758922873
2024,605131,156,-2.9932576386133034,404.4039694089694,390.0,-1.016225664796132
2021,650402,499,-2.352418633615126,1101.3022368864526,1064.6666666666665,7.258407295839657
2021,669374,197,-12.047780964125522,383.5870324716225,281.0,5.639102904014333
2021,516416,567,8.737605198870842,1101.3253260448453,974.3333333333334,3.910077116244606
2024,669003,224,11.068702312756049,507.984742977107,441.66666666666663,-1.9476599990918642
2022,663527,184,-8.383934249539177,439.1875066520228,378.0,3.8604762853739105
2023,608369,536,44.36324487894567,1034.3066841107786,834.0,-2.601890363670143
2021,641857,596,-1.4217000781416305,1142.844894688645,1127.666666666667,15.554564532379485
2024,624585,574,14.972840853124648,1170.29112436923,127.33333333333334,-11.399681962163866
2024,592273,360,-29.434288848326645,798.8177593555351,650.6666666666666,4.023202406986364
2023,666018,103,2.152137127003441,230.75718657519,110.66666666666666,-2.9780233533755376
2023,650859,445,12.272747507718382,761.0300643121883,628.6666666666666,2.22248676592132
2023,656775,455,3.7689432098914044,1000.2715683769036,974.0,15.23918716737456
2024,621035,246,-6.876967306431091,443.53768058463174,401.33333333333326,1.471130122883455
2024,606992,69,2.970324154653381,188.75592500157956,172.0,-0.12078605382522695
2025,661388,659,8.615656975936938,1313.7177993910755,1017.6666666666666,7.52850374707571
2022,664059,201,3.6357036820010524,638.8467282717284,620.0,10.307620043205102
2024,527038,242,-9.645059551909759,508.82209445353567,412.3333333333333,-1.876320412771015
2024,695238,86,1.162598744529975,187.82446986138393,174.66666666666663,-0.38334154564036726
2024,664774,401,10.495124962711254,865.3117763882881,805.9999999999999,-14.299676574422458
2023,676475,347,-11.059036486097806,730.2027882973059,488.0,-18.88614236634151
2024,683734,619,-0.8987309359519511,1290.2689112892122,1035.3333333333335,-11.054692779359584
2022,543807,583,27.6272570795835,960.2061318761087,438.33333333333326,4.034126740571509
2024,676391,452,-1.285974643516876,975.3398105189063,951.3333333333334,17.364279544843214
2021,592407,34,-2.0702779641284694,87.89189604350895,69.33333333333333,0.7632083499192874
2023,663967,19,-3.081546440460335,90.83819980694982,82.0,0.8091047157932929
2025,694374,225,-6.253234645973995,457.2341924061437,399.0,3.4638837390762234
2022,607249,10,-0.49750043606863253,23.000000000000004,23.000000000000004,-0.6277783406620815
2024,682641,156,-7.012343206728515,340.9494195150164,314.0,-7.7717056087906515
2022,657656,383,-1.8038235766605446,888.8125658125657,829.0,-7.695725822988262
2024,658668,196,-4.949822136008287,394.8741562206338,198.66666666666669,-2.938214050419268
2024,666182,336,-15.730973117170443,689.4997188857653,631.9999999999999,-11.78000782655534
2022,592743,85,-7.689358497638237,211.22206736353078,200.66666666666666,0.9329386160257561
2021,663743,34,3.6300463158270926,76.9011404536362,42.666666666666664,-1.2234812083497442
2023,678009,145,1.2095019400956968,319.66666666666663,319.66666666666663,5.41963241220196
2022,687093,156,7.365318836877069,347.7291666666667,342.6666666666667,2.920433469626646
2023,656305,581,11.27420647914013,1220.5660704822471,1171.6666666666667,17.43112156458388
2021,623182,8,0.9710890149138501,19.10314598798162,12.666666666666666,-0.35456978151548235
2025,676070,73,-10.178465131627481,185.39116584329662,133.33333333333334,4.4856728299186654
2024,674441,68,-2.6942259215792728,184.99766853926445,171.33333333333331,-4.50665830629624
2022,544369,232,-5.333710717605065,534.3871058558559,529.6666666666667,-3.2815902067687253
2022,641684,73,-4.337492640969441,171.59740689887747,131.33333333333331,5.361132948321483
2025,677956,44,-5.2904282641240545,116.52252252252252,114.33333333333333,-3.2891781695149858
2022,519317,452,3.784650840651612,907.8136449199683,256.3333333333333,-14.841019495169071
2025,660757,61,-5.016526034001009,142.65363558172618,112.0,-1.6427961775102893
2022,624512,274,-3.7755208029582263,713.1143346348224,676.6666666666666,6.669486201093934
2023,647304,495,14.635034567823851,1004.5659303332916,651.0,1.792703632578307
2022,592622,25,-1.225057671643699,49.33333333333333,49.33333333333333,-2.2556858637975643
2021,657757,166,6.863315514997103,362.0924965080616,158.33333333333334,-4.964146851257481
2025,669004,65,-8.121222388183304,199.33333333333331,190.33333333333331,-4.755043139568307
2022,656537,92,-2.5263512348941135,259.3333333333333,259.3333333333333,1.0691175042895151
2023,572816,152,-5.898410348821003,322.01747850966433,126.99999999999999,5.915726928825524
2025,595777,371,12.685642805835819,707.6666666666665,689.6666666666665,9.384716272953074
2025,669242,377,-4.255806052490501,843.8205128205128,821.6666666666667,5.30810856671507
2021,641933,529,38.87090974451413,1140.6213548130859,1085.6666666666665,-2.1849109640925217
2021,666160,37,-4.363851565454502,61.75690463371597,30.999999999999996,-2.7458296486090967
2024,670097,88,-4.602798236523322,242.14791666666667,234.66666666666669,-6.243238068464029
2025,679845,188,-7.222966469128817,465.04318408490235,399.66666666666663,-1.6229688195581304
2021,607345,106,-11.339785581952798,262.82139451975297,252.33333333333331,0.8573236868289258
2023,665877,61,-1.9540690220560077,143.9918767507003,134.66666666666669,5.4674868183765355
2024,613564,30,-1.5208512395248694,85.02140208965285,56.33333333333333,-1.3862186885511838
2022,681584,181,4.023466583295553,404.5518702593478,279.6666666666667,1.711393318034973
2025,668723,15,-2.219773403735708,43.38461538461538,33.0,0.3032861637073101
2025,690924,120,-5.650212732566959,282.2009445322432,239.0,2.3538095802485026
2025,668885,181,1.7853270409663584,356.04597701149424,347.6666666666667,-5.607453418030956
2024,701305,65,-3.1647506932603093,159.9514586322334,131.66666666666669,-3.5935170464152453
2022,665506,260,-19.924170692611504,631.7821868248338,610.3333333333334,17.413996199075623
2021,650968,72,-1.5371318104228564,157.58717303202843,17.666666666666664,-1.5336138450350987
2024,683083,78,-0.15873026241467147,285.8137254901961,278.66666666666663,8.459591689055074
2024,677588,168,-1.7056213216973894,375.3142857142857,373.0,-12.10684246255013
2021,669222,116,-6.8171379892507415,229.15378625878623,206.33333333333331,1.037499042476894
2021,570482,430,-6.2359599379288415,971.9428951496986,917.6666666666665,-6.166066238260518
2025,456781,179,-4.632073521468431,361.2432928919554,276.3333333333333,2.469563140300985
2024,664770,91,3.932186150593744,184.66666666666669,184.66666666666669,1.0722809221408536
2022,660821,343,-4.564004989054759,793.7871818098351,762.9999999999999,-5.029746306372848
2022,643271,9,-1.3783488158079482,18.37875574407918,12.666666666666666,-0.6990304669925942
2024,519203,375,-7.180019786362706,802.6462800934003,750.0,2.5960930949690963
2023,641933,266,-0.21688423673098467,553.9999999999999,544.9999999999999,-7.345367496084778
2022,660829,60,0.7421498794089456,175.31428571428572,173.0,-7.869485308587123
2025,694376,32,-3.450268185225294,62.05037577992059,39.0,2.3001323812868577
2024,656976,158,7.895804697493746,442.8201784636444,410.33333333333337,-4.647830751139537
2024,592885,315,26.06188688561258,627.4457811624914,406.33333333333326,-10.541744377370815
2023,661531,23,-3.993746252581558,63.09781906689802,41.66666666666667,1.374083097490602
2024,683021,124,-6.682914466855306,272.65261608310385,234.66666666666663,0.9225906228319551
2025,669450,105,-3.4659114739690198,220.6743113826808,99.99999999999999,-2.0283045822447656
2025,682848,57,-3.2104769239140643,123.66666666666667,123.66666666666667,-0.986196290396459
2022,545350,82,-1.1305741273361423,260.49090970669914,251.66666666666669,5.092480355369296
2024,676632,75,-0.4021701363033712,174.1114035087719,163.66666666666666,-2.3157942996770755
2022,664731,229,1.7050270159344387,653.3045454545454,644.9999999999999,-1.792047106912793
2024,664314,111,-2.2227404196665126,304.0699147113172,208.33333333333334,-5.921492713892171
2024,608596,38,-2.4402930065699655,95.46666666666667,93.66666666666666,-1.0532836074606842
2021,657434,61,-1.437435672725674,150.78450959373635,109.33333333333334,-5.430005262453342
2022,506702,86,-5.251855163732067,274.3333333333333,274.3333333333333,-0.9431576700063143
2023,682515,38,-0.8651073494900874,97.33333333333334,97.33333333333334,0.21619557257053842
2021,518902,12,-1.5509030706199958,25.666666666666668,25.666666666666668,2.679936446043468
2025,682183,18,-3.4152312033059755,62.97560975609756,61.0,-2.356105579682313
2022,664848,4,-0.8227215150188498,12.005494505494505,8.0,-0.151664577295802
2023,657088,15,4.115337829019623,75.33333333333334,75.33333333333334,-3.5785278414446653
2024,686765,86,-1.6131718449103876,223.5,219.0,2.0038626972429805
2024,542364,17,-2.183479292774171,108.0,108.0,-0.5746835347980376
2023,666310,230,8.873888673017007,555.898905016552,541.6666666666666,-0.24710184641359245
2021,666213,40,-3.8532003406581268,85.85471249750141,61.33333333333333,-3.650089718880619
2025,669392,9,-1.0443235202434118,17.9009009009009,11.333333333333332,0.6681703764100537
2021,600301,29,-1.705298722271265,66.17428888635564,40.0,-0.2613608329295637
2023,668904,239,19.03399885272845,502.91733746130035,428.0,-0.10548933096467522
2022,622268,78,-5.921243011201458,170.76953044375642,155.66666666666669,7.985495139284265
2024,665856,7,-1.2715457595126836,15.773809523809522,0.6666666666666666,-0.16452262182078436
2024,665839,223,-5.614483259820139,574.9811637139156,528.6666666666667,-10.761254513610716
2025,700246,106,-5.764242967614351,247.4268292682927,237.0,6.50032437127075
2024,694355,5,-1.1939816859933265,11.575757575757576,6.666666666666667,-0.6879545995118685
2024,680737,10,0.4504457206147898,33.96190476190476,29.333333333333336,-1.921725005776627
2025,694203,43,-1.637450729177455,108.66666666666666,108.66666666666666,-2.8679298479566597
2023,663731,4,-1.1068178821760852,9.1125,0.0,0.941472724046758
2022,673237,9,-0.19238619770696164,39.16878402903811,18.0,-0.1529854348384087
2025,664068,29,-3.6577681657468224,87.12009435353089,73.66666666666666,1.5066781719054039
2025,676356,59,5.457892765246932,160.33333333333331,160.33333333333331,-0.9009987890362502
2023,676914,141,12.073324260507231,284.492125464295,186.66666666666669,0.9490574612390529
2022,666179,126,-7.9534304967134695,277.71684465097314,16.0,-5.2081632056048495
2021,542963,21,-2.4147947201817432,50.666666666666664,50.666666666666664,-0.003671990489949928
2022,609275,54,-6.032074294541701,130.8560606060606,125.33333333333331,4.616090608998159
2022,656403,17,-0.887233085024534,44.743589743589745,42.66666666666667,-1.792702732811572
2024,607054,26,-4.692602805758707,52.11188227862008,33.33333333333333,-3.3970716785471167
2022,676950,57,-6.360337740081061,118.18578578436819,67.66666666666667,-0.8210628676580212
2023,605361,79,4.2953923870736785,205.97039098837877,146.0,-6.534339528705292
2024,669200,57,-1.2926479290424466,138.72808586762073,131.0,-1.684156128649455
2023,663796,41,-2.8649050984731073,90.2883064516129,80.0,0.515639230791453
2022,547173,10,-1.749186773959588,33.78787878787879,31.33333333333333,-1.032590396392092
2021,446653,13,-2.1808938573444125,44.025,42.0,-1.2814095122708555
2022,676724,22,0.7358769717403824,45.526315789473685,19.0,-1.0641466080823019
2024,501303,28,-0.7509781978786179,70.33333333333333,70.33333333333333,-1.5540589849199078
2025,676480,31,-2.3008062854124223,156.5,152.0,-2.518570089391852
2025,656413,55,-2.906330193620877,164.18235294117648,160.0,-3.6997804083227046
2022,668663,53,-5.441538290445175,129.82493430641114,102.66666666666666,-0.35363749337514705
2021,605233,8,-0.3430569701108195,20.64227642276423,18.666666666666668,0.037306470929670155
2023,686452,33,0.644088029657963,77.52252252252252,75.33333333333334,0.5296543154692198
2021,607111,21,-1.7514605519179725,49.188948306595364,31.333333333333336,3.2223654088590097
2025,686823,13,-2.146814256693201,32.166666666666664,18.666666666666668,0.16160905159390837
2023,677941,40,-7.244888344421284,123.45454545454544,121.0,-3.179587156848587
2024,643265,116,-5.643037196159134,228.83950173759342,61.99999999999999,0.5234011287720193
2024,694362,28,-1.2608956400827833,81.57575757575758,76.66666666666666,0.983986263521765
2022,663478,11,-0.40165747182579414,25.666666666666664,25.666666666666664,-1.516231440031402
2021,534606,24,-0.040852644388204684,66.26190476190476,64.33333333333333,-1.7267440712573163
2021,672640,1,-0.2596364667497454,1.975609756097561,0.0,-0.02371273712737127
2025,678225,25,-2.154750366964556,73.0,73.0,-3.371655245986979
2023,671083,29,-1.5077636488074284,67.09248427325902,26.0,0.32064929285987964
2022,682073,34,3.49180087414237,86.95351000350999,48.0,-0.5916563802115038
2023,578570,21,-2.9191178291050393,78.66666666666666,78.66666666666666,0.3616517355909931
2022,457708,57,-3.537899925524618,126.75066030142645,23.666666666666668,-0.5012979763305085
2025,656185,14,-4.57474395981554,37.0625,32.0,-1.7903657509000903
2021,605346,16,-1.1228208500030803,49.0,49.0,1.8633813672070798
2023,592325,15,-1.1339032196553585,28.228219696969695,18.333333333333332,0.8011051229380223
2021,623323,5,0.7530392856919101,32.31782945736434,26.666666666666664,-0.9453324731073672
2021,543308,31,1.7866255373081168,82.68384009009009,66.33333333333334,0.5657811793383809
2022,666128,5,0.08739507800515611,12.209558823529413,0.0,-0.1465482026143791
2025,667690,3,-0.7553530441559825,9.0,9.0,0.14772787933356857
2021,669134,38,-5.781350625893873,79.16283435862384,54.333333333333336,-0.004884924922130829
2025,682634,12,0.33427573163251467,58.66666666666667,58.66666666666667,-3.11630791577797
2021,615699,7,-1.8213394715113567,23.0,23.0,-1.1220622952687287
2022,667727,16,-1.2014189435631317,36.33333333333333,36.33333333333333,-0.8459197602675005
2021,675649,11,-0.7418305445838915,27.666666666666664,27.666666666666664,-1.2276053540266252
2022,656388,11,1.3666444497100239,23.333333333333332,23.333333333333332,1.3879023632688448
2021,592419,3,-0.7511161392288193,6.405764966740577,0.0,-0.076886753716022
2022,621573,9,0.27160999619303666,12.0,12.0,-0.005804972384715723
2024,667428,8,-1.3011134005758314,18.946236559139784,16.333333333333332,0.14708163690167034
2024,676896,1,-0.20768024177311592,2.6666666666666665,2.6666666666666665,0.21958524612348815
2024,676946,3,0.47167869731500495,8.0,8.0,1.0876106464522248
2023,664670,2,0.6107332673710089,4.333333333333333,4.333333333333333,0.7789360971019541
2025,689041,10,-1.1534765932527364,19.043478260869566,12.0,3.7380021317839116
2025,642020,2,-0.31893545037304866,7.0,7.0,0.12697853956390362
2022,608597,6,-1.8384077766258857,15.0,15.0,0.06487404398880203
2022,670148,3,-0.1733164189020777,6.074999999999999,0.0,-0.4909001097825836
2022,675986,7,-0.23694256580261305,16.54851994851995,7.666666666666667,0.6537889626225051
2021,645305,4,1.0168674224454173,8.666666666666666,8.666666666666666,-0.2341330043339024
2025,681807,156,-7.320793029979034,343.90550024854,0.0,-4.127809502297291
2022,592273,568,17.560210822722894,1101.9126767521548,854.0000000000001,-21.83366661317094
2023,641943,264,-4.1185159694853155,702.015089171485,634.0,-9.350840815116221
2023,649966,177,-5.996831282340827,359.81444241466704,330.6666666666667,-2.5216017403779807
2024,669289,390,-7.343846158731485,1016.0787580889382,906.0,-15.104219853287198
2024,656811,494,9.155318512383545,1102.24205974302,614.3333333333335,-21.239925542790335
2024,665506,183,-9.31095124883184,520.70613503805,471.0,1.769184015394366
2025,683766,191,-1.0100610592730392,540.1064656119534,531.6666666666666,-2.572721118052625
2025,663968,428,4.9182017922762356,1074.2845528455287,1070.3333333333335,-8.194105459090203
2021,602104,296,7.055090722838297,674.7237420347176,666.3333333333333,-0.9438346978112655
2024,624512,158,-5.771975435216968,428.8114231743265,409.6666666666667,3.8701186510341117
2022,592192,542,18.511021856265298,1127.0235549627712,1008.3333333333335,-11.860204244875149
2023,593428,665,14.53293647821372,1352.4403281825803,1253.0,3.990084174340395
2023,596146,491,12.229765894103732,1055.9042673947065,975.0,-8.118330936978891
2023,663538,688,15.340222180383439,1355.3333333333333,1346.3333333333333,19.09120311232526
2021,592663,537,11.765597901191189,1020.8076923641249,933.3333333333333,12.805762019712763
2021,642715,555,18.058215042039418,1203.3833333333334,1181.3333333333335,14.302861147212433
2021,670351,184,-4.181226816608444,453.4999223787537,387.3333333333333,-3.3500749691288076
2023,609280,90,1.2736788188061863,205.34911248032324,105.33333333333333,0.5027218827186688
2022,663586,693,35.89600917945856,1411.3333333333333,1411.3333333333333,-9.556257984644018
2023,645277,660,28.272049033045363,1307.0,1307.0,21.47855990062487
2024,621438,345,0.09437706713697613,647.174113182756,587.9999999999999,17.373799846884747
2024,683002,719,50.82338932322648,1401.0019520498324,1340.0,31.629792384776977
2025,805811,37,-0.9753402488156344,83.1398320004929,35.666666666666664,-1.8221716580623375
2025,500743,317,-0.5403371041340872,919.6674182922579,888.0,2.2416055065596647
2024,521692,652,6.086943975077812,1352.658427231485,1123.0,9.532147431979972
2025,641857,586,-4.860150194744,1294.8594696969697,1274.3333333333333,20.83706347780265
2021,456781,344,4.033716508770299,708.835117919127,587.6666666666666,-1.577583715861298
2025,657757,545,7.929152408471931,1154.8952685503552,401.0,-3.848562355885466
2021,641943,42,-1.7541905242276536,109.45454545454544,107.0,-3.6787625829004256
2024,677594,613,16.960727561973645,1219.238006756757,1131.0,17.807490236861213
2025,672761,383,6.409522611520732,970.6666666666667,961.6666666666667,-11.518703608652936
2025,687597,588,-3.4042842467400547,1240.8278005778004,1191.9999999999998,-17.27171949205632
2025,502054,449,-5.772737859360942,959.8645833333335,948.3333333333335,7.050775246523438
2021,571788,260,-10.916714626725959,551.5491004010191,456.33333333333326,10.757482939785318
2024,677649,285,-11.397169591896178,692.9560718817785,554.0,9.30426895584619
2025,650489,454,-4.799777908478633,878.2874294624295,847.0,-11.753190201687904
2023,621466,185,3.5980500782325153,447.54183123734606,362.0,-13.145250951073383
2023,606115,533,3.1208475544051026,1226.3333333333333,1226.3333333333333,-2.1419731656117964
2025,641933,209,0.42446187147011205,435.33523048087784,289.33333333333337,-7.2961218114814805
2025,657077,213,-6.270973715279387,418.28514953566,358.0,-0.8166242164190374
2022,572228,568,1.6749585172887191,1151.9079828786118,292.3333333333333,-21.828047681234203
2023,553993,694,4.166910318919121,1432.0,1405.0,-1.9280785273949839
2021,621020,653,2.5249766426338596,1377.1770833333335,1367.3333333333335,-10.658882665777378
2021,553993,562,-12.465646720456625,1212.555770868555,1167.6666666666665,-1.1578835468707243
2022,663457,347,10.214137729269982,740.560831805595,656.0,11.184186142124712
2024,571657,242,-7.844248426205331,793.4353925309539,772.0,-13.354244064472502
2024,641313,241,-20.026127460419893,539.2093317972351,523.0,3.239156664531123
2024,686676,394,-15.314321823760359,986.1401696276696,890.0000000000001,6.432350829727783
2022,607043,673,26.17641651979664,1303.5843815688497,1281.0,-18.18442373784086
2023,668709,303,-4.351142691922204,692.0678131530492,648.3333333333333,-7.581338290689745
2021,598265,423,-31.66551072643899,1069.8924345722903,1038.3333333333335,-1.172260352064694
2021,596146,464,1.7633027639928285,1012.2950450450448,987.6666666666665,-18.46680835546076
2022,527038,602,5.217303544097744,1274.7686581985022,1028.0,-9.991521213991211
2024,679529,381,-1.498212203105754,815.8137489445539,770.0,-0.3915671084220964
2024,596019,689,37.729167261962296,1317.0,1308.0,1.0024369437937208
2024,670764,252,-8.193635224716424,611.0413181320075,587.6666666666666,7.311583627836522
2025,668904,403,-4.372905396397189,911.3939393939395,860.6666666666666,-2.5228748958526523
2025,678009,213,-2.5506261738452825,477.3159859490355,432.0,-0.47522815713056143
2021,605548,178,-4.336455341123033,829.0,829.0,-2.12445034611351
2023,668804,640,11.929331722792975,1170.5280684266988,925.0,9.933778277783649
2021,594777,182,-2.204923134477375,368.0271927146981,311.33333333333337,-6.684299078603603
2022,572041,527,-5.838371880222164,1096.7117117117118,1083.3333333333335,-9.01750848708365
2025,608324,495,14.10651069588155,977.0838091691492,939.6666666666667,6.704153885643295
2025,666018,422,19.565864377769152,904.5620007924553,786.6666666666667,-18.844672327363448
2024,686668,603,1.8291146411494914,1289.859649122807,1263.3333333333335,35.702967726703775
2022,605141,639,40.46011897526247,1237.9008784816833,1195.3333333333333,14.313483103392866
2022,606992,351,4.59491645357161,909.506161063433,817.3333333333334,7.095108429325643
2025,647304,604,20.59804575232065,1222.613207830886,1032.6666666666665,-3.5233016382278475
2024,543807,614,-2.6750990581164604,1239.4111340163338,1014.3333333333333,-23.77392803957629
2025,572191,325,-11.529992698250755,1057.4285607769193,1034.6666666666667,-4.524461051152283
2025,676475,546,12.235942244408262,1208.0512326924281,1025.0,-9.27600890085676
2024,660271,731,81.68486639285254,1419.3235404948052,0.0,-17.035776377681117
2022,664983,354,16.830574690972448,666.8759778865042,556.3333333333334,-3.9205596412200454
2023,543063,320,-14.246600251920672,767.5609243697479,743.0,-2.4173036381000124
2021,591720,344,-12.728166138847072,842.1652574436682,801.3333333333334,-7.655265435775801
2022,595453,40,-3.5073018104409552,101.0,101.0,-0.6297898873557795
2022,408234,433,-14.690696486402839,943.5364355098368,0.0,-11.32502580344454
2025,669257,436,24.729361053611637,882.6809686251847,848.0,7.541534948813471
2022,676632,123,-7.25052989330635,293.6439283097178,255.66666666666666,-0.7132062936981884
2023,665828,330,-15.293934845723065,755.3618067978531,738.9999999999999,1.2730915747824274
2021,542255,89,-4.51710794735035,190.36240374679488,152.66666666666666,3.944684081744291
2021,595943,247,-7.222450325252339,547.393706564111,499.33333333333337,0.7323968697290135
2024,681297,561,14.606198905654566,1204.8288499859596,1165.0,-3.100280800709962
2025,669261,178,-7.4267316817718,509.58333333333337,507.33333333333337,-8.046614688519563
2024,624424,488,0.4094875477614748,1007.735982858707,778.3333333333333,-7.337312062310019
2023,621020,638,11.159242474431828,1278.9606762752846,1235.6666666666665,34.972734756512395
2023,668930,448,-13.467241416126477,1172.7,1170.0,12.346673312570566
2023,602104,396,1.3427299583879377,1046.3477008322402,1014.0,-5.603379312740896
2022,656541,200,-8.779384646948516,474.78592152189714,451.66666666666663,13.147248477860318
2023,669004,602,-2.2702616141777168,1237.9534297763098,1030.6666666666667,16.45260805160048
2021,649966,556,12.233540170900977,1088.9022751360985,1018.6666666666667,5.738247757604373
2021,647351,358,-1.7338759784192748,821.1940816867289,803.3333333333335,6.500187363093215
2024,514888,682,20.477054806895218,1311.69696969697,1259.3333333333335,-25.687458675696526
2022,672284,181,-10.036562945822324,462.54590110472463,440.66666666666663,1.7805383629375224
2022,643289,266,-13.918203074588341,612.0026186155043,571.0,5.167129392958159
2023,663647,525,-0.7532030749749368,1068.7610663627152,1020.6666666666667,44.28426400072385
2021,641343,248,-7.998804492852123,673.8502054605344,558.6666666666665,1.577447814337999
2021,656555,443,17.46753554885914,891.18764249886,876.3333333333334,-2.4425474715129956
2023,669242,528,-0.6866260699025095,1170.0141482653316,1141.3333333333335,19.137975000164335
2023,680776,362,13.763921509494612,848.5780900746017,816.0,-12.099659787154197
2022,677551,344,13.620172220495263,706.6285714285714,621.0,0.45081283917557113
2023,456781,450,6.076555126550548,798.9759114773838,484.99999999999994,-6.9775916830664455
2025,683146,432,5.161448752616043,1140.6162469564038,1112.0,-11.240341394463506
2022,642727,224,-5.680997785577642,582.1690328763084,552.6666666666666,-6.129905384959572
2024,666152,317,9.626664119068494,724.8443171210822,699.3333333333334,-3.281796177799553
2023,686823,455,-7.2560628473384075,935.3292440744096,823.3333333333333,11.14729784403757
2022,673357,401,5.778515178508216,820.6666666666666,793.6666666666666,-1.0184247228282404
2025,687363,463,0.17189770511792746,1108.2395826783438,1067.3333333333335,12.46501307765324
2024,686780,218,-5.395284638187657,548.0876623376623,530.0,2.3222210236494703
2024,673237,619,2.779133857007945,1304.3327864628375,1002.0,6.104580876644248
2025,666310,414,-5.2358154056956145,1038.4796181630547,1029.3333333333335,9.693555813297351
2023,592663,540,2.186638799252116,1143.4864118839503,1081.6666666666667,12.186911524533482
2025,666160,461,12.839907731470593,912.9355779970613,701.6666666666667,-3.508671496440787
2024,694671,557,12.682331445150549,1088.0142636494695,728.9999999999999,-1.7512137938275005
2022,571448,620,35.21585237611079,1265.128521527618,995.0,33.094610122529886
2025,642133,312,-1.4092069093217,765.4513172612814,629.3333333333334,-9.20523374735788
2023,670242,254,14.73075425373859,656.9247070792753,588.0,-14.214069303173755
2024,657656,309,2.2263157668724816,780.7718285831124,760.0,-7.839428305223272
2022,640492,216,-5.255386185817089,413.6080659436261,339.33333333333337,22.300772552189812
2023,678225,371,-9.515772441077303,1094.1501686909583,1085.6666666666667,-16.7784780905237
2022,503556,207,-10.082481652172223,729.6666666666667,729.6666666666667,-4.057116906007404
2023,662139,581,-5.02586292278302,1092.8646520393054,1061.0,15.501186741414157
2022,666185,488,3.8340794430069707,930.1105066087889,907.9999999999998,-4.133608645339095
2022,519203,548,17.499216079309818,1148.7115279579562,1036.3333333333333,-15.29897731431099
2021,656252,142,-5.98444156981484,582.4532479848268,561.3333333333333,-7.309052422674762
2025,676679,53,-3.4125813564336136,204.0296855105679,193.33333333333334,-5.606935131522542
2023,656413,255,-2.956941197743059,819.3333333333334,819.3333333333334,-6.957332020399384
2021,680777,281,-9.369057869969527,726.1422764227642,719.6666666666666,4.481575829880133
2025,691016,624,18.29095380879912,1280.077330084567,1220.0,0.8827746557777516
2024,592696,319,-17.9018610654159,782.7561992202791,628.3333333333334,-10.355525808815749
2025,677595,184,-4.424837991316734,485.1891050877113,448.3333333333333,3.5404906816174466
2021,620443,378,-1.9071596772247705,818.6838353562364,304.3333333333333,-6.109414726270103
2025,650402,628,10.55215394469678,1232.8381716804297,1077.0,-10.4276429656702
2024,660821,537,4.506148408414273,1228.4108175189858,1039.3333333333335,-3.114967881982783
2025,683770,75,-9.800787693785104,193.64575873827792,181.66666666666666,2.540251226342562
2025,663330,150,11.186955990535365,306.92794624687474,70.0,-3.9435442827326703
2023,641343,272,-4.07509681698581,558.1253304877656,371.33333333333337,-8.453492100525281
2021,641531,515,-14.435990219607403,1205.3753035989757,1100.3333333333335,-28.439846064062657
2022,592885,671,16.480848818102185,1324.4406645358658,998.0,-11.268023964565408
2024,656537,172,-0.02918250266846334,480.40578993627776,449.66666666666663,-12.59431020078916
2025,700242,327,-16.17674092677355,827.0061999078348,770.6666666666667,-3.5802075291574864
2024,542303,688,38.07564568281582,1428.076202044706,0.0,-17.140832329068818
2023,543228,419,-0.4718097545713418,972.629833394701,893.0,11.020488125877758
2022,665833,361,5.660378669489796,736.1203931203931,666.0,-0.23621970682099547
2025,643217,470,5.715981410973451,968.3281211011988,508.0,-3.166054639511837
2021,446334,291,5.40434138578951,665.1329987129986,655.6666666666666,-0.8580010287228417
2023,608701,243,-3.6484981005304125,459.23542614836146,360.0,-7.696630638141482
2023,642715,638,-0.6591752578103576,1293.5263157894738,1276.0000000000002,29.086348630787555
2021,594694,240,-0.5156556864356632,542.343223643307,374.0,-7.230421500806941
2022,664040,266,4.563783289980901,539.7111289611289,441.66666666666674,-3.6005397437516207
2023,621493,409,2.840773524024493,823.4852564102563,815.3333333333333,-7.915883762150445
2025,656775,498,7.017275141497828,1152.955855855856,1133.666666666667,-7.8359882372082215
2023,621545,160,-2.8496141540383872,364.2761904761905,357.3333333333333,-0.7915815347569116
2022,650391,327,15.779258665605497,681.5807728665909,235.33333333333331,-11.431542513399283
2024,596103,212,-7.574044935745111,637.2011810145343,614.0000000000001,-10.627684379571706
2024,519317,459,4.411743686675786,945.2517686557759,0.0,-11.345614507185232
2025,656305,535,17.178197048502668,1109.9153280542987,1080.0000000000002,11.391749417083165
2022,666182,697,17.8547247275769,1382.6877779691881,1289.0,-11.897049969012238
2025,676914,227,8.740879953830234,522.9838932054292,343.3333333333333,6.41058688297978
2021,662139,315,3.5384096866703496,662.0236756392791,619.6666666666666,1.936272490154888
2022,501659,37,-0.4576160910096436,87.22171083421085,74.33333333333334,-1.0112984352202192
2023,661388,611,14.99695145432677,1213.4110841157697,939.6666666666665,3.680743780750661
2022,643265,469,6.18636569597489,970.3889105367814,362.33333333333337,-5.427419174964914
2025,650968,168,-4.971165027460927,415.29451315504275,356.0,-1.1267801448176722
2021,444489,202,-3.591206177706314,564.0730671406217,543.3333333333333,5.540491918331034
2024,687093,114,-9.678822920774014,249.22580645161287,234.99999999999997,-0.29265073147041587
2025,683011,596,-11.191202984062672,1344.0,1344.0,10.037147561319848
2023,446334,237,-5.745007442867109,535.6569585226202,300.6666666666667,1.7201381570753345
2025,663743,242,-6.013157842313232,720.7050885598142,701.3333333333333,2.7919025838752436
2025,650859,541,-16.6468652408542,1093.7774970963997,1040.3333333333335,2.4899752107293738
2023,694497,75,8.121834916108407,164.75,158.0,5.009812544601897
2021,605119,264,-2.2875366364067533,556.5768529079039,542.6666666666666,8.903948770303767
2022,683734,555,5.295144189042104,1089.3945159120158,625.6666666666667,-9.406561592542072
2024,686469,554,5.750069457109996,1119.2469960672747,890.9999999999999,-7.3965715032045765
2025,663662,42,-3.145900185421546,146.57154213036566,142.0,-5.855266747343903
2022,596748,388,-17.79682154130319,854.33675158412,811.0,-4.580134647205799
2022,457705,580,0.966847083213364,1168.1550444970103,439.99999999999994,-3.371594743157071
2024,607208,539,19.437208073370115,1039.7567567567567,1013.0,-13.897062464637672
2022,681146,187,-8.57945728113659,404.27272494092773,326.0,-6.96218611286287
2022,621566,699,17.87563828171416,1437.3333333333333,1437.3333333333333,2.6540651023534645
2022,542364,371,-0.709198873261506,914.3174385344007,680.0000000000001,-16.398322892700758
2022,502671,651,64.03834426450433,1311.6411729410702,1052.0,-0.0618546525396213
2024,665862,621,17.37531505681637,1285.225806451613,1244.0,-13.02581346515613
2024,572233,552,10.930494370632372,1118.6297506966616,1077.6666666666665,-16.208117840420794
2025,807799,205,-3.0088821717694527,430.9675553038329,47.66666666666667,-7.828611172569051
2025,663656,597,29.74653687099967,1172.4212280064417,954.6666666666667,-9.206305736594711
2023,668670,365,-1.833468162798968,839.6571830616122,807.3333333333334,8.557013089461064
2021,661388,185,-4.607014006337095,424.23110725979996,405.66666666666663,3.676867699364767
2025,608369,445,14.365427855543453,888.2888708635013,723.3333333333333,2.606587996446913
2023,669397,329,-16.589116125376883,800.1813791094626,768.6666666666666,26.682243467243275
2022,608671,64,-2.3300271361696048,327.64102564102564,319.3333333333333,-12.10491041604023
2022,676946,22,-1.6608438762114246,43.65633484162896,28.0,1.6520355445978114
2025,680577,88,-11.91545270678279,364.9194577352472,360.3333333333333,-10.271603488591676
2024,660844,86,-1.776904899285121,276.69166666666666,274.6666666666667,-3.2526082956947864
2023,656024,53,-2.594879899338941,171.92793068127415,155.33333333333334,-0.7505312167929094
2021,543432,16,-0.8193484506351169,73.3089430894309,71.33333333333333,1.005223859922271
2021,640461,233,-0.76110881938851,611.3511113757244,592.3333333333334,-5.8934774558933185
2022,593643,159,-5.506941374787387,407.9525681291108,364.6666666666667,0.11753315782898666
2025,687263,554,14.748435706652106,1090.643977340489,1067.3333333333333,15.938399554632204
2025,668227,709,27.803654886706713,1424.0137859720762,1344.666666666667,-8.62854658836478
2022,676694,160,-6.275724831911914,423.2528735632184,417.66666666666663,14.903012794528703
2024,665750,529,-7.773455902267974,1257.0325853068503,1196.6666666666667,-1.2643637664847223
2025,676801,116,-6.786469588633321,560.8141891891892,553.0,-19.841759737320668
2022,621035,454,2.089917558267241,910.9689223305022,846.3333333333333,5.450194114785259
2023,680777,335,13.360743021797196,718.7689474178445,629.0,4.621864826482227
2021,595777,412,-5.303399492017704,814.7462698112057,657.3333333333333,-6.347897126382964
2025,671286,77,-2.354565860176929,188.6912763661863,133.0,0.4812974633466789
2022,656976,277,-0.964456386947754,600.6440932947675,443.66666666666674,-7.227182032008206
2023,595777,521,-15.494950553752371,998.1985055918688,789.0,-3.6183078499919374
2022,669003,68,5.336686018195394,245.66666666666669,245.66666666666669,-10.851716167770983
2022,516782,505,21.385963403441703,995.6770218222424,951.6666666666667,-14.125877334971904
2024,668901,454,19.158360009267533,917.6447734589848,699.6666666666667,9.296048679839638
2021,543063,549,29.85905420881254,1197.946638655462,1191.0,7.297394979726176
2021,543228,371,-5.139773420051816,809.8353149405405,744.6666666666667,10.918559643483054
2021,669242,683,-2.1134417138712163,1468.9935897435894,1464.6666666666663,7.090212644898708
2025,666181,253,-3.317179537061464,637.2881648740052,602.0,14.02290944481334
2024,694388,262,-6.091939629141623,698.6987793410394,682.6666666666666,-7.393876547378774
2021,656371,278,-15.957590831448437,641.7983270198899,597.6666666666666,-3.1590513625046874
2022,641553,260,-7.023785604036424,961.8162960306074,947.3333333333335,-3.4020536985495156
2022,623205,349,-16.383391678180978,889.9222741580493,799.6666666666669,23.907075838397038
2022,622168,60,-0.1855523251171763,159.24922758022586,126.0,-1.749044427858077
2024,676116,111,-6.161703683737126,258.41820529145446,234.66666666666663,1.8595150488298153
2023,605119,361,-7.705316731284929,743.7065522197101,682.3333333333334,-7.270978052230735
2024,650333,672,7.821201076782682,1333.8606574773842,906.6666666666666,-14.526628424745704
2025,691777,220,-4.899698284887599,511.0450450450451,506.66666666666663,-5.169374049666257
2023,596847,117,-3.5203219283087095,275.53036149063314,137.66666666666666,-1.6480310047057762
2023,572204,179,-6.484286824481293,517.4146151309197,491.6666666666667,-11.883376047583528
2021,668804,646,37.71215449064477,1289.265486738358,1207.0000000000002,20.485994760930204
2021,501571,324,-10.280263767342849,1028.6666666666665,1028.6666666666665,-19.638744577860173
2022,621439,382,21.52033811034526,771.7221915034982,489.0,4.42423187802965
2021,621493,237,4.490144694875263,447.86742424242425,428.33333333333337,5.458242636864072
2023,444482,422,-10.566694789926421,1011.1931108889769,905.6666666666667,10.161711251832344
2023,620443,30,-0.5181270212697763,62.9769587739402,17.666666666666664,-1.029861805275339
2025,666971,546,-1.6080758559331114,1124.0688149688149,1011.0,-11.336698521188715
2025,672640,594,-4.069357167615871,1258.0,1249.0,20.193703509862928
2023,656896,283,-5.523910717097725,713.4058897608885,642.0,-7.554497715729953
2024,642180,156,-2.7327289731006776,531.6608529929155,509.6666666666667,-9.532007236592912
2025,595978,180,-11.28444242035676,446.5525777705428,383.33333333333337,5.448977811694853
2024,670032,445,-9.951223638935975,1033.8323540706606,1001.3333333333335,-1.8225372925371401
2025,650490,651,30.19753046897381,1301.506775744058,310.0,-20.76642527276524
2025,669720,416,5.591584558990483,853.319845477055,505.33333333333337,4.080436122542931
2025,570482,197,-9.417235820583635,450.56410256410254,435.3333333333333,-10.564148140234845
2022,624413,685,33.31789524574884,1384.4268227033947,1130.3333333333335,-2.7394112688612284
2024,686527,188,-2.8219815745607497,455.496161651486,411.6666666666667,-1.7043998969745662
2023,682848,204,-6.182162578451026,415.2983785822021,400.33333333333326,5.137279406638887
2021,614177,231,-0.3460342382228587,509.1316891110507,76.33333333333333,-4.12206992713517
2024,677587,442,-9.518547827678194,1186.771044546851,1174.6666666666667,5.840617824216728
2022,605170,314,-7.748285281464246,721.0481108198499,688.9999999999999,7.212759065150245
2025,702284,257,-5.463357609512556,618.2985986881336,590.6666666666666,-7.620657211390633
2021,592859,70,-6.437541133847972,184.1952380952381,178.66666666666666,3.717168597283589
2023,656371,26,-4.091587881160758,70.0,70.0,1.4542658064819758
2024,663527,278,-5.848062490310282,646.789279348103,568.6666666666667,-0.3927456429453171
2022,658668,174,1.0607995149244163,350.20744807344295,172.33333333333331,1.7423222509556746
2022,488726,277,8.388199157458537,566.6646493782059,214.33333333333331,-7.629323065973264
2022,672580,23,-0.3859853058590435,60.64157014157014,52.66666666666667,-1.110252224362457
2022,669023,41,-3.3778833012487297,118.97560975609755,117.0,-2.7888410729011235
2022,642451,5,-1.5294269864228869,16.30456989247312,11.666666666666666,-0.7582401815332397
2021,663647,396,-7.540883594031956,773.1822949052771,754.3333333333333,26.34010804482014
2024,663897,52,-2.316909893992293,120.04484616998047,89.33333333333334,4.403150754060788
2024,681624,443,-0.8820020083486146,994.0246293639409,989.6666666666667,9.755270859517179
2021,676480,56,-2.5539920946539283,142.5200506810263,132.0,3.0985825610225985
2025,665489,680,26.087382349141492,1338.281831366971,1139.3333333333335,-6.78573598484911
2021,668670,120,3.263626611625776,318.9313725490196,309.66666666666663,3.3809569185329265
2022,660650,125,-1.7361151379210567,284.42147212952165,263.33333333333337,-6.484453038436252
2023,656248,43,2.398732566581567,108.22620245405868,97.66666666666666,3.8128598383360823
2022,676391,179,-14.768559235802215,402.16742784070146,381.0,0.7964120781958117
2022,671277,377,0.20474759621763194,793.8409090909091,792.0,-6.854291372337852
2021,663538,170,0.5851204202113631,404.5833333333333,402.3333333333333,4.679579550547272
2023,667472,70,-2.3738186438685394,157.51351351351352,140.0,-0.5348050588583232
2025,669236,183,3.585062833320732,342.445139335388,155.33333333333334,13.03170176080215
2025,690976,97,-3.045982069503471,259.6666666666667,259.6666666666667,-0.221861737774815
2023,678545,94,-2.986110326790809,274.3089430894309,272.3333333333333,-0.6497327374458898
2025,669065,457,27.212026004652493,1001.4874522881357,913.6666666666666,1.0808532642003825
2023,656185,28,1.0614505271937515,107.41232492997199,100.33333333333333,-3.0639653965107883
2025,691785,136,-2.520994074109137,404.3333333333333,404.3333333333333,1.873949144773054
2024,596117,187,-4.472887677307748,453.79824561403507,451.66666666666663,5.312715694339747
2022,667670,36,-4.32538599031541,79.02921609999085,32.33333333333333,-0.14689022884610836
2021,444482,538,0.05266620358230156,1151.302456069004,1034.6666666666667,35.94101986590569
2025,605361,111,-5.108753484795045,265.87295628482195,136.0,-4.758806157594371
2022,641680,450,0.6710327884073264,959.7291368551837,847.3333333333334,1.5057154846023673
2023,682622,123,3.7065304236802303,272.3333333333333,272.3333333333333,-5.460490607097649
2022,643396,531,-8.266960665137194,1216.314728623839,1182.3333333333335,-10.046236500415109
2024,596142,280,-2.4023195062975753,614.9982059838117,264.66666666666663,-2.5017623066801087
2023,660757,180,-9.784583137684699,411.2346836015029,266.6666666666667,-2.773469775961825
2021,621450,60,-9.039051331343032,134.30341724272856,127.0,4.994450943714302
2023,685133,64,-1.7866876429449174,134.20034067681127,111.99999999999999,2.3814779754679023
2024,682073,58,-1.3196227306012043,128.8330080287929,93.66666666666667,-3.318102504747062
2025,687551,109,-5.216367725400295,299.70545481350433,283.6666666666667,6.872183178909383
2025,670224,217,-4.094004457535472,467.77133689561015,412.3333333333333,4.85792823737461
2022,621532,59,-5.41855892833081,139.2495904995905,125.66666666666666,1.1155209449802028
2025,666624,305,-3.8729731605799618,660.2753942833677,385.3333333333333,0.7391162228140833
2022,640449,45,0.27231847181374214,111.42020390480756,33.666666666666664,-0.6469026876942388
2022,607054,328,1.565623797883355,803.9969684228466,742.0,7.746666697168972
2022,621028,309,0.2755740283015711,672.1705128205128,648.6666666666667,-4.232662822787148
2025,666464,56,-3.5671960494494366,105.56796028769713,51.66666666666667,7.13092294067482
2022,606213,83,-0.5670633369640523,194.496099052678,86.33333333333333,-4.784897288961572
2021,680776,100,-4.630763470636134,253.08028293545536,244.33333333333331,-7.660402716636407
2021,596847,290,2.266804510646831,626.0341550402932,529.3333333333334,-8.009328465085344
2021,665482,62,-5.904668994477696,161.41470588235296,149.0,2.249737725897289
2022,571602,37,-2.7106832787071493,82.42385626179194,43.66666666666667,-3.4036893525470946
2021,593428,590,24.724823358709383,1224.5403259311433,1148.0,-5.383528720967915
2023,642137,46,-1.033542678096399,103.15459316012522,66.0,5.667050087657403
2024,686681,356,1.417607466291437,777.4151401403662,597.0,7.6141746051205565
2022,605131,212,1.0074419386356799,496.9403162956514,486.3333333333333,5.147929676581601
2022,664774,251,0.6828856498575036,542.6805358399225,390.66666666666663,-10.572126101541173
2024,608336,260,-6.534035768561797,644.4970646470646,608.6666666666667,3.034372856097554
2025,645305,23,-1.8718730651520437,51.87525987525987,37.0,0.2624438155420623
2023,686894,410,-6.563305600334993,1013.5097568035866,969.0,8.517885755673507
2021,571431,40,-4.598259208930487,84.85020179826832,33.666666666666664,0.5963224043428891
2025,683357,27,-1.0581762589496826,78.18277893277893,62.66666666666667,0.797653299685269
2022,542340,220,-7.306714593515734,502.05352011494256,482.6666666666667,-14.490735860875924
2024,669699,67,-8.118061643151062,171.3852813852814,152.33333333333331,4.129899522569774
2021,621466,305,1.4124055112386964,690.8633601927129,491.66666666666674,-12.49067321352582
2021,572008,50,4.553067773949973,112.16829225666794,85.0,-0.41616196549093676
2023,682617,45,-0.8313434509716073,119.61594202898551,114.33333333333334,-0.24848984303906707
2021,545358,312,4.879425403764404,750.62,749.0,1.8612840174145289
2024,673995,49,-5.144231996866944,193.1985240249946,177.33333333333334,-2.321582764840577
2024,678554,132,-5.248821815987718,304.1819852941176,286.0,1.9939789129005803
2023,691718,19,-2.874625954072722,81.33333333333334,81.33333333333334,0.35912722987317713
2025,678391,66,-3.9041636293197612,234.33333333333334,234.33333333333334,-7.406431834662943
2024,622268,25,-1.6659283288170625,64.12121212121212,61.666666666666664,0.9356641884353183
2021,664068,19,-4.275615564023562,85.89645550527904,72.33333333333334,-4.621937762020432
2024,672279,334,-7.2798662411876744,1024.6666666666665,1024.6666666666665,12.133000582828908
2022,656180,155,-8.179051069255806,377.33077416806555,352.0,-0.8127618652446289
2025,671083,32,-4.815253862875315,78.93002595775152,59.66666666666667,-4.2383440719042405
2021,608701,136,-4.774614294342215,364.38928571428573,356.0,0.9444226040986665
2022,641505,91,0.04450899595404656,286.6666666666667,286.6666666666667,-8.62563594428204
2023,676480,149,-2.970765611792225,367.5311403508772,348.6666666666667,0.091416090159954
2022,624585,306,-3.5317154716701866,597.660219645359,430.6666666666667,-9.909877703112004
2023,676356,45,1.0437539168649774,101.92679392511039,74.0,1.179451320666235
2022,613564,111,2.286596235780754,313.98156213704993,307.6666666666667,-3.419077131689283
2025,670092,43,-4.852786737149401,95.99148250046377,5.0,0.8723275660308659
2023,676070,9,-0.48732055396886514,20.413052386572254,1.6666666666666667,-0.27826990099127147
2022,681481,113,3.7692675155102213,256.1673290937997,144.0,0.3432253800356532
2024,592178,155,-5.1745164757854525,305.6943373854844,130.33333333333331,-5.794575469015184
2021,641583,46,-4.011422824944892,105.3655038224187,88.33333333333334,-3.9395142964921295
2022,683021,69,-3.6981773185866302,159.36627252252254,147.33333333333334,2.5669449078903
2021,609280,162,-4.428801873478136,365.92990008003017,317.0,1.2947338085502054
2022,678894,4,0.2470200011594512,9.0,9.0,0.09194369771525192
2022,501303,110,-5.616546877310746,249.2571322985957,229.66666666666666,3.788756260808385
2022,663853,109,-4.757733170850688,247.9580670426065,238.66666666666666,-4.217997630240654
2022,670042,72,-1.9523254954775964,182.9215782252818,146.33333333333334,-4.923528200487372
2024,645801,62,-6.440857916335027,128.28200434278847,17.0,-1.044529651375127
2021,656185,48,4.947657338712187,96.31428571428573,94.00000000000001,0.7540193634489575
2025,663967,16,-0.6353888655921006,63.245952380952374,55.66666666666666,-0.9512608684733496
2023,669450,26,-2.5152620981982565,56.883366944677434,2.666666666666667,-0.7051670065666187
2024,676439,14,0.133258784007091,37.864583333333336,35.333333333333336,-0.05308796995236652
2023,669392,69,-2.277908808643406,153.8868031109215,100.33333333333333,-4.539853473017289
2024,660636,8,0.7682583694873742,27.729166666666664,22.666666666666664,-0.3659527222994834
2024,808982,158,-4.452400408666094,311.0,311.0,-4.5034168210954375
2021,656896,98,-1.5919227552963071,243.0,243.0,-1.4415969732605038
2023,594777,174,-3.443574420425762,359.84620499277634,242.66666666666669,-5.629609011642008
2025,686452,55,1.9816908649448994,128.40787470623312,106.66666666666667,1.1473993747104323
2021,606115,89,-5.719802674246876,218.78719838526865,177.33333333333331,2.6139408186667774
2025,663536,23,-3.418267134494422,58.333333333333336,58.333333333333336,0.8320929872958016
2023,641531,91,-3.9174937687735603,217.69347618025822,193.33333333333331,-5.02415019829716
2022,608596,42,3.786210413892568,102.36330532212885,97.66666666666667,0.5276097263584965
2024,669326,12,-2.0551707520312466,29.0,29.0,-0.6351559478585576
2023,647351,21,3.9533448809373706,58.26572877863201,38.0,-2.9557650783812304
2025,518934,142,-2.066044447480939,317.3726987857423,294.3333333333333,-7.510828880250256
2025,663731,19,-2.9990062721793453,47.255855855855856,39.666666666666664,-2.130597187020459
2022,572863,11,0.6384318461007845,48.083333333333336,41.333333333333336,-0.4459850017141188
2024,493329,65,-1.6461960618438631,143.6123624816821,94.33333333333334,-0.9092270821011319
2025,665877,70,2.434879866442165,191.47094594594597,174.0,0.3032480957427497
2023,679845,68,3.910408033316846,126.94471065312558,74.33333333333334,0.7983442019676856
2022,608686,74,-4.6667589098564815,154.91358677333355,105.99999999999999,-1.3784651171425137
2022,664314,35,-3.640969694166526,131.475,119.99999999999999,-3.7764592342169516
2025,542963,7,0.2268854314437312,17.333333333333336,17.333333333333336,-1.048162626573246
2023,614177,65,-5.260371460487254,143.81882113296905,38.333333333333336,0.10213708425298285
2021,451594,21,-0.16532570458782192,50.595238095238095,48.66666666666667,-0.6627309632181055
2025,669134,27,-4.169221000350916,59.26640025859126,0.0,-0.7113593995372751
2023,572008,25,-3.8597394350727305,87.66666666666667,87.66666666666667,-3.3009183959300765
2025,663796,10,-1.0607139339241283,25.666666666666668,25.666666666666668,0.17780032587331274
2023,679563,0,0.1692801448235094,0.6666666666666666,0.6666666666666666,0.2538429197018647
2025,677941,5,-1.131329359701804,55.66666666666667,55.66666666666667,-2.784332363534051
2022,664119,16,-2.3303593123266033,39.7594696969697,27.333333333333336,0.7142214316586917
2024,642851,20,1.7786194662956167,46.207336523125996,34.666666666666664,-0.5646467753228841
2025,672012,13,1.0576812210717221,35.78787878787879,33.333333333333336,-2.537667945352788
2021,461865,64,-6.486672954717406,150.22674547964795,135.0,0.5788895168172634
2024,669743,113,9.564705667735375,277.18918918918916,275.0,4.3807332402962516
2024,680769,8,-1.2850003045053133,23.0625,18.0,-1.8171378117834989
2023,444489,12,-0.793297615606892,28.569081686728744,7.333333333333333,-0.26781941745623
2021,453527,2,-0.9040990971178914,4.513931888544891,0.0,-0.054179566563467486
2025,622534,20,-0.3206392512726943,48.0,48.0,-1.070648843029233
2021,656413,17,-1.7416914968658497,62.8924485125858,58.99999999999999,-0.2049996148472879
2023,681962,21,-1.4976714703786036,60.86287878787879,52.333333333333336,-2.812594818477284
2024,681584,37,-0.18984979706503197,86.22527158376215,77.33333333333333,-1.2978447897494667
2025,669374,21,-0.8491504215946781,48.46428571428572,34.0,-1.2089016901331613
2021,572204,35,4.0271187739165715,87.48318551367332,83.66666666666666,-0.9140272767312008
2022,670097,13,-1.6362690970505298,41.24242424242424,36.333333333333336,1.3524932059199768
2025,682515,9,-0.4247223014722131,34.0,34.0,0.44638573048581975
2024,664059,16,-2.3401829455808834,60.0,60.0,-0.6899526881898934
2022,607680,13,-1.9048226231242356,39.0,39.0,0.3224345558318651
2025,691907,7,-2.2370159035799815,21.666666666666668,21.666666666666668,1.5410156072609236
2025,691011,3,-0.737864791484424,6.363305322128852,1.6666666666666667,-0.02735762168075295
2023,672744,17,1.1628476515632151,26.484234234234236,8.666666666666666,-0.0761200518947386
2022,681526,15,-1.4218599266952316,50.333333333333336,50.333333333333336,-0.8194965491877741
2025,553882,10,0.335212430003375,25.234234234234236,18.666666666666668,-0.4847977386340277
2022,519306,19,-2.983599893332747,44.59649122807018,40.33333333333333,-1.5277551892206769
2025,676551,4,1.606217210107329,8.666666666666666,8.666666666666666,0.5678470482640252
2022,595375,4,0.08527339878224638,11.382352941176471,9.0,0.6226579697447719
2021,668723,7,-1.2236676382414577,13.015151515151516,9.333333333333334,1.4164835969537166
2024,675915,1,-0.241848307398047,1.9285714285714284,0.0,-0.023148148148148147
2025,675659,2,-0.48988539506027073,4.1891891891891895,2.0,0.2329343453908604
2025,702358,4,0.35998161155805763,26.0,26.0,-0.3595911841580753
2021,624407,0,0.0,1.6666666666666667,1.6666666666666667,-0.09410107582039226
2021,605412,250,-20.86321131429245,531.7929145996966,322.0,-5.489976172574907
2021,408234,498,-12.144238366494122,1046.1900134751227,361.0,-17.987878865526305
2023,670042,406,21.176904851456186,979.315567614214,830.3333333333335,-4.070012321700506
2023,696285,121,0.47695578234724856,280.66666666666663,280.66666666666663,-5.759389206441517
2023,519203,421,-1.2232805307372832,865.4803921568628,804.3333333333333,-1.6866127457946591
2021,666182,677,32.52150916601136,1363.3038156801,1217.3333333333333,-6.0236606598513935
2024,672761,423,-1.1381631257976057,1011.228754456328,987.3333333333335,-3.3390482031458495
2024,657757,501,-8.884589704677442,1079.548617070533,668.3333333333333,-16.237891042929732
2025,686469,682,11.59255194054985,1391.8496184898418,1032.3333333333335,-14.92990541492168
2025,677594,710,28.136224961876213,1413.1169193583828,1390.3333333333335,25.9637985917757
2022,680777,236,-4.299642191610454,539.541680341139,465.66666666666663,0.7660567672840675
2021,467055,86,-2.449387835808582,204.56052463275722,25.0,-3.2062097882551335
2023,664983,312,-2.843798169951298,676.4558764145654,625.6666666666666,17.50546393202846
2021,605141,550,21.7218569908257,1092.9416666666666,1079.6666666666665,-10.650393833864928
2021,666185,610,12.181398401265568,1188.8649952944093,1111.3333333333333,1.9140579409143959
2022,669242,630,13.340284531026825,1399.000626566416,1384.3333333333335,6.012584732467834
2023,592192,507,6.372448955289455,1159.421016867355,874.6666666666666,-14.651379945887017
2024,657077,621,-10.036734612390843,1274.2601626016258,1268.3333333333333,9.898532047342092
2023,666182,601,16.102340597302494,1181.105755984074,1081.0,-4.634869174423846
2023,672284,416,8.366618232564823,965.5119047619048,943.3333333333333,-14.305374115621147
2024,669222,267,-8.771901497226976,615.0165037446757,458.6666666666667,-3.535444754049551
2024,669065,209,-6.841745227634193,468.7024103020233,417.0,-1.0187906826780626
2024,643217,522,-6.25387797810357,1123.5205357142859,1073.0,-10.691269395232434
2025,694671,573,20.331417843466685,1122.316581229335,1084.6666666666667,29.925926544321747
2024,572191,300,-12.025337891303817,747.8065169065169,727.3333333333333,17.165212297734936
2023,607043,682,24.321877883662346,1307.0463784183294,1214.6666666666667,2.197974235729241
2022,621020,696,19.556170843931234,1432.2342342342342,1425.6666666666667,9.700712426493379
2021,467092,129,-8.533947852203978,375.7006747638327,288.6666666666667,-1.0115597624493096
2024,683011,689,-5.993662726459362,1422.333333333333,1422.333333333333,15.395346929018913
2025,694388,104,5.271711035857011,265.8669786638989,233.0,0.10370973276401041
2025,660844,111,6.614055988647454,360.44305153750156,339.66666666666663,-3.5973259867368577
2022,621493,564,28.602416722478694,1139.3879953379953,1101.6666666666665,-1.8057613460169666
2023,607054,430,-12.65188887923484,870.9447864044165,788.3333333333333,6.124330605746888
2023,624585,580,15.341004609439327,1171.586630357968,117.66666666666666,-9.105278276194106
2024,669134,299,-7.322398308035297,668.437664637541,638.0,2.8736619547791746
2024,668227,648,14.604908632396512,1336.4042860112163,1251.6666666666667,-0.45205847189650905
2025,805300,234,11.789326441991154,458.06410256410254,447.33333333333337,17.233727398598962
2022,656896,359,-3.9727121709273074,825.9866699300434,760.0,-0.24973966943079873
2024,691011,53,-6.050869897079595,128.1470588235294,121.0,0.29588375734199046
2024,668832,157,0.022157270462600742,342.26365975473857,267.0,1.660389344899491
2024,641857,645,-7.308695003600835,1321.0833333333335,1278.3333333333335,12.103921240695007
2021,570256,382,-11.658252807929394,816.6444663925315,768.0000000000001,7.5945249372724035
2025,681624,624,13.19658961614681,1596.2766666666666,1584.6666666666667,-1.694328959750873
2022,663538,517,14.486924534966036,1172.1891891891892,1161.0,18.97605720905097
2022,662139,592,11.082763879136804,1194.2704763307784,1070.6666666666667,24.015723902815274
2023,683734,615,-2.1476173472785693,1298.0154635572028,1184.6666666666667,-22.13281375635971
2022,594777,424,-15.252971890772269,931.2700894463094,761.0,-9.7386255283822
2023,408234,370,-5.426864987962997,781.8230896537175,0.3333333333333333,-9.226399695167682
2025,676116,59,-4.071273739618591,147.91935424418324,110.66666666666667,2.491603780787967
2023,669200,1,-0.18129167955056225,53.33333333333333,53.33333333333333,-2.1550474815234164
2021,519203,567,13.787894778231886,1185.9777849070294,1134.6666666666667,-12.316270227919881
2021,542340,505,5.075505945406297,1076.044443981914,1043.0,-17.268070936115784
2025,686676,40,0.3297054274571334,106.46103547346078,88.66666666666666,0.30771188838437
2021,458731,452,2.272478709939012,1115.5379310282501,1057.6666666666665,-1.9405172948544007
2021,656847,227,-6.540523306352825,533.1322190361799,494.00000000000006,4.376517217662046
2021,664774,381,10.534890826910537,859.548815132835,756.0,0.2537657660646149
2025,657656,488,23.282065730567105,1118.6960933457854,1034.3333333333335,-16.355369234214102
2022,620443,166,-6.6658877781729835,352.1754897036041,243.99999999999997,1.0316088524816727
2023,643265,457,-6.86668146812856,944.7718100037387,609.3333333333333,-10.443171324347386
2023,608596,159,6.336844872620759,384.6469679662876,353.0,0.30641849056680953
2021,519048,242,-4.516405604363731,523.6851360050854,53.666666666666664,-5.431687681272937
2022,605548,117,-8.2448866072489,858.8421230561189,853.6666666666666,-24.270738904957426
2024,608324,634,13.15877668894828,1261.936240842491,1193.6666666666667,15.122330209763525
2025,677587,383,-10.222945770876677,917.2283080150901,897.6666666666666,-0.6978311854476873
2022,663647,560,-4.9831358205818335,1125.6457442776523,1062.3333333333335,51.347877426678025
2025,642180,127,-4.916617377495688,398.3354740189106,387.0,-7.746524733134303
2025,673237,567,-7.767887057936353,1228.0001284403747,1002.3333333333333,3.604920810403071
2025,521692,641,-6.7068605395100915,1335.5391106430502,947.6666666666665,2.228599067417987
2023,502671,687,21.46743291956782,1331.4676588797117,1107.6666666666665,-6.873858840416238
2021,592192,609,17.590090593623994,1176.3131578947368,1123.0,-16.093384368612377
2023,608671,287,4.420992867597814,727.7554514113338,708.6666666666666,-11.44069556210593
2022,668804,614,21.447272410678025,1228.2231845405126,982.6666666666667,-7.892622695461434
2023,671277,482,-10.346111750832243,1047.3333333333333,1047.3333333333333,-28.718027728361054
2021,621566,658,43.35148658281557,1372.949739212897,1337.6666666666665,5.640970607589118
2022,665482,347,-11.706390560453384,856.197239724679,822.0000000000002,9.578352404980224
2024,656775,499,7.378989906840404,1234.206011135359,1223.6666666666667,-19.97129401775274
2023,605141,693,57.14754863559861,1455.197021276596,1432.0,-10.37615498809124
2023,643289,492,0.5319256848431299,964.0045339114419,924.6666666666666,2.6501517892458306
2023,664774,519,11.310132121420343,1143.4704874178926,1078.0,-9.832149248787143
2025,542303,592,8.424437476903005,1208.9197707653948,0.0,-14.510353901505072
2024,656305,647,22.049130177585965,1329.681465821001,1316.6666666666667,10.836098989168246
2021,607054,293,5.6491549170508195,755.9169384724263,722.3333333333334,-14.762346517820548
2024,691016,213,1.9526895232048325,461.9149010277582,426.0,0.9470331866106267
2024,650402,665,7.243763895010046,1343.3823529411766,1341.0,-5.331709688792359
2025,650333,675,4.000104201906142,1337.963354477648,1085.6666666666667,-17.0117699352987
2022,676628,61,-5.623269381186205,137.8880803880804,122.66666666666667,7.659694881783985
2023,593643,90,-2.467549677904596,267.1212121212121,264.6666666666667,2.5050922329305747
2024,666160,418,-10.10605501864179,925.2238021572402,803.0,8.531304228007356
2023,621028,253,-6.524429520837748,562.4446032873287,471.66666666666663,-8.168318851200933
2021,605170,356,-13.771363014893513,818.6841736192339,763.6666666666666,3.908801102695036
2023,663853,97,-4.009750323203419,243.1186926304747,229.66666666666669,2.1991612999601076
2024,678009,296,3.1229164606145137,673.2884927373898,639.0,11.460412880733687
2025,807713,437,0.8340238106390823,1070.4009463404814,1057.6666666666667,4.392941810964299
2025,660821,497,-2.3109115756154397,1184.8760448418343,1142.6666666666667,1.1599303119946638
2025,572233,640,-0.4085371058246672,1344.0,1326.0,-14.193437482893462
2025,808982,617,8.675525451519007,1271.8932062561094,1259.6666666666665,-15.685928820141982
2022,669397,326,-12.658931714331661,770.9311005038139,735.0,37.37141136543899
2022,670242,65,0.893657063212915,150.35833333333335,139.33333333333334,-3.4728704376999593
2022,642715,617,10.450952000532546,1215.5225225225224,1195.3333333333333,10.990347585710248
2022,621450,116,-2.858905146775471,260.7867117117117,250.33333333333331,-4.940928555498683
2021,664040,599,35.83371243499565,1164.6032308734218,1083.0,-5.343214549196204
2021,641553,135,4.861632198214864,322.64761904761906,320.33333333333337,3.795653301311633
2021,502671,670,33.52687811076704,1341.8210023148845,1302.0,-8.759836665573276
2021,457705,574,6.0859158814761685,1159.1401978693384,1019.9999999999998,-22.015063147091723
2021,621028,554,-29.36761243224067,1209.1840734586865,1186.6666666666667,-6.16970097163274
2023,666185,255,-2.9363163117986453,554.7614642837461,522.6666666666666,2.9645236053702337
2023,670097,253,-4.624267398085719,826.4035650623886,802.6666666666666,5.416048684789112
2023,663586,715,23.527368650887396,1404.3333333333335,1404.3333333333335,-11.151907007555465
2021,663586,662,31.642847243732657,1431.072910119422,1427.0,-2.376585641523604
2023,658668,385,4.035840521493244,796.3826964157148,328.3333333333333,-9.024611516617329
2021,671277,247,-9.733110281752454,558.8302993210377,550.3333333333334,-4.566962340992194
2021,572228,241,0.15149413365989062,487.6065143132759,346.0,-7.337687493587493
2024,666181,388,-8.555012391969338,796.3230428709456,669.3333333333334,12.583175127069563
2025,664059,182,2.6494581456097963,497.91839396361456,417.6666666666667,-19.44108854008013
2022,661388,376,18.13361605019732,816.9371049998821,547.0,-2.9709920113904498
2024,553882,69,-7.612798583952789,236.66666666666669,236.66666666666669,-3.411829959070509
2023,666163,79,-5.880344793965469,189.26359331802243,148.66666666666666,1.7953462557266562
2025,686780,389,-12.539761057932651,929.0454027355624,906.0,9.369893066920287
2023,595453,172,-6.53763121927805,518.8058213716108,501.33333333333337,6.102307975951712
2021,572863,68,0.42562182433304546,170.39583333333331,165.33333333333331,1.9338054023568088
2021,641680,285,-15.4197168633563,649.7072159289324,567.3333333333333,3.3491836734802694
2024,666310,389,-9.570149005090904,1004.028622043157,945.6666666666667,9.15589049751102
2025,624424,486,-9.818283153493336,1019.2768575122491,708.3333333333333,5.120719870279675
2021,664983,70,0.23665114258697484,155.26812518985193,126.0,0.3693375087600055
2025,596103,160,-4.596791755379622,476.59678468827076,426.3333333333333,-7.797300749988941
2024,687363,155,-9.689078679915117,391.54586466165415,379.0,-2.710331654343671
2022,595777,658,13.276968352737333,1290.038530653791,1198.0,-23.431521682961865
2021,641505,99,-8.879168246964417,493.07291011942175,489.0,-7.885402146837688
2024,663330,47,-0.004164158105710136,101.84435314994681,56.666666666666664,1.6047667357510371
2024,676914,454,-7.807064963786467,1070.6491370896188,1012.6666666666667,3.1593335947373253
2022,656413,110,1.5748866116302476,388.63790322580644,384.0,-9.350976037069325
2021,516782,512,32.604548139677355,1031.2170542635658,1020.3333333333333,3.7519590374891103
2021,673357,281,15.234765392855184,581.8596491228071,573.3333333333335,6.600104933377931
2021,650391,215,-1.5385819549473752,465.58978099756666,281.0,-9.249225359022857
2025,596117,1,-0.25384271367878797,19.0,19.0,-0.033418915152062745
2023,673357,595,23.803591587812832,1214.9257502963749,1198.0,11.917903109014196
2023,516782,341,-4.652977259829726,723.0119047619047,714.3333333333333,-12.297684108412206
2024,666624,611,-13.541355771545113,1261.1610289303285,540.3333333333333,-4.509495484877832
2021,643289,187,-5.976505658835578,451.3740372156331,428.66666666666663,5.522465044935666
2022,669004,534,-0.3388511530587158,1090.3805610919862,895.6666666666667,-3.531156290010191
2021,683734,447,-3.237201881558795,966.0348058712711,858.9999999999999,-5.221869628307712
2022,668709,238,-7.840872489410737,564.1979166666667,561.6666666666667,-8.908392907253793
2025,596019,732,32.0546007083261,1378.6694834133637,1346.3333333333335,6.725851589634265
2023,621532,13,-0.4616396655675281,39.0,39.0,0.3037286513640706
2021,656180,120,1.0115928937119845,267.3781157906644,226.33333333333331,-1.5781463681115024
2024,807799,421,8.604391771889057,861.1313847194945,9.333333333333334,-10.75958173269155
2025,519317,281,19.873834329868316,583.4778503911389,133.0,-8.27594025558853
2023,663457,503,13.502020575712173,1009.8179597065689,964.0000000000002,21.528114060376502
2021,656541,238,0.692197718688492,449.9853240651197,384.3333333333333,-7.8667848996639425
2024,647304,633,9.476912769009635,1329.8781587462981,1128.0000000000002,-17.368291528536425
2025,514888,654,9.75257744139909,1293.3292526177486,815.6666666666666,-16.61444625248102
2022,676480,174,-15.815100308396154,419.00000000000006,419.00000000000006,-6.395350520256921
2024,681807,392,12.375691242187727,885.9872485077044,495.66666666666663,-8.799977477945184
2023,621035,384,6.402323054961974,693.4327231737334,622.9999999999999,2.03131221759702
2022,596146,446,-0.8943650722810927,963.5291971991846,936.0,3.960347489524329
2021,593643,247,-2.3491973696767623,695.05185772718,631.9999999999999,-5.667594190125824
2024,608369,533,24.287556258938885,1057.301673788833,876.3333333333334,7.989099921428609
2023,572138,105,-6.507004050575073,213.03524572468223,137.0,-0.40760515033381706
2025,695734,351,16.38280495584516,763.4152468890657,607.3333333333333,-4.78957185716286
2021,592885,461,9.265881341181109,941.921379884283,885.0,-2.7717480001477517
2021,606213,249,1.169613109640942,531.6318808652873,22.0,-6.362413192072225
2023,624413,658,13.88129052039735,1330.3731626363208,1250.3333333333335,-1.4541305152699984
2025,607208,639,27.141821019571587,1221.049019607843,1209.6666666666667,4.5683126980641315
2022,572204,255,16.234663471305687,606.7022827657147,582.0,-1.3798063710250057
2023,682641,253,-2.942145925037579,614.5596776734385,581.0,-16.362520609182813
2021,608671,157,-0.23958958585595336,485.44192208807203,448.33333333333337,-8.39815833843102
2023,592885,632,24.49514978488714,1242.1095622195367,993.3333333333335,-4.390012938778845
2023,572041,144,-9.4233196688178,333.74936327387536,130.66666666666666,0.145813127616218
2025,660271,727,64.01173279327497,1409.6267931926193,0.0,-16.919388807181626
2022,647351,352,-14.203493728482336,864.201691963031,691.3333333333333,-0.5166838063363477
2024,686452,62,-1.1028989231167325,147.0,147.0,1.5879503108093187
2021,624585,587,-1.2457716101365113,1184.1002453750084,484.0,-6.635843058902528
2021,503556,307,-16.90337862196897,804.877347083926,782.0,-7.722900741854864
2022,592663,562,27.378944910049988,1138.982364582747,1060.6666666666665,15.902558685867657
2021,624413,637,24.527714161223187,1269.926603586178,1234.0,-3.6307873979547445
2024,605361,162,-2.0946906806406655,399.0053368287872,139.33333333333334,-3.3217425089796007
2023,683021,71,0.7591379306914336,171.73087681929147,123.0,-4.671316129760537
2023,606992,293,-20.77874217982669,741.3463696562458,695.0,-1.5968643050262252
2021,488726,498,11.044623404267606,985.5720304149077,611.6666666666666,-4.022344366091114
2025,680862,111,-4.2132550964772495,247.9096283783784,241.0,1.9185415035610225
2023,640449,76,-3.660292360359703,149.24996508867477,126.33333333333333,-7.712271292715631
2022,641531,500,-10.298738694780749,1078.0986283065563,831.6666666666667,-22.2489882027757
2022,545358,375,-16.950637409691435,869.735144009757,845.6666666666667,5.817075163230025
2023,527038,454,18.65810442121721,880.0277140249615,480.0,-4.51914448161075
2023,664314,71,-1.654589108416061,163.33333333333331,163.33333333333331,-1.899790509216715
2024,676475,595,9.746249707396371,1209.8926029149006,681.6666666666667,-13.350696910718646
2021,640449,205,-4.367439844091997,451.1785766281587,391.3333333333333,-12.349222934470536
2022,446334,298,3.8164070894965296,657.0602663033264,551.3333333333334,-8.02063768081948
2022,656185,134,-5.167937017650968,320.5263157894737,312.0,-3.472856328959343
2025,670032,28,-4.2095653337519146,74.09349593495935,63.66666666666667,-0.6152515971288648
2023,667670,526,17.747576211520407,1071.9309698377633,343.33333333333337,-2.75928473254422
2024,622534,343,-8.404108554276695,749.5137803875083,626.6666666666666,-7.689796763717069
2024,663656,339,30.681707884017705,658.3524452656318,550.0,-3.5934376064155944
2022,605119,383,-5.3508735259566365,831.4446835137394,730.0,3.2652973569270762
2024,687597,184,-11.492774524813766,460.86458333333337,458.33333333333337,-6.424610471506787
2022,593428,631,26.798698759415128,1270.7204391891892,1248.0,3.355296834220206
2025,681297,360,-5.18222794838659,816.4102564102564,805.3333333333333,0.4881495150792756
2024,666971,553,4.048993561865702,1127.013087279917,1077.0,10.15511520424094
2022,642020,60,-7.807874952759384,207.66666666666666,207.66666666666666,0.46628636038430726
2023,656180,157,2.1825466018093715,344.1499666184489,326.0,2.991508383759916
2022,660757,382,6.706940024166084,804.8590603073274,643.3333333333333,-13.144568493672987
2023,664040,436,10.47548469931371,924.4409191143948,877.3333333333333,2.708092813748028
2021,676391,60,-3.060798057504308,301.8347338935574,293.6666666666667,5.26572880900517
2024,592325,99,2.499402648077008,171.90120038446,147.33333333333331,-2.21733296454499
2025,677649,219,-8.481251865262244,651.1788546447307,596.0,3.518133620581442
2023,676694,341,-1.9496088351681755,825.5343626924454,800.6666666666665,2.9980777989851255
2025,656537,149,-2.497435315641188,471.35416666666663,460.66666666666663,0.20952510524276136
2023,669477,277,-15.275479418325741,584.2947298600711,536.0,-12.139208583204988
2022,641943,49,-1.9989998777252347,164.29956975648463,150.33333333333331,-4.522803645359655
2022,602104,445,3.177068065440848,1062.8798401263516,1020.3333333333334,3.051356915324349
2021,607043,385,19.224058673059904,754.0817656134188,736.0,8.311204574277884
2021,501303,209,0.3561333888167235,416.41603898502564,219.66666666666666,-1.6110970708588372
2023,592273,523,8.748448344494632,1084.7064959696538,986.6666666666665,-3.2211779350871805
2022,598265,370,-19.382396111822086,1203.7266106442578,1194.3333333333335,1.3908541993894148
2025,669722,48,-2.544356393976962,144.62537993920972,137.0,0.6521753994275534
2021,643265,250,7.613115452956592,483.5419322800716,331.33333333333337,4.277878123514311
2023,643396,361,-8.914494638670654,940.5251076040173,910.0,7.029665002648217
2025,543807,586,46.48397081172597,1207.212403268702,467.6666666666667,-26.639845738727892
2024,669720,255,-0.03175019640948662,571.0734521639713,511.0,-0.24912820148558223
2024,500743,337,5.47062203398309,901.3823529411766,899.0,14.223114349329713
2022,665828,171,3.3360288048378157,350.8080300371422,303.6666666666667,3.8355386432779226
2023,669003,73,0.984690331649924,168.66666666666666,168.66666666666666,-3.039828573808288
2025,805367,505,-10.612860339155795,1103.427536231884,1101.6666666666665,-10.825742434585717
2025,668901,463,-4.1900711645338085,961.7060323620758,407.0,-9.741102803881702
2022,609280,140,-4.181643644477532,298.3190435330426,151.0,4.597146115634617
2022,686823,45,2.5111130776889,92.1,84.0,-2.259214643344669
2022,543063,458,-7.185283312440228,1004.8368082368081,1000.3333333333333,-8.549156796664217
2022,680776,223,-4.52694307536464,498.8544446439795,439.0,-1.663637342450746
2024,665489,697,48.33548989866806,1394.2035587623825,1132.0,-4.027536350469981
2024,595978,146,-12.758693151780378,359.35738066499044,279.33333333333337,0.49638000645476654
2025,701350,303,16.365441650390622,573.9115549030183,402.6666666666667,-4.6276614246598085
2025,679529,649,14.014409308194706,1353.9263692761424,1253.3333333333335,-6.483221234911892
2023,672580,515,-6.410718244907899,1043.291025641026,1000.3333333333335,-3.606608622046776
2023,621566,720,57.730091142798436,1418.333333333333,1418.333333333333,8.90267378944829
2025,686681,277,-11.999312486910261,653.0901604262069,589.6666666666667,4.319229694077832
2025,683090,70,-1.8287929983560813,247.29901960784312,242.66666666666666,-15.915318739271388
2021,677551,289,11.17932467669074,637.0,637.0,5.178016017159123
2021,572041,422,26.13688381669557,893.2524863913736,839.3333333333335,-2.774633267630456
2025,802415,441,1.3021644554137823,948.385462318899,884.3333333333335,-16.273159323244084
2025,669289,328,-16.567700101057035,831.4279558490805,817.6666666666666,-5.789811511133108
2023,666164,36,-4.49336763605185,88.76895125223614,57.99999999999999,2.7863684045707005
2024,669261,277,-9.819915483786877,869.03125,862.0,-10.391693096712398
2025,621438,341,-6.583547390145797,778.9368008932581,718.6666666666666,27.070314855946265
2021,643396,662,-10.796267997446932,1360.3333333333333,1351.3333333333333,22.150129316444644
2021,670462,5,-0.6880519671234446,9.381578947368421,5.0,-0.3306432553258938
2023,665839,149,1.3444912432261038,377.38859495767383,359.0,-1.655296371926068
2021,592273,88,0.5075577017473204,192.31325783413104,82.0,0.14454479429570366
2021,663457,124,2.044489971389371,303.3744004155015,236.33333333333331,-0.02062535252800135
2024,663967,32,1.7293518213775254,84.45966117216118,70.66666666666667,-0.2062349950852119
2022,640461,379,-7.506044700055613,991.6097797472796,886.0,-17.166689160254634
2023,607680,206,-4.292755749841671,669.7119385330632,661.0,-10.340735969819427
2022,614177,473,-11.070009340020718,1003.9261584581634,110.00000000000001,-9.937573951970048
2021,596748,390,-23.19977367897273,865.3800706033376,779.0,-10.218112098784715
2021,527038,436,6.683497361140603,912.9407271542086,754.3333333333333,-11.964528592318203
2021,642727,255,-6.777130116914061,623.7439240242484,571.6666666666667,7.2628740226681625
2024,650490,621,9.304269966899312,1243.1006123635157,964.6666666666666,-14.895377881189317
2024,669257,544,6.205619126880687,1076.513147493462,1012.0000000000001,14.470709674507763
2024,676801,267,-10.180469099032447,801.3333333333333,801.3333333333333,-10.582236701103884
2025,683002,651,24.62914001617989,1318.8958541143647,1183.0,5.156477351678158
2021,656976,545,-1.443498851378736,1342.4086705828781,1309.6666666666663,-6.074530800180376
2022,649966,472,8.284732950656798,821.492908326418,780.3333333333333,0.39878566281163097
2024,672640,434,0.022875960300787312,1037.1394093927893,1027.0,16.19507965949955
2021,667670,195,-1.8211833132292776,392.9239555677208,156.0,-5.549591584597183
2023,641680,500,3.3055748173851205,1039.771436111797,836.6666666666665,11.31389839045988
2022,572008,68,-5.62709838379696,190.60933075933076,181.66666666666666,-8.462254792597992
2021,607680,348,-5.137609180548922,1077.8577936261267,1036.3333333333335,-32.319713913310046
2025,669743,322,3.619132885320436,917.5998864690964,889.3333333333333,-16.801318576274753
2025,571657,300,-15.256894714126314,725.8933204209676,538.6666666666667,-13.833571602192722
2025,670764,317,-7.754000328932305,732.5,728.0,25.555466808742015
2023,605170,226,-4.224939176971997,512.214393939394,504.6666666666667,2.2380504203456386
2021,666163,92,-5.709305024994808,229.53533026113672,187.66666666666669,3.3959571777558732
2025,677060,14,-2.064328010161594,28.7627144357568,9.0,0.7737079304712026
2021,571448,646,6.281941361992724,1334.3164400711896,1233.9999999999998,26.9398183068666
2023,656541,78,0.26904864798832995,199.8732288037166,184.33333333333331,0.448290245440536
2024,595281,281,-12.50124667422654,844.6198341582381,797.6666666666667,9.816892570098247
2025,692225,263,-1.9742992833190747,535.1239899196246,413.33333333333326,-8.856240307077208
2025,694208,66,3.2707961578785447,146.88800673011198,18.0,-2.127808223712754
2021,608596,320,-4.050093098754836,802.3719147112572,766.3333333333334,3.2678052306286425
2023,501303,11,-2.3074285837821593,23.493589743589745,14.666666666666668,-1.3279431418961005
2024,668904,325,4.5095311570101,673.4068002175393,427.0,7.909242954703197
2024,650859,304,8.391963491597235,596.6576252911989,554.9999999999999,1.596605418850372
2025,592696,8,-1.352391364659952,20.05614973262032,8.0,-0.3447806481341638
2021,452678,352,-6.892403880210831,720.0897087367807,608.0,-12.775625946400016
2024,605346,71,-2.437774178800982,228.66666666666669,228.66666666666669,0.9243132154619391
2025,680574,577,-9.044579424747072,1237.250592697961,1201.6666666666667,-7.6258180231026325
2024,665877,79,-6.426206154436342,226.6466564969199,163.66666666666666,-8.713038217796347
2024,641933,473,17.768629189103823,849.2057140837032,674.6666666666667,-14.700963223439231
2023,621439,347,3.532776800262484,708.9082789597895,0.0,-8.508844226197745
2023,656976,228,-4.970872001710953,473.58573080965994,251.0,-11.567395159316522
2021,621035,582,17.796801862501283,993.5979706355712,951.6666666666667,-2.858234500969341
2024,642133,421,-5.514111407666597,884.9009770254554,659.6666666666666,3.4279759964383665
2025,642851,110,4.078804546341855,257.95465731468244,211.66666666666669,4.730361221126573
2025,669326,150,-7.471502607785333,412.66666666666663,412.66666666666663,7.5115057539950385
2025,666152,194,-6.07691996312156,644.2576855099261,626.0,8.683719836054298
2022,606115,234,2.6168229445798192,588.8157932642151,530.6666666666666,9.952055383800825
2023,623205,94,-3.2187466379319405,425.7878787878788,423.3333333333333,-9.954697956415027
2022,656555,672,21.72243174877679,1339.7288064461977,1304.0,-5.8711061554701
2023,650391,489,3.5844957837178986,1030.7125481208036,79.66666666666667,-14.041115682839077
2024,668853,50,0.5315641342716027,109.52429871470119,69.33333333333333,-2.4498083776166637
2024,663743,335,-15.627747680378107,940.6476190476191,938.3333333333333,8.103064650336028
2024,542963,9,-1.4886747528912008,25.333333333333336,25.333333333333336,0.36842991177884793
2023,571448,612,1.0754051198489645,1218.3758695415895,1035.0,17.752465177306675
2023,655316,315,-4.632123200404381,655.9967040561924,594.6666666666666,0.5501691476294943
2022,542255,8,-1.122019011824204,28.666666666666664,28.666666666666664,1.5729139412716409
2024,671083,26,-0.883858097152586,69.35820181731229,58.66666666666666,-1.4323864748748816
2024,650489,635,9.853526146657316,1217.3271852264247,1167.3333333333335,-6.304468174646875
2021,672284,377,-11.539262876975126,837.0,837.0,5.574960477203346
2021,613564,82,-4.597580671217994,247.97909857221907,219.33333333333334,-4.314958475434904
2024,670092,29,-2.3712170316482775,65.34829596079597,37.0,-1.1760731342172916
2022,444482,490,2.1251535621661604,1081.0724755970887,968.6666666666665,-3.8920045496265976
2024,645305,96,-9.808628567395921,232.74872573662896,209.66666666666666,1.6178547885619268
2023,677551,491,16.079042055224352,977.8272727272727,946.0,38.014260359558904
2024,543257,245,-5.609119566416155,578.566238394161,301.33333333333337,-14.351900316086159
2022,553993,629,22.398961656984582,1304.6417123522672,1126.3333333333335,-3.6044580578200205
2021,658668,111,-1.7898520255190906,243.7119006306976,212.33333333333334,-7.002657449109383
2024,687263,602,14.089805148906423,1323.0682461285178,1299.3333333333333,35.678254030339815
2025,686668,538,-21.50087606866024,1157.5780833703436,1123.3333333333335,17.140598371171855
2024,700242,119,-2.7542457597205035,282.926227970192,263.3333333333333,5.329655124070726
2024,502054,478,-3.114579567633558,908.302101496658,819.6666666666667,-3.257042776440448
2023,681481,459,14.229931847982067,956.1113811055759,670.0,-2.703979855212133
2021,542364,330,9.304032218257946,833.4536832228418,814.3333333333333,-11.13243285359527
2022,596847,419,6.6326065419000475,918.7538696564067,776.3333333333333,-12.843033430018119
2021,595453,66,-4.927066885228357,164.02830188679246,158.0,-0.43776363228206744
2025,624512,140,-1.9997256758794248,377.78787878787875,375.33333333333337,5.115414158729376
2022,670351,57,-8.17671269266701,145.161037928685,124.0,-4.856410115029364
2025,665862,531,25.151760144443386,1119.3333333333335,1119.3333333333335,-5.834468945686141
2025,686527,269,10.950926402344969,582.146893914442,420.0,-8.695692293442434
2023,457705,473,13.429900260943214,940.8232505300698,64.33333333333333,-3.7923057769092225
2024,518934,228,-14.973376410553932,450.414926558829,409.33333333333337,-3.475220920056208
2023,680869,300,15.565037267886273,598.0,598.0,10.377416143972026
2021,676694,163,3.834676933931558,359.6379071379072,336.33333333333337,0.8311505587726745
2024,570482,459,-12.362398997267535,1043.5172962319969,1008.6666666666667,-4.503629562986872
2025,656811,544,15.172275869573419,1222.9352313416593,802.3333333333334,-14.25140101833135
2021,606992,365,-0.04654165344897976,840.4586510327845,763.6666666666665,-1.8538965182687877
2023,677588,34,-1.8066630643802921,91.50297767640444,73.33333333333333,-0.49167200807407463
2023,542364,136,0.3665255450314626,439.48095238095243,432.6666666666667,-10.194544337330225
2022,645277,269,0.6570314011750362,554.7857142857142,549.0,2.3088793011245285
2021,608686,284,-5.41927950636682,707.998411040007,692.3333333333333,-12.58123107702224
2024,657088,35,-1.7279822466428358,110.74358974358975,108.66666666666667,-2.86821056486987
2024,683146,171,-3.3246596909685,376.8393768639761,337.3333333333333,4.826548738879467
2025,678554,264,-7.786451685821259,632.6011493428028,548.6666666666666,-9.915785329376243
2021,501659,175,-0.44131772355629906,403.9651063070216,356.3333333333333,-8.630413710084921
2024,666018,143,3.472270797882028,316.2886905374386,220.0,-4.87222961819521
2023,678882,89,-1.0947019162097056,251.52830188679246,250.0,-10.325984115327008
2021,664314,25,2.5451060524516467,91.66666666666666,91.66666666666666,-2.4210454906464127
2021,666931,43,-3.346170194029339,160.92857142857142,159.0,-2.78171499300624
2024,671286,40,-1.189514166900253,84.65664160401002,76.33333333333333,-1.1384932693021352
2023,641553,6,-1.5486942840291649,14.638694638694638,0.6666666666666666,2.469006761303252
2023,613564,65,-3.439478208669122,180.66666666666666,180.66666666666666,-4.3617018821025315
2021,670097,170,-13.102783303701504,482.0909090909091,478.0,15.045951424449052
2021,621439,231,23.554125039028456,515.5225225225226,513.3333333333334,28.447446421368454
2021,670042,72,-3.746426393779121,269.7209200171973,256.3333333333333,-9.87837013110052
2021,643418,113,-4.142492025236348,275.9509596553075,257.33333333333337,-4.259569804453452
2025,676724,47,-0.2705881177370446,114.9955547171009,17.666666666666668,-1.0430324789211525
2022,669450,201,-7.450105605836079,407.99257517276925,193.66666666666666,-4.2782552795634405
2025,676439,105,-6.102510503048604,236.98442015966089,173.66666666666666,-0.26026809046314714
2025,592178,41,-4.88794669123166,89.05546205732963,0.0,-1.0689098669432568
2022,656248,97,7.985687303399688,226.5225225225225,224.33333333333331,-1.5218432752804607
2024,666464,119,0.09005568742713776,254.12717630283424,90.66666666666666,-5.362818910985258
2023,678894,213,-4.042624725576298,386.558829506198,370.00000000000006,7.176812208038338
2023,605131,200,-17.10206868289694,466.26156215005597,456.0,-2.2485849866808647
2023,664770,31,-1.801089784139252,84.0599160436117,67.66666666666666,-3.1990254908990465
2021,622168,6,-0.6965687088463639,28.333333333333332,28.333333333333332,-2.112704193369926
2024,702358,211,-12.516419552882878,512.7390983000739,506.33333333333337,-3.3796989340053654
2025,596142,101,-0.31028064164064517,239.58943515884306,186.66666666666669,-2.090318028011456
2023,676391,52,3.5497068529907887,112.05066362108084,69.33333333333333,3.717272105092595
2025,675915,2,0.07461648341835643,5.3999999999999995,0.0,-0.06481481481481481
2021,608384,13,-1.6112332172412813,29.84090909090909,28.0,-0.4926213625698346
2025,663897,34,-4.1441069148330385,238.91666666666669,236.66666666666669,-5.178667463968329
2021,623205,68,-2.8988438554414806,182.36210528976488,154.0,0.06441371840089238
2025,669717,91,-5.582484635434599,211.6033577540875,169.33333333333331,-0.6449533568430419
2022,456781,304,-0.37459983225809124,626.487476986055,371.66666666666663,-0.9352531729754452
2024,663662,186,-3.7962979147055718,483.6233323566763,450.0,-13.363848331955133
2022,608701,177,12.139207274235531,319.6560181328665,266.0,-1.158537712633974
2022,664068,0,0.0,0.6666666666666666,0.6666666666666666,-0.02049745578589869
2025,672279,19,-0.43148727377933577,146.33333333333334,146.33333333333334,-7.119423822859488
2021,605131,225,-5.767666197311383,508.05622744522657,462.6666666666667,-1.398314625589806
2025,686475,57,3.7690549879794655,167.81613951617197,121.99999999999999,8.518042219633225
2023,681146,106,-7.64955984326688,249.95507454806236,192.0,-3.0267585259706347
2021,621532,28,-3.296850988375951,62.33333333333333,62.33333333333333,0.5417132089813512
2024,643393,10,-1.8352444095503981,43.33333333333333,43.33333333333333,-0.041907193128470244
2023,488726,57,-0.39919906482150747,120.61018399850448,53.333333333333336,-0.3000963671832575
2024,676551,5,-1.2626553776140264,12.333333333333332,12.333333333333332,0.5590816941139855
2025,681584,25,-0.129142447435331,45.59047619047619,36.33333333333333,0.6269167472542124
2023,676946,139,3.8595242589357857,288.68748109659157,263.0,2.352089553423247
2022,543228,293,-9.547994911419583,680.4710774720409,589.6666666666667,7.062911966747311
2024,672012,57,-1.4964484018729383,116.86629226629228,28.333333333333332,-1.6779665674530206
2025,665750,180,-9.107903671651243,436.00694980694976,427.0,-8.310911202008416
2023,694384,132,1.2358372729838103,251.34173669467788,229.33333333333334,-2.9560113047489818
2022,656252,17,-2.7411397948174976,57.31428571428571,55.0,-0.7466717581280256
2023,641505,104,-1.3286364629828653,293.3333333333333,293.3333333333333,-9.981843144097555
2023,572228,74,-4.2685978688273964,162.5397801334986,94.33333333333334,-1.9074462885711527
2021,493472,12,0.12282207542070434,28.25,26.0,-0.7142416146402495
2024,676679,14,-2.5696015757533566,48.263157894736835,44.0,-0.07630541634401877
2023,640492,102,-1.6530238212514798,221.45447254007271,183.0,4.621970056981718
2024,661531,71,-4.5146156882226265,173.7677373307521,150.0,1.0125471553147039
2023,665833,40,0.5313354619396768,73.33333333333333,73.33333333333333,-1.6965527926799528
2024,677941,38,0.022297029280881175,97.66666666666666,97.66666666666666,-2.9522628381626395
2023,676632,30,-1.662387182374582,57.18660712529355,9.0,-0.4250457071668033
2022,642137,32,-0.9585359999974306,69.26763009532289,45.33333333333333,-1.6921727839028455
2024,642197,48,-1.9249566202036934,93.5982953000142,56.33333333333333,4.638015749841747
2022,666922,26,-1.8986434958830871,48.8974358974359,42.666666666666664,2.507353838882049
2025,506702,12,-1.2657561870106169,44.0,44.0,0.15197398689360875
2023,666149,34,0.6174717134141608,75.0625,70.0,2.1224594412301903
2025,641313,90,-6.069220163594256,260.33333333333337,260.33333333333337,-8.910658910839995
2024,669374,27,-4.00612907362441,62.406393678160924,11.333333333333334,-1.3105716880848108
2021,621005,11,-1.990411221910242,30.539695830485304,22.0,0.42125191848539684
2022,444489,17,-1.4344028752833777,43.666666666666664,43.666666666666664,0.5017757946888116
2022,501571,62,-4.5461589772648265,180.33333333333331,180.33333333333331,-6.7696896507137225
2025,680769,17,-1.2948174615742836,33.85585585585586,31.666666666666664,0.5976736046779945
2025,493329,40,-3.790261725616244,89.73032980811618,35.333333333333336,-1.9337665450126815
2024,670224,15,-2.825406649105564,31.55455827067669,14.999999999999998,2.284341817041065
2021,663853,33,-1.0660464571525492,53.47803862803863,37.333333333333336,-0.3890150601548602
2023,501659,16,-2.3553192659368936,35.473685719963,16.0,1.6432255574359491
2023,669023,9,1.8739063116492365,33.333333333333336,33.333333333333336,-1.2132937446464414
2023,670128,13,-1.850381913029596,25.828070175438597,11.333333333333332,-0.8430244949287601
2022,656024,18,-1.0581106917339302,54.31428571428571,51.99999999999999,-0.0431452410264338
2024,680577,14,-0.6878262765637826,51.0,51.0,-2.841244254937094
2024,675659,6,0.7636080470116088,18.576190476190476,14.333333333333332,-0.5978220278657325
2021,519306,36,-2.838856864595238,80.97027053010616,58.0,-2.3990811752294645
2021,457803,39,-3.856065985796439,84.0,84.0,-2.1074463705322217
2021,595375,6,0.09044121806345434,14.074999999999998,8.0,1.3701431471753145
2022,681962,7,0.3001145060472796,26.991100927252205,9.333333333333334,-0.1969674593425244
2021,665833,9,0.5488152261010775,17.666666666666664,17.666666666666664,-0.5843064914482414
2022,621466,3,-0.7041368501518076,6.628378378378379,0.0,-0.07955872539205873
2021,664119,8,0.4460783479671511,18.374540659080132,9.333333333333334,-0.23826945372415187
2022,594694,6,-1.5586847951334402,18.04597701149425,9.666666666666666,-0.5445079824515993
2025,679631,1,-0.20836303108074236,9.0,9.0,-0.2618528306803051
2025,622268,9,-1.1997953469698315,18.0,18.0,-0.2361133462897489
2021,502285,1,-0.2625415424915942,2.025,0.0,-0.024305555555555556
2021,543089,6,0.38362877749810803,16.0,16.0,-0.00218627262797233
2021,664023,535,5.47550668214782,970.5408629008542,798.9999999999998,-20.60127126237196
2021,605113,473,-16.263762602254154,1091.1793226381462,1073.3333333333333,20.57714895769206
2022,672695,500,-17.84682109886883,1265.4523809523807,1259.6666666666665,-4.449323413321178
2024,683737,567,14.00451340058536,1246.2061972409783,1126.0,-1.900816629466053
2022,663611,228,-6.566685856368307,501.9319727891156,493.66666666666663,3.9728770269739124
2022,435559,159,-7.125260177185331,372.32522907669966,340.33333333333337,-0.3021066910858953
2023,672275,353,-10.653386387116495,837.6721611721612,824.6666666666666,14.20482501851754
2021,669221,438,-1.7958987080613449,987.1232943784578,924.0000000000001,9.353048685813008
2021,621453,297,5.43038494120143,610.5608682394361,521.0,14.07205680987543
2022,681082,466,-2.033960164007322,1102.105855855856,1097.6666666666665,-10.123298065686086
2025,666397,208,-5.610614923307157,488.1221106903713,381.0,-9.956712544689516
2025,691182,128,-9.844083851282388,302.2469974013597,265.0,-2.223541303524095
2022,664728,278,-9.426568504729358,826.3387064059762,798.0,16.844972524784616
2021,592669,572,10.574084660386664,1181.0767953610673,1137.3333333333335,-2.7511480038757528
2022,663837,357,-6.320087960606786,1070.9009009009008,1064.3333333333333,-22.584758028539454
2023,669221,438,12.09397207321864,936.6267725467952,893.0,7.280871478850589
2024,687462,381,8.090185260614218,726.0651262137151,472.66666666666663,-14.224354633142662
2024,677347,59,-5.321598074736082,162.91945773524722,158.33333333333334,2.6823823565250495
2024,630105,656,3.5245067949304127,1389.1548674180253,1330.3333333333333,-4.350624269269687
2022,669304,483,6.146458725913185,1045.7999347435805,888.3333333333333,-18.20055486396246
2022,593871,445,9.58385123302969,900.1325096525097,831.0,15.354851010294915
2021,541645,504,8.736347064114105,1076.8252048135075,1019.6666666666667,1.8643165965355832
2021,621550,375,9.930385624456274,765.0513372755047,702.6666666666667,8.363835648258227
2022,660644,162,-9.860128222634131,498.50490196078425,494.66666666666663,0.9336022869745733
2023,621550,302,8.574656236315725,686.7566158657995,570.6666666666667,3.911669349344314
2023,622761,350,-8.80506777027088,972.3958333333334,967.3333333333334,11.537821406332766
2021,622761,209,-4.095090278665977,483.2823690562258,411.33333333333337,-0.8075684226887816
2025,680700,48,1.7930896424672924,98.54349288648069,59.00000000000001,-2.2524652615964844
2023,664056,344,-9.792125001514163,819.7878787878789,817.3333333333335,16.849441734330348
2021,664058,653,-20.842699889874172,1384.0961814086813,1370.6666666666665,33.56687900410696
2023,642136,307,-5.414973185963304,635.735831143994,518.0,3.1402987502801656
2025,687401,506,-15.716683763027081,1171.926816879194,1063.0,3.74376721229246
2025,665019,386,-0.6262424534952971,720.9798895038205,619.6666666666665,14.186110779273058
2025,592206,589,-5.914966522639778,1239.669558765049,1117.6666666666667,-37.768728812079544
2025,547180,580,26.847106327567147,1154.7207637642423,1076.3333333333335,-14.580115083759557
2022,518792,151,-5.978085561565721,363.8651184611776,342.6666666666667,-2.897340159574034
2022,645302,407,-11.103734435351448,945.2904317626471,891.6666666666667,26.47230594311027
2022,571771,402,-13.988144954068432,750.6666666666666,741.6666666666666,12.583133320039694
2023,663845,123,0.3371019767869692,387.0147058823529,380.0,5.684422585808983
2025,643565,385,8.602111971697632,745.2930278775304,470.33333333333337,10.180095003218172
2022,571970,565,6.691628161462215,1137.334069940559,908.3333333333333,3.25613711992689
2022,668800,293,-9.067172016253629,674.9756198063527,623.6666666666666,7.4169301954062075
2021,571976,500,6.688172190636276,1104.6946918288809,1038.6666666666667,-25.25184278502836
2025,605137,533,-2.7691142240787148,1129.41159575633,255.66666666666669,-17.929463359410683
2025,693304,408,-8.585712953635094,850.3333333333333,850.3333333333333,-13.921323298397589
2022,682985,418,-2.7711134359208733,813.7142857142858,806.0000000000001,-9.27083449881453
2021,643524,259,18.28905306095146,504.57848029163813,405.3333333333333,-9.408629908773051
2024,578428,291,13.198198564511024,836.3333333333334,836.3333333333334,-11.251190765158887
2022,665742,664,34.99885865255429,1310.1844732205182,1245.0,-21.392814370737515
2023,682626,423,-4.176667972550371,949.2485827181877,833.0,-0.6871085143004927
2021,621002,90,-3.678891323465255,292.58911825342955,270.6666666666667,-4.428283242724765
2021,570481,229,-15.588971272187178,492.1844406821451,452.33333333333337,6.337613019591743
2022,621043,590,23.163149812960697,1156.253437159687,1111.6666666666667,6.160179560418382
2025,687231,197,-7.4994093657041265,432.2352813852814,416.33333333333326,-3.5337924636975404
2024,676369,230,-4.680954075670402,505.7657403572181,168.66666666666666,-6.090033288127666
2025,663698,332,-2.61859745339048,705.9603652756166,618.3333333333333,3.1977916375835442
2025,671218,695,4.824170435230903,1367.5946509009013,1210.3333333333335,-9.057057818516022
2022,641487,603,0.1082505864306107,1256.3605540408132,1205.0,-12.787018801876034
2023,624428,455,-2.922459787239204,957.6744359565262,836.0000000000002,-1.0320071592229771
2023,656941,720,18.458750318903284,1398.151292036832,764.0,-26.23884929066854
2021,641914,66,-6.480800251014572,190.8905551419981,146.66666666666666,0.6445322817110002
2022,670770,258,2.4256000480714994,515.6905642681529,437.66666666666663,5.881753403163323
2023,664023,691,25.097481295930585,1372.1456802733398,1309.3333333333335,-12.796246278541243
2024,682829,695,34.7146858875199,1385.9691179551646,1355.666666666667,27.64710619195134
2025,678246,569,4.54233908487803,1232.9289044289046,1199.6666666666667,-17.12774582424573
2023,673548,583,19.028404574350418,1201.0,1156.0,-5.5043470286037195
2023,666915,53,-1.6195267087965926,118.62837837837839,112.0,2.273736540803192
2021,518626,499,19.260339336051015,1055.8617963737272,726.6666666666667,14.387281748251905
2024,677800,447,9.843358669121733,1089.090351979887,1079.0,-6.209650935833494
2022,606157,277,-8.297183036985283,656.0450450450451,651.6666666666666,1.4439841934130255
2024,672820,369,-7.002238923643152,792.0519835376978,759.0,-6.370427204397584
2023,624414,207,-11.155816036809982,510.6915351506457,500.0,-2.3292368131974
2022,595909,177,-1.275820047189844,451.6538461538462,443.0,-13.936731093184415
2025,663624,357,-6.317227353116882,723.034241887565,429.00000000000006,-16.876289372843935
2024,624431,234,-8.539198374142266,612.4391891891893,608.0,3.4468538779353475
2023,606466,650,20.00101486295663,1243.8676422918454,1139.0,-3.292317209436037
2021,606466,374,22.74384173542466,706.4860798522702,638.0,1.2853458509895817
2023,543309,260,-4.929677952227144,695.8114060316245,654.6666666666665,3.165071248830552
2022,623168,174,-8.620228565249528,464.2969809804175,440.66666666666663,4.824363533766222
2025,608348,421,6.0835020741802595,890.7001529287052,820.3333333333333,13.069793280582978
2021,624428,639,14.50686314141776,1201.2227492023962,1134.3333333333335,-5.623306833234533
2022,606192,535,15.283309039998219,1093.8689108050305,911.3333333333335,-0.884696260844283
2024,663993,565,16.00828046107623,1195.7666666666669,1178.6666666666667,-2.035703482885798
2024,663368,434,-0.2801970080115168,1045.8645833333333,1043.3333333333333,-5.345937291176286
2024,593160,335,-5.797447409490586,802.9780112044817,778.6666666666667,-12.19570519898555
2021,607732,427,-7.066771329056274,913.0621671387796,890.6666666666666,7.817551083678607
2025,672016,159,-2.0811826657037,385.8261093911249,374.66666666666663,36.13385847860603
2021,664056,393,3.9197165977610178,897.0000000000001,897.0000000000001,34.19500464729235
2025,545361,556,15.18776780236188,1126.367076582666,180.66666666666669,-18.99652524303124
2023,687952,241,3.517041374550024,528.4823550717513,331.33333333333337,-2.0422198533420595
2021,592626,471,-4.5362372831518165,1015.5995024373099,857.6666666666667,-13.358437935344138
2024,641355,569,7.648230155958072,1234.064449064449,1019.0,-19.160606432645775
2023,682998,645,47.73299054285202,1306.256162677902,1251.3333333333335,-9.288623840635253
2022,624641,190,-3.4510414442269712,433.7002416601875,385.0,18.96063465235993
2022,665161,558,6.20683711840236,1171.621095507266,1155.0,22.20461530820935
2024,623993,665,25.871738364794343,1338.3353719500951,921.9999999999998,-0.9893717246560734
2023,545121,286,-7.693160300707007,570.9719771431018,538.0,3.6738307916968904
2023,596059,157,-1.6078928577856597,358.3061001696793,263.33333333333337,-6.70159986998538
2023,673962,515,9.16429611915622,1042.4518170426068,1033.666666666667,25.237255585749523
2021,592518,640,23.394186475228203,1283.7624949152978,1187.0,12.419721166368777
2021,621512,161,-9.510155440214865,357.7515129863311,292.6666666666667,4.952510486589718
2023,642350,364,9.483698248198628,830.1312641052832,814.6666666666666,0.1486462046891628
2022,670623,381,3.442266332082567,774.3404399906083,693.9999999999999,5.611373739183664
2024,686217,524,-4.316999518681252,1212.2796252104015,1176.0,-3.845991240469174
2025,672356,471,-9.57040603672343,1173.3333333333333,1173.3333333333333,-4.053950714595015
2022,673490,582,7.245112169651627,1349.1742424242425,1347.3333333333335,16.30830646509111
2023,592450,458,43.97956529003293,910.0549258936355,523.0,-17.121091580939968
2024,641598,430,-7.683330884885152,932.1864667696827,206.0,-8.199343479774564
2023,672386,422,-9.807824251737411,1009.4600525901332,866.6666666666665,4.765471591750062
2024,665804,363,-7.068172055587492,951.1491233522479,907.3333333333334,7.448921741247958
2025,681351,451,-15.540368118108521,969.3702249227986,867.6666666666667,4.304114196657945
2024,665155,5,-1.1843169179043993,13.949019607843136,1.6666666666666667,-0.06617740708564426
2024,518595,342,-2.1566730116367423,772.5235499769982,734.3333333333333,7.277683460450184
2024,664034,535,-8.294594000690935,1178.4863371527272,1100.6666666666665,-16.979437736198093
2025,641658,91,-7.942358067613899,273.30249491550546,245.66666666666666,2.553535012399819
2022,663630,172,-4.219897560081607,587.1240543413008,516.3333333333333,-2.3013253808079446
2022,642086,152,-4.347348387269281,298.1495827548957,172.66666666666666,-1.763762517335937
2023,680118,138,4.2414144223131665,508.1290982467453,492.0,-7.270954517473611
2022,605421,132,-7.575670593839593,360.65,353.0,3.8698805306450597
2021,665926,105,4.744765084964217,568.5641025641025,562.3333333333334,12.660060312716475
2021,656669,133,1.5017584613836572,442.1919961827346,398.66666666666674,-10.694379260901348
2021,543309,202,-8.439449924931195,499.2447457644277,445.6666666666667,1.8164576282337879
2025,663616,567,-2.2450533154301473,1175.4045356903289,498.33333333333337,-21.226060369857187
2021,642350,49,3.9329966825446614,86.21928746928748,80.0,-3.649310667736721
2022,642731,541,7.346174810176763,1075.1452380952383,1055.6666666666667,-16.05622417093175
2023,664913,378,-3.354249412045271,849.6584806287938,658.6666666666665,4.349654843739734
2023,666023,235,0.5482980452197577,496.98481781376506,481.9999999999999,8.284456378277563
2024,643446,472,-1.9754889974544207,1027.3062271062272,1014.6666666666667,-8.055139381548386
2025,695578,689,21.665045790562033,1365.7102224233804,1027.0,-14.372963644434893
2023,467793,619,5.873038626892638,1255.873972873973,1161.6666666666665,11.414120394922746
2021,669256,503,-5.941248340943858,1081.450865593652,1021.6666666666667,-20.2834468768641
2025,668715,568,-1.685622563182184,1273.4372936286525,1117.6666666666665,-11.693882288076162
2025,671732,630,-0.159395085857038,1234.4289081212505,1158.0000000000002,8.581338550015996
2025,646240,729,25.049832547153436,1442.0161805771568,257.0,-16.608104822958502
2022,573262,558,3.9716471366475963,1221.1819203623963,1128.0,7.9484584089393735
2022,608360,13,-1.2898134244047834,28.794871794871796,16.333333333333332,-0.9962510068371775
2024,691026,637,16.87675384655349,1310.666666666667,1310.666666666667,0.39748476121141396
2023,663886,517,-10.578294461643132,1147.3420383781183,791.3333333333334,2.2461819481662837
2024,669016,476,12.611856010089472,855.2084110651674,810.3333333333334,6.794485409558062
2025,680757,693,7.46150294536303,1356.5263157894738,1312.0,13.58486301646187
2023,656582,472,5.439435086394427,883.2067154663048,642.9999999999999,12.232570488160157
2022,623912,435,9.585738176959762,893.2892125875874,360.3333333333333,-12.320038048240308
2022,656716,185,0.6015315583961396,373.0805294408708,352.0,9.79375509186728
2025,665953,73,-3.955306614973543,164.40343781039618,136.00000000000003,-3.733730029530102
2025,693307,469,8.341505323657572,1072.7798206860707,1039.0,13.787161656573728
2021,596059,344,-6.622758781346924,808.1507667040632,734.6666666666667,1.9563270709138028
2021,455139,112,-0.6042361534424627,225.93331770224287,167.0,-1.8466936654174237
2025,696030,176,-5.818676583359461,434.845986430733,339.0,-2.7118945627841877
2025,677950,469,-5.426945228321923,1221.619581346052,1207.3333333333333,5.266504200794117
2025,657557,208,-3.373445570373109,469.7784425214153,430.33333333333337,-9.020757192565407
2022,543068,632,2.8554624606176664,1280.823102326735,1006.6666666666667,-13.764941770810418
2023,545341,471,1.8209458280248705,957.0975532152003,835.3333333333333,-15.272579237985983
2023,596129,319,2.681197913719447,671.8361503595333,0.0,-8.06387697619467
2021,453568,582,0.777580673697269,1193.7381941104563,1153.3333333333333,-23.28217656927644
2021,575929,474,5.593285650157591,977.5457821826947,859.6666666666666,4.062387932971974
2021,592567,359,-0.7282539706746389,727.2833041533204,609.0,-24.5098180480397
2021,467793,625,-11.895802404749757,1326.989010467958,1160.6666666666667,-12.385916187217045
2022,543939,497,13.38390942754063,1136.3538819875778,1122.0,-5.356690739869595
2023,681546,567,19.645364840826286,1297.6785979233605,1262.3333333333335,-15.59458433543533
2021,663845,49,1.286091067465943,120.87987440191387,106.0,-1.1821976579417321
2021,663728,148,-9.319971896604006,336.9070318728214,312.0,2.6508899044092855
2022,664041,27,1.4927335295438429,53.78706004140788,38.333333333333336,-2.847686990610032
2023,667452,323,-8.502459752828155,695.6061686416949,522.3333333333334,-16.168706107639526
2022,543305,453,-3.5773389055643543,1047.4782797480718,1031.6666666666667,-3.0931646544955873
2023,592518,601,5.823116103859562,1199.6256032039787,901.3333333333333,-4.355742491584726
2025,669208,39,-2.1036342228852902,98.0,98.0,1.037022909965862
2022,547989,679,28.23435609218248,1392.5211544052688,1121.0,-13.685845219429588
2023,665926,616,3.4614381025184553,1305.7096401665985,1268.3333333333333,21.45228322045213
2022,676646,34,-2.1248737242366706,139.0,139.0,-6.481951315541391
2021,641584,252,4.691685078445769,532.5473752543229,465.66666666666663,0.7094461204152029
2023,680977,371,12.03429342206526,820.8851335656213,670.6666666666665,-22.67665270729141
2025,663697,567,-7.693384860633414,1108.352428953639,758.6666666666665,6.164112440769831
2023,592626,425,5.490037975516703,879.8520163105854,184.66666666666669,-13.575126661788195
2025,695336,295,-4.350486057056289,659.7711570552935,634.3333333333334,-15.40312179191776
2021,664761,417,-13.225002879591406,876.9172388079401,809.6666666666666,-4.487611786886043
2024,657041,528,7.683386856845602,1201.0,1192.0,-18.86968375180419
2025,595879,436,-0.39622538075095726,1059.388003598674,1048.6666666666665,-4.021857986412643
2024,543760,718,4.597505112352119,1386.5146081024463,1299.3333333333333,11.37499745028341
2025,677951,687,38.09406762913139,1370.3333333333335,1343.3333333333333,4.29771822245195
2022,605612,443,-2.2858994365628824,963.0715013507765,851.0,-15.91153914495218
2022,643348,23,-1.3104462926091325,56.58333333333333,54.33333333333333,-1.0776747389799766
2025,657136,188,-14.859199014098827,443.20591298638465,414.66666666666663,3.5668747608338403
2023,660162,357,-1.7893469951319478,767.8161677915317,728.0,1.3560732805175135
2021,664850,87,-6.067909867401963,228.70620767122318,189.66666666666669,2.5433881294620804
2024,643376,324,-3.2722620140706837,732.7201215252686,684.3333333333333,3.6951826160526764
2021,573131,312,17.13097242990095,589.0787445933876,334.3333333333333,8.548126593457345
2023,693049,263,-12.64597421987004,669.7435897435898,658.6666666666667,-13.212219439055513
2023,640458,32,-0.13754046418899019,156.88372093023256,155.0,-5.146328935247618
2022,670156,17,-0.8322344842869663,70.0,70.0,-0.4952487152698405
2023,676609,280,6.80755545151488,648.9793262695391,619.6666666666667,16.505908879929372
2024,623520,48,0.3063950641636104,295.4458646616541,291.0,-4.709863838917562
2021,656509,11,-1.2855738135145454,52.328113553113546,45.333333333333336,-0.24238043867697645
2021,640458,115,-2.3634242314083735,556.3445833333333,547.3333333333333,6.338792693790663
2021,666176,131,-1.2847073582324455,285.0,285.0,6.314849452107937
2025,624415,83,-1.9802828441437854,237.4831644144144,176.33333333333334,-4.695846896892352
2021,644374,143,-3.220800154190365,588.1142192653509,549.0,1.896927798254169
2021,572287,368,15.846395079864184,925.608627259837,910.0,5.9567919826502465
2021,553902,201,-10.167761398001934,530.0916818093245,491.3333333333333,-6.707245561513026
2025,691023,396,-16.024678207027602,885.7855503619012,795.3333333333333,-2.150136284941595
2022,488771,88,-8.095054205495167,271.545045045045,262.66666666666663,1.2543066422602558
2022,641470,108,-5.357796230179364,243.32095545795238,130.66666666666666,-2.5269469728569516
2021,665861,40,-2.8266938723036095,144.33333333333334,144.33333333333334,1.2468521424213659
2023,668731,357,-3.5243061237643887,772.8249581668076,669.3333333333335,9.263586081609773
2023,575929,495,13.375022708165424,1003.6100570384351,725.3333333333334,5.853207054377809
2021,668731,433,8.720774447522961,954.1618724270318,912.6666666666665,-0.8532293571378802
2024,694192,573,16.268605392336934,1142.9467611675461,1037.6666666666667,17.17545533075328
2025,668942,211,-14.033123048759439,470.8815874912283,412.33333333333337,7.819668135435407
2023,594807,353,12.95794073981472,651.1231880360135,551.6666666666666,-11.090239644760437
2023,641584,380,6.866131895656461,749.3326641925121,484.33333333333337,9.934014099418787
2021,547379,93,-5.733754996401661,370.66666666666663,370.66666666666663,2.7784272420084264
2022,605204,365,5.301693604891414,827.245155609841,382.33333333333326,-21.91285235288062
2022,608841,240,13.104691917360467,405.66666666666663,405.66666666666663,-0.9142006151486766
2023,669127,490,-8.137286752771947,1136.3252545018283,1062.3333333333335,12.98478623069263
2025,666126,99,2.59797456833385,236.276983196239,177.33333333333331,-7.744691650367702
2022,542194,333,-1.7802019475250175,751.3039553915785,640.6666666666667,1.1662531619577496
2024,502110,495,2.0896771964425462,1006.9852121108836,0.0,-12.086585193374797
2022,671739,441,27.860001836312644,1021.0,1012.0,2.3304217559029534
2025,682668,193,-3.575600012115377,607.1345532135005,584.9999999999999,1.5250698089401733
2022,664901,106,5.778937400025068,266.3333333333333,266.3333333333333,-1.4273003745213253
2024,660766,249,1.6126833530703129,528.4385884915297,392.3333333333333,-11.246022776169237
2022,656514,25,-0.7120572686098333,94.24496855345912,88.66666666666666,3.2868805639913985
2022,665120,454,-9.049123608287559,1002.7666666666667,994.6666666666667,-5.802808435403042
2021,656582,211,5.857469986637263,399.9455854636732,305.3333333333333,0.9103135488852065
2023,669394,540,16.194053417353384,1131.332327262764,833.0,-17.204706349595845
2024,457759,539,6.093574411823408,1126.5933220380957,395.3333333333333,-12.440426279661967
2021,594807,555,3.1686311743386293,1102.2060707252879,1021.3333333333333,16.859452860407213
2021,642082,83,-7.484400264436119,201.94950630006502,178.0,2.8444465902558025
2025,543510,137,0.8150296937962529,358.91666666666663,356.66666666666663,3.2963436230901926
2025,691176,429,5.7066819825618875,881.7222253996198,613.6666666666667,0.024464351193449474
2021,660162,583,17.56636115633869,1236.8242019683357,1156.666666666667,-7.570560054309892
2021,594838,369,-1.2093706778111057,815.1421269412344,744.3333333333334,-8.646724384885403
2025,676059,352,9.099598824507865,716.7582190997964,565.3333333333333,-3.1633171059943557
2025,687859,121,1.9168824157906723,269.7393689008227,175.0,0.655808015336313
2022,663757,524,-2.690191103118583,1310.5707681365575,1304.0,23.370308357171194
2025,670541,199,6.073722839965884,401.404361244696,117.66666666666667,-7.765537314567377
2023,664761,611,3.1511431312803326,1301.685328185328,1272.9999999999998,-23.46873687353835
2025,681460,328,-1.4597102561713085,739.5695520230846,671.6666666666666,-3.8608091389018035
2023,663728,569,8.922915333577961,1145.8207782328177,1014.0,13.158156534399955
2023,689172,131,-10.977489464249263,398.67857142857144,390.0,3.0080151678406892
2021,666915,445,6.3659433679386845,938.0191826329396,880.0,-19.70096611867548
2024,600869,462,-2.3373704874609436,956.4198771624317,630.6666666666666,-16.938901947363767
2025,669224,448,-4.774678600931616,996.8504167631952,929.0,8.911599179787615
2023,592656,86,-1.3571644241076701,179.61765434173404,91.33333333333334,-0.5651356065120151
2023,660707,307,-7.9722111740317505,699.9297975905486,533.3333333333333,-8.36713038650703
2021,606988,76,-0.03210081299132117,202.3891299913079,164.33333333333331,0.8394096203326707
2023,666176,62,-0.4905043439612886,133.5964912280702,129.33333333333331,0.8701528985722042
2025,671284,72,-4.311751693524921,183.3610448085345,148.66666666666666,-1.8782065840925237
2025,553869,282,-12.048522099835955,897.7982456140351,895.6666666666666,9.16057810194786
2021,624414,181,3.161341391430983,415.81773018610886,379.33333333333337,-0.42551328434777247
2024,628451,242,-1.3835874958816492,677.2522731872547,601.0,6.462775082044333
2025,701398,58,1.5421099917225498,120.64818830641423,58.33333333333333,4.369412933365069
2025,680911,17,-1.05638956578958,63.962622549019606,56.666666666666664,0.8737382614942137
2025,664238,243,-0.6704507210374537,708.7216602612976,651.0,-2.5652923722259406
2023,687799,100,2.7137010387651315,263.23639455782313,259.33333333333337,-1.4504244352398625
2025,666969,547,-5.6564887163152555,1168.173613268848,1125.3333333333335,-0.522074371283802
2022,593934,71,-6.729054565368553,152.32051282051282,134.66666666666669,-1.1384752974153318
2022,649557,327,-3.1372922506394882,770.2206532607553,652.0,-4.341709058654976
2021,592450,615,36.677837209265014,1226.9870582877447,1006.0,5.83083920669581
2021,607430,7,-0.21414338015404133,16.787878787878785,14.333333333333332,-0.3723156036660734
2025,691783,74,-2.8627112208189143,152.18331525824084,76.33333333333334,-1.0115047848483956
2024,666158,487,2.908017368029415,1144.0119355180022,1102.6666666666667,-7.312377851028779
2023,607732,276,-18.579341396815188,649.8474155340141,514.6666666666667,2.78781581044988
2025,518692,627,30.14608263990933,1244.7567567567567,1236.0,-17.04889525080135
2025,669707,376,-2.9582999446434446,881.5875350140057,859.3333333333333,16.413584355732567
2021,592348,315,-5.26093074526816,672.430925507424,624.6666666666666,13.050481837537271
2024,668939,638,1.4065538217943852,1246.3261378645652,860.3333333333333,2.763214717021628
2021,545341,534,-15.034699866265985,967.1905569974252,826.0,-2.4862115297695464
2021,546991,54,-7.433947057345311,129.54900497716847,88.33333333333334,2.09840009653116
2023,573131,57,-0.8170914456911946,117.21301545516971,17.666666666666664,-1.558059967824441
2025,455117,161,-8.068236155167073,380.31537405801026,235.66666666666669,-2.1276440820936697
2023,644374,111,-6.489657466666497,268.87370145953906,235.33333333333331,-3.774968085476042
2021,596129,245,0.7130746462204596,534.607579950089,236.66666666666666,-13.379263000452156
2022,595284,46,-3.810573502081603,120.96190476190478,116.33333333333334,-0.15756383519299022
2023,572287,140,-7.008841878021695,335.54840203022206,304.6666666666667,-1.7340217149549433
2021,571740,120,-4.252349480516409,570.9899749373434,562.6666666666667,-16.634223979679437
2023,518626,189,-6.8427792733833535,408.70919124734917,322.6666666666667,-0.8749232298325615
2022,543685,193,0.646506667059819,396.24242424242425,391.33333333333337,5.899809333262529
2025,671221,219,-9.867235768973273,551.8215538847118,538.6666666666666,0.5178039480330325
2022,666801,278,1.0489319429566384,542.4220430107528,514.3333333333335,18.972845828419647
2023,664058,97,-4.274671901860306,299.79824561403507,297.6666666666667,-7.663010481304099
2023,663898,192,-5.75346559879033,383.97435897435895,366.66666666666663,0.37852730005231194
2024,621563,37,-0.8368943148562922,136.34848484848484,132.66666666666669,-0.35001957688819574
2023,453568,413,3.2263114335958374,800.4968732063546,235.33333333333334,-7.2849025604656
2021,592200,231,-4.820294573944993,592.5395183769568,569.9999999999999,3.6837820730515047
2022,642201,117,0.9271571412834259,288.9570151280617,244.66666666666663,6.566574796000795
2022,657129,6,-0.5483165539145898,26.66666666666667,26.66666666666667,-0.6331120291572148
2022,542932,404,5.878023274260656,773.4042956535334,753.6666666666666,9.336300696634812
2023,666139,501,25.361350886028646,1088.2348227967593,914.0,-6.674525127993805
2024,640902,40,-4.107637198772659,105.43771121351767,93.33333333333333,2.119486059828284
2024,666197,25,-4.42592387738971,109.90410146989095,103.33333333333334,1.7053804517231475
2025,666134,403,-13.643757462621211,968.0621398743301,904.6666666666665,-11.729224843181317
2021,675656,36,-3.4574899468110605,138.16701316701318,127.33333333333334,-4.702617585468519
2024,665923,65,-0.5252021946420269,158.55443752170737,106.66666666666666,-0.46032152395914006
2022,669087,132,-0.1970741371658531,355.863941686674,314.66666666666663,-3.1217799451688735
2024,624503,275,-8.693525349300595,626.7610068305214,564.0,3.3561576842951273
2024,642708,346,-4.145048694095292,798.1553175442039,595.6666666666667,-8.459801876007418
2022,622666,166,-3.658043674585595,338.68763736263736,309.0,5.287701983921687
2022,571918,6,-1.4803819739323407,13.333333333333332,13.333333333333332,-1.5950154980613853
2024,700250,178,-4.651035058679529,386.3333333333333,386.3333333333333,-2.9092263142685097
2021,664913,293,1.7346703201756173,770.528427556601,682.6666666666666,1.6010661698382596
2022,669701,253,-7.838106617706009,607.8275624118146,579.6666666666666,8.172256688850386
2023,592200,96,-7.178760416750887,334.0,334.0,5.429982112659926
2022,682928,302,-5.4903362624509455,659.5083646616541,650.0,7.465821146206068
2023,592669,548,-6.295448760930515,1194.2016463586046,1136.0,-19.73649707311388
2021,545121,74,-8.24723625238203,217.11371543832846,199.66666666666669,-6.43030371275429
2022,660688,433,-3.0605152591045006,941.1776186683571,921.6666666666667,9.799539026599533
2023,671289,168,-1.271040407699029,424.54088808085794,414.0,-5.4249007460148935
2021,672386,189,-1.451220933673984,447.84522933827384,368.0,1.2765448465047342
2021,600524,51,-1.3579740287224291,112.52631578947367,68.0,-2.80752034487892
2025,691728,37,-4.224555412666264,85.33333333333334,85.33333333333334,1.5349233940628029
2025,680474,213,-8.920479452868362,565.149460916442,543.0,6.764062094595294
2023,656669,90,-0.45559237022958055,165.52335589963303,92.66666666666667,0.97535772298985
2025,669357,402,-3.3463780265089103,820.9652847278512,563.6666666666666,-9.823097043873535
2025,608070,673,37.09630543178946,1369.2058721039552,1147.6666666666667,4.6965128250968595
2025,543877,214,-12.29278052211965,546.0942028985507,544.3333333333333,7.853939291773302
2024,677008,114,2.0763467165763423,249.9767598762043,98.33333333333334,-0.5710336311783291
2024,663604,12,-0.39239953723593984,72.0,72.0,-4.522207284440663
2025,690291,55,-5.218883021919144,127.59041835357624,108.33333333333331,5.115715415061905
2024,668752,5,-0.6528237967647212,54.666666666666664,54.666666666666664,-1.6830893443482071
2022,681987,122,3.572756453695766,265.2758142758143,254.66666666666669,4.920048856502715
2023,663550,56,-3.9161455458865255,140.41188925335268,93.33333333333333,1.000804010158825
2024,650907,49,0.7754279278827657,163.66666666666666,163.66666666666666,-0.1509958297927565
2022,670768,350,-1.3592039711056585,535.0683099238838,395.33333333333337,22.36859355158336
2024,622569,64,-5.447458923947016,117.09136431717077,103.33333333333333,-1.5621746986393523
2024,645444,114,-2.3721507530139667,271.22980606960226,220.66666666666666,-0.6096315796865346
2021,656577,151,-11.298072767504436,388.3422436160945,368.33333333333337,3.063663268499442
2022,657193,27,-3.732870330714826,66.7590681092733,47.66666666666666,-1.0946837709362613
2024,666150,241,-15.490088143431324,583.0988128311982,553.6666666666667,3.5453330895689126
2025,687529,26,-3.29727240541882,195.66666666666663,195.66666666666663,-10.485375768311187
2025,676701,43,-5.751142202958735,112.66666666666666,112.66666666666666,0.10572379406595792
2021,656941,457,27.32674303719405,935.2923518152361,742.6666666666666,-18.049484469405208
2024,641511,19,-0.41839117131774073,55.743589743589745,53.666666666666664,0.7353165722766493
2025,668845,33,-4.637358645720661,83.26377540331029,66.66666666666667,4.042650394881156
2024,641856,28,-1.4789194361293374,67.0,67.0,-0.06582656801209175
2021,669394,42,0.11032502612057193,93.99960753343106,61.66666666666667,0.800774377305965
2023,571912,199,-6.244749097603493,467.1742116307742,346.6666666666667,2.1035691573148525
2024,805779,103,-3.5578950955226745,236.00000000000003,236.00000000000003,2.1453258970620768
2022,641645,335,1.1778181915424795,708.5208205275644,637.3333333333334,1.3894431077965037
2025,608385,81,0.5286687338127756,165.31331622892242,5.0,-1.9503922706150285
2025,682927,88,-2.992231765546091,167.18514446080235,99.0,-6.710929236094374
2024,663905,32,-3.943545249534862,68.11526456592246,1.6666666666666667,1.0977781318199562
2025,677592,73,-6.085700200712639,181.66666666666666,181.66666666666666,-6.105758112251194
2023,605113,210,-11.54697557873056,475.90333108874245,394.0,10.014915909592267
2025,683227,121,-6.701800929074304,326.2244644723093,310.6666666666667,-5.703547418788704
2024,666135,178,-4.083593105938368,405.33004556002163,268.66666666666663,-10.58291037013813
2022,571745,247,1.4565268851895823,474.2207491453174,378.66666666666663,-7.494927186336454
2022,671213,95,0.4953179230005116,227.33333333333334,227.33333333333334,-5.954302584239421
2022,641779,169,3.5118673597139316,365.5419932331397,290.33333333333337,-7.517700422251437
2024,694377,42,0.10391217332127445,93.13606710158435,76.0,-5.5721452197862344
2021,660731,17,-2.9137451472164706,43.666666666666664,43.666666666666664,1.4644693867464997
2022,572761,154,19.81503465428265,306.44681422281855,108.0,-2.175094125699963
2025,672515,309,5.4956652586327435,709.7121259362594,657.6666666666667,4.685184544515265
2021,606993,30,-2.407200738710133,83.0916983647962,71.0,0.7518909774048982
2022,664874,205,2.0329161243989846,541.5091218305504,534.3333333333333,4.578079342067168
2024,665782,31,-2.609585469163534,64.17021276595744,59.0,4.970495383852979
2022,596451,87,-2.0891452683535174,249.4083333333333,243.33333333333331,1.1278523326226821
2024,668952,65,-6.997571665650635,275.51777231777237,269.6666666666667,0.39233196225898004
2023,621512,61,-8.791844737549393,146.86939348473481,124.33333333333334,0.5360923104090978
2025,678011,73,-3.008174795048299,139.53755628075692,59.0,5.4074584124149965
2022,642336,299,-4.534889262345649,674.4073752794147,638.0,3.288687054723666
2024,672724,11,-0.018326668343282004,25.285045045045045,17.666666666666664,-1.219477036345441
2023,675656,146,-8.447263216135823,436.28787878787875,429.3333333333333,2.3861756584365357
2021,663886,394,8.517780919304112,929.0124357899924,846.0,-4.697240663716318
2025,672569,66,-0.6411917544859727,153.51506090808417,130.33333333333331,-0.7668122278859633
2025,695391,84,0.22181456146958328,274.10585585585585,269.66666666666663,-0.8604533143760937
2024,622110,10,0.9593039706831578,35.0,35.0,0.3765555151706301
2024,660670,222,4.951722511479227,425.1,417.00000000000006,-7.5632421665219844
2022,668721,35,-1.27203120642355,80.8594427244582,49.0,-0.3260338141855372
2023,657247,21,-2.891444668335721,65.33333333333333,65.33333333333333,0.7593849372234245
2022,670712,160,7.521757518147599,473.5118589743591,466.66666666666674,-11.554036447179506
2022,680814,102,-0.49847457420973107,251.96190476190478,247.33333333333334,-12.252157839068587
2023,541645,117,-6.512009834729311,271.47419181919577,237.0,-4.154932045878835
2024,681393,194,1.6977314559623995,393.66666666666663,357.66666666666663,0.5966942370495785
2025,669288,57,-2.374710527331532,228.81948051948055,221.0,-0.4399357145893017
2022,678662,35,-1.4210721948189722,78.0,78.0,-0.7082356008136169
2024,679881,10,-0.43382601421855393,21.79824561403509,19.666666666666668,0.32009090598698153
2025,650559,50,-4.204204639911962,103.22565726955972,48.0,2.8976585594884767
2021,592656,55,-2.5472087314503944,121.24823025776973,107.66666666666666,2.4296253239876373
2022,666211,117,-0.2534039661346076,265.1240846536988,187.66666666666669,2.5875205207836514
2021,642136,8,-0.8567665633285795,19.027898866608545,9.0,0.6924482923016007
2023,669911,152,-13.576225252291323,336.2214285714286,317.0,-1.1817111428584095
2024,805373,32,-4.826673059586152,70.0,70.0,-1.8404844333821924
2025,663584,78,-7.886599312612976,262.99616228070175,258.3333333333333,4.465939382615358
2025,624513,7,-0.26173378225734567,17.0,17.0,0.16501616285594634
2024,670276,27,-0.7665960988696585,100.47461429040376,91.99999999999999,2.3886890176465774
2021,664011,4,-1.4040015110738693,9.17224880382775,0.0,3.5194355850229364
2023,571976,141,-9.623150863031107,277.00469416785205,238.0,4.593058024678238
2024,665966,15,-0.6067837644763568,51.0,51.0,0.5124777142422527
2021,656883,2,0.3284075744953483,10.131578947368421,8.0,-0.11785749238109301
2022,666137,2,1.167500966962563,15.666666666666668,15.666666666666668,-1.959962711966431
2023,669369,48,-2.087742300736113,135.5503875968992,133.66666666666666,-2.854732764588153
2024,657061,57,-2.4487214042511516,133.29496564536885,96.66666666666666,2.9125949005042235
2025,695670,8,-0.7015439276358085,34.67034734133791,29.0,-0.016610238664432342
2024,686555,19,-1.7309460278775397,52.82324561403509,48.66666666666667,-1.4012403202458121
2022,665154,22,-1.3890894688072166,47.21708683473389,36.666666666666664,-0.8704557911007131
2024,664954,17,-0.47714744628072736,44.666666666666664,44.666666666666664,-0.4216156205858716
2022,660620,41,-3.8388157196428834,91.6372085003664,59.666666666666664,-1.6078558597182306
2022,641512,25,-1.3496535313850715,159.56568747450018,153.66666666666666,-2.4717663231662317
2023,691406,36,-1.9481802243684485,68.0,50.0,-0.16844319171855393
2021,571912,34,1.1710397437313445,110.56428571428572,106.0,0.6021887053907877
2024,596115,106,0.980132324544845,228.52631578947367,220.0,0.6485069819615706
2023,642215,22,2.51561292012596,50.171212121212115,43.666666666666664,-2.793858926995946
2024,679822,44,-7.3623190687591045,107.36176155500846,25.0,-0.8176918569758924
2021,605504,6,-0.651937536747637,36.0,36.0,0.06246514870025577
2022,680552,9,-1.5480099631670075,22.166666666666664,17.666666666666664,-1.9465203483463935
2021,541600,12,-0.3772941324905006,28.59285714285714,23.0,-0.19674384166820014
2025,571466,15,-1.3813026017389436,48.03333333333333,45.33333333333333,-0.24345845240409048
2024,621458,10,-1.318955921622846,19.397058823529413,10.0,-0.00432088873826213
2023,686490,6,-0.78381121048494,9.666666666666666,9.666666666666666,-0.391312193303548
2023,547379,17,-1.7059675609480809,39.0,39.0,0.04874419648098531
2022,644433,4,1.7094513854540805,9.0,9.0,-0.3024372777921761
2024,688363,32,-3.2477598276245767,71.83779929662282,34.33333333333333,-0.04665044985394631
2022,671056,22,-2.4971882711003595,95.66666666666667,95.66666666666667,0.8161488073301975
2022,623507,5,-1.2449463699076107,8.766666666666666,0.6666666666666666,-0.2954938166548369
2022,605486,0,0.0,7.666666666666667,7.666666666666667,-0.39766436087011553
2023,571740,2,-0.4091087346161474,3.6666666666666665,3.6666666666666665,-0.21663455835909123
2021,622668,4,0.3535916807614343,8.131578947368421,6.0,-0.8085468143615632
2023,656484,5,1.8402964088033338,13.333333333333332,13.333333333333332,0.2653170145026043
2024,664702,4,0.014082121794272734,11.066666666666666,5.666666666666667,1.955564457848669
2022,641741,11,0.47095828510238824,26.792664092664094,12.0,-0.42775103575643914
2021,666139,2,0.8940688699967705,15.0,15.0,0.5869296253328382
2021,642456,8,-0.38384053303450033,16.314102564102566,3.333333333333333,2.2114289975698687
2021,680963,1,-0.26223893611578925,2.3823529411764706,0.0,-0.028594771241830064
2025,605244,4,-1.0998920062774606,16.333333333333336,16.333333333333336,0.1782747261425435
2023,676625,6,-1.5224643603358727,17.1,9.0,-1.4432835669169355
2023,676882,1,-0.26921324050629897,1.975609756097561,0.0,-0.02371273712737127
