year,catcher,pop_time,distance,lead,sprint,is_cs,is_sb,tracked,pitchout
2021,425784,NA,47.679145970648094,30.336,28.5,0,1,0,0
2021,425784,1.423,44.23713570487856,34.876,30,0,1,1,0
2021,425784,1.433,45.67261815007077,33.407,28.1,0,1,1,0
2021,425877,2.376,62.97763132839272,23.979,27.3,0,1,1,0
2021,435559,1.659,42.2658273412369,34.781,28,0,1,1,0
2021,435559,NA,48.206776192502204,29.181,28.8,0,1,0,0
2021,435559,1.567,47.10367116473859,30.284,28.2,0,1,1,0
2021,435559,NA,37.68068324765305,40.248,26.7,0,1,0,0
2021,435559,1.478,44.65881913381962,33.418,28.1,0,1,1,0
2021,435559,NA,48.27428238999531,30.341,28.8,0,1,0,0
2021,435559,1.511,42.142389803189346,35.192,28.9,0,1,1,0
2021,444489,NA,43.270905358750014,36.353,28.1,0,1,0,0
2021,444489,1.566,48.35836622983967,30.907,28.6,0,1,1,0
2021,455117,1.456,38.86392172080137,38.897,29.8,0,1,1,0
2021,455117,NA,41.2118182758005,35.64,28.1,0,1,0,0
2021,455117,1.511,51.22984726376519,28.82,28.8,1,0,1,0
2021,455117,1.665,53.29143994608918,26.191,27.1,0,1,1,0
2021,455117,NA,44.79037238491609,32.779,28.1,0,1,0,0
2021,455139,1.59,43.16661391406915,33.291,30,0,1,1,0
2021,455139,NA,44.18148856666708,32.23,30,0,1,0,0
2021,455139,NA,48.12838007961408,32.202,27.6,0,1,0,0
2021,455139,1.557,51.381467459701085,27.905,29.7,0,1,1,0
2021,455139,NA,45.82426354793344,33.118,27.9,0,1,0,0
2021,457763,1.51,45.54418842216434,31.518,27,0,1,1,0
2021,457763,1.517,52.88188276980609,28.81,28.4,1,0,1,0
2021,457763,1.493,49.73523917532938,28.175,29,0,1,1,0
2021,457763,NA,44.67509728452881,33.104,27.7,0,1,0,0
2021,467092,NA,44.55273607925376,34.442,27.8,0,1,0,0
2021,467092,1.569,51.666954309998886,24.718,28.7,0,1,1,0
2021,467092,NA,41.540129709499276,35.699,28.1,0,1,0,0
2021,488771,1.501,47.29093225608449,32.317,27.9,0,1,1,0
2021,488771,1.542,45.30121861153062,33.119,28.7,0,1,1,0
2021,488771,NA,42.11082739639801,36.557,26.8,0,1,0,0
2021,488771,1.611,46.34862891465947,30.423,28.8,0,1,1,0
2021,488771,NA,53.927086532327465,25.097,29.1,0,1,0,0
2021,488771,NA,44.59968989695332,34.852,27.9,0,1,0,0
2021,506702,1.549,47.35429155267603,31.582,28.3,0,1,1,0
2021,506702,1.597,48.6796260091173,31.824,27.6,0,1,1,0
2021,518595,1.529,46.4137029312322,32.955,28.6,0,1,1,0
2021,518595,1.57,50.95947163508698,26.882,28.6,0,1,1,0
2021,518735,NA,36.42621788054271,41.161,29.8,0,1,0,0
2021,518735,NA,47.72076076510767,31.575,28.9,0,1,0,0
2021,518735,NA,49.62751832243302,29.894,29.4,0,1,0,0
2021,518735,NA,69.50850118848261,17.237,28.6,0,1,0,0
2021,518735,NA,40.358362910101945,38.074,27.8,0,1,0,0
2021,518735,NA,38.03579390798379,40.99,28,0,1,0,0
2021,518735,1.716,52.68950991639131,27.555,26.6,1,0,1,0
2021,518735,1.606,54.76117160239164,25.407,28.9,0,1,1,0
2021,519222,1.505,45.014059562726054,34.163,28.8,0,1,1,0
2021,519390,NA,35.40988369586081,42.139,29.8,0,1,0,0
2021,519390,NA,29.116855417816478,49.495,26.4,0,1,0,0
2021,519390,NA,48.84147988151444,29.866,27.6,0,1,0,0
2021,519390,1.579,55.120310538601906,23.963,29.3,1,0,1,0
2021,519390,1.527,47.461969325183254,31.51,29.3,0,1,1,0
2021,519390,1.511,45.65034902008399,32.358,27.8,0,1,1,0
2021,519390,NA,37.34253162896413,38.521,29.8,0,1,0,0
2021,519390,1.545,43.42066382091038,35.102,26.5,0,1,1,0
2021,519390,1.536,44.792793722754496,32.577,27.6,0,1,1,0
2021,521692,NA,40.80845295324796,36.574,27.5,0,1,0,0
2021,521692,1.691,47.31957569502047,31.982,25.4,0,1,1,0
2021,521692,NA,46.575043372981845,30.63,27.3,0,1,0,0
2021,521692,1.657,49.30081222947011,29.393,29.1,0,1,1,0
2021,521692,1.429,46.72321461685266,30.704,29.4,0,1,1,0
2021,521692,1.428,49.40905544269184,30.759,28.5,1,0,1,0
2021,521692,NA,41.69656065479056,36.194,27.9,0,1,0,0
2021,543228,NA,46.5168705391214,32.651,26.1,0,1,0,0
2021,543228,NA,47.36816926570004,30.431,28.7,0,1,0,0
2021,543228,NA,44.307282090305584,35.103,29.1,0,1,0,0
2021,543309,1.429,49.07091347617415,30.469,27.9,0,1,1,0
2021,543309,1.447,45.27757767234998,32.068,28.8,0,1,1,0
2021,543510,NA,33.75396248493339,40.247,26.5,0,1,0,0
2021,543510,1.575,46.8461324679562,32.532,29.1,0,1,1,0
2021,543510,NA,50.73364050962689,27.733,30.2,0,1,0,0
2021,543510,NA,43.338244329687896,36.433,27.6,0,1,0,0
2021,543510,1.647,46.22539570041133,32.32,30.2,1,0,1,0
2021,543510,1.522,45.91370881228887,32.489,28.8,1,0,1,0
2021,543510,1.543,44.44944656364047,33.094,29.8,0,1,1,0
2021,543510,1.472,48.55257865172554,30.092,28.6,1,0,1,0
2021,543510,NA,50.853177499807515,27.531,30.2,0,1,0,0
2021,543592,NA,45.200215132093426,33.206,30.2,0,1,0,0
2021,543592,1.516,44.54535031472119,33.718,27.5,0,1,1,0
2021,543592,1.71,47.53818220224119,31.687,28.1,0,1,1,0
2021,543592,1.575,46.49601311956044,31.566,27.8,0,1,1,0
2021,543592,1.624,38.94749268857492,37.519,27.3,0,1,1,0
2021,543877,NA,42.95678326572242,35.89,28.5,0,1,0,0
2021,543877,NA,49.75191336479619,28.505,28.8,0,1,0,0
2021,543877,1.507,52.33387673747568,27.337,28.8,1,0,1,0
2021,543877,NA,48.18450342101795,29.812,28.8,0,1,0,0
2021,543877,NA,66.34936616270286,21.383,28.5,0,1,0,0
2021,543877,NA,41.13237705284961,38.493,26.6,0,1,0,0
2021,545358,1.468,48.07297191902977,30.24,28.6,1,0,1,0
2021,545358,1.571,50.65422444154501,29.959,26.8,1,0,1,0
2021,545358,1.527,47.237837676399806,31.298,28.4,0,1,1,0
2021,545358,NA,43.79363079255138,31.733,28.5,0,1,0,0
2021,545358,1.593,53.595087732793246,24.497,27,0,1,1,0
2021,545358,1.504,51.52807204668862,26.836,26,0,1,1,0
2021,545358,1.496,42.520309708173684,36.333,28,0,1,1,0
2021,545358,1.604,45.1637188633113,33.642,26.6,0,1,1,0
2021,545358,NA,52.11472501171524,25.468,28.5,0,1,0,0
2021,545358,1.389,44.03152509538379,32.496,28.6,0,1,1,0
2021,545358,1.679,49.837061675175484,30.361,27.8,0,1,1,0
2021,553869,NA,44.71282865890113,32.651,29.1,0,1,0,0
2021,553869,1.453,45.53231428886943,33.284,28.2,1,0,1,0
2021,553869,1.44,43.803164610963634,34.973,30.2,0,1,1,0
2021,553869,NA,49.00392650333788,29.028,28.4,0,1,1,0
2021,553869,NA,40.64699365197481,38.045,23.2,0,1,0,0
2021,553869,1.417,52.22397139972116,27.286,30.2,1,0,1,0
2021,553882,NA,46.53756322704463,32.563,29.3,0,1,0,0
2021,553882,NA,46.30353862760907,31.311,27.5,0,1,0,0
2021,553882,NA,38.37737812217068,39.324,29.4,0,1,0,0
2021,553882,NA,53.06006588226453,27.254,29.7,0,1,0,0
2021,553882,1.681,56.16450429059571,24.928,27.9,1,0,1,0
2021,553882,NA,41.22381367828494,37.901,29.2,0,1,0,0
2021,553882,NA,46.25915392540482,32.551,29,0,1,0,0
2021,571466,NA,34.7331752876069,43.833,27.5,0,1,0,0
2021,572287,NA,49.85956852350049,29.149,28.8,0,1,0,0
2021,572287,NA,41.820709097358346,36.971,26.5,0,1,0,0
2021,572287,NA,47.93207929496401,30.589,30.2,0,1,0,0
2021,572287,1.509,44.177796793904655,31.069,28.6,0,1,1,0
2021,572287,NA,44.455566641104106,34.288,30.1,0,1,1,0
2021,572287,NA,43.2315447002027,36.325,27.9,0,1,0,0
2021,572287,1.49,47.87275581896453,30.082,28,0,1,1,0
2021,572287,1.419,44.54982600663874,31.863,28.3,0,1,1,0
2021,572287,1.463,51.55718809559885,26.32,28.1,1,0,1,0
2021,575929,1.628,48.15952707224149,29.491,29,0,1,1,0
2021,575929,1.551,53.237176329705434,26.713,28.6,1,0,1,0
2021,575929,NA,45.21026462526793,33.281,27.2,0,1,0,0
2021,575929,1.402,50.04393614532695,25.17,28.7,1,0,1,0
2021,575929,NA,46.626998644738215,31.302,29.2,0,1,0,0
2021,575929,1.421,47.65402146913913,32.597,27.7,0,1,1,0
2021,592200,1.47,48.476734632823316,31.09,28.5,0,1,1,0
2021,592663,1.43,51.93086049509492,27.752,28.7,0,1,1,0
2021,592663,1.454,48.13529629166326,31.594,28.8,0,1,1,0
2021,592663,NA,37.50786321880703,41.02,27.8,0,1,0,0
2021,593590,1.592,49.884403832804864,29.615,28.1,0,1,1,0
2021,593590,NA,34.38655192553769,44.036,29,0,1,0,0
2021,595284,NA,53.249596548608416,29.447,27.4,0,1,0,0
2021,595284,1.55,49.710030800444414,28.326,28.6,1,0,1,0
2021,595453,NA,49.873804568932805,29.272,28.2,0,1,1,0
2021,595453,NA,40.417151383852065,36.988,30.2,0,1,0,0
2021,595956,1.637,47.737393751468176,30.13,28.9,0,1,1,0
2021,595956,1.591,45.416546733890115,31.687,26.7,0,1,1,0
2021,595978,NA,48.92386401842107,29.387,28.8,0,1,0,0
2021,595978,1.479,46.859073336023165,30.519,29.8,0,1,1,0
2021,595978,1.52,47.773653107634644,32.545,29.8,0,1,1,0
2021,595978,NA,39.20609713962889,36.864,28,0,1,0,0
2021,595978,1.604,50.55730447334732,27.888,28.1,0,1,1,0
2021,596142,1.513,48.27247430493239,30.594,28.3,0,1,1,0
2021,596142,NA,46.50245301362501,31.572,28.5,0,1,0,0
2021,596142,NA,50.13545309487924,29.322,27.5,0,1,0,0
2021,596142,1.49,49.8055658503499,28.425,28.5,0,1,1,0
2021,596142,1.45,46.35158066719006,33.542,26.9,0,1,1,0
2021,596142,1.494,49.26569104035742,28.474,28.5,0,1,1,0
2021,596142,NA,42.99271955804509,34.836,28.1,0,1,0,0
2021,596142,1.451,47.441914115180325,31.23,28.8,1,0,1,0
2021,600474,NA,41.263627830669286,37.285,25.4,0,1,0,0
2021,600474,NA,48.599513210287846,32.665,25.4,0,1,0,0
2021,600474,1.512,53.62323319996557,26.02,27.8,1,0,1,0
2021,600474,NA,47.3474835284536,31.301,28.7,0,1,0,0
2021,600474,1.498,42.783353328358864,36.509,26.6,0,1,1,0
2021,605131,1.552,45.528113487142434,32.521,28.7,0,1,1,0
2021,605131,NA,38.75127788249201,39.868,29,0,1,0,0
2021,605131,1.553,45.76934852190077,31.462,27.9,0,1,1,0
2021,605131,2.27,61.92649551251856,21.825,29.7,0,1,1,0
2021,605131,1.52,57.21058607348705,22.945,28.8,1,0,1,0
2021,605170,1.554,45.17758544491519,33.382,26.1,0,1,1,0
2021,605170,1.695,49.22058666903722,30.691,28.4,0,1,1,0
2021,605170,NA,70.86091824664858,16.093,29.8,1,0,0,0
2021,605170,NA,46.829138653007384,32.32,28.7,0,1,0,0
2021,605170,1.695,45.41035176475013,33.001,27.3,0,1,1,0
2021,605170,NA,47.0232581515756,31.869,28.6,0,1,0,0
2021,605244,1.423,46.29716121424544,35.02,27.6,0,1,1,0
2021,606988,1.617,48.19818741896889,32.089,28.8,0,1,1,0
2021,606988,1.473,46.81915098346782,32.075,28.8,0,1,1,0
2021,606988,1.545,45.388953939162604,33.95,28,0,1,1,0
2021,606992,1.507,55.02840861256321,25.09,28.5,1,0,1,0
2021,606992,1.569,47.431216256104165,31.054,29.1,0,1,1,0
2021,606992,1.524,49.59813763413543,30.009,27.3,1,0,1,0
2021,607732,1.588,45.22139417349989,34.154,23.2,0,1,1,0
2021,607732,NA,42.16935548177069,37.127,26.7,0,1,0,0
2021,607732,NA,42.08144321464486,35.226,28.2,0,1,0,0
2021,607732,1.528,40.12634368785185,36.285,28.3,0,1,1,0
2021,607732,1.597,50.360403728588004,27.775,28.6,0,1,1,0
2021,607732,NA,37.18234610767418,39.07,27.6,0,1,0,0
2021,607732,1.513,48.84033249392713,29.103,27.2,0,1,1,0
2021,607732,NA,43.96896742266473,32.888,27.7,0,1,0,0
2021,607732,1.518,46.41857208055304,33.005,28.9,0,1,1,0
2021,608348,1.485,46.92866868946215,31.384,26.7,0,1,1,0
2021,608348,1.485,56.00923448180378,23.376,29,1,0,1,0
2021,608348,1.502,44.37626520044828,32.529,28.4,0,1,1,0
2021,608348,1.535,49.506285286932176,30.664,28.2,1,0,1,0
2021,608348,NA,47.354048499574155,30.781,27.7,0,1,0,0
2021,608596,NA,44.485680889788625,34.854,28.8,0,1,0,0
2021,608596,NA,45.24142510885228,32.122,27.8,0,1,0,0
2021,608596,NA,51.28050387227747,28.291,29.8,0,1,0,0
2021,608596,NA,46.8020286916468,31.566,28.9,0,1,0,0
2021,608596,NA,39.99273589075357,36.716,30,0,1,0,0
2021,608596,1.549,47.513881708671214,31.022,30.1,0,1,1,0
2021,608596,NA,38.006967506439246,39.466,29.4,0,1,0,0
2021,608596,NA,49.46546840949307,29.988,29,0,1,0,0
2021,608700,NA,68.43097888493611,17.513,28.9,1,0,0,0
2021,608700,NA,50.228460962873875,28.206,27.3,0,1,0,0
2021,608700,NA,43.54579940325617,33.853,26.6,0,1,0,0
2021,608700,1.644,49.69916441414681,28.13,28.1,0,1,1,0
2021,620443,1.528,50.45415216798154,28.091,28.2,0,1,1,0
2021,620443,1.461,48.994327593195756,31.456,28,1,0,1,0
2021,620443,1.508,48.69613547584535,29.474,27.1,0,1,1,0
2021,620443,NA,45.2460091083928,35.223,26.1,0,1,0,0
2021,621512,1.38,47.365674616255596,31.335,28.1,1,0,1,0
2021,624431,1.536,45.752909234466706,32.388,26.7,0,1,1,0
2021,624431,NA,45.077526242045295,33.057,28.9,0,1,0,0
2021,624431,NA,50.870482328713145,27.614,26.8,0,1,1,0
2021,624431,1.598,51.68539176004726,28.096,28.7,1,0,1,0
2021,624431,NA,29.37139072678723,48.943,23,0,1,0,0
2021,624431,1.524,45.19173576817868,34.281,28.8,0,1,1,0
2021,624431,1.541,47.91376495323016,30.952,27.9,0,1,1,0
2021,624512,NA,46.479860502944454,34.333,28,0,1,0,0
2021,624512,NA,42.93122318552311,33.732,28.8,0,1,0,0
2021,624512,1.433,54.26004575081994,24.892,29.4,1,0,1,0
2021,624512,1.486,47.54863682254502,32.073,28.5,0,1,1,0
2021,624512,1.493,57.4075185799875,24.543,25.4,1,0,1,0
2021,624512,1.46,46.96955884428086,32.405,27.5,0,1,1,0
2021,624513,1.531,47.625056005709425,30.687,27.7,1,0,1,0
2021,624513,1.507,51.3189093837101,26.642,27.8,1,0,1,0
2021,624513,1.678,51.56738942633475,28.789,29.2,0,1,1,0
2021,624513,NA,43.94799077134758,34.378,27.4,0,1,0,0
2021,624513,NA,42.74624855378506,38.886,26.1,0,1,0,0
2021,624513,1.499,41.02686031178094,36.446,29.9,0,1,1,0
2021,624513,1.44,44.759885834918855,33.101,27,0,1,1,0
2021,624513,1.57,48.10765700454534,30.907,27.7,0,1,1,0
2021,624513,1.53,51.03458544660527,27.009,30.2,0,1,1,0
2021,624513,1.546,43.08100204132228,33.683,27.6,0,1,1,0
2021,641470,1.603,49.25892313069986,30.071,28.8,0,1,1,0
2021,641470,1.586,51.93250026506694,29.479,28.1,0,1,1,0
2021,641470,NA,48.13123299186163,30.541,27.9,0,1,0,0
2021,641470,NA,46.60553077712768,31.156,28.8,0,1,0,0
2021,641470,NA,47.7143024004988,31.576,28.8,0,1,0,0
2021,641598,1.606,49.39404308962913,29.628,30,0,1,1,0
2021,641598,1.582,46.78549317513511,32.518,27,0,1,1,0
2021,641598,1.506,53.91771820203805,25.259,29.8,1,0,1,0
2021,641598,1.504,48.74991605946503,28.396,30,0,1,1,0
2021,641680,1.5,48.40101050263596,30.993,27.4,0,1,1,0
2021,641680,1.541,46.576987082365484,32.065,27,0,1,1,0
2021,641680,1.476,44.41355059422101,34.465,27.5,0,1,1,0
2021,642336,NA,47.61985096883527,31.845,28.5,0,1,0,0
2021,642336,1.64,54.862921751417716,26.14,28.2,1,0,1,0
2021,642851,1.491,47.75000843688915,30.7,28.9,0,1,1,0
2021,643376,NA,40.26013742395244,38.588,27.6,0,1,0,0
2021,643376,NA,46.97576966880823,31.705,27.2,0,1,0,0
2021,643376,NA,47.49782740243972,33.314,27.9,0,1,0,0
2021,643376,1.519,53.82249669211644,25.73,27.5,1,0,1,0
2021,644433,NA,50.70796660725071,26.864,28.3,0,1,0,0
2021,656180,1.459,51.027287414074934,27.935,28.4,0,1,1,0
2021,656180,NA,46.070349676749736,32.813,28.6,0,1,0,0
2021,656577,NA,40.76747354599241,35.967,28.1,0,1,0,0
2021,656577,NA,46.002737002075264,30.975,28.1,0,1,0,0
2021,660688,1.64,53.957963812407684,25.026,28.6,0,1,1,0
2021,660688,1.653,53.504654192786965,24.968,29.9,1,0,1,0
2021,661388,1.575,44.627203242926285,33.719,28.1,0,1,1,0
2021,661388,NA,49.54306143036977,29.255,28,0,1,0,0
2021,663728,NA,50.379758944589334,28.92,27.8,0,1,0,0
2021,663728,NA,55.90352392003311,27.619,28.6,0,1,0,0
2021,663886,NA,48.48194949959215,30.811,28.3,0,1,0,0
2021,663886,1.627,52.77830654690786,27.452,28.4,1,0,1,0
2021,663886,NA,63.832855037810816,20.272,27.4,0,1,0,0
2021,665861,1.56,53.82399558796375,28.684,26.4,1,0,1,0
2021,666163,1.465,47.99315843042667,30.23,28.7,1,0,1,0
2021,666163,1.487,38.53413496985417,38.495,30,0,1,1,0
2021,668663,NA,44.48142049943111,33.113,27.9,0,1,0,0
2021,668663,NA,44.032465664597815,33.087,30.1,0,1,0,0
2021,668800,1.503,48.689626605012315,30.942,28.8,0,1,1,0
2021,668800,1.533,44.791263672967034,33.183,28.7,0,1,1,0
2021,669221,NA,45.15815908298859,33.062,28.7,0,1,0,0
2021,669221,NA,41.300962893138696,39.309,26.1,0,1,0,0
2021,669221,1.331,46.8736128823148,31.889,27.9,1,0,1,0
2021,669221,NA,42.76501088445059,36.194,27.3,0,1,0,0
2021,669221,NA,50.640106138001855,28.435,28.8,0,1,0,0
2021,669221,1.407,49.219380867764045,28.984,28.1,1,0,1,0
2021,669221,1.392,47.73670652435569,29.852,28.3,0,1,1,0
2021,669257,NA,38.871093021139764,40.447,27.9,0,1,0,0
2021,669257,1.43,40.76229471178012,38.669,28.8,0,1,1,0
2021,669257,1.418,49.6199248145923,29.872,28.2,0,1,1,0
2021,669257,NA,46.11563093836689,33.414,28.3,0,1,0,0
2021,669257,NA,39.98589547143366,37.517,28.1,0,1,0,0
2021,669257,1.55,42.76674034817062,34.228,28.1,0,1,1,0
2021,669257,1.523,46.969203482387954,29.674,28.8,1,0,1,0
2021,669257,1.557,45.88145908376795,32.642,26.2,0,1,1,0
2021,672386,1.47,44.434707166313544,33.495,28.9,0,1,1,0
2021,672386,NA,47.39685657616801,31.065,28.8,0,1,0,0
2021,672386,NA,40.707351768058125,36.682,28.5,0,1,0,0
2021,672386,1.481,43.849510305113775,35.186,27.9,0,1,1,0
2021,672386,NA,48.721077898291576,29.531,28.5,0,1,0,0
2021,672386,NA,49.25657562536774,29.528,28.1,0,1,0,0
2021,672386,1.559,47.83281562224416,32.561,26.4,1,0,1,0
2021,672386,1.53,42.67190164368092,34.717,29.4,0,1,1,0
2021,672386,NA,44.32257404629334,35.428,27.9,0,1,0,0
2021,680777,1.622,52.28499050186634,27.233,30,0,1,1,0
2021,680777,NA,37.29072952309413,40.328,27.9,0,1,0,0
2021,680777,NA,49.190107956786115,28.381,30,0,1,0,0
2021,680777,1.6,51.023973414600796,28.417,29.9,0,1,1,0
2021,680777,1.67,51.67400612683743,26.422,28.4,0,1,1,0
2022,425877,1.945,64.13069267537507,18.995,27.4,1,0,1,0
2022,435559,NA,42.68654040145856,34.552,30.1,0,1,0,0
2022,435559,1.631,50.31023147755506,29.736,28,0,1,1,0
2022,435559,NA,50.38317071551185,28.133,27.4,0,1,0,0
2022,455117,NA,45.13695751116169,33.984,28.5,0,1,0,0
2022,455117,1.491,46.40700238792201,31.73,28.5,1,0,1,0
2022,455117,1.461,52.222535967648085,27.058,30.1,1,0,1,0
2022,455117,NA,45.734922227051094,33.179,30.1,0,1,0,0
2022,455117,NA,48.58345382008329,31.437,28.5,0,1,0,0
2022,455139,1.559,42.06038885406371,36.614,30.1,0,1,1,0
2022,455139,NA,48.33699050225104,31.42,29.9,0,1,0,0
2022,455139,1.586,53.60402615942778,27.546,26.9,1,0,1,0
2022,455139,1.658,49.628627275168995,28.275,28.8,0,1,1,0
2022,488771,1.559,52.547384686559795,28.489,27.6,1,0,1,0
2022,488771,NA,41.05368896562456,36.738,29,0,1,0,0
2022,506702,NA,35.66010853513979,44.152,27.9,0,1,0,0
2022,506702,NA,41.08574744468151,37.893,26.8,0,1,0,0
2022,506702,1.518,44.176827537042556,35.576,27.5,0,1,1,0
2022,518595,NA,44.27200720626659,35.21,26.5,0,1,0,0
2022,518595,NA,47.111190968176665,31.091,29.5,0,1,0,0
2022,518595,NA,44.161664848344124,34.998,27.7,0,1,0,0
2022,518595,1.653,54.526863389931066,24.604,28.6,0,1,1,0
2022,518595,1.572,50.09659319885213,28.37,28.3,1,0,1,0
2022,518735,NA,40.06085968133942,38.133,28,0,1,0,0
2022,518735,NA,45.55609594906862,32.762,28.6,0,1,0,0
2022,518735,1.612,49.26142251142343,30.242,30,0,1,1,0
2022,518735,1.673,55.169290434675986,24.51,30,1,0,1,0
2022,518735,1.636,47.135368405209846,29.819,27.9,0,1,1,0
2022,518735,NA,36.02617907728285,41.836,27,0,1,0,0
2022,518735,NA,44.36706021412058,35.53,25.5,0,1,0,0
2022,519222,1.706,52.824095397804264,29.067,26.4,1,0,1,0
2022,519222,1.515,50.170268287203776,29.622,29.8,0,1,1,0
2022,519222,1.505,50.51843022973271,29.105,28.4,1,0,1,0
2022,519222,1.498,52.11156345778948,27.525,27.4,1,0,1,0
2022,519222,NA,40.62428019226156,37.617,28.3,0,1,0,0
2022,519222,1.689,48.08203826263652,30.196,28.6,0,1,1,0
2022,519390,1.567,54.17900543822848,25.283,29.7,1,0,1,0
2022,519390,1.595,50.055551842251205,29.458,27.1,0,1,1,0
2022,519390,NA,48.38865338732166,31.351,29.7,0,1,0,0
2022,521692,1.491,44.721155895898086,33.262,29.9,0,1,1,0
2022,521692,NA,42.8867377926804,35.166,30,0,1,0,0
2022,521692,1.47,48.95258026824826,27.851,30.2,1,0,1,0
2022,521692,1.48,45.41770226514073,34.652,25.5,1,0,1,0
2022,521692,1.491,46.81523353028575,32.415,27.9,0,1,1,0
2022,542194,NA,61.867536806881326,21.54,26.4,0,1,0,0
2022,542194,1.495,49.563951835276356,29.29,30.1,0,1,1,0
2022,542194,1.535,50.48180232786971,31.68,26.7,0,1,1,0
2022,543228,1.627,55.67117415497753,24.833,29.3,1,0,1,0
2022,543228,1.521,45.05570770503783,33.317,28.1,0,1,1,0
2022,543228,NA,34.85771544133947,45.215,23.2,0,1,0,0
2022,543228,1.533,49.10988216473082,28.401,26.7,0,1,1,0
2022,543228,1.432,40.94672789847328,38.048,29.8,0,1,1,0
2022,543228,NA,55.12914619020543,25.153,28.3,0,1,1,0
2022,543228,NA,44.5824685908711,32.174,28.6,0,1,0,0
2022,543228,1.534,51.08192834720876,28.002,27.5,1,0,1,0
2022,543228,NA,39.71583500383645,37.62,27.3,0,1,0,0
2022,543309,1.539,49.08640995101014,30.913,28.1,0,1,1,0
2022,543510,NA,41.677140306333264,37.731,28.3,0,1,0,0
2022,543592,NA,56.791264311920564,25.008,28.3,0,1,0,0
2022,543592,1.492,53.05359624926944,26.667,29.9,1,0,1,0
2022,543592,1.641,49.804213223310796,29.342,27.6,0,1,1,0
2022,543592,1.608,50.19406654984943,29.357,30.4,0,1,1,0
2022,543592,1.709,43.259249251008065,36.796,27,0,1,1,0
2022,543592,1.637,48.42455306603548,30.703,27.3,0,1,1,0
2022,543877,NA,50.23177979762793,28.548,30.1,0,1,0,0
2022,543877,NA,44.18775926461857,33.109,28,0,1,0,0
2022,543877,NA,50.486778136427255,28.488,29.2,0,1,0,0
2022,543877,1.547,52.04769713827338,27.497,25.5,1,0,1,0
2022,543877,NA,42.07859632996689,35.679,28.1,0,1,0,0
2022,543877,1.542,48.55235926975095,30.066,26.2,0,1,1,0
2022,543877,1.449,47.352087988956434,31.113,30.1,0,1,1,0
2022,545358,1.569,47.180314048819255,30.548,29.1,0,1,1,0
2022,545358,NA,45.44109966392167,32.519,30,0,1,0,0
2022,545358,NA,43.41884087960748,33.489,28.4,0,1,0,0
2022,545358,1.599,49.42778875892386,29.469,28.1,1,0,1,0
2022,545358,NA,46.6241028633983,31.954,28.5,0,1,0,0
2022,545358,1.55,49.91172407323863,28.303,28,0,1,1,0
2022,545358,NA,38.412713236675735,38.366,28.7,0,1,0,0
2022,545358,NA,46.23471525780398,32.721,28.5,0,1,0,0
2022,553869,1.666,51.755790105521335,29.025,26.7,0,1,1,0
2022,553869,1.618,53.5694142477687,25.007,27.6,0,1,1,0
2022,553869,1.323,43.55590588599711,35.012,30.2,0,1,1,0
2022,553869,1.402,45.73477816689422,33.068,28.2,1,0,1,0
2022,553869,1.52,49.124924379340435,29.803,27.6,0,1,1,0
2022,553869,1.38,45.470502243978494,32.586,28.7,0,1,1,0
2022,553869,1.458,49.11807560614771,28.752,29.5,0,1,1,0
2022,553869,1.422,46.291170570437096,32.657,28.1,0,1,1,0
2022,553869,1.43,46.275610062708466,33.273,28.8,0,1,1,0
2022,553869,1.402,49.43138658249786,28.653,29.3,0,1,1,0
2022,553869,1.383,52.49032359462156,27.525,28.7,0,1,1,0
2022,553882,NA,49.28586044923465,29.953,27.2,0,1,0,0
2022,553882,1.636,49.75191364079358,28.353,28.3,0,1,1,0
2022,553882,NA,37.24252282769744,40.487,28.6,0,1,0,0
2022,553882,NA,49.1201588916547,28.407,28.7,0,1,0,0
2022,553882,NA,45.46151039733961,31.705,27.9,0,1,0,0
2022,553882,1.458,40.74950731923989,37.728,27.6,0,1,1,0
2022,553882,1.569,50.9294729609037,28.238,27.9,1,0,1,0
2022,553882,NA,29.054895982523288,46.694,28.8,0,1,0,0
2022,571466,1.484,49.661330039447385,29.456,27,0,1,1,0
2022,571466,NA,61.900084466930075,19.961,28.8,0,1,0,0
2022,571466,NA,47.98805117405176,31.661,26.4,0,1,0,0
2022,571466,1.704,48.263637185487454,32.343,25.5,0,1,1,0
2022,571466,NA,42.26159742659732,36.5,27.4,0,1,0,0
2022,571466,1.543,48.86426528696751,29.42,30.4,1,0,1,0
2022,571466,1.551,52.97406248867267,26.076,28.5,0,1,1,0
2022,571912,NA,45.4724200392761,34.76,30.1,0,1,0,0
2022,571912,1.678,54.23305263613214,26.785,27.3,1,0,1,0
2022,571912,1.459,49.184028892737665,29.822,28.8,1,0,1,0
2022,571912,NA,40.63899460827467,37.811,27.9,0,1,0,0
2022,571912,1.533,47.919068130491034,30.003,28.5,0,1,1,0
2022,571912,1.505,48.46270600073194,31.396,27,0,1,1,0
2022,572287,1.452,50.01393852547692,28.759,30.1,1,0,1,0
2022,572287,1.518,45.53059444290097,31.928,29,0,1,1,0
2022,572287,NA,40.365157270312665,36.848,26.6,0,1,0,0
2022,572287,1.548,51.93051310782605,27.857,27.1,1,0,1,0
2022,575929,NA,37.60963542654101,39.925,28.6,0,1,0,0
2022,575929,1.466,47.272182072842114,30.645,27.8,1,0,1,0
2022,575929,NA,37.1713713463033,38.714,27.3,0,1,0,0
2022,592200,1.714,49.72319041064965,29.002,27,0,1,1,0
2022,592200,NA,36.407481244449706,41.468,28.8,0,1,0,0
2022,592663,1.402,44.90061738349681,34.461,28.6,0,1,1,0
2022,592663,1.384,46.16568876116189,31.95,28.6,0,1,1,0
2022,592663,NA,43.36023392850101,35.307,27.3,0,1,0,0
2022,592663,NA,45.76141424749224,33.624,30,0,1,0,0
2022,592663,NA,44.148601235807526,34.613,28.8,0,1,0,0
2022,595284,NA,52.285922587872825,28.8,28.6,0,1,0,0
2022,595284,1.499,47.91211044541757,31.533,27.9,0,1,1,0
2022,595453,NA,51.04786379284377,29.114,28.1,0,1,0,0
2022,595453,1.549,48.24480274212337,30.728,28.8,0,1,1,0
2022,595453,1.505,47.94405558811296,30.371,27.8,0,1,1,0
2022,595751,NA,48.41957797511959,31.421,25.1,0,1,0,0
2022,595751,NA,47.422541320674604,31.117,26.6,0,1,0,0
2022,595751,1.541,45.846870856027415,32.563,27.8,0,1,1,0
2022,595751,1.464,42.95215996215291,35.498,28.7,0,1,1,0
2022,595751,1.49,52.01500769499928,27.464,28.8,0,1,1,0
2022,595978,NA,33.52311993077257,43.59,28,0,1,0,0
2022,595978,1.559,50.08122675521726,29.161,27.3,1,0,1,0
2022,596117,1.524,51.5317639765352,28.561,28.1,0,1,1,0
2022,596142,1.533,43.47716038362401,34.401,27.4,0,1,1,0
2022,596142,1.487,47.445257543297465,31.728,28.3,1,0,1,0
2022,596142,NA,34.385825569862625,41.859,29.4,0,1,0,0
2022,596142,1.514,48.88598325230214,28.661,27.9,0,1,1,0
2022,605131,1.559,51.42062421817515,28.264,27.9,0,1,1,0
2022,605131,1.669,54.325982792510494,27.057,27.6,0,1,1,0
2022,605170,1.578,47.26442406026935,32.569,28.6,0,1,1,0
2022,605170,NA,37.17894276534007,40.821,28.2,0,1,0,0
2022,605170,NA,44.30877225794601,33.772,28.3,0,1,0,0
2022,605170,NA,40.54562666332361,36.114,27.9,0,1,0,0
2022,605170,1.559,53.047016274253124,26.214,28.3,0,1,1,0
2022,605244,1.454,49.48890717964163,30.608,29.2,0,1,1,0
2022,605244,NA,40.425787599484984,38.609,27.8,0,1,0,0
2022,605244,1.441,53.367364085114836,25.151,27.3,1,0,1,0
2022,606992,NA,41.70845694286139,36.511,27,0,1,0,0
2022,606992,1.52,46.61041555290135,30.854,30.4,0,1,1,0
2022,607732,1.609,46.24818202957473,33.895,27.7,0,1,1,0
2022,607732,NA,46.76486732212736,30.779,28.1,0,1,0,0
2022,608348,1.418,42.94616000999003,34.92,28.4,0,1,1,0
2022,608348,NA,43.991550222154906,31.505,29.1,0,1,0,0
2022,608348,NA,47.54101659966269,31.113,28.5,0,1,0,0
2022,608348,1.566,49.91522075926418,29.683,28,1,0,1,0
2022,608348,NA,37.03329386586544,41.048,28.4,0,1,0,0
2022,608348,1.513,48.737466719553275,30.112,27.3,0,1,1,0
2022,608348,NA,43.6622002931681,33.308,28.9,0,1,0,0
2022,608596,1.489,46.23507950272687,31.985,30.1,0,1,1,0
2022,608700,NA,48.727176551631615,30.916,28,0,1,0,0
2022,608700,NA,50.372285343320705,28.997,30.6,0,1,0,0
2022,608700,NA,42.09554252653752,37.937,28,0,1,0,0
2022,620443,1.574,47.494739310664585,31.471,27.6,0,1,1,0
2022,620443,1.627,47.931648644022346,30.711,28.6,0,1,1,0
2022,620443,1.516,46.810292823812325,31.035,29,0,1,1,0
2022,621512,1.458,45.725576425182766,33.23,27.7,0,1,1,0
2022,621512,NA,44.16511994202934,34.799,29.4,0,1,0,0
2022,621512,NA,40.59798666208408,38.616,26.5,0,1,0,0
2022,621512,NA,28.615592319482232,49.699,26.6,0,1,0,0
2022,621512,1.59,48.299165826722685,30.609,30,0,1,1,0
2022,621512,NA,50.3831239441144,27.733,29.5,0,1,0,0
2022,621512,1.534,48.89523940646574,29.882,28.3,0,1,1,0
2022,623168,NA,50.29298087729144,28.702,27.8,0,1,0,0
2022,624431,NA,69.16779620415521,17.139,26.4,0,1,0,0
2022,624431,1.537,46.15841299797361,32.928,28.1,0,1,1,0
2022,624512,NA,35.89770520838873,42.507,26.6,0,1,0,0
2022,624512,1.501,48.098684411409906,32.329,29.5,0,1,1,0
2022,624513,NA,49.91105722188074,28.082,30.2,0,1,0,0
2022,624513,NA,47.04135725022145,32.505,25.5,0,1,0,0
2022,641511,NA,51.151846432138555,26.946,28.5,0,1,0,0
2022,641511,NA,48.1214527250951,31.175,27.9,0,1,0,0
2022,641511,NA,47.63719725428606,30.111,28.5,0,1,0,0
2022,641680,1.55,50.484857815780096,28.002,28.2,0,1,1,0
2022,641680,NA,45.12014025813763,32.803,28,0,1,0,0
2022,641680,NA,65.06209922448964,19.623,28.3,0,1,0,0
2022,641680,1.534,43.60370091556249,35.077,27.8,0,1,1,0
2022,641680,NA,37.80493409340554,39.92,29.1,0,1,0,0
2022,641680,1.498,50.78204743092889,27.939,27.7,1,0,1,0
2022,641680,NA,37.15143491884217,41.864,27.9,0,1,0,0
2022,641680,NA,43.73744002962417,36.053,26.9,0,1,0,0
2022,641680,1.584,47.116058079245974,31.062,28.1,0,1,1,0
2022,641680,1.51,40.705051125584006,37.095,28.1,0,1,1,0
2022,642020,1.535,48.380734770172324,30.509,27.3,0,1,1,0
2022,642020,NA,41.69570981504034,37.688,28.3,0,1,0,0
2022,642020,NA,49.44204672682435,30.149,28.5,0,1,0,0
2022,642020,NA,42.87414718385349,35.988,29.8,0,1,0,0
2022,642336,NA,28.22855836130109,49.93,25.5,0,1,0,0
2022,642336,1.51,48.879312035201686,27.932,28.5,0,1,1,0
2022,642336,NA,43.525044257119724,35.169,27.9,0,1,0,0
2022,642336,1.689,46.61430232664477,30.269,27.9,0,1,1,0
2022,642336,1.65,40.6170627554527,35.96,30.4,0,1,1,0
2022,642336,1.734,55.63724589173648,25.81,28.8,1,0,1,0
2022,642851,NA,45.88794178669972,31.065,29.9,0,1,0,0
2022,642851,1.522,50.84909400371528,28.285,27.8,0,1,1,0
2022,643376,1.63,48.78660151555758,28.008,27.7,0,1,1,0
2022,643376,NA,46.8491002989033,31.426,27.5,0,1,0,0
2022,645444,1.515,45.2947585031531,32.81,28.5,0,1,1,0
2022,645444,NA,40.58674390191867,36.705,26.5,0,1,0,0
2022,645444,1.44,47.19772464826759,32.031,27.6,1,0,1,0
2022,645444,1.515,49.90453477612094,28.398,28.7,1,0,1,0
2022,645444,1.527,48.934189746521774,30.894,28.5,0,1,1,0
2022,650907,NA,41.23241112998622,36.693,26.6,0,1,0,0
2022,650907,NA,72.10615408329438,15.13,26.4,0,1,0,0
2022,650907,1.721,51.494574649005145,27.998,26.7,0,1,1,0
2022,656180,NA,53.76768768708871,27.722,26.1,0,1,0,0
2022,656180,NA,38.27046791293816,39.207,28.1,0,1,0,0
2022,656180,NA,48.573509925946325,31.398,28.6,0,1,0,0
2022,657136,NA,45.04528299510437,33.634,30.1,0,1,0,0
2022,657136,NA,43.994616047598,35.537,27.8,0,1,0,0
2022,657136,1.567,46.70766092115783,32.449,27.5,0,1,1,0
2022,657709,NA,49.482568780317166,30.207,28.6,0,1,0,0
2022,657709,1.597,46.91314000889235,30.41,28.8,0,1,1,0
2022,657709,NA,48.8221637993245,31.858,28.8,0,1,0,0
2022,657709,1.686,44.59141996495966,32.457,28.8,0,1,1,0
2022,660688,1.501,48.120940766623534,29.772,27.4,1,0,1,0
2022,660688,NA,48.05777710112202,30.773,27.8,0,1,0,0
2022,660688,NA,46.56133357088387,33.854,27.6,0,1,0,0
2022,660688,1.501,38.53397623955837,39.537,26.5,0,1,1,0
2022,660688,1.749,61.81861685803653,20.422,27.9,1,0,1,0
2022,661388,NA,52.179147024564756,28.444,27.3,0,1,0,0
2022,661388,1.534,49.51800908025482,29.95,29.5,1,0,1,0
2022,661388,NA,39.95980295530533,37.803,29.9,0,1,0,0
2022,661388,1.498,42.61809569651315,36.433,28.9,0,1,1,0
2022,661531,1.481,49.59355496099368,30.494,28,1,0,1,0
2022,661531,NA,38.308582865742785,38.897,28.5,0,1,0,0
2022,661531,NA,45.469002611002296,33.184,28.5,0,1,0,0
2022,661531,NA,49.87256405620545,28.997,29.5,0,1,0,0
2022,661531,1.6,44.171517629222066,34.362,29.2,0,1,1,0
2022,661531,1.585,42.68548800511614,35.229,29.7,0,1,1,0
2022,661531,1.491,52.324908803979056,26.128,29.7,1,0,1,0
2022,661531,1.543,52.91054594662415,27.046,28.5,0,1,1,0
2022,661531,NA,44.35607305917279,34.46,29.9,0,1,0,0
2022,663698,NA,45.561743200358855,32.022,28.1,0,1,0,0
2022,663698,1.535,47.37776002687875,32.463,28,0,1,1,0
2022,663698,NA,53.7077064546687,25.29,28.3,1,0,0,0
2022,663698,NA,43.39628393773076,34.82,27.8,0,1,0,0
2022,663698,1.726,56.39547917221181,25.067,28.7,1,0,1,0
2022,663698,NA,43.549013997942055,33.6,27.3,0,1,0,0
2022,663698,NA,52.19359723398402,28.223,27.8,0,1,0,0
2022,663698,NA,48.92729763371005,29.374,27.1,0,1,0,0
2022,663728,1.513,48.657965066997434,30.218,27.8,0,1,1,0
2022,663728,1.541,58.39314679347778,21.879,27.8,1,0,1,0
2022,663728,NA,44.19931282718074,32.337,28.5,0,1,0,0
2022,663728,NA,41.03145422677978,37.51,28.5,0,1,0,0
2022,663728,NA,48.49515455591239,30.147,29.1,0,1,0,0
2022,663728,1.479,51.16770719886933,26.528,29.8,0,1,1,0
2022,663728,NA,40.40764701093426,36.853,30,0,1,0,0
2022,663743,1.489,47.029343701745624,31.548,28.6,0,1,1,0
2022,663743,NA,43.528843940543055,34.243,27.3,0,1,0,0
2022,663743,1.527,52.80458311402615,25.932,28.1,1,0,1,0
2022,663743,1.472,50.94600672854593,28.676,27.2,1,0,1,0
2022,663743,1.467,47.51288783367684,30.543,28.3,0,1,1,0
2022,663886,NA,52.599644453112205,27.141,28.4,0,1,0,0
2022,663886,NA,45.39213254200996,33.395,28.7,0,1,0,0
2022,664731,1.518,44.653459391233454,34.206,26.9,0,1,1,0
2022,664731,NA,49.64379442548226,29.638,28.1,0,1,0,0
2022,664850,1.699,51.8664754300722,26.225,26.9,0,1,1,0
2022,664850,NA,40.61021246276733,36.237,27.9,0,1,0,0
2022,664874,1.57,48.40918903882515,30.232,29.3,0,1,1,0
2022,664874,NA,19.399558349217315,60.488,27,0,1,0,0
2022,664874,1.602,51.24916060709966,28.201,27.8,0,1,1,0
2022,664874,NA,42.35514223846407,36.147,25.4,0,1,0,0
2022,664874,1.553,54.30935528848464,26.802,27.3,1,0,1,0
2022,664874,1.529,52.76033071469772,27.92,27.8,0,1,1,0
2022,665861,1.414,46.40496055071428,30.847,28.4,0,1,1,0
2022,668663,1.663,48.93027351667299,30.953,28.8,0,1,1,0
2022,668663,1.715,50.664149324241244,28.916,28.6,0,1,1,0
2022,668800,NA,45.18102209900698,34.437,27.8,0,1,0,0
2022,668939,NA,40.02417226515985,36.712,29.1,0,1,0,0
2022,668939,1.577,46.762788202724806,30.905,27.3,0,1,1,0
2022,668939,NA,40.6171456778141,37.179,28.6,0,1,0,0
2022,668939,NA,37.90183539296208,41.002,27.5,0,1,0,0
2022,668939,1.45,43.56249505066907,35.181,28.3,0,1,1,0
2022,668939,1.505,53.237739579284394,24.837,28.3,1,0,1,0
2022,669004,1.531,53.49324865418479,26.442,28.2,0,1,1,0
2022,669004,1.621,47.655797599612676,31.332,24,0,1,1,0
2022,669004,NA,33.501984061337886,43.718,27.6,0,1,0,0
2022,669004,NA,48.66290614759819,29.407,29.7,0,1,0,0
2022,669004,NA,49.72442235006717,28.361,28.5,0,1,0,0
2022,669004,NA,34.04157027634061,42.336,29.4,0,1,0,0
2022,669004,NA,46.65770996423549,32.393,29.7,0,1,0,0
2022,669004,NA,41.58590888078436,35.647,28.9,0,1,0,0
2022,669087,1.456,48.7622824086559,31.927,25.4,1,0,1,0
2022,669087,1.64,48.87346882884248,29.359,26.9,0,1,1,0
2022,669087,1.451,49.43855701114895,28.033,28.6,0,1,1,0
2022,669087,NA,49.45169172184846,29.327,29.4,0,1,0,0
2022,669087,1.478,52.86271785738204,27.397,28.8,0,1,1,0
2022,669087,1.516,48.83472528491937,30.689,27.8,1,0,1,0
2022,669087,1.44,50.61843243758089,28.891,29.3,1,0,1,0
2022,669127,1.576,47.740141092847075,30.12,28.4,0,1,1,0
2022,669127,1.499,42.95439086198098,35.673,29.1,0,1,1,0
2022,669127,NA,50.37240650499317,29.005,27.6,0,1,0,0
2022,669134,NA,45.489187427323955,31.602,30.2,0,1,0,0
2022,669134,1.462,44.43994744643399,33.767,28.2,0,1,1,0
2022,669221,NA,33.71511036485804,44.446,27,0,1,0,0
2022,669221,NA,46.23807485156131,33.103,28.3,0,1,0,0
2022,669221,NA,35.50473550136289,42.371,27.6,0,1,0,0
2022,669221,1.401,42.550197006813114,33.545,29.4,1,0,1,0
2022,669257,1.452,46.23596952362923,33.35,27.8,0,1,1,0
2022,669257,1.588,43.69640206311373,34.625,25.1,0,1,1,0
2022,669257,1.567,46.758916044588084,31.425,27.9,0,1,1,0
2022,669257,NA,46.21241771855878,32.05,28.8,0,1,0,0
2022,669257,NA,50.03175251437709,28.495,28.6,0,1,0,0
2022,669257,NA,49.603287665912596,28.455,28.1,0,1,0,0
2022,672386,NA,43.34640794099103,35.209,27,0,1,0,0
2022,672386,1.46,45.09464836961188,33.205,28.6,0,1,1,0
2022,672386,NA,51.87416904729243,29.166,28.6,0,1,0,0
2022,672386,1.57,42.89788093531155,34.579,27.5,0,1,1,0
2022,672386,1.516,50.188304086430016,28.731,30.3,0,1,1,0
2022,672386,NA,45.59991427597594,33.494,30,0,1,0,0
2022,672515,1.644,55.36993645095898,24.045,30.1,0,1,1,0
2022,680777,1.511,50.816608193876924,27.321,27.8,1,0,1,0
2022,680777,NA,40.878631970674874,38.355,28.4,0,1,0,0
2022,680777,1.538,49.1266141469666,30.355,28.3,0,1,1,0
2022,686676,NA,61.682151410460364,20.171,28.8,0,1,0,0
2023,444489,NA,33.71418344106494,43.862,29.2,0,1,0,0
2023,455117,1.435,48.29379868647908,31.435,28.8,1,0,1,0
2023,455117,NA,44.301142275365464,32.799,28.6,0,1,0,0
2023,455117,NA,24.38678225002081,50.325,29.4,0,1,0,0
2023,455117,1.588,46.094865672193485,33.396,28.4,0,1,1,0
2023,455117,NA,37.61347277478537,40.593,28.4,0,1,0,0
2023,455117,NA,45.42318410946515,33.041,28.7,0,1,0,0
2023,455117,NA,44.48255234473706,34.747,28.3,0,1,0,0
2023,455117,NA,38.915244641239276,39.806,29.7,0,1,0,0
2023,455117,NA,45.99506026145324,32.548,28.2,0,1,0,0
2023,455117,NA,36.12912202366453,40.613,28.1,0,1,0,0
2023,455117,NA,40.38669420855665,38.239,27.9,0,1,0,0
2023,455117,1.515,51.74155966521134,27.939,29.5,0,1,1,0
2023,455117,NA,45.02158272226376,31.457,29.9,0,1,0,0
2023,455117,NA,46.68979479932393,31.681,29.9,0,1,0,0
2023,455117,NA,38.21486077939759,38.311,27.3,0,1,0,0
2023,506702,1.448,49.03789482650625,30.362,30.4,0,1,1,0
2023,518595,NA,45.74905296382073,33.517,30,0,1,0,0
2023,518595,NA,43.143697885177396,35.797,27.8,0,1,0,0
2023,518595,NA,42.52503641819455,34.258,27.5,0,1,0,0
2023,518595,1.497,44.29079305935205,34.709,28.4,0,1,1,0
2023,518595,NA,41.5427306538789,37.077,29.9,0,1,0,0
2023,518735,1.555,52.616001805988006,27.28,27.8,0,1,1,0
2023,518735,NA,53.868524096028914,24.42,29.1,0,1,0,0
2023,518735,1.65,49.06022251670255,29.739,29.7,0,1,1,0
2023,518735,NA,42.294061679253,35.907,28.3,0,1,0,0
2023,518735,NA,42.41053038528015,36.359,28.8,0,1,0,0
2023,518735,1.726,61.82294475930715,20.148,27.8,1,0,1,0
2023,518735,1.678,50.91326112733279,28.475,28.3,0,1,1,0
2023,518735,NA,37.05345387215633,38.831,28.4,0,1,0,0
2023,518735,1.655,49.84526445707699,28.868,28.3,0,1,1,0
2023,518735,NA,38.78756663707241,39.074,30.4,0,1,0,0
2023,518735,1.719,51.70745588967179,27.815,29.4,0,1,1,0
2023,518735,1.617,46.517186069280044,30.129,30.4,0,1,1,0
2023,518735,1.663,46.4498444752373,31.756,28.5,0,1,1,0
2023,521692,1.478,46.381125191535325,31.117,28.5,0,1,1,0
2023,521692,NA,40.5401491090881,36.506,28.4,0,1,0,0
2023,521692,1.491,43.548203870206095,35.044,28.9,0,1,1,0
2023,521692,1.602,49.812326158295384,28.968,27,0,1,1,0
2023,521692,1.668,50.64644177505919,28.295,29.1,0,1,1,0
2023,521692,NA,41.89342304585742,35.196,30.1,0,1,0,0
2023,521692,1.443,49.458030694688254,29.508,30.1,1,0,1,0
2023,521692,NA,46.14491188214285,31.562,29.4,0,1,0,0
2023,521692,NA,47.70239450699892,29.903,28.7,0,1,0,0
2023,521692,NA,42.386613607649934,35.519,29.9,0,1,0,0
2023,521692,1.49,46.776349905320664,32.506,29.7,0,1,1,0
2023,521692,1.493,49.69237765085721,28.473,29,0,1,1,0
2023,521692,1.559,47.81192972701675,31.458,29.4,0,1,1,0
2023,521692,NA,39.91068587535032,40.05,28.1,0,1,0,0
2023,542194,NA,41.87566060799268,36.44,27.9,0,1,0,0
2023,542194,1.508,52.99679516690348,26.322,28.9,1,0,1,0
2023,542194,NA,43.415136411369744,35.42,27,0,1,0,0
2023,542194,1.507,49.211522759669315,29.526,28.1,0,1,1,0
2023,542194,1.404,46.85915056644806,32.365,29.7,0,1,1,0
2023,542194,1.454,46.05880963525216,31.742,28,0,1,1,0
2023,542208,NA,45.51245492216413,30.667,29.6,0,1,0,0
2023,542208,NA,39.209290541079945,37.128,28.1,0,1,0,0
2023,542208,1.393,46.084563716781396,32.499,28.3,1,0,1,0
2023,543228,NA,33.85288090095272,44.4,28.2,0,1,0,0
2023,543228,NA,48.78877121994986,29.418,28.6,0,1,0,0
2023,543228,1.488,47.97388894491193,31.22,29.2,0,1,1,0
2023,543228,1.602,51.631755382218664,27.775,28.2,1,0,1,0
2023,543228,1.56,44.34716906282483,32.823,29.1,0,1,1,0
2023,543228,NA,44.68690699897344,33.61,29.1,0,1,0,0
2023,543228,1.544,51.282134112106924,28.903,28.2,1,0,1,0
2023,543228,NA,43.593716966926685,35.313,28,0,1,0,0
2023,543228,1.58,54.28365098096367,25.617,28.5,0,1,1,0
2023,543228,1.489,39.26112346434183,38.797,27.1,0,1,1,0
2023,543309,NA,40.11857246463049,38.207,27.8,0,1,0,0
2023,543309,1.735,45.02890499907592,34.151,27.9,0,1,1,0
2023,543309,1.462,50.718832737616026,27.925,28,0,1,1,0
2023,543309,1.651,46.925328844334814,32.465,28.3,0,1,1,0
2023,543309,1.409,49.33332868126932,31.332,26.8,1,0,1,0
2023,543309,NA,44.59833952008035,33.265,27.9,0,1,0,0
2023,543309,1.444,54.30110868721043,24.549,28.6,0,1,1,0
2023,543309,NA,47.600403437334585,32.151,28.2,0,1,0,0
2023,543309,NA,38.704946339842486,39.51,29.1,0,1,0,0
2023,543309,NA,48.744924337341125,31.289,28.6,0,1,0,0
2023,543510,NA,44.55562729104085,34.928,29,0,1,0,0
2023,543510,1.454,43.24373501081233,34.51,28,0,1,1,0
2023,543510,1.491,48.43021481492709,31.538,28,0,1,1,0
2023,543510,1.565,45.6362206675975,33.264,28.1,0,1,1,0
2023,543510,1.563,47.854783678495394,30.98,26.4,0,1,1,0
2023,543592,1.669,46.13783809879486,33.473,27.6,0,1,1,0
2023,543592,1.526,52.073264260766656,26.495,28.5,0,1,1,0
2023,543592,1.469,47.98764090907625,31.709,28.2,1,0,1,0
2023,543592,NA,42.398614684175676,35.54,29.7,0,1,0,0
2023,543592,NA,28.477104793057265,48.725,26.2,0,1,0,0
2023,543877,NA,43.66541114289124,34.771,28.5,0,1,0,0
2023,543877,1.372,47.38345797068248,30.987,29.9,0,1,1,0
2023,543877,NA,44.27949793530816,34.217,28.2,0,1,0,0
2023,543877,1.442,43.97368721268124,35.016,26.8,1,0,1,0
2023,543877,1.491,47.642562726993496,31.937,27.5,1,0,1,0
2023,543877,NA,38.32891891267327,38.691,28.7,0,1,0,0
2023,543877,1.408,53.30652635272222,25.509,29.1,1,0,1,0
2023,543877,NA,46.25173917884722,31.911,28.2,0,1,0,0
2023,543877,NA,50.756076535798286,27.919,29.9,0,1,0,0
2023,543877,NA,47.82292061956027,31.942,28.4,0,1,0,0
2023,553869,NA,44.15803805168832,33.375,28.6,0,1,0,0
2023,553869,NA,41.14570387471042,37.613,27.3,0,1,0,0
2023,553869,1.501,52.00217129398399,26.536,29,0,1,1,0
2023,553869,NA,40.13728551541478,37.376,28.6,0,1,0,0
2023,553869,1.439,51.271420389275924,28.61,29.7,1,0,1,0
2023,553869,1.425,48.93957845097722,30.257,26.8,0,1,1,0
2023,553869,1.529,51.769676570190036,26.815,29.6,0,1,1,0
2023,553869,1.791,59.44811078784386,22.867,27.4,1,0,1,0
2023,553869,1.484,46.23074197807716,31.407,27,0,1,1,0
2023,553869,1.485,53.47337597976915,27.194,29.3,0,1,1,0
2023,553869,NA,26.559776528116654,50.392,27.3,0,1,0,0
2023,553869,NA,52.59606777302312,27.966,27.6,0,1,1,0
2023,553869,NA,39.24424019535118,39.137,26.9,0,1,0,0
2023,553869,1.446,47.63789581164679,28.657,29.9,0,1,1,0
2023,553869,1.44,44.821497110747195,33.304,28.8,0,1,1,0
2023,553869,NA,50.31655980934141,30.459,30.1,0,1,0,0
2023,553882,NA,44.36958765057053,34.94,28.2,0,1,0,0
2023,553882,NA,42.719738412347915,34.406,26.9,0,1,0,0
2023,553882,NA,42.769068643087465,34.054,28.1,0,1,0,0
2023,553882,1.494,49.27161639235774,29.937,28.8,1,0,1,0
2023,553882,1.443,47.51738647346155,31.531,29.1,0,1,1,0
2023,553882,1.646,46.7463583466,31.235,30.2,0,1,1,0
2023,571466,1.577,47.72985309878572,31.363,27.3,1,0,1,0
2023,571466,1.442,44.59253390684631,33.801,27.7,0,1,1,0
2023,571912,NA,43.398224265865956,35.493,26.3,0,1,0,0
2023,571912,1.507,52.7443315436485,26.877,29.4,1,0,1,0
2023,571912,1.68,56.69853151710841,24.619,26.8,0,1,1,0
2023,571912,1.514,47.27485756812327,30.853,28.1,0,1,1,0
2023,571912,1.598,52.353001995204764,26.601,29.3,0,1,1,0
2023,572287,NA,39.6203289020629,37.28,28.5,0,1,0,0
2023,572287,1.541,48.80326004991897,30.741,29,0,1,1,0
2023,575929,NA,45.2287877846429,31.589,28.6,0,1,0,0
2023,575929,1.466,44.67394460310954,32.912,28.2,0,1,1,0
2023,575929,1.537,47.25747431316903,31.01,29.1,0,1,1,0
2023,575929,NA,46.800890705329664,29.663,27.8,0,1,0,0
2023,575929,NA,41.12822528152989,37.225,28.5,0,1,0,0
2023,575929,1.648,51.796299666564614,26.549,30,0,1,1,0
2023,592200,NA,43.857720248753466,34.575,28.5,0,1,0,0
2023,592200,NA,49.40364837918374,29.83,29.7,0,1,0,0
2023,592200,1.528,48.93940839444456,31.2,28.1,0,1,1,0
2023,592663,1.451,44.389347564756065,33.087,28.7,0,1,1,0
2023,592663,1.477,44.93947527467271,32.372,29.7,0,1,1,0
2023,592663,NA,47.83639225436363,30.567,29.5,0,1,0,0
2023,592663,1.432,46.180058957528374,32.162,27.9,0,1,1,0
2023,592663,1.407,50.00238006983989,28.074,28,0,1,1,0
2023,592663,1.488,46.08096173167473,31.132,29,0,1,1,0
2023,592663,NA,38.87777183218308,38.583,26.7,0,1,0,0
2023,592663,NA,45.927309246389854,31.979,30,0,1,0,0
2023,592663,1.361,53.299373538169164,27.178,28.2,1,0,1,0
2023,592663,NA,47.50673012885513,32.554,26.6,0,1,0,0
2023,592663,NA,40.868996654415625,36.25,28.3,0,1,0,0
2023,592663,1.452,49.039913035324915,29.561,29.7,0,1,1,0
2023,592663,NA,47.44167977495225,32.312,27.2,0,1,0,0
2023,592663,1.341,47.77433386957679,32.653,28.1,0,1,1,0
2023,595453,1.557,49.019384990467906,27.881,28.6,0,1,1,0
2023,595453,NA,49.36984984541381,28.568,27.8,0,1,0,0
2023,595956,NA,38.055696408330654,41.783,27.3,0,1,0,0
2023,595956,1.52,49.02097986520576,28.939,28.4,0,1,1,0
2023,595956,NA,48.555261210302056,28.527,27.8,0,1,0,0
2023,595956,NA,41.64064069350562,37.329,28.9,0,1,0,0
2023,595978,NA,44.465287535205476,34.862,27.2,0,1,0,0
2023,595978,NA,39.00821711075541,36.363,28.4,0,1,0,0
2023,595978,NA,53.75437472944692,26.037,29.9,0,1,0,0
2023,595978,NA,37.35748286790842,41.619,28.1,0,1,0,0
2023,595978,NA,43.1680407513425,34.344,27.3,0,1,0,0
2023,595978,NA,28.137580892478415,50.374,27.8,0,1,0,0
2023,595978,NA,40.688910628586704,36.872,28.8,0,1,0,0
2023,595978,NA,45.71292027204696,32.098,29.4,0,1,0,0
2023,595978,NA,35.75347818424728,38.556,28.8,0,1,0,0
2023,596117,NA,44.0171242308421,36.066,28.3,0,1,0,0
2023,596117,NA,44.55382668422951,34.392,28.8,0,1,0,0
2023,596117,1.524,46.6166374554431,31.13,26.9,0,1,1,0
2023,596142,1.6,51.23610215862721,28.816,28.1,0,1,1,0
2023,596142,1.474,48.966727147115634,29.756,26.7,0,1,1,0
2023,596142,1.428,41.24853518661994,37.388,28.7,0,1,1,0
2023,596142,1.399,45.99706544929007,32.667,29.4,0,1,1,0
2023,596142,1.466,47.869223997425564,30.182,27.9,0,1,1,0
2023,596142,NA,45.00746163727606,33.618,30.2,0,1,0,0
2023,596142,1.451,47.176911089735526,31.625,28.8,1,0,1,0
2023,605131,NA,49.24063588363651,27.695,28.1,0,1,0,0
2023,605131,1.457,51.878006631427034,27.634,28.5,0,1,1,0
2023,605131,1.625,48.2006153715642,30.565,28.2,0,1,1,0
2023,605131,NA,47.92887990166494,30.699,28.2,0,1,0,0
2023,605131,NA,40.94752412727027,37.254,26.7,0,1,0,0
2023,605131,NA,41.783509234193374,37.153,27.9,0,1,0,0
2023,605131,NA,47.51376902622385,29.492,29,0,1,0,0
2023,605131,NA,67.12490638260431,20.294,28.4,0,1,0,0
2023,605131,NA,46.31076442184755,32.001,30.1,0,1,0,0
2023,605131,NA,44.805338815875594,30.559,27.7,0,1,0,0
2023,605131,NA,40.941867824263916,35.8,28.6,0,1,0,0
2023,605131,NA,40.506641597777325,36.057,29.6,0,1,0,0
2023,605170,NA,44.284999108284325,33.97,27.8,0,1,0,0
2023,605170,NA,43.36013381601768,34.083,28.2,0,1,0,0
2023,605170,NA,50.11964661247023,29.549,28.6,0,1,0,0
2023,605170,1.588,50.99962723526737,28.464,28,0,1,1,0
2023,605170,NA,44.307655497593025,36.118,28.1,0,1,0,0
2023,606992,NA,43.156190865543394,34.032,30.1,0,1,0,0
2023,606992,1.579,51.356472740161024,26.741,28.4,0,1,1,0
2023,606992,1.493,50.34153544106653,28.251,29.1,0,1,1,0
2023,606992,NA,42.50005765338608,35.596,29.9,0,1,0,0
2023,606992,NA,42.913890408872625,32.802,28,0,1,0,0
2023,606992,1.579,48.643153811820085,29.374,28.6,0,1,1,0
2023,606992,NA,43.917368715505845,33.816,28.1,0,1,0,0
2023,607732,1.622,49.58661848207278,29.252,26.6,0,1,1,0
2023,607732,NA,47.69207819457914,29.953,28.8,0,1,0,0
2023,608348,NA,49.36774716846682,29.986,27.8,0,1,0,0
2023,608348,NA,49.8607757910484,29.594,27.6,0,1,0,0
2023,608348,1.474,50.2371483586439,29.469,28,1,0,1,0
2023,608348,1.484,45.477851822490855,31.776,28.2,0,1,1,0
2023,608348,NA,46.872128035820644,31.062,29.7,0,1,0,0
2023,608596,NA,47.78512743682539,30,29.9,0,1,0,0
2023,608596,NA,44.4234782882934,34.635,27.5,0,1,0,0
2023,608596,NA,51.229271974057866,26.335,29.7,0,1,0,0
2023,608596,NA,54.17246255191371,25.659,28.5,0,1,0,0
2023,620443,1.419,45.023757132302734,33.304,29.7,0,1,1,0
2023,623168,NA,68.3707777779812,16.741,29.7,0,1,0,0
2023,624431,1.629,55.675661077697015,24.263,29.7,1,0,1,0
2023,624431,1.541,48.94223528173774,30.727,29.1,0,1,1,0
2023,624431,1.453,46.38245855778955,33.488,28,0,1,1,0
2023,624431,1.514,53.95616008270834,26.473,26.9,1,0,1,0
2023,624512,1.726,50.94401511376041,27.281,30.1,0,1,1,0
2023,624512,1.523,42.250106671196896,34.971,28,0,1,1,0
2023,624512,NA,44.36138510546413,34.549,28.2,0,1,0,0
2023,624512,1.453,46.49209686983856,31.265,28.5,0,1,1,0
2023,641511,1.595,51.49654432992539,28.85,27.6,0,1,1,0
2023,641511,1.529,41.02082512816668,35.803,28.4,0,1,0,0
2023,641511,NA,48.16649675467209,31.456,28.3,0,1,0,0
2023,641511,NA,35.4696073339908,41.426,28.6,0,1,0,0
2023,641511,NA,44.62841594283319,32.625,28.8,0,1,0,0
2023,641511,1.572,49.32373924861259,29.218,26.9,0,1,1,0
2023,641511,1.488,43.05215520003367,35.609,30.2,0,1,1,0
2023,641680,1.483,49.02263684076476,28.769,28.4,0,1,1,0
2023,641680,NA,46.351260483273535,31.426,29.1,0,1,0,0
2023,641680,NA,48.18459967383001,30.573,28.6,0,1,0,0
2023,641680,1.613,46.06608535179302,32.004,28.8,0,1,1,0
2023,641680,NA,45.97824537120182,32.32,25.4,0,1,0,0
2023,641680,1.701,56.37281888764863,23.694,27.6,0,1,1,0
2023,641680,1.558,41.37522683411137,36.728,26.5,0,1,1,0
2023,641680,1.469,50.72256321942738,28.37,28.8,1,0,1,0
2023,641680,NA,43.36800720598273,34.104,29.5,0,1,0,0
2023,641680,NA,49.49083368944098,28.758,28.1,0,1,0,0
2023,642136,NA,52.94875961366413,25.478,29.7,0,1,0,0
2023,642136,NA,45.4642623432453,31.474,28.6,0,1,0,0
2023,642136,NA,44.339536778900964,34.768,26.9,0,1,0,0
2023,642136,NA,53.31919158168736,28.041,28.5,0,1,0,0
2023,642136,1.553,48.49424324259806,29.544,29.1,0,1,1,0
2023,642336,1.471,47.070492540583814,30.945,28.1,0,1,1,0
2023,642336,NA,38.7825587611839,39.404,29.3,0,1,0,0
2023,642336,NA,43.11330754901965,35.159,28.5,0,1,0,0
2023,642336,1.538,47.85608347635522,30.78,28.7,0,1,1,0
2023,642336,NA,41.93135504139513,37.527,29.2,0,1,0,0
2023,642336,NA,45.58181314704147,32.644,28,0,1,0,0
2023,642336,NA,45.659239684990524,32.092,28,0,1,0,0
2023,642336,NA,42.838488046735904,35.637,27.8,0,1,0,0
2023,642851,1.446,43.80783220898228,34.502,28.2,0,1,1,0
2023,642851,NA,49.4262994393859,29.287,29.6,0,1,0,0
2023,642851,NA,41.36207330403827,37.826,27.8,0,1,0,0
2023,642851,1.437,39.92080377857907,38.61,27.4,0,1,1,0
2023,642851,NA,41.33937641009363,37.881,25.8,0,1,0,0
2023,642851,1.47,48.042144694954324,30.004,29.9,1,0,1,0
2023,642851,NA,40.31266066267345,39.422,26.8,0,1,0,0
2023,642851,NA,38.858286751549144,39.281,28.7,0,1,0,0
2023,642851,NA,50.18894845891452,28.138,27.5,0,1,1,0
2023,643376,NA,47.4580790125019,31.681,30.1,0,1,0,0
2023,643376,NA,49.00646873604048,28.592,28.1,0,1,0,0
2023,643376,1.549,50.64155985955187,28.714,28.6,0,1,1,0
2023,643376,NA,41.78938429302397,36.587,27.3,0,1,0,0
2023,643376,1.536,50.70237390907055,27.7,29.6,1,0,1,0
2023,643376,1.496,43.948027851230734,35.266,28.2,0,1,1,0
2023,643376,NA,45.25599864442932,33.484,28.7,0,1,0,0
2023,643376,NA,50.01803034148126,28.598,30.1,0,1,0,0
2023,645444,NA,47.877676732034544,31.356,29,0,1,0,0
2023,645444,NA,42.611521452227215,37.081,27.9,0,1,0,0
2023,645444,NA,43.16228864374792,35.992,26.9,0,1,0,0
2023,645444,NA,58.112151153762895,21.845,29.6,0,1,0,0
2023,650907,1.543,46.72268637500244,30.149,29.4,0,1,1,0
2023,650907,NA,39.62592539340447,38.365,27.6,0,1,0,0
2023,650907,1.435,43.43053685701566,35.976,28.8,1,0,1,0
2023,656024,NA,43.92428880691388,33.295,28.4,0,1,0,0
2023,656024,1.452,44.36535635830671,33.723,28.4,0,1,1,0
2023,656024,NA,50.91383092636318,28.804,28.4,0,1,0,0
2023,656024,1.468,49.188525050240756,28.459,30,0,1,1,0
2023,656180,NA,45.773660257426364,31.978,29,0,1,0,0
2023,656180,NA,49.380871877748625,30.923,28.2,0,1,0,0
2023,656180,NA,49.38531117149175,30.194,27.4,0,1,0,0
2023,656180,NA,48.40782502872165,30.69,28.8,0,1,0,0
2023,657136,NA,47.428055145017716,30.235,28.6,0,1,0,0
2023,657136,NA,47.1406515908468,32.443,27.8,0,1,0,0
2023,657136,1.435,44.08167386468806,33.795,28.4,0,1,1,0
2023,657136,1.43,48.256876931182894,30.482,29.3,0,1,1,0
2023,657136,1.48,50.47516936936442,29.019,28.4,0,1,1,0
2023,657136,NA,48.83568637634838,29.776,30.1,0,1,0,0
2023,657136,1.59,53.19198850097223,27.163,28.6,0,1,1,0
2023,657136,1.523,49.28890714558012,31.705,28.6,0,1,1,0
2023,657136,1.552,49.3476152193073,31.905,28.1,0,1,1,0
2023,660688,1.501,50.779001851995275,28.436,28.8,0,1,1,0
2023,660688,1.561,49.34189692220199,31.514,28.4,0,1,1,0
2023,660688,1.574,44.50518437708205,32.269,30.2,0,1,1,0
2023,660688,NA,48.22423147783457,30.369,26.9,0,1,0,0
2023,660688,1.528,43.27568621528587,33.803,29.6,0,1,1,0
2023,660688,1.564,51.0076426677236,28.147,28.5,1,0,1,0
2023,660688,NA,47.599146177514285,29.515,30.1,0,1,0,0
2023,660688,1.621,47.81115835867147,31.928,26.5,0,1,1,0
2023,660688,1.493,47.921462035698816,30.394,30.4,0,1,1,0
2023,660688,NA,48.55154422775032,30.076,28.2,0,1,0,0
2023,660688,1.529,44.86141605274723,33.139,27.2,0,1,1,0
2023,660688,NA,42.55467193545873,36.498,27.3,0,1,0,0
2023,660688,1.631,50.53413878829632,29.248,28.1,0,1,1,0
2023,660688,NA,47.713413784815764,31.205,27.5,0,1,0,0
2023,661388,NA,46.605473702727615,34.12,28.2,0,1,0,0
2023,661388,NA,46.24205697392393,32.294,28.5,0,1,0,0
2023,661388,NA,43.028514239265554,34.907,28.1,0,1,0,0
2023,661388,1.551,48.83637224554322,29.579,30.2,0,1,1,0
2023,661388,NA,44.27804340090044,33.358,28.8,0,1,0,0
2023,661388,NA,43.29960031514159,36.295,28.1,0,1,0,0
2023,661388,NA,46.04385919232798,32.133,27.2,0,1,0,0
2023,661388,NA,46.95209720596454,33.064,26,0,1,0,0
2023,661388,NA,47.469214867906985,29.454,29.9,0,1,0,0
2023,661388,NA,50.16439282855104,29.167,29.6,0,1,0,0
2023,661388,NA,28.607704289032267,48.79,27.3,0,1,0,0
2023,661388,1.652,48.110266100162036,30.334,25.6,0,1,1,0
2023,661531,NA,49.47398140460592,27.976,29.4,0,1,0,0
2023,661531,1.49,51.662990128381814,28.637,28.6,1,0,1,0
2023,661531,NA,44.00284679573615,33.395,27.8,0,1,0,0
2023,663698,1.482,45.698505420697984,33.636,27.6,0,1,1,0
2023,663698,NA,44.93457469109444,33.238,28.9,0,1,0,0
2023,663698,1.484,50.52170631745394,28.471,28.6,0,1,1,0
2023,663698,NA,49.20290490019792,30.149,28.6,0,1,0,0
2023,663728,1.535,52.18190530855521,26.529,29.7,0,1,1,0
2023,663728,1.449,52.0443138432822,26.964,28.4,0,1,1,0
2023,663728,1.514,45.85967430609503,33.009,28.1,0,1,1,0
2023,663728,NA,48.52264950298556,29.062,28.9,0,1,0,0
2023,663728,NA,46.65132498668757,31.279,28.3,0,1,0,0
2023,663728,1.504,53.81095304299665,26.49,29,0,1,1,0
2023,663728,1.463,49.131130840306824,30.242,28.5,0,1,1,0
2023,663728,NA,41.68925233749502,36.116,28.4,0,1,0,0
2023,663728,1.42,52.55176296102623,26.299,30.1,0,1,1,0
2023,663728,1.405,47.961641795216536,29.929,30.1,0,1,1,0
2023,663728,1.5,43.78904128540654,33.773,28,0,1,1,0
2023,663743,NA,47.33177680190691,32.564,28.5,0,1,0,0
2023,663743,NA,45.18338537894962,34.078,28.1,0,1,0,0
2023,663743,NA,50.86556878734935,27.558,28.3,0,1,0,0
2023,663743,1.521,46.71346425395675,32.056,28.7,0,1,1,0
2023,663743,1.491,47.188557966095,30.734,28.5,0,1,1,0
2023,663743,1.474,41.229482088069226,36.394,28.4,0,1,1,0
2023,663743,NA,44.8773287349101,34.663,26.6,0,1,0,0
2023,663743,1.472,51.31602079880183,27.891,28.6,0,1,1,0
2023,663743,NA,37.38904837098402,38.225,28.4,0,1,0,0
2023,663743,1.484,48.23445432280112,30.757,28.7,0,1,1,0
2023,663743,1.517,44.33416842872483,34.428,29.3,0,1,1,0
2023,663743,NA,36.40353897184779,40.883,27.8,0,1,0,0
2023,663743,1.74,55.12348323217314,24.927,25.8,0,1,1,0
2023,663743,1.473,48.47350182121054,29.954,27.5,1,0,1,0
2023,663886,1.577,51.23385228556776,28.136,29.6,0,1,1,0
2023,663886,1.712,60.04218028587916,21.997,29.6,1,0,1,0
2023,663886,1.43,46.89047627367453,31.932,28.7,0,1,1,0
2023,663886,NA,50.24026079480578,28.369,29.7,0,1,0,0
2023,663886,1.585,49.28077102101268,30.676,27.2,0,1,1,0
2023,664874,1.406,48.57638087938744,31.058,28.8,0,1,1,0
2023,664874,1.528,38.239666900967165,40.722,28.1,0,1,1,0
2023,664874,1.475,45.19856362936791,31.252,30.1,0,1,1,0
2023,664954,NA,39.77869694227993,36.964,27.7,0,1,0,0
2023,664954,1.566,44.77045763166916,34.629,28.1,0,1,1,0
2023,665804,NA,34.87112564181922,42.269,28.4,0,1,0,0
2023,665804,1.664,48.60884982258125,29.847,29.1,0,1,1,0
2023,665804,NA,44.90091495678773,34.296,28.2,0,1,0,0
2023,665804,NA,50.75535443994126,28.007,28.2,0,1,0,0
2023,665804,NA,38.985454886949306,37.715,26.3,0,1,0,0
2023,665804,1.515,46.067238702139626,32.048,30.2,0,1,1,0
2023,666023,NA,41.63498866317889,38.299,28.4,0,1,0,0
2023,666023,1.504,52.65514629290129,27.631,28.6,0,1,1,0
2023,666023,NA,34.60646468769864,43.347,26.9,0,1,0,0
2023,666023,NA,51.342940404608754,27.59,29.7,0,1,0,0
2023,666023,1.474,49.35540720985605,31.264,27.8,0,1,1,0
2023,666023,1.579,45.36552981874106,33.221,27.1,0,1,1,0
2023,666165,NA,33.89452015470434,44.743,28.4,0,1,0,0
2023,666165,NA,59.41528598925894,23.201,27.9,0,1,0,0
2023,666165,NA,47.49177295459004,32.456,29.4,0,1,0,0
2023,666165,1.556,48.03302065307692,28.426,28.4,0,1,1,0
2023,666165,NA,46.7046702085513,31.019,28.9,0,1,0,0
2023,666165,NA,50.851444035220055,28.572,28.5,0,1,0,0
2023,666165,1.55,54.821120178743584,25.329,28.3,1,0,1,0
2023,666165,1.502,50.814229669581884,28.75,28.2,0,1,1,0
2023,666165,NA,43.59766226401375,34.769,27,0,1,0,0
2023,666310,NA,42.346144557435814,36.127,28.1,0,1,0,0
2023,666310,NA,41.26482286581408,37.011,28.6,0,1,0,0
2023,666310,1.396,49.86204796255165,29.16,30,0,1,1,0
2023,666310,NA,45.24799943658176,33.533,29,0,1,0,0
2023,666310,1.406,43.61043104085454,35.267,28.7,0,1,1,0
2023,666310,NA,43.69596058619488,35.614,27,0,1,0,0
2023,668670,1.574,50.31258389594183,29.016,30,0,1,1,0
2023,668670,NA,45.304207846014094,32.874,27.5,0,1,0,0
2023,668670,1.481,46.553126502162726,31.954,29,0,1,1,0
2023,668670,NA,53.14614491576751,25.917,29.7,0,1,0,0
2023,668670,NA,36.321797146407555,40.191,28.5,0,1,0,0
2023,668670,1.523,52.43950902829552,28.161,28.6,0,1,1,0
2023,668670,1.508,51.91793906057076,27.33,29.7,1,0,1,0
2023,668670,NA,41.67007398453001,35.71,29.4,0,1,0,0
2023,668670,NA,34.569653638211,41.776,26.7,0,1,0,0
2023,668800,NA,48.149067410889224,29.364,28.3,0,1,0,0
2023,668800,NA,42.777940480983894,36.142,28,0,1,0,0
2023,668800,NA,44.68404229330624,34.174,28.2,0,1,0,0
2023,668800,NA,50.761933517609904,28.677,28.8,0,1,0,0
2023,668800,NA,39.4609852587173,37.73,27.3,0,1,0,0
2023,668800,NA,34.5032126559923,42.548,26.6,0,1,0,0
2023,668800,1.539,50.13012124862149,29.24,28.4,0,1,1,0
2023,668939,NA,38.55846985507758,39.062,28.4,0,1,0,0
2023,668939,1.479,43.76369552263357,35.121,27.6,0,1,1,0
2023,668939,1.461,49.07898746493985,30.975,28.5,0,1,1,0
2023,668939,1.387,43.74080376298298,34.749,25.4,0,1,1,0
2023,668939,NA,38.155712336988245,39.884,28.5,0,1,0,0
2023,668939,1.487,43.951915751350505,34.657,28.8,0,1,1,0
2023,668939,1.498,46.96412229320596,32.874,27.5,0,1,1,0
2023,668939,1.419,48.03927168884165,31.591,26.5,0,1,1,0
2023,668939,NA,37.68327694519614,41.104,28.8,0,1,0,0
2023,669004,1.601,40.75177407079301,37.797,28.7,0,1,1,0
2023,669087,1.522,52.36750749562143,26.144,29,0,1,1,0
2023,669087,1.404,50.17788078633134,28.807,29.7,0,1,1,0
2023,669127,1.452,49.653184327394946,29.076,30.1,0,1,1,0
2023,669127,1.446,43.16462860065913,34.831,28.5,0,1,1,0
2023,669127,NA,46.85861591214614,32.037,28.2,0,1,0,0
2023,669127,NA,39.96524257403357,39.426,27.9,0,1,0,0
2023,669127,NA,39.42386777970545,39.015,28.1,0,1,0,0
2023,669127,1.651,49.94420513480192,29.33,28.1,1,0,1,0
2023,669127,NA,38.93871848849914,38.117,29.1,0,1,0,0
2023,669127,NA,31.69184763653042,44.472,29.1,0,1,0,0
2023,669127,1.58,40.82509876043649,37.972,28.6,0,1,1,0
2023,669127,1.447,49.67382943127946,29.904,28,1,0,1,0
2023,669127,1.58,43.705387845934744,34.235,29,0,1,1,0
2023,669127,1.413,44.51906348093154,34.078,28.5,0,1,1,0
2023,669134,NA,47.96829589453519,30.619,28.2,0,1,0,0
2023,669134,1.47,35.73089556140877,39.141,28.8,0,1,1,0
2023,669134,NA,45.20768640151432,32.575,28.8,0,1,0,0
2023,669134,NA,45.433348660674596,34.361,28.1,0,1,0,0
2023,669134,1.454,46.5645832295762,32.239,28.4,0,1,1,0
2023,669134,1.485,42.00868360393233,36.883,26.9,0,1,1,0
2023,669134,1.393,45.75878698380862,33.664,27.7,0,1,1,0
2023,669134,1.413,47.73935566858345,30.72,28.2,1,0,1,0
2023,669221,1.457,44.690718034266055,34.039,29.3,0,1,1,0
2023,669221,1.535,50.08378782866915,27.755,29.4,0,1,1,0
2023,669221,1.51,53.31079157910551,25.355,27.6,1,0,1,0
2023,669221,1.578,51.86280732722519,28.759,26.3,0,1,1,0
2023,669221,1.471,47.73128303273934,31.074,29.9,0,1,1,0
2023,669221,NA,40.2016370658617,37.605,26.8,0,1,0,0
2023,669221,NA,45.100065284466694,34.04,28.8,0,1,0,0
2023,669221,NA,45.72914856561103,33.179,28.6,0,1,0,0
2023,669221,NA,48.946324225899474,31.124,26.7,0,1,0,0
2023,669221,NA,47.84599064865984,30.07,28.8,0,1,0,0
2023,669224,NA,44.02689603286237,33.539,29.1,0,1,0,0
2023,669257,NA,43.594495671583275,34.699,30.2,0,1,0,0
2023,669257,NA,58.957941785863596,26.664,27.9,0,1,0,0
2023,669257,1.633,49.82460056303955,27.464,30,0,1,1,0
2023,669257,1.527,47.70044215997431,31.586,28,0,1,1,0
2023,669257,1.461,50.39657608840096,28.72,28,1,0,1,0
2023,669257,NA,52.160743269973366,26.943,29.9,0,1,0,0
2023,669257,1.434,47.60888681054637,32.163,28.6,0,1,1,0
2023,669257,NA,10.802258948985635,73.037,28.6,0,1,0,0
2023,669257,1.515,56.67476869938372,23.104,29.4,1,0,1,0
2023,669257,1.542,44.90292366058469,33.399,28.3,0,1,1,0
2023,669257,1.475,52.54930277880297,26.987,28.3,0,1,1,0
2023,671056,NA,66.39905294573451,18.083,27,0,1,0,0
2023,671056,NA,43.579121260166566,35.498,28.4,0,1,0,0
2023,672275,NA,47.9490341693664,31.161,28.7,0,1,1,0
2023,672275,1.627,50.13164819294507,27.593,29,0,1,1,0
2023,672275,NA,49.358695736775196,29.473,28.8,0,1,0,0
2023,672275,1.459,48.63325128414407,30.843,27.7,1,0,1,0
2023,672275,1.506,51.4231058551043,28.693,29.3,0,1,1,0
2023,672275,1.473,46.9088165200488,31.461,29.3,0,1,1,0
2023,672275,NA,54.22037624914025,25.53,30.1,0,1,0,0
2023,672275,1.405,48.67693077040034,30.111,29.9,0,1,1,0
2023,672275,NA,55.53509738430592,25.102,27.4,1,0,0,0
2023,672275,1.373,44.656152775182484,34.4,28.7,0,1,1,0
2023,672275,1.515,44.95230801644998,33.389,27.8,0,1,1,0
2023,672275,1.437,51.84697636141526,27.928,29,1,0,1,0
2023,672386,1.433,45.431958114001205,33.808,29,0,1,1,0
2023,672386,NA,41.921814333016435,36.055,28,0,1,0,0
2023,672386,1.501,51.26686475715864,27.448,27.8,1,0,1,0
2023,672386,1.51,47.20418295713902,31.4,28.9,0,1,1,0
2023,672386,1.453,52.04066925382708,27.109,30.1,1,0,1,0
2023,672386,1.572,47.698405021813045,29.334,28.3,0,1,1,0
2023,672386,NA,40.472755594407325,38.636,27.5,0,1,0,0
2023,672386,1.505,46.151370341544016,32.168,29.7,0,1,1,0
2023,672515,1.423,45.609969753600744,33.184,28.6,0,1,1,0
2023,672515,1.436,46.31358457453257,32.898,28,0,1,1,0
2023,672515,NA,48.0835037002233,31.804,27.6,0,1,0,0
2023,672515,NA,50.67951040639275,27.159,29.3,0,1,0,0
2023,672515,NA,42.7612111025469,34.551,28.8,0,1,0,0
2023,672515,1.436,56.53465762865647,23.314,29,1,0,1,0
2023,672515,1.48,53.23142044015623,26.618,27.8,1,0,1,0
2023,672515,NA,50.537260203866694,29.113,27.6,0,1,0,0
2023,672515,1.615,43.287166622334695,34.1,29.7,0,1,1,0
2023,672515,NA,44.83373068317524,32.228,29.5,0,1,0,0
2023,672515,1.456,51.53641732286489,26.975,28.9,1,0,1,0
2023,672515,1.423,46.44132108665578,31.454,28.1,1,0,1,0
2023,673237,NA,32.3340844183898,43.45,28.5,0,1,0,0
2023,673237,1.474,47.7935712189458,31.296,30,0,1,1,0
2023,673237,1.544,52.23869040730281,28.06,29.6,0,1,1,0
2023,673237,NA,41.4140946177407,37.319,28.1,0,1,0,0
2023,680777,NA,35.56161552085028,38.488,29.5,0,1,0,0
2023,680777,NA,44.38756586372879,33.945,28.3,0,1,0,0
2023,680777,1.469,51.94571099394372,27.424,28,1,0,1,0
2023,680777,1.4,44.56881525274431,34.513,27.8,0,1,1,0
2023,680777,NA,44.22270135479517,34.091,28.8,0,1,0,0
2023,681351,NA,62.75183105860828,24.118,27.8,0,1,0,0
2023,681351,1.535,49.020698261212274,30.573,29.7,0,1,1,0
2023,681351,NA,51.10207205141479,27.97,28.3,0,1,0,0
2023,681351,NA,50.69283138110434,28.521,28.8,0,1,0,0
2023,681351,1.569,40.33012168824536,36.736,25.1,0,1,1,0
2023,681351,1.773,56.195536304109396,23.336,29.7,0,1,1,0
2023,681351,NA,46.50011306016547,31.372,27.6,0,1,0,0
2023,681807,1.492,46.15603125842366,32.339,26.8,1,0,1,0
2023,681807,NA,52.39842179533049,26.329,26.9,0,1,0,0
2023,681807,1.458,45.392145524632916,31.651,26.9,0,1,1,0
2023,682626,NA,42.57177543175203,35.459,29.8,0,1,0,0
2023,682626,NA,42.25207236335947,35.247,28.7,0,1,0,0
2023,682626,1.546,56.910697227141966,22.085,30,0,1,1,0
2023,682626,1.53,47.95621710369998,30.985,28.8,0,1,1,0
2023,682626,NA,45.87890827740542,31.836,28.7,0,1,0,0
2023,682626,NA,47.48781973493434,30.501,29.1,0,1,1,0
2023,682626,1.535,46.94675086753303,32.101,30.2,0,1,1,0
2023,682626,1.506,54.824164127438465,24.275,28.6,0,1,1,0
2023,682626,NA,37.6615841657569,39.89,28.3,0,1,0,0
2023,682626,1.633,46.501200899988305,31.46,28.3,0,1,1,0
2023,682626,NA,33.56233938863433,44.035,28.9,0,1,0,0
2023,682626,1.465,49.659642930868436,28.943,28.6,0,1,1,0
2023,682626,NA,38.05187120666939,39.499,27.3,0,1,0,0
2023,682626,NA,43.61195203757961,34.029,28.6,0,1,0,0
2023,682626,1.596,47.90719682883784,31.567,26.4,0,1,1,0
2023,686452,NA,42.61294654515368,35.976,29.1,0,1,0,0
2023,686676,1.381,46.5624531619658,30.69,29.1,0,1,1,0
2023,691016,1.486,51.880852381784116,27.972,26.9,0,1,1,0
2023,691016,1.458,52.625243498257966,26.178,29,1,0,1,0
2024,455117,NA,43.96792194625657,35.082,27.8,0,1,0,0
2024,455117,1.536,49.939546564867705,29.698,29.3,0,1,1,0
2024,455117,1.555,50.79643282040677,27.929,28.1,0,1,1,0
2024,455117,NA,45.658868336604606,32.344,27.8,0,1,0,0
2024,455117,1.503,50.16572254658691,28.897,28.5,1,0,1,0
2024,455117,NA,41.28799282452987,37.042,29.5,0,1,0,0
2024,518595,NA,40.96839364070331,35.689,28.6,0,1,0,0
2024,518595,NA,41.58959397481708,34.23,28.8,0,1,0,0
2024,518595,NA,50.43582807858219,29.932,29,0,1,0,0
2024,518595,1.588,51.28207511022391,28.211,26.3,0,1,1,0
2024,518595,1.54,48.74777985031446,31.093,26.5,0,1,1,0
2024,518595,1.748,52.67539540969648,26.782,30,0,1,1,0
2024,518595,1.544,51.54555935852384,27.993,29.3,0,1,1,0
2024,518595,NA,44.05560136803847,32.286,29.7,0,1,0,0
2024,518595,NA,42.37564187759638,33.808,29.9,0,1,0,0
2024,518735,1.58,45.66394034250465,33.778,28.4,0,1,1,0
2024,518735,NA,44.06308023763489,33.271,28.6,0,1,0,0
2024,518735,1.688,47.67353996092405,31.81,29.1,0,1,1,0
2024,518735,NA,41.10429483494779,38.062,27.2,0,1,0,0
2024,518735,NA,45.316581367016624,31.969,29.7,0,1,0,0
2024,518735,1.603,49.833489461361225,29.653,27.6,1,0,1,0
2024,518735,NA,48.49201575329699,29.761,28,0,1,0,0
2024,521692,1.555,42.89935051762572,36.108,28.2,0,1,1,0
2024,521692,NA,41.02776238087228,37.248,28.3,0,1,0,0
2024,521692,NA,42.710796149060286,36.783,25.4,0,1,0,0
2024,521692,1.431,48.98951588758497,28.777,29.3,1,0,1,0
2024,521692,1.681,48.278657910674944,30.564,26.4,0,1,1,0
2024,521692,1.585,52.37978979111414,26.764,27.2,0,1,1,0
2024,521692,1.594,47.548529559636535,30.825,28.7,0,1,1,0
2024,521692,NA,50.33225393788682,29.821,29.3,0,1,0,0
2024,542194,NA,54.27014309666299,24.79,27.8,0,1,0,0
2024,542194,1.483,53.448803796099334,26.264,29.6,1,0,1,0
2024,542194,1.427,43.35240352880302,35.081,27.5,0,1,1,0
2024,543228,1.623,46.71977687040454,31.797,29,0,1,1,0
2024,543228,NA,49.72214682039664,28.475,29,0,1,0,0
2024,543228,1.665,51.3836890118915,26.637,29.9,0,1,1,0
2024,543309,NA,47.908710202407434,31.221,27.9,0,1,0,0
2024,543309,NA,58.156230016438215,20.81,29.9,0,1,0,0
2024,543309,NA,45.27207869593091,32.733,29.6,0,1,0,0
2024,543309,1.456,52.540148097235516,26.172,29.6,0,1,1,0
2024,543309,NA,38.33224777612941,38.755,28.7,0,1,0,0
2024,543510,1.524,51.23085400414703,24.863,28.9,0,1,1,0
2024,543510,1.572,55.16262519010114,23.466,30.1,1,0,1,0
2024,543510,1.485,46.95592470862044,32.318,28.4,1,0,1,0
2024,543510,1.465,46.61783641712613,30.943,28.2,0,1,1,0
2024,543510,1.513,47.89404317663759,30.168,29.4,0,1,1,0
2024,543877,NA,47.595830568951875,30.723,26.7,0,1,0,0
2024,543877,NA,51.45534688591001,28.585,29.1,0,1,0,0
2024,543877,1.474,47.022819504173164,32.549,28.3,0,1,1,0
2024,543877,1.432,43.64481624583153,34.507,28.5,0,1,1,0
2024,543877,NA,45.64543937900513,31.832,26.4,0,1,0,0
2024,553869,NA,51.340131627691036,27.756,30.1,0,1,0,0
2024,553869,NA,39.077069724773786,38.419,29.7,0,1,0,0
2024,553869,1.796,52.044420316695195,24.734,29.6,0,1,1,0
2024,553869,1.397,50.908036517303685,28.081,29.9,1,0,1,0
2024,553869,1.412,50.05096447458564,28.426,28.1,1,0,1,0
2024,553869,1.455,49.99556145213246,29.532,28.4,0,1,1,0
2024,553869,1.42,42.76023019615169,34.836,27.1,0,1,1,0
2024,553882,1.512,45.78965301471179,33.436,27.9,0,1,1,0
2024,553882,1.589,52.32094762551225,27.53,27.7,0,1,1,0
2024,553882,1.596,47.369235017279365,30.669,28.7,0,1,1,0
2024,553882,NA,48.1422077090424,30.949,28.3,0,1,0,0
2024,553882,1.54,48.289524824336645,30.738,28.6,0,1,1,0
2024,571466,NA,43.4859028417028,35.45,26.5,0,1,0,0
2024,571466,NA,45.97748908985823,31.582,27.2,0,1,0,0
2024,571466,NA,41.75892193577088,38.559,28.1,0,1,0,0
2024,571912,1.669,53.99310996606178,24.939,29.3,0,1,1,0
2024,571912,NA,45.97803598848586,31.337,28.1,0,1,0,0
2024,571912,NA,45.55464688109575,32.834,28.4,0,1,0,0
2024,571912,NA,53.46427780297587,25.557,27.9,0,1,0,0
2024,575929,NA,43.815395831261235,35.785,29,0,1,0,0
2024,575929,1.74,54.68845205458498,23.159,29.6,0,1,1,0
2024,575929,NA,44.80921582997812,33.802,28.8,0,1,0,0
2024,575929,NA,45.345169493501196,34.184,27.9,0,1,0,0
2024,592200,1.475,52.00434931229969,26.588,28.6,1,0,1,0
2024,592200,NA,44.54579719691207,32.443,29.6,0,1,0,0
2024,592200,1.618,48.28897389449513,30.635,28.1,0,1,1,0
2024,592200,NA,42.65044843780855,33.191,27.9,0,1,0,0
2024,592200,NA,49.57401257601295,29.748,27.1,0,1,0,0
2024,592200,1.517,48.28386141510511,30.039,29.7,0,1,1,0
2024,592200,1.619,45.44033849068535,33.118,28.3,0,1,1,0
2024,592200,1.493,42.579711689485386,35.802,28.1,0,1,1,0
2024,592663,NA,49.85786500844607,29.696,28.1,0,1,0,0
2024,592663,1.432,54.623846094750704,24.592,28.8,1,0,1,0
2024,592663,NA,50.62583491033592,29.516,27.8,0,1,0,0
2024,592663,1.505,54.134547543454744,24.772,29.6,0,1,1,0
2024,592663,NA,43.6507058993879,33.884,29.5,0,1,0,0
2024,592663,NA,53.443419459801234,24.232,29.6,0,1,0,0
2024,592663,1.451,49.405741230117556,28.877,28.4,0,1,1,0
2024,592663,NA,45.51275197743737,32.863,30.3,0,1,0,0
2024,592663,NA,36.610211706662746,42.172,26.9,0,1,0,0
2024,592663,1.437,51.48979265419516,28.531,30,1,0,1,0
2024,592663,1.371,48.81827612964118,30.364,28,1,0,1,0
2024,595978,1.46,41.71115341175601,37.109,28.5,0,1,1,0
2024,595978,NA,44.75600942548548,32.683,28,0,1,0,0
2024,595978,1.477,48.38139103130478,30.644,30,0,1,1,0
2024,596117,1.548,47.68621693697216,30.511,28.2,0,1,1,0
2024,596117,NA,44.54567744771336,34.147,29.5,0,1,0,0
2024,596117,1.505,51.05917766862831,28.546,28.3,0,1,1,0
2024,596117,1.563,51.201338472626475,27.93,27.6,0,1,1,0
2024,596117,NA,44.29173627427842,34.178,28.4,0,1,0,0
2024,596117,1.576,49.96342847301185,30.088,28.7,0,1,1,0
2024,596117,1.494,52.02327961780213,27.499,29.6,0,1,1,0
2024,596117,1.529,48.28287809633803,30.57,28.6,0,1,1,0
2024,596117,1.51,48.63746221690066,31.194,29.6,0,1,1,0
2024,596142,1.604,53.6746533824465,26.325,28.8,0,1,1,0
2024,596142,1.377,45.57235416671467,32.585,29.5,0,1,1,0
2024,605131,NA,48.56603828414108,31.429,27.2,0,1,0,0
2024,605131,NA,44.518773263110624,32.311,29.5,0,1,0,0
2024,605131,NA,42.31521547224505,34.972,29.6,0,1,0,0
2024,605131,1.456,54.6898726921464,25.42,28.5,1,0,1,0
2024,605131,NA,50.41227977616351,29.107,28,0,1,0,0
2024,605131,1.493,51.257557378945116,28.109,29.5,0,1,1,0
2024,605131,NA,60.85611078061962,21.488,28.8,0,1,0,0
2024,605131,1.52,50.62696121744602,28.81,29.6,0,1,1,0
2024,605170,NA,43.5759062080408,33.922,28.7,0,1,0,0
2024,605170,NA,55.529189821307504,24.996,28.9,0,1,0,0
2024,605170,NA,44.19102560500864,34.038,25.1,0,1,0,0
2024,605170,1.607,46.1125300260678,30.521,29.1,0,1,1,0
2024,605170,NA,46.565251905218204,33.811,26.2,0,1,0,0
2024,605170,NA,40.365410108093954,39.077,29.4,0,1,0,0
2024,605170,NA,49.842569525036836,30.101,27.4,0,1,0,0
2024,605170,NA,40.34767927599993,38.563,27.3,0,1,0,0
2024,606992,NA,53.349218369795445,26.027,29.9,0,1,0,0
2024,606992,NA,50.88014127265232,28.304,28.2,0,1,0,0
2024,607732,NA,50.74226536685135,28.671,28.1,0,1,0,0
2024,607732,1.609,43.79341360213297,33.426,28.8,0,1,1,0
2024,607732,NA,71.66139878033107,15.717,28,0,1,0,0
2024,607732,NA,66.30017674798069,18.618,28.3,0,1,1,0
2024,607732,1.583,54.43694417689182,26.311,28.2,0,1,1,0
2024,607732,1.477,46.81020997887522,32.135,28,0,1,1,0
2024,607732,1.452,53.32239949336453,24.895,28.6,1,0,1,0
2024,607732,NA,41.2498201831138,37.554,26.9,0,1,0,0
2024,608348,1.488,44.859817561231985,34.075,28,0,1,1,0
2024,608348,1.375,44.15511411869158,34.445,28.7,0,1,1,0
2024,608348,NA,49.99370145528649,30.046,28.7,0,1,0,0
2024,608348,NA,49.186546099594324,30.229,28.7,0,1,0,0
2024,608348,1.541,54.393633691943435,24.981,29.3,1,0,1,0
2024,608596,NA,45.87907093562835,32.991,27.8,0,1,0,0
2024,620443,1.368,48.89582236936093,29.657,30,0,1,1,0
2024,620443,NA,36.46652190216652,40.529,30.2,0,1,0,0
2024,620443,NA,45.1603267795008,33.922,27.8,0,1,0,0
2024,621512,NA,39.02995753044572,38.215,29.9,0,1,0,0
2024,621512,NA,46.75333401570021,30.677,28,0,1,0,0
2024,621512,1.57,48.91051793143523,30.718,28.4,0,1,1,0
2024,621512,NA,46.3056343918188,31.012,28.4,0,1,0,0
2024,624431,NA,42.40663061288522,35.959,28.7,0,1,0,0
2024,624431,NA,44.4683001514028,32.947,29.5,0,1,0,0
2024,624431,1.759,52.00116939802217,28.359,30,0,1,1,0
2024,624431,NA,41.92781355835087,37.047,28.4,0,1,0,0
2024,624431,1.671,56.5562353704988,24.117,29.2,0,1,1,0
2024,624431,1.481,46.345671470183454,32.851,29,0,1,1,0
2024,624431,1.629,53.395017336030186,27.246,28.4,1,0,1,0
2024,624431,NA,43.79705776668791,35.265,28.4,0,1,0,0
2024,624431,1.652,54.247851151108314,24.473,28.5,0,1,1,0
2024,624512,NA,37.28237697597787,40.723,27.8,0,1,0,0
2024,624512,2.107,58.01430829857916,21.872,27.2,0,1,1,0
2024,640902,1.603,52.144190748098445,28.025,29,0,1,1,0
2024,641598,NA,45.20958272160404,34.107,27.3,0,1,0,0
2024,641598,NA,45.38274795919006,33.051,27,0,1,0,0
2024,641598,1.516,46.74023578421563,32.119,29.4,0,1,1,0
2024,641680,NA,43.14773663982376,36.924,26.7,0,1,0,0
2024,641680,1.615,47.50516576135857,29.66,28,0,1,1,0
2024,641680,1.571,43.567247984490315,34.726,29.5,0,1,1,0
2024,641680,1.494,43.104725196817014,35.882,28.6,0,1,1,0
2024,641680,1.594,46.92205539736551,30.432,30,0,1,1,0
2024,641680,1.515,46.178486287310044,32.139,28.7,0,1,1,0
2024,641680,1.501,53.44803399368132,25.868,30.1,1,0,1,0
2024,641680,NA,44.94645863294861,34.784,28.6,0,1,0,0
2024,641680,1.509,46.158757559410724,30.987,28.2,0,1,1,0
2024,641680,1.425,44.07098668677145,33.978,28.3,0,1,1,0
2024,642020,1.707,51.838432342345776,27.859,28.6,0,1,1,0
2024,642020,NA,33.10526649254894,44.69,28,0,1,0,0
2024,642020,1.39,49.01841584589802,30.241,28,0,1,1,0
2024,642020,NA,42.099266155843786,35.02,28,0,1,0,0
2024,642020,1.557,53.912516416743756,26.561,28.6,0,1,1,0
2024,642020,1.429,53.39237079071185,26.404,30.4,1,0,1,0
2024,642136,1.504,50.150536691923875,25.995,28.7,0,1,1,0
2024,642136,1.608,48.580423019587066,30.062,28.9,0,1,1,0
2024,642851,1.659,52.63629168703238,27.182,28.4,0,1,1,0
2024,643376,NA,42.973409680661554,34.144,28,0,1,0,0
2024,643376,1.593,47.52515473440703,31.905,28.7,0,1,1,0
2024,643376,NA,25.86454798503006,51.407,27.8,0,1,0,0
2024,643376,NA,50.747343276492586,28.279,28.4,0,1,0,0
2024,643376,1.492,49.533244237426125,30.098,28.4,0,1,1,0
2024,643376,1.464,48.80444477656097,29.945,28.6,1,0,1,0
2024,643376,1.474,45.69540163656106,33.61,28.6,0,1,1,0
2024,643376,1.497,46.12258947599161,32.977,28,0,1,1,0
2024,643376,NA,47.34592285044455,30.624,27.5,0,1,0,0
2024,644433,1.51,55.06643906367559,23.744,27.6,1,0,1,0
2024,645305,NA,45.56519939233692,32.968,28,0,1,0,0
2024,645305,1.424,46.054596536200606,32.773,28,0,1,1,0
2024,645305,1.431,49.718977861332476,29.215,29.2,0,1,1,0
2024,645305,1.367,39.19433920622481,37.379,29.5,0,1,1,0
2024,645305,1.384,46.685722767202655,29.718,29.5,0,1,1,0
2024,645444,NA,45.606546100781536,34.077,27.4,0,1,0,0
2024,645444,NA,48.926394036606474,30.693,27.8,0,1,0,0
2024,645444,NA,43.624045090196226,33.557,28,0,1,0,0
2024,645444,NA,44.83883343519475,32.173,28,0,1,0,0
2024,645444,1.54,55.12865134752826,24.976,28.1,0,1,1,0
2024,645444,1.413,45.065560639334535,34.279,28.3,0,1,1,0
2024,650907,NA,60.15715906579329,19.582,28.8,0,1,0,0
2024,650907,NA,44.173426486030245,33.814,27.6,0,1,0,0
2024,650907,1.461,43.70316427704604,35.056,28,0,1,1,0
2024,650907,NA,39.71487319260474,36.631,29,0,1,0,0
2024,650907,1.562,55.35644305750974,25.13,29.1,0,1,1,0
2024,650907,NA,49.471830339026994,29.442,27.6,0,1,0,0
2024,656180,NA,51.875616879849794,26.826,27.6,0,1,0,0
2024,656180,NA,45.79104042414752,32.018,29,0,1,0,0
2024,656180,NA,46.07514354033536,32.967,25.6,0,1,0,0
2024,656180,NA,47.90085156869393,30.697,26.9,0,1,0,0
2024,656577,1.377,44.335513642026804,33.149,28.7,0,1,1,0
2024,656577,1.406,42.108034741596825,36.979,29.6,0,1,1,0
2024,657136,NA,44.811669546629325,33.73,27.8,0,1,0,0
2024,657136,NA,60.64501916468777,21.221,28,0,1,0,0
2024,657136,NA,49.375819262087276,29.163,27.2,0,1,0,0
2024,657136,NA,53.3547542779741,26.654,28.4,0,1,0,0
2024,657136,NA,37.97416991473706,39.595,28,0,1,0,0
2024,657136,1.583,45.80415587055183,32.65,28.5,0,1,1,0
2024,657136,NA,48.86101714326247,29.352,27.2,0,1,1,0
2024,657136,1.516,51.20302907406789,26.855,30.1,1,0,1,0
2024,657136,1.44,51.8258476967319,28.975,27.2,0,1,1,0
2024,657136,NA,44.491064441273,34.206,28.4,0,1,0,0
2024,657136,1.605,44.22651485415434,34.296,28.4,0,1,1,0
2024,657136,NA,41.474951884196436,36.246,30,0,1,0,0
2024,657136,1.499,47.294955170635625,32.717,28.4,1,0,1,0
2024,660688,1.544,46.56812756336119,33.246,28.9,0,1,1,0
2024,660688,NA,49.84945745417973,29.501,29.9,0,1,0,0
2024,660688,1.646,56.404526505515015,24.092,28.2,1,0,1,0
2024,660688,NA,49.033034516612915,29.569,28.6,0,1,0,0
2024,660688,1.595,51.249867406319005,28.605,27.4,0,1,1,0
2024,660688,1.485,44.35939022339011,33.74,28.5,0,1,1,0
2024,660688,1.509,48.57645108369994,29.892,30,1,0,1,0
2024,660688,1.685,50.625876460456674,28.024,28.5,0,1,1,0
2024,660688,1.555,50.305469907547646,29.174,29.9,0,1,1,0
2024,660688,NA,41.25465118893955,37.239,28.3,0,1,0,0
2024,660688,NA,49.77579128063492,28.027,29.6,0,1,0,0
2024,661388,NA,42.88098894275359,35.817,28.6,0,1,0,0
2024,661388,NA,41.88924064565429,36.202,29,0,1,0,0
2024,661388,1.476,45.700028545093986,32.069,29.6,0,1,1,0
2024,661388,1.717,55.5325547505659,25.36,29.1,1,0,1,0
2024,661388,1.471,44.45446781673933,33.345,28.2,0,1,1,0
2024,661388,1.529,47.56618401955796,31.011,28.4,0,1,1,0
2024,661388,1.512,43.30711879126647,35.111,26.7,0,1,1,0
2024,661388,NA,40.66390657245645,37.238,28.5,0,1,0,0
2024,661388,1.509,52.685175159761926,27.032,27.9,1,0,1,0
2024,661531,1.516,50.30036016476156,29.161,28.3,0,1,1,0
2024,661531,NA,40.12176646707368,38.225,27.8,0,1,0,0
2024,661531,NA,43.612555370169375,35.204,29,0,1,0,0
2024,661531,1.532,48.9416008221723,29.199,29.6,0,1,1,0
2024,663698,1.518,46.951437119387776,31.28,26.9,0,1,1,0
2024,663698,1.494,49.717979006224766,29.217,27.1,1,0,1,0
2024,663698,1.595,47.6547651897407,31.008,25.1,0,1,1,0
2024,663698,NA,43.26348773171038,33.531,29.2,0,1,0,0
2024,663698,1.462,46.2118102841036,33.186,28.6,0,1,1,0
2024,663698,1.475,49.611563060555376,30.417,29.2,1,0,1,0
2024,663698,1.517,47.99106010850848,30.412,28.4,0,1,1,0
2024,663698,NA,46.13277183506159,31.867,29,0,1,0,0
2024,663698,NA,53.31566856073506,27.479,27.4,0,1,0,0
2024,663698,1.606,50.75048348997411,26.487,28.3,0,1,1,0
2024,663698,NA,40.16342477359856,38.688,28,0,1,0,0
2024,663698,NA,39.76987266819491,37.078,26.8,0,1,0,0
2024,663698,1.48,48.394008154741805,30.675,29.7,0,1,1,0
2024,663698,NA,42.33720081325914,36.091,28.3,0,1,0,0
2024,663698,NA,69.09108948188727,17.09,28.7,1,0,0,0
2024,663728,NA,41.97307465118183,35.841,28.7,0,1,0,0
2024,663728,1.444,48.080836185328145,30.953,30,0,1,1,0
2024,663728,NA,41.18379994934862,37.135,28,0,1,0,0
2024,663728,NA,53.13819158595013,25.488,28.8,0,1,0,0
2024,663728,1.478,48.99255545537946,30.356,28,0,1,1,0
2024,663728,NA,55.21304292804204,25.397,28.3,0,1,0,0
2024,663728,1.492,49.52399000212887,28.363,26.8,1,0,1,0
2024,663728,NA,36.85024826896791,40.48,29.5,0,1,0,0
2024,663728,1.558,47.516076786463046,30.549,28.2,1,0,1,0
2024,663728,1.431,47.61236635780824,30.338,28.3,1,0,1,0
2024,663728,1.426,44.10594162481638,35.211,28.4,0,1,1,0
2024,663743,NA,49.60564720129427,31.067,28.8,0,1,0,0
2024,663743,1.541,53.655028622923105,26.879,28.2,0,1,1,0
2024,663743,1.505,48.3713645233901,30.078,28.6,0,1,1,0
2024,663743,1.49,44.94463953990325,32.695,28.4,0,1,1,0
2024,663743,NA,51.10577124457454,27.868,29.6,0,1,0,0
2024,663743,NA,49.5850451790454,29.935,25.1,0,1,0,0
2024,663743,NA,49.6987472027955,29.605,29.2,0,1,0,0
2024,663743,NA,42.16291923315843,35.249,27.1,0,1,0,0
2024,663743,NA,49.8145789736401,29.271,28.6,0,1,0,0
2024,663886,1.611,57.01129217852499,23.038,29.3,0,1,1,0
2024,663886,NA,46.018917395590115,31.873,28.6,0,1,0,0
2024,663886,NA,47.15475055764687,30.853,28.8,0,1,0,0
2024,663886,1.476,50.652256662783806,28.825,29.6,0,1,1,0
2024,663886,1.61,44.728338540922365,34.831,28.7,0,1,1,0
2024,663886,1.52,44.287486540770665,34.532,29.3,0,1,1,0
2024,664874,1.455,41.72413241114362,36.11,28.5,0,1,1,0
2024,665561,1.467,49.6277036978032,30.498,29.7,0,1,1,0
2024,665561,1.559,44.19766314376487,34.139,27.9,0,1,1,0
2024,665804,NA,43.53957322693465,34.763,29.2,0,1,0,0
2024,665804,NA,38.912199696388676,38.679,29.1,0,1,0,0
2024,665804,1.491,47.48659333503269,31.275,28.4,0,1,1,0
2024,665804,NA,42.55698272078681,35.517,28.6,0,1,0,0
2024,665804,1.641,51.63407413669881,29.017,28.1,1,0,1,0
2024,665804,NA,64.0065073927209,19.878,28.3,0,1,0,0
2024,665804,NA,41.027883279339,36.902,28.6,0,1,0,0
2024,666023,1.42,48.052801315581014,29.571,29.7,0,1,1,0
2024,666023,1.551,44.1022449689445,33.502,29.3,0,1,1,0
2024,666023,1.52,51.710716689447764,27.187,28.6,0,1,1,0
2024,666023,NA,41.5149828798656,36.429,28.3,0,1,0,0
2024,666163,NA,42.4682956016202,34.257,29.1,0,1,0,0
2024,666163,1.687,41.36151959442344,36.923,28.5,0,1,1,0
2024,666163,1.563,53.68475872003936,26.214,29.6,0,1,1,0
2024,666163,1.586,50.346248816229156,29.095,28.6,0,1,1,0
2024,666163,NA,47.05234975705358,31.888,28.3,0,1,0,0
2024,666163,NA,37.775557337384456,38.799,28.5,0,1,0,0
2024,666310,1.55,46.004659282172646,32.599,29,0,1,1,0
2024,666310,1.404,42.45152770677889,34.875,28,0,1,1,0
2024,666310,NA,50.506985370606024,27.811,28.6,0,1,0,0
2024,666310,1.421,47.13830192095205,29.722,30,0,1,1,0
2024,666310,NA,45.802021371402695,32.93,27.9,0,1,0,0
2024,666310,NA,40.53724850769625,36.541,28,0,1,0,0
2024,666310,NA,39.969136294521185,35.304,28.5,0,1,0,0
2024,668670,NA,42.98047671631009,33.685,28.6,0,1,0,0
2024,668670,1.416,51.14542387484475,28.113,30,0,1,1,0
2024,668670,1.541,47.97978821111237,30.101,30.4,0,1,1,0
2024,668800,NA,50.72597914098969,29.101,28.1,0,1,0,0
2024,668800,1.562,47.27176768703822,31.966,28.7,0,1,1,0
2024,668800,NA,44.21375365145012,34.739,26.2,0,1,0,0
2024,668832,1.575,50.54344831603205,28.133,28,0,1,1,0
2024,668832,NA,38.47683762581256,40.316,28.1,0,1,0,0
2024,668832,NA,53.98837438925853,25.434,28.2,0,1,0,0
2024,668939,1.596,43.17311376496753,36.02,26.7,0,1,1,0
2024,668939,1.499,48.16222756585385,30.112,27.4,0,1,1,0
2024,668939,1.545,46.65298330720865,31.963,28,0,1,1,0
2024,668939,1.521,49.526232746735296,30.416,26.8,1,0,1,0
2024,668939,1.509,52.70955972156632,27.075,28.2,0,1,1,0
2024,668939,1.586,49.23270413582139,28.557,30,0,1,1,0
2024,668939,NA,43.99221197475178,34.17,28.6,0,1,0,0
2024,668939,1.381,49.260733673813036,30.074,28,0,1,1,0
2024,668939,1.605,49.75651036541335,30.153,28.4,0,1,1,0
2024,668939,1.498,46.716492643366074,31.899,28.5,0,1,1,0
2024,669127,1.49,46.711296260168155,31.856,28.2,0,1,1,0
2024,669127,NA,57.41962994738587,21.959,29.6,0,1,0,0
2024,669127,NA,43.91947815963255,34.396,28,0,1,0,0
2024,669127,1.418,45.54231375331379,33.687,28.4,0,1,1,0
2024,669127,1.44,43.855956331155944,34.075,28.2,0,1,1,0
2024,669127,1.484,53.52153838557485,25.735,27.6,1,0,1,0
2024,669127,1.506,49.85238531805576,30.016,27.9,0,1,1,0
2024,669127,NA,40.615439959823995,37.719,28.7,0,1,0,0
2024,669127,NA,49.64582403226156,29.727,27.8,0,1,0,0
2024,669127,1.408,47.010410175109904,31.782,28.7,0,1,1,0
2024,669127,NA,49.973431590466156,28.523,28.7,0,1,0,0
2024,669127,1.476,45.53374013037831,31.528,29.5,0,1,1,0
2024,669134,NA,39.99906516917735,37.189,28.6,0,1,0,0
2024,669134,1.545,55.44459807683876,24.962,29.9,0,1,1,0
2024,669221,1.394,51.102334265978556,28.368,27.6,0,1,1,0
2024,669221,1.486,51.369720194751025,27.963,29,1,0,1,0
2024,669221,1.535,54.741160059546466,25.211,29,0,1,1,0
2024,669221,NA,41.93292402023464,34.213,26.9,0,1,0,0
2024,669221,NA,47.721561915941784,32.224,28.6,0,1,0,0
2024,669221,NA,47.55848078538069,32.789,25.9,0,1,0,0
2024,669221,1.648,52.687223195835756,26.882,27.8,0,1,1,0
2024,669221,1.507,50.50755096077213,28.475,29.6,1,0,1,0
2024,669221,1.656,48.649117960520876,31.217,26.5,0,1,1,0
2024,669221,NA,44.03602939340486,32.341,28.6,0,1,0,0
2024,669221,1.477,53.32862489051448,26.458,29.6,0,1,1,0
2024,669221,NA,57.46605615604331,23.042,29.6,0,1,0,0
2024,669224,NA,52.12643299107128,27.839,30,0,1,1,0
2024,669224,NA,51.66477745992522,27.756,28.4,0,1,0,0
2024,669224,3,71.73711911523928,16.176,29.3,1,0,1,0
2024,669224,1.502,50.351013728989685,27.79,30.1,0,1,1,0
2024,669224,1.616,45.70498681703507,32.692,27.9,0,1,1,0
2024,669224,NA,41.83299569637834,36.43,28.6,0,1,0,0
2024,669224,1.599,50.394143741895725,29.63,28.4,0,1,1,0
2024,669224,1.552,50.16694027153323,28.034,28.6,0,1,1,0
2024,669224,NA,44.95527596105995,32.616,29.5,0,1,0,0
2024,669224,NA,36.84657805356428,41.187,28.2,0,1,0,0
2024,669224,NA,46.224114379266446,33.336,26.9,0,1,0,0
2024,669224,NA,40.8598938751905,35.915,29.7,0,1,0,0
2024,669224,1.953,64.43051283669992,19.813,26.7,1,0,1,0
2024,669257,NA,47.827447555620836,31.475,29.9,0,1,0,0
2024,669257,NA,45.40802409086475,31.66,28.6,0,1,0,0
2024,669257,1.358,43.10304385443835,35.48,29.3,1,0,1,0
2024,669257,1.482,52.43076626362845,28.312,28.3,1,0,1,0
2024,669257,1.627,60.90706968987498,20.05,26.4,1,0,1,0
2024,669257,NA,37.175271769124365,42.266,26.9,0,1,0,0
2024,671056,NA,46.10321390990342,31.575,29.5,0,1,0,0
2024,671056,NA,48.64293172366825,30.079,28.6,0,1,0,0
2024,671056,1.804,56.54772514552745,23.167,29.1,0,1,1,0
2024,671056,1.56,46.91786475234406,31.576,27.7,0,1,1,0
2024,671056,NA,57.45104339848318,24.19,29.1,0,1,0,0
2024,671056,NA,48.1293655964956,31.345,28.9,0,1,0,0
2024,672275,NA,53.97895856561591,25.409,29.6,0,1,0,0
2024,672275,NA,48.77883767096634,29.092,29.2,0,1,0,0
2024,672275,1.372,47.37938016412703,31.505,29.9,0,1,1,0
2024,672275,1.421,49.25775991849328,30.316,28.4,1,0,1,0
2024,672275,NA,46.73460051335199,32.167,30,0,1,0,0
2024,672386,1.547,48.52063699596146,29.767,28.7,0,1,1,0
2024,672386,1.494,45.02460963941474,29.89,28.6,0,1,1,0
2024,672386,1.573,47.54182007737933,31.814,30.2,0,1,1,0
2024,672386,1.515,51.957798117657724,27.781,28.3,1,0,1,0
2024,672386,1.479,46.062877608348394,32.44,27.3,1,0,1,0
2024,672386,1.656,48.06406689008111,28.38,27.3,0,1,1,0
2024,672386,1.473,50.934245664515906,27.17,30.1,0,1,1,0
2024,672386,NA,47.337054654871096,30.649,29.9,0,1,0,0
2024,672386,1.591,50.52727838159597,27.878,28.5,0,1,1,0
2024,672515,1.526,47.74019948886265,29.502,29.1,0,1,1,0
2024,672515,NA,22.699734739808793,54.752,26.4,0,1,0,0
2024,672515,1.572,55.46741365171981,25.547,28.2,0,1,1,0
2024,672515,1.453,48.4397982432587,31.391,28.2,0,1,1,0
2024,672515,1.466,43.129458941069046,35.204,26.3,1,0,1,0
2024,672515,NA,40.32083373729118,38.107,30.4,0,1,0,0
2024,672515,1.428,50.7887214077093,29.115,28.6,0,1,1,0
2024,672515,NA,31.116387762703617,46.03,27.8,0,1,0,0
2024,672515,1.443,52.19238414769403,28.528,28.8,1,0,1,0
2024,672515,1.499,44.811682933148504,31.996,29.6,0,1,1,0
2024,672515,NA,36.07010415561907,40.367,28.7,0,1,0,0
2024,672515,1.509,56.423953105263806,23.867,27.7,1,0,1,0
2024,673237,1.524,47.05920463239152,32.233,28.3,0,1,1,0
2024,673237,NA,45.84352291114775,30.652,28.7,0,1,0,0
2024,673237,1.74,48.028611355926536,31.636,27.5,0,1,1,0
2024,673237,NA,46.484720030697254,31.506,28.5,0,1,0,0
2024,673237,1.48,48.29943564970718,30.61,28,0,1,1,0
2024,673237,1.462,47.951166994221346,31.456,28.7,1,0,1,0
2024,673237,NA,36.94716217531025,40.85,29.1,0,1,0,0
2024,673237,NA,45.05993529907296,33.18,28,0,1,0,0
2024,680728,NA,53.35060722097549,25.639,28.2,0,1,0,0
2024,680728,NA,45.74750158097253,30.571,29.7,0,1,0,0
2024,680728,NA,43.296876911241156,33.256,28.4,0,1,0,0
2024,680728,1.596,47.17993506012392,30.944,28.4,0,1,1,0
2024,680728,NA,40.98853033860671,37.224,29.1,0,1,0,0
2024,680777,NA,39.677566887680065,39.917,28,0,1,0,0
2024,680777,NA,41.32601498926327,35.643,28.1,0,1,0,0
2024,680777,NA,42.03460282653085,36.084,29.3,0,1,0,0
2024,680777,1.451,44.1382035656934,34.895,26.1,0,1,1,0
2024,680777,1.426,41.932339239040466,37.26,27.6,0,1,1,0
2024,680777,1.512,44.13682381458561,33.543,28.5,0,1,1,0
2024,680779,1.398,40.624279138021976,38.348,26.5,0,1,1,0
2024,680779,1.489,39.51553346461759,39.15,28,0,1,1,0
2024,680779,NA,44.188783556663516,32.501,29.2,0,1,0,0
2024,680779,NA,33.52629749863034,44.493,27.1,0,1,0,0
2024,681351,1.577,54.65550788209463,22.976,30.4,1,0,1,0
2024,681351,1.432,45.52542700588108,33.737,27.2,0,1,1,0
2024,681351,1.698,55.71048678408582,23.982,28.5,1,0,1,0
2024,681351,1.595,45.46711377937694,32.225,28.7,0,1,1,0
2024,681351,1.662,57.22547067790587,21.299,29.6,1,0,1,0
2024,681351,1.619,44.268640782346004,34.573,28.3,0,1,1,0
2024,681351,NA,47.80604269876541,30.396,30.1,0,1,0,0
2024,681351,NA,38.873252822883074,38.387,28.2,0,1,0,0
2024,681351,1.534,53.75760101082198,24.398,29.6,0,1,1,0
2024,681351,1.714,49.747770187348195,27.359,26.7,0,1,1,0
2024,681351,NA,49.20701944821114,29.471,26.9,0,1,0,0
2024,681351,NA,42.72570442147205,34.491,28.1,0,1,0,0
2024,681351,NA,35.49700572864893,40.93,30,0,1,0,0
2024,681351,1.499,49.488891407072565,29.291,29.6,0,1,1,0
2024,682626,NA,49.17685053209317,31.976,29.1,0,1,0,0
2024,682626,NA,46.255215647792085,34.106,28.6,0,1,0,0
2024,682626,1.474,48.625459385652555,30.36,28.8,1,0,1,0
2024,682626,NA,41.35369674465508,35.373,27.1,0,1,0,0
2024,682626,NA,33.085372680487005,46.086,27.3,0,1,0,0
2024,682626,NA,46.28476034362231,30.817,29.1,0,1,0,0
2024,682626,NA,36.06838717336259,42.109,27.9,0,1,0,0
2024,682626,NA,44.55670068380092,34.84,30.2,0,1,0,0
2024,682626,1.536,47.99864252468541,30.357,28.9,0,1,1,0
2024,682626,NA,47.170455965892245,30.236,29.6,0,1,0,0
2024,682626,NA,50.738371355872765,28.751,29.2,0,1,0,0
2024,682626,NA,42.30100761167895,33.988,30.3,0,1,0,0
2024,686452,1.535,50.62469420989639,27.891,29.9,0,1,1,0
2024,686482,1.473,45.154702396338315,34.246,29,0,1,1,0
2024,686482,1.52,53.378437198248825,24.9,28.9,0,1,1,0
2024,686676,1.563,58.825418871294964,20.417,28.4,1,0,1,0
2024,686676,1.418,45.17808598703663,34.125,29.5,0,1,1,0
2024,686676,NA,53.790048727216174,26.128,29.6,0,1,0,0
2024,686676,NA,45.681769808532366,32.504,27.5,0,1,0,0
2024,686676,NA,47.84082858394562,29.833,28.2,0,1,0,0
2024,686676,1.475,50.84806657217607,29.413,28.1,0,1,1,0
2024,686676,NA,42.69678662092043,34.147,27.3,0,1,0,0
2024,686676,NA,65.10572920892366,17.308,28,0,1,0,0
2024,686676,NA,38.53419928387167,39.766,29.1,0,1,0,0
2024,686676,NA,44.02926705795919,35.656,28.1,0,1,0,0
2024,686676,NA,48.19017786630249,28.74,28.5,0,1,0,0
2024,686676,NA,55.9489886673526,24.47,26.6,0,1,0,0
2024,686676,NA,42.894254720561946,35.417,28.4,0,1,0,0
2024,686780,NA,40.90614690586487,38.122,27.5,0,1,0,0
2024,686780,1.408,51.60074810492972,27.078,30.1,0,1,1,0
2024,686780,NA,48.43687272235885,30.509,29.6,0,1,0,0
2024,686780,NA,45.86034836614738,33.51,28.6,0,1,0,0
2024,686780,1.448,47.44508168755894,29.269,29.8,0,1,1,0
2024,686780,NA,48.727165443959706,30.378,29.7,0,1,0,0
2024,686780,1.363,42.94386986385335,36.496,28.6,0,1,1,0
2024,686780,1.465,45.27883207163734,32.54,29.4,0,1,1,0
2024,686780,NA,48.97485227992835,30.677,28.3,0,1,0,0
2024,686780,NA,42.16843065905481,34.426,28,0,1,0,0
2024,686780,NA,41.83656707582129,35.516,29.6,0,1,0,0
2024,686780,NA,42.137642486477205,36.629,26.9,0,1,0,0
2024,686780,1.41,52.66606004913175,27.362,27.7,1,0,1,0
2024,691011,NA,65.81656176008028,20.45,28.6,0,1,0,0
2024,691011,NA,58.37360030475458,28.199,27.9,1,0,1,0
2024,691011,1.511,43.733411981478056,37.058,27,0,1,1,0
2024,691011,1.45,50.300004052978025,29.298,28.5,1,0,1,0
2024,693307,1.764,53.52459955157182,25.862,28.7,0,1,1,0
2024,693307,NA,36.482722268731706,40.246,28.6,0,1,0,0
2024,693307,1.44,49.31845630169417,29.479,29.9,0,1,1,0
2024,693307,NA,29.761556346009968,47.023,28,0,1,0,0
2024,696100,NA,51.353935164607464,27.799,29.3,0,1,0,0
2025,455117,NA,48.66416039391073,30.336,26.9,0,1,0,0
2025,455117,NA,55.99676554089949,23.904,29.1,0,1,0,0
2025,455117,1.564,46.493912070901764,33.954,26.5,1,0,1,0
2025,518595,NA,44.02663739736259,33.788,25.4,0,1,0,0
2025,518595,NA,46.11445106678724,31.361,27.6,0,1,0,0
2025,518595,1.589,46.86057174644333,31.916,28.8,0,1,1,0
2025,518595,NA,46.864611850227696,31.273,29.4,0,1,0,0
2025,518595,NA,18.214511841211536,62.603,29.5,0,1,0,0
2025,518595,NA,46.369302534365225,30.747,29.4,0,1,0,0
2025,518595,1.61,45.194745102167545,31.91,29.2,0,1,1,0
2025,521692,NA,38.633020136531734,41.281,28.4,0,1,0,0
2025,521692,1.504,51.84885232271453,28.04,27.8,1,0,1,0
2025,521692,NA,53.5824477336423,26.701,27.4,0,1,0,0
2025,521692,NA,44.248552914654915,33.859,27.2,0,1,0,0
2025,521692,NA,47.295589840921394,31.727,27.3,0,1,0,0
2025,521692,NA,43.00736707569738,35.349,27.9,0,1,0,0
2025,521692,1.597,54.19167404000689,25.09,28.2,1,0,1,0
2025,521692,2.078,65.10422883796714,19.401,28.9,0,1,1,0
2025,542963,1.446,48.68135959947126,29.943,25.1,1,0,1,0
2025,542963,1.61,53.8577108963672,25.764,30,1,0,1,0
2025,542963,1.529,48.48178632554127,29.556,29.9,0,1,1,0
2025,543309,NA,47.70159704110536,31.625,27.2,0,1,0,0
2025,543309,NA,32.31814337693344,46.185,28,0,1,0,0
2025,543309,NA,34.870539396645015,42.796,26.9,0,1,0,0
2025,543309,1.729,56.344106299190656,23.447,29.1,0,1,1,0
2025,543309,1.489,48.2656402683081,29.814,28.7,0,1,1,0
2025,543309,NA,51.44832929629427,26.888,29.9,0,1,0,0
2025,543309,1.548,46.08197236387678,33.197,29.5,0,1,1,0
2025,543309,NA,50.325660820364504,29.103,28.4,0,1,0,0
2025,543510,NA,46.209342830584475,33.688,27.6,0,1,0,0
2025,543510,NA,52.94351547574434,27.393,28.4,0,1,0,0
2025,543510,NA,47.54922921187019,31.848,27.8,0,1,0,0
2025,543592,1.524,51.34138496296678,27.319,28.1,1,0,1,0
2025,543877,NA,47.82985629189087,31.261,29.1,0,1,0,0
2025,543877,1.413,49.318072933400906,30.626,28,1,0,1,0
2025,543877,1.506,53.751934538650055,26.451,28.6,0,1,1,0
2025,543877,1.518,49.80482932405906,29.279,29.6,0,1,1,0
2025,543877,NA,47.82095235950361,29.758,28.7,0,1,0,0
2025,543877,1.391,46.024031417708834,32.9,29.5,0,1,1,0
2025,543877,NA,40.9293832118096,37.694,30.4,0,1,0,0
2025,543877,1.431,46.15544438004782,32.385,28.6,0,1,1,0
2025,543877,NA,46.20524027452378,31.046,28,0,1,0,0
2025,553869,NA,43.90257059066471,34.683,28.6,0,1,0,0
2025,553869,NA,43.02378573690581,35.519,28.5,0,1,0,0
2025,553869,NA,47.992649554737696,31.368,29.6,0,1,0,0
2025,553869,1.423,49.85541974507064,29.831,28,1,0,1,0
2025,553869,NA,42.23891900488759,34.835,29,0,1,0,0
2025,553882,NA,49.24143743274553,29.015,27.2,0,1,0,0
2025,592663,NA,53.516821400716076,26.798,27.7,0,1,0,0
2025,592663,NA,46.12247170688815,33.85,29,0,1,0,0
2025,592663,1.413,50.53586051223095,28.441,29.2,0,1,1,0
2025,592663,1.466,49.51374202175972,29.574,26.8,0,1,1,0
2025,592663,NA,46.246265915748,32.647,28.3,0,1,0,0
2025,592663,1.4,47.65364258877562,30.496,28.8,1,0,1,0
2025,592663,NA,39.97603104127189,38.172,29.2,0,1,0,0
2025,592663,1.439,46.72758931577834,32.817,26.9,0,1,1,0
2025,592663,1.379,50.76013311259551,29.09,27.1,1,0,1,0
2025,592663,1.465,50.49222770039406,27.954,27.6,1,0,1,0
2025,592663,1.314,45.94600787096493,33.337,27.8,0,1,1,0
2025,592663,NA,41.420492873815704,37.582,27.8,0,1,0,0
2025,592663,NA,49.14127186792167,30.716,28.1,0,1,0,0
2025,595751,1.566,48.74160675153571,29.641,28.6,0,1,1,0
2025,595978,1.496,53.452071583588484,24.709,28.4,1,0,1,0
2025,595978,NA,41.498595110041194,38.015,27.8,0,1,0,0
2025,595978,NA,44.74611503052761,34.722,27.1,0,1,0,0
2025,596142,1.449,41.83073302449384,37.634,29,0,1,1,0
2025,596142,1.475,43.92436503343382,33.894,29.1,0,1,1,0
2025,605131,1.634,51.147654583955394,28.774,27.8,1,0,1,0
2025,605131,NA,44.9373763952837,33.804,26.9,0,1,0,0
2025,605170,1.737,53.73934929106259,25.413,28.7,1,0,1,0
2025,605170,1.591,47.19382154411218,29.806,28.5,0,1,1,0
2025,605170,NA,47.21783383438313,31.629,29,0,1,0,0
2025,605170,NA,39.695979038046225,37.523,26.9,0,1,0,0
2025,605170,1.712,44.03957808405045,34.314,28.4,0,1,1,0
2025,605170,NA,46.16898217390317,31.009,29.6,0,1,0,0
2025,605170,1.641,48.320885218329636,29.97,29.9,0,1,1,0
2025,605170,NA,47.82750487062432,30.635,29.6,0,1,0,0
2025,606992,1.555,50.455630389405954,27.74,29.6,0,1,1,0
2025,607732,1.502,44.361795231396584,34.95,27.2,0,1,1,0
2025,607732,1.501,46.04807945720678,29.884,29.9,0,1,1,0
2025,607732,1.612,49.33528381257,28.72,29.3,0,1,1,0
2025,607732,1.462,48.561614160127576,30.437,28.4,1,0,1,0
2025,607732,1.548,54.41915900818882,26.406,29.6,1,0,1,0
2025,607732,NA,41.61977029589888,35.952,28.4,0,1,0,0
2025,607732,NA,50.85799436496282,28.833,29,0,1,0,0
2025,608348,NA,44.52591225348824,33.688,27.2,0,1,0,0
2025,608348,1.437,39.59333669813998,38.839,28.6,0,1,1,0
2025,608348,1.527,47.00749658673925,31.037,29.7,0,1,1,0
2025,608348,NA,46.63517231622061,31.511,30.2,0,1,0,0
2025,620443,1.339,43.934212651731514,34.756,28.3,1,0,1,0
2025,620443,NA,42.56977437222081,35.263,28.9,0,1,0,0
2025,620443,1.393,43.091064388340165,36.321,29.6,0,1,1,0
2025,620443,1.418,53.38540166972024,26.717,29,1,0,1,0
2025,620443,NA,47.78601333676453,31.426,27.6,0,1,0,0
2025,621512,NA,48.7090679103181,29.745,29.2,0,1,0,0
2025,623168,1.401,47.887398521879376,30.581,28.2,1,0,1,0
2025,623168,1.522,45.25422625765056,33.772,29.3,0,1,1,0
2025,623168,1.425,53.13761982112163,25.699,29.6,1,0,1,0
2025,623168,1.397,44.06256569674662,34.921,27.8,0,1,1,0
2025,623168,1.488,40.986288666608615,36.385,28.3,0,1,1,0
2025,624431,1.62,48.41058645742118,32.997,26.7,0,1,1,0
2025,624431,1.559,51.2169808095616,28.223,28.6,1,0,1,0
2025,624431,1.658,47.23714395639653,31.945,27,0,1,1,0
2025,624431,NA,35.557942861904245,41.833,26.9,0,1,0,0
2025,624431,1.446,52.67848035687989,26.421,25.6,1,0,1,0
2025,624431,1.425,49.654080074682454,29.9,27.8,1,0,1,0
2025,624431,1.549,52.664905736687665,26.955,28,0,1,1,0
2025,624431,NA,47.242698630621035,30.067,29.9,0,1,0,0
2025,624431,NA,41.098269459780084,37.345,28.7,0,1,0,0
2025,624431,NA,49.39123866997698,29.61,28,0,1,0,0
2025,624431,NA,48.30867364303505,27.832,28.7,0,1,0,0
2025,624431,1.561,49.07958765323206,29.301,28.3,0,1,1,0
2025,624512,NA,41.29708771144338,36.668,27.1,0,1,0,0
2025,640902,1.782,42.33684535740152,35.009,28.7,0,1,1,0
2025,640902,1.458,48.94996425358818,30.365,28.7,0,1,1,0
2025,641598,NA,39.36140994892865,37.215,28.3,0,1,0,0
2025,641598,1.621,46.322469602889974,33.099,27.9,0,1,1,0
2025,641598,NA,44.787950123452866,34.903,27.3,0,1,0,0
2025,641680,1.625,48.51756434568002,29.709,29.6,0,1,1,0
2025,641680,1.533,47.05774745749212,31.259,28,0,1,1,0
2025,641680,NA,45.490091112166205,33.921,28.1,0,1,0,0
2025,641680,1.621,44.948281074789165,31.38,30.4,0,1,1,0
2025,641680,1.505,45.59014772170354,32.463,28.4,0,1,1,0
2025,641680,1.592,49.733198705064325,30.067,28.9,0,1,1,0
2025,641680,1.529,42.23728270663712,37.242,25.9,0,1,1,0
2025,641680,1.596,46.686682296226884,32.145,29.5,0,1,1,0
2025,642136,1.525,48.87871373088904,31.086,29.5,0,1,1,0
2025,642136,1.52,53.84971163831634,24.972,28,0,1,1,0
2025,642136,NA,41.24495396139363,35.918,28.6,0,1,0,0
2025,642136,1.653,49.33068596810754,29.408,29.5,0,1,1,0
2025,642136,1.514,46.90049170901098,32.416,29,0,1,1,0
2025,642136,NA,36.66047137776444,42.227,28.7,0,1,0,0
2025,642851,1.497,51.36145098194864,27.485,29.9,0,1,1,0
2025,642851,1.54,58.03537125688579,23.121,29.3,1,0,1,0
2025,643376,1.563,46.107384912540496,32.846,29.1,0,1,1,0
2025,643376,1.5,49.80562032091649,29.033,29.3,1,0,1,0
2025,643376,1.49,50.69224574209875,29.33,28,1,0,1,0
2025,643376,1.5,51.61568873826671,27.775,28.1,0,1,1,0
2025,643376,NA,43.278904130930925,34.32,28.8,0,1,0,0
2025,643376,NA,48.625546233879625,30.686,27.2,0,1,0,0
2025,643376,1.521,51.57871724058949,28.324,28.8,1,0,1,0
2025,644433,NA,44.83691674189955,33.121,29.8,0,1,0,0
2025,645444,1.525,46.610820909726606,31.544,30.1,0,1,1,0
2025,645444,1.546,48.66830342326003,29.539,29,0,1,1,0
2025,645444,NA,48.97986910932135,30.21,28.3,0,1,0,0
2025,645444,NA,51.22439428966486,30.069,26.2,0,1,0,0
2025,645444,NA,42.20041899996651,35.436,26.4,0,1,0,0
2025,650968,NA,51.87407930820567,27.342,28.5,0,1,0,0
2025,650968,NA,46.4261670461315,30.905,28.1,0,1,0,0
2025,650968,1.572,48.23865064671944,31.309,28,0,1,1,0
2025,650968,NA,47.177928900320694,30.228,27.8,0,1,0,0
2025,650968,1.523,48.66050775705563,28.459,29.6,1,0,1,0
2025,650968,1.616,52.11516369700284,27.426,30,0,1,1,0
2025,656180,1.544,48.57294178468268,31.068,27.8,0,1,1,0
2025,656180,NA,49.932833576258396,29.165,29.2,0,1,0,0
2025,656180,2.1,63.5686945412637,19.433,29.1,0,1,1,0
2025,656577,NA,41.65100228924774,37.838,28.3,0,1,0,0
2025,656577,1.432,48.06437232607129,30.911,29.5,0,1,1,0
2025,657136,NA,42.63024227046987,34.875,29,0,1,0,0
2025,657136,NA,46.02776654151605,31.621,29.2,0,1,0,0
2025,657136,1.581,50.79354129606143,28.322,29.9,0,1,1,0
2025,657136,NA,50.513580243472106,30.363,26.9,0,1,0,0
2025,657136,1.565,50.92567109447592,28.564,29,0,1,1,0
2025,660688,1.527,52.775601559203906,25.54,28.4,1,0,1,0
2025,660688,1.625,47.16939742050514,30.813,30.1,0,1,1,0
2025,660688,1.505,47.47983966981659,32.317,28.5,1,0,1,0
2025,660688,NA,46.075320819246095,30.596,29.7,0,1,0,0
2025,660688,NA,47.54970717204706,30.702,28.9,0,1,0,0
2025,661388,NA,39.09366708182371,39.633,26.9,0,1,0,0
2025,661388,1.438,45.99470794431865,32.017,28,0,1,1,0
2025,661388,1.454,44.69043450218436,34.898,28,0,1,1,0
2025,661388,NA,44.08241948061597,35.19,28.9,0,1,0,0
2025,661388,NA,53.846110357962544,26.329,27.7,0,1,0,0
2025,661388,1.447,52.42776654680911,26.91,27.9,1,0,1,0
2025,661388,1.423,49.2229468285495,29.142,28,0,1,1,0
2025,661388,NA,47.48461708936116,29.206,30.4,0,1,0,0
2025,661388,1.492,50.23849600301622,28.64,28.3,1,0,1,0
2025,661388,NA,48.7817375116881,29.373,28.4,0,1,0,0
2025,661388,NA,43.521246008193465,36.301,26.5,0,1,0,0
2025,661388,NA,45.58472011089032,32.342,30.2,0,1,0,0
2025,663698,1.645,52.53209930962679,26.888,29.7,0,1,1,0
2025,663698,NA,36.71887440274139,41.919,27.3,0,1,0,0
2025,663698,1.499,47.50215450201218,31.564,28,0,1,1,0
2025,663698,1.51,50.005220057352545,29.905,28.2,0,1,1,0
2025,663698,NA,42.10877595811304,37.238,29,0,1,0,0
2025,663698,NA,46.20955138438737,33.635,29.4,0,1,0,0
2025,663698,NA,38.65040841132375,41.051,27.1,0,1,0,0
2025,663698,NA,44.845846352817674,32.376,28.1,0,1,0,0
2025,663728,NA,42.967698064800516,33.915,29,0,1,0,0
2025,663728,1.45,43.82100398207133,34.216,27.9,0,1,1,0
2025,663728,NA,44.66072446295314,34.533,26.5,0,1,0,0
2025,663728,NA,45.96129545497378,31.058,29.6,0,1,0,0
2025,663728,NA,42.01380224356966,36.085,30.4,0,1,0,0
2025,663743,1.503,51.4879252952736,28.837,28.7,1,0,1,0
2025,663743,1.349,46.98104094200191,32.115,28.5,0,1,1,0
2025,663743,NA,43.04891903003991,36.411,27.3,0,1,0,0
2025,663743,1.441,48.886229001937366,30.814,28.1,1,0,1,0
2025,663743,NA,42.258895650829736,36.345,26.5,0,1,0,0
2025,663743,1.377,46.66585674586335,32.554,28.4,0,1,1,0
2025,663743,NA,38.59117791125298,39.522,27.3,0,1,0,0
2025,663743,NA,43.35140219795167,35.273,28.6,0,1,0,0
2025,663743,NA,33.37526571090177,44.585,28.2,0,1,0,0
2025,663886,NA,44.43357586810502,34.179,27.2,0,1,0,0
2025,663886,1.593,54.896258229972084,24.583,28,0,1,1,0
2025,663886,NA,52.166809476019935,26.927,29.6,0,1,0,0
2025,663886,NA,52.26750007694174,28.342,27.5,0,1,0,0
2025,663886,1.542,44.41739643474861,34.099,26.8,0,1,1,0
2025,665561,1.527,54.64061942189989,25.306,27.9,0,1,1,0
2025,665561,1.482,52.85009470049095,26.117,28,1,0,1,0
2025,665561,1.504,44.622126705217894,33.172,28,0,1,1,0
2025,665561,NA,49.65458942266472,29.237,28.6,0,1,0,0
2025,665804,NA,39.200662943825904,38.743,25.4,0,1,0,0
2025,665804,1.676,47.779804840042274,30.752,28.1,0,1,1,0
2025,665804,1.671,48.53086227811364,28.637,28.7,0,1,1,0
2025,665861,NA,39.90411247482628,38.178,25.4,0,1,0,0
2025,665861,NA,50.689609731506756,29.476,29.4,0,1,0,0
2025,665861,1.462,50.03163263281473,29.299,29.4,0,1,1,0
2025,665966,1.454,47.16950970935325,30.926,28.5,1,0,1,0
2025,665966,NA,39.0878953234555,38.263,26.6,0,1,0,0
2025,665966,NA,43.2249628974367,36.694,28.3,0,1,0,0
2025,665966,1.481,48.27777383662808,32.331,28.4,1,0,1,0
2025,665966,1.483,47.86496314978492,30.858,28.6,1,0,1,0
2025,665966,NA,45.52656395342416,33.095,28.7,0,1,0,0
2025,665966,1.435,45.42350834040739,33.889,28.4,0,1,1,0
2025,665966,1.463,52.4792116260715,27.254,27.3,1,0,1,0
2025,665966,1.39,50.73377464458532,27.635,28.6,1,0,1,0
2025,665966,1.498,49.92072709029082,30.921,27.3,1,0,1,0
2025,665966,1.398,46.539107551512984,31.99,28.4,0,1,1,0
2025,665966,NA,43.50939984889294,35.869,28.4,0,1,0,0
2025,665966,1.457,46.94003207401118,32.543,28.4,0,1,1,0
2025,665966,NA,43.68783723012609,35.372,27.8,0,1,0,0
2025,665966,1.445,47.64475302567286,31.204,28.5,1,0,1,0
2025,666023,1.499,51.96817919068627,28.46,27.2,1,0,1,0
2025,666023,NA,46.50626382619869,32.338,28.2,0,1,0,0
2025,666023,1.511,47.88678160606678,30.695,28.6,0,1,1,0
2025,666023,NA,44.00726974832804,33.278,25.8,0,1,0,0
2025,666023,NA,48.385437398753574,28.322,30.1,0,1,0,0
2025,666023,1.539,54.64241542565287,24.555,29.1,1,0,1,0
2025,666023,NA,39.364611188837344,38.87,27.2,0,1,0,0
2025,666163,NA,47.083366768764385,30.742,28,0,1,0,0
2025,666163,1.5,49.64858606477459,29.785,28,0,1,1,0
2025,666163,1.497,49.264130641936745,29.733,29.9,0,1,1,0
2025,666163,NA,44.62153671084863,34.224,29.2,0,1,0,0
2025,666163,1.616,48.851072344262604,28.615,28.6,0,1,1,0
2025,666163,NA,42.96261942630361,34.398,30.2,0,1,0,0
2025,666310,NA,51.688946570753785,25.937,29.3,0,1,0,0
2025,666310,NA,44.81643849356563,33.482,29.3,0,1,0,0
2025,668670,NA,50.839976132031786,29.056,29.1,0,1,0,0
2025,668670,1.645,57.40412098156633,23.499,28.1,1,0,1,0
2025,668800,1.541,46.73830102680626,31.479,26.3,0,1,1,0
2025,668939,1.552,47.222451118680645,31.194,27.6,0,1,1,0
2025,668939,1.409,47.70612418414548,31.718,29.6,0,1,1,0
2025,668939,1.463,44.65906109201851,34.236,29.2,0,1,1,0
2025,668939,NA,44.07764323669462,34.154,29.2,0,1,0,0
2025,668939,1.662,52.602415606398594,27.094,28,0,1,1,0
2025,668939,1.504,46.12887618773279,33.772,29.4,0,1,1,0
2025,668939,1.669,50.54152075873776,27.159,28,0,1,1,0
2025,669087,NA,43.92351713584257,34.609,28.2,0,1,0,0
2025,669087,NA,47.14498573156248,31.782,27.9,0,1,0,0
2025,669087,1.465,42.344619498566026,35.295,29.7,0,1,1,0
2025,669087,1.474,53.03621487376236,26.727,29.1,1,0,1,0
2025,669127,1.452,44.698649871490126,32.051,29.1,0,1,1,0
2025,669127,1.35,49.02848241526251,29.554,28,0,1,1,0
2025,669127,1.39,43.53123630372168,35.637,29.4,0,1,1,0
2025,669127,NA,38.6337494690386,37.418,28.6,0,1,0,0
2025,669127,1.564,43.45211586562639,34.927,28.5,0,1,1,0
2025,669127,1.486,44.14954519113539,33.605,29.3,0,1,1,0
2025,669127,1.456,44.387607670661254,33.806,28.8,0,1,1,0
2025,669127,NA,50.570049018431625,27.243,29.3,0,1,0,0
2025,669127,NA,41.78497468872481,35.33,27.2,0,1,0,0
2025,669127,NA,42.705916273578005,35.977,28.7,0,1,0,0
2025,669127,NA,43.343360483390384,34.909,26.4,0,1,0,0
2025,669127,NA,49.35931316436654,29.807,30.1,0,1,0,0
2025,669127,NA,44.64894153462732,34.798,27.6,0,1,0,0
2025,669127,NA,47.5918046264452,31.018,28.3,0,1,0,0
2025,669221,1.384,47.697680115583054,30.833,30.2,0,1,1,0
2025,669221,1.491,51.56295726750848,26.997,29.6,0,1,1,0
2025,669221,NA,41.67988893122781,35.227,28.3,0,1,0,0
2025,669221,NA,47.38472543058052,31.848,27.5,0,1,0,0
2025,669224,1.503,48.32952701604246,31.305,27.1,0,1,1,0
2025,669224,NA,52.24697479833136,25.668,29.6,0,1,0,0
2025,669224,NA,43.47463733964121,35.354,29.8,0,1,0,0
2025,669224,NA,30.91935761850177,45.507,26.9,0,1,0,0
2025,669224,1.524,50.991000703257576,27.214,28.2,1,0,1,0
2025,669224,NA,49.574049725515465,28.327,28.4,0,1,0,0
2025,669224,NA,53.06508329442551,26.327,29.6,0,1,0,0
2025,669224,1.521,46.98847914314985,32.372,28,0,1,1,0
2025,669224,NA,41.253281432014894,36.866,28,0,1,0,0
2025,669224,NA,37.568596343805254,39.716,28.1,0,1,0,0
2025,669224,1.689,45.34211905379911,33.028,28.5,0,1,1,0
2025,669257,1.451,41.46752091967243,36.928,28.4,0,1,1,0
2025,669257,1.481,56.90626808704715,23.258,29.8,1,0,1,0
2025,669257,1.478,51.161355611534205,28.7,27.4,0,1,1,0
2025,669257,1.539,45.909364162634915,33.112,28.1,0,1,1,0
2025,669257,1.415,42.349545355708884,36.361,28.5,0,1,1,0
2025,669257,NA,45.987511413098645,30.895,27.2,0,1,0,0
2025,669257,NA,68.98231120957414,17.028,28.1,1,0,1,0
2025,669257,1.507,53.35325231092945,26.438,28.7,1,0,1,0
2025,671056,1.592,48.455545167897824,28.155,30.1,0,1,1,0
2025,672275,NA,37.681809708957324,38.972,28.1,0,1,0,0
2025,672275,NA,45.09011852781675,32.875,28.7,0,1,0,0
2025,672275,1.386,43.7385901248035,35.407,26.5,1,0,1,0
2025,672275,NA,41.26718743001804,37.041,28.7,0,1,0,0
2025,672275,1.436,42.96426319990903,35.713,30,0,1,1,0
2025,672275,1.35,43.78814362278286,35.89,26.6,0,1,1,0
2025,672275,1.357,40.82108218708482,37.631,29.8,0,1,1,0
2025,672275,NA,46.33702725567731,32.045,29,0,1,0,0
2025,672275,1.475,49.27081813647286,27.611,30.1,1,0,1,0
2025,672386,NA,34.917030574373584,42.868,28,0,1,0,0
2025,672386,1.572,50.21429082390132,28.516,28.4,0,1,1,0
2025,672386,NA,49.31777444743962,28.659,28,0,1,0,0
2025,672386,NA,36.8112296937946,41.245,27.5,0,1,0,0
2025,672515,NA,46.10816354939348,32.302,27.6,0,1,0,0
2025,672515,NA,20.48891917132267,59.21,27.8,0,1,0,0
2025,672515,NA,52.58846220057962,26.984,29,0,1,0,0
2025,672515,NA,46.774059720883336,31.38,30.1,0,1,0,0
2025,673237,1.557,42.54623027273982,37.133,27.4,0,1,1,0
2025,673237,1.517,48.36799779034343,31.151,28.3,1,0,1,0
2025,673237,NA,49.720254243704645,29.168,25.5,0,1,0,0
2025,673237,1.618,43.850477067145626,33.544,28.1,0,1,1,0
2025,673237,1.445,50.18239132230621,27.509,29.6,0,1,1,0
2025,673237,NA,33.97296979776763,43.015,26.6,0,1,0,0
2025,673237,1.514,47.35283863889674,31.84,28.5,0,1,1,0
2025,673237,1.528,48.479369257883214,30.244,28.4,0,1,1,0
2025,673237,NA,44.072297548265524,33.79,29.2,0,1,0,0
2025,673237,1.608,55.71424140001936,24.909,29.1,0,1,1,0
2025,673237,NA,47.21236060470316,32.031,28.7,0,1,0,0
2025,673237,1.518,43.30504355718078,33.717,28,0,1,1,0
2025,673237,NA,54.388484031354295,26.335,28.1,0,1,0,0
2025,673237,NA,41.279321171581465,36.84,29.1,0,1,0,0
2025,673237,NA,41.514988911611475,35.315,28.8,0,1,0,0
2025,673237,NA,34.740643733058285,42.435,28.6,0,1,0,0
2025,680777,1.448,45.118474749785584,34.647,28.4,0,1,1,0
2025,680777,1.472,46.5972653907244,32.55,28.4,1,0,1,0
2025,680777,NA,50.18269049189873,29.865,29.2,0,1,0,0
2025,680777,NA,44.878884711391024,32.603,28.6,0,1,0,0
2025,680777,1.622,50.16101353605914,29.42,29.5,0,1,1,0
2025,680779,1.729,48.573381279419145,29.991,26.3,0,1,1,0
2025,680779,1.408,45.049263653055654,32.495,28.3,0,1,1,0
2025,680779,NA,54.24690489468148,24.739,27.8,0,1,0,0
2025,680779,NA,48.882417042026375,29.982,29,0,1,0,0
2025,680779,NA,40.294319460008424,36.817,27.8,0,1,0,0
2025,680779,1.541,52.73582679968867,26.085,29.5,0,1,1,0
2025,680779,1.359,46.40880767603382,30.911,28.6,0,1,1,0
2025,680862,1.512,43.96676208964094,34.555,28.5,0,1,1,0
2025,680862,NA,40.934496700781864,37.464,26.2,0,1,0,0
2025,680862,1.629,52.161685900631625,26.295,28.6,0,1,1,0
2025,681351,1.61,50.42407854513129,29.087,29.5,0,1,1,0
2025,681351,NA,43.91405469820999,35.097,29.2,0,1,0,0
2025,681351,1.597,38.21079574694785,38.476,26.6,0,1,1,0
2025,681351,1.712,47.149850942766676,29.781,28,0,1,1,0
2025,681351,NA,53.50273733078801,26.932,27.2,0,1,0,0
2025,681351,NA,46.03606346429579,32.71,28.8,0,1,0,0
2025,681351,1.493,49.06330435434739,28.55,28.5,0,1,1,0
2025,681508,NA,46.93282573839616,31.5,28.6,0,1,0,0
2025,681508,1.477,49.997978170790475,29.534,27.5,1,0,1,0
2025,681508,1.665,47.71305871708229,30.402,28,0,1,1,0
2025,681508,NA,41.88634489533189,35.819,27.4,0,1,0,0
2025,682626,NA,49.80571976894317,30.433,26.3,0,1,0,0
2025,682626,1.521,51.45748787043531,25.547,30.1,0,1,1,0
2025,682626,NA,29.724466291827067,47.12,27.6,0,1,0,0
2025,682663,1.599,49.53950696224262,28.655,29.6,0,1,1,0
2025,682663,1.52,42.92939374517904,35.373,26.9,0,1,1,0
2025,682663,NA,37.58143059213784,40.66,29,0,1,0,0
2025,682663,NA,45.841825279644794,34.614,26.8,0,1,0,0
2025,682663,NA,50.84923478360519,26.503,30.1,0,1,0,0
2025,682663,1.78,56.208829200498364,23.692,27.6,0,1,1,0
2025,682663,1.475,49.266611776497996,30.346,28.5,0,1,1,0
2025,686452,1.598,46.161524760062754,31.16,28.1,0,1,1,0
2025,686676,NA,48.8504631438042,30.512,25.4,0,1,0,0
2025,686780,NA,41.44614985685864,34.382,28.5,0,1,0,0
2025,686780,NA,41.19002189899126,37.873,28.4,0,1,0,0
2025,686780,NA,32.25249560900682,45.362,29.1,0,1,0,0
2025,686780,NA,37.57459902818765,39.244,27.9,0,1,0,0
2025,686780,NA,55.145967124178476,26.171,27.9,0,1,0,0
2025,686780,NA,47.3888079452423,32.784,27.6,0,1,0,0
2025,686780,NA,48.72366401424892,29.732,28.2,0,1,0,0
2025,686780,NA,36.33208734111026,41.66,26.9,0,1,0,0
2025,686780,NA,48.697810863234665,30.998,28.4,0,1,0,0
2025,686780,1.66,57.775159052345856,21.832,29.1,0,1,1,0
2025,686780,NA,48.72742438564743,30.202,28.6,0,1,0,0
2025,686948,1.495,42.05377938473121,35.095,28.6,0,1,1,0
2025,686948,1.417,44.99247812925018,33.2,29,0,1,1,0
2025,686948,NA,36.760007959826936,39.401,30.2,0,1,0,0
2025,686948,1.549,50.264970192394486,28.055,27.2,0,1,1,0
2025,686948,1.738,41.74656961886993,35.916,27.8,0,1,1,0
2025,686948,NA,44.71092781757372,32.833,30.2,0,1,0,0
2025,686948,1.473,52.77255317738149,25.718,27.3,0,1,1,0
2025,686948,1.511,46.019383573300885,32.52,29.4,0,1,1,0
2025,686948,1.452,47.421437197352574,30.747,26.3,0,1,1,0
2025,686948,1.449,47.32669236856572,31.366,29,0,1,1,0
2025,686948,1.542,49.12291418068556,30.09,27.1,0,1,1,0
2025,686948,NA,45.3710556810507,33.098,28.6,0,1,0,0
2025,686948,NA,45.6618545646486,31.7,28,0,1,1,0
2025,686948,1.449,47.87189274420111,30.108,28.3,0,1,1,0
2025,687221,1.572,54.97286071418561,25.771,26.4,1,0,1,0
2025,687221,1.482,48.81945913951404,28.406,28,0,1,1,0
2025,687221,NA,49.335512679149026,28.653,28.8,0,1,0,0
2025,687221,NA,52.11321285442826,28.435,29.4,0,1,0,0
2025,689414,1.647,41.98252236169864,36.751,28.4,0,1,1,0
2025,689414,NA,46.44278412104723,31.646,30.2,0,1,0,0
2025,689414,NA,46.72539379877227,32.987,28.6,0,1,0,0
2025,690924,1.509,50.905386179564964,28.923,28.9,0,1,1,0
2025,690924,1.475,49.14034389356331,28.758,29.9,0,1,1,0
2025,690924,1.53,48.29243146064539,31.973,28.2,1,0,1,0
2025,690924,1.629,46.851699290385966,31.812,28.2,1,0,1,0
2025,690924,1.471,49.94024358129008,28.572,29.2,0,1,1,0
2025,690924,NA,48.62981910421804,30.497,27.7,0,1,0,0
2025,691019,NA,43.806297865279035,33.645,25.4,0,1,0,0
2025,691019,NA,44.271328478335015,32.828,28,0,1,0,0
2025,691019,NA,54.048474736985206,24.22,29,0,1,0,0
2025,691019,1.56,51.93729922958218,27.634,28.8,0,1,1,0
2025,691019,1.62,47.67858692825245,28.94,28.1,0,1,1,0
2025,691019,NA,43.53178864836589,34.486,25.4,0,1,0,0
2025,691019,1.701,49.801788098632734,29.747,28,0,1,1,0
2025,691019,1.581,47.678874623082315,30.96,29.5,0,1,1,0
2025,691019,1.983,52.34762550885045,26.678,28.5,0,1,1,0
2025,693307,1.529,54.15059618616379,25.858,29,1,0,1,0
2025,693307,1.52,53.52965412870608,27.09,29.4,0,1,1,0
2025,693307,1.501,46.0242598089299,32.042,27.1,0,1,1,0
2025,694212,1.466,43.34457846639276,34.706,28.5,0,1,1,0
2025,696100,1.541,46.20838365445787,32.594,30.2,0,1,1,0
2025,696100,NA,52.07404960324119,26.648,29.7,0,1,0,0
2025,696100,NA,50.19138208683433,29.617,28.4,0,1,0,0
2025,696100,1.565,46.66235552453485,32.668,28,0,1,1,0
2025,696100,NA,46.72347209940438,29.195,28.6,0,1,0,0
2025,696100,1.473,51.08953740595389,27.506,29.7,1,0,1,0
2025,696100,1.427,50.19833002666676,28.978,29.9,0,1,1,0
2025,700250,1.55,46.41412246919276,31.389,29,0,1,1,0
2025,700250,NA,50.26464141447336,29.582,28.1,0,1,0,0
2025,700250,1.543,50.07169209897327,29.557,28,1,0,1,0
2025,700337,NA,48.4326416025117,30.122,30.1,0,1,0,0
2025,700337,1.614,45.469383521251906,32.457,28.5,0,1,1,0
2025,700337,NA,47.809597145387485,30.728,29.6,0,1,0,0
2025,700337,1.654,49.452308153338485,29.467,28,0,1,1,0
2025,700337,1.556,50.22249060453848,28.815,27,1,0,1,0
2025,700337,1.619,45.474555437240916,33.175,28.9,0,1,1,0
2025,700337,1.515,51.445114783678775,29.069,28.7,0,1,1,0
2025,700337,1.458,48.312234121800465,30.837,28.2,0,1,1,0
2025,700337,NA,47.116400620500904,33.316,26.2,0,1,0,0
2025,700337,NA,47.62040363541068,31.294,28.7,0,1,0,0
