year,catcher,pop_time,distance,exp_cs,is_cs,sprint,pitchout
2021,425784,2.025,57.813675604465395,0.22555622983447268,1,28.2,0
2021,425784,1.942,56.86959007276006,0.2776043840269207,0,27.8,0
2021,425784,2.053,59.63746679108726,0.22850443315179036,0,28.9,0
2021,425784,2.038,59.50337243254474,0.4292304131767656,1,27.8,0
2021,425784,1.911,57.762588711881406,0.2584555102286973,0,28.5,0
2021,425784,2.068,63.42746208116603,0.7862327915213704,1,26.3,0
2021,425784,1.843,61.97072574170485,0.7761808656317736,0,29,1
2021,425784,2.003,57.961400225133225,0.19043551016633728,1,28.5,0
2021,425784,1.966,53.55141027128564,0.12245294358770013,0,27.4,0
2021,425784,1.963,58.69189776503943,0.4374860387193963,1,27.3,0
2021,425784,2.026,60.793738800362334,0.5491146206347731,1,27.6,0
2021,425784,1.924,58.19112792341462,0.11234264781099078,0,29.9,0
2021,425784,1.895,61.25339294916085,0.46256960938007213,1,28.4,0
2021,425877,1.902,58.1466407358008,0.1324077078535811,0,28.7,0
2021,425877,1.848,58.95367890355323,0.30562525489896986,1,28.7,0
2021,425877,1.923,60.17243092385472,0.47059809518637297,1,27.7,0
2021,425877,1.992,53.17361817661821,0.022904157400589896,0,28.4,0
2021,425877,1.91,60.08285454072002,0.3727483356630607,1,28.7,0
2021,425877,1.906,57.77154007802924,0.2235909951194442,1,28.9,0
2021,425877,1.836,54.71090983312616,0.11239063647114682,0,27.3,0
2021,425877,1.959,59.073451248437046,0.33002808208083756,1,28.5,0
2021,425877,1.928,58.842420007088805,0.3374857963384467,1,28.3,0
2021,425877,1.787,52.58069767166694,0.05839744124318149,1,27.8,0
2021,425877,1.937,54.481375885925864,0.15189704979103685,1,27.8,0
2021,425877,1.852,59.681281295694255,0.23449568473878257,0,30,0
2021,425877,1.862,54.453714714315986,0.10935285218787712,0,28.7,0
2021,425877,1.881,57.929896126698694,0.4620656629606398,1,26.3,0
2021,425877,1.913,57.84024007218628,0.17986766236702212,1,29.7,0
2021,425877,1.861,53.82696935903715,0.10375440111097889,0,28.6,0
2021,425877,1.974,57.285164159476054,0.19755142660616576,0,28.4,0
2021,425877,1.928,58.22210358114535,0.24278967944722912,0,28.3,0
2021,425877,1.912,56.52084787704886,0.28632909805352685,0,26.5,0
2021,425877,1.916,55.77852647451526,0.14317818536501925,1,28,0
2021,425877,1.943,58.084126644962424,0.434533460735252,1,26.4,0
2021,435559,2.009,55.880833901377315,0.17400575143598307,1,28.3,0
2021,435559,1.951,63.386745781538785,0.630733343665574,1,28.3,0
2021,435559,1.987,60.751916844649045,0.642840210596797,1,26.8,0
2021,435559,1.956,56.315653124340876,0.12039375425790858,0,29.8,0
2021,435559,2,62.29276177068885,0.6229925661794775,1,27.6,0
2021,435559,1.963,54.58721897495674,0.19212241494985627,0,27.3,0
2021,435559,2.017,61.95210032745644,0.5678545536666841,1,27.9,0
2021,435559,2.028,60.46394006282715,0.42457621119674005,1,28.5,0
2021,435559,1.925,59.76788240983418,0.3320639605989966,0,28.9,0
2021,435559,2.019,52.89198143057181,0.02701986436547187,0,30.2,0
2021,435559,1.929,59.93910357134438,0.33964402939724714,0,28.8,0
2021,435559,2.006,61.368795917858755,0.41540810224189606,1,28.1,0
2021,435559,1.95,54.26662313429042,0.23130110453848515,0,25.9,0
2021,435559,2.054,57.71296302049452,0.2167144104669059,0,28.5,0
2021,435559,2.087,62.8056373888856,0.7123453633224569,1,27,0
2021,435559,2.058,53.75337797756462,0.19807768641098195,0,26.9,0
2021,435559,1.909,59.051290113408044,0.3287873279247792,0,28.5,0
2021,435559,2.149,56.90392718636413,0.17595620227666187,0,28.8,0
2021,435559,1.909,52.10735432180512,0.05702711538320128,0,29.1,0
2021,435559,1.945,53.31733034734989,0.13353563532700713,0,26.8,0
2021,435559,1.953,59.97662518360003,0.3030733832071105,0,29.3,0
2021,435559,1.957,56.79383570734285,0.2658855142565724,0,27.6,0
2021,435559,1.937,55.8358882051259,0.2121495841404498,0,28,0
2021,435559,1.999,51.07416247308938,0.033526803712601805,0,28.8,0
2021,435559,2.055,56.02281090435023,0.1745629311164552,0,28.1,0
2021,435559,1.974,59.97537685985241,0.49721176911341036,0,27.6,0
2021,444489,1.863,57.242176467849674,0.19106548806367976,1,28.7,0
2021,444489,1.906,59.15465172481584,0.2893397651302467,0,28.5,0
2021,444489,2.023,56.50495803872769,0.09778871798821605,0,28.8,0
2021,444489,2.079,59.50172559040327,0.3307620002766585,0,27.7,0
2021,444489,1.894,56.194893560981,0.20924036862069137,1,28.1,0
2021,444489,1.859,59.052721511405394,0.40094194470122757,1,27.9,0
2021,444489,1.932,58.75577231779879,0.3405415268800136,1,28.3,0
2021,444489,1.902,57.967123694277774,0.22624406575043587,1,29,0
2021,444489,2.044,50.98288142923726,0.03853580633054744,0,28.8,0
2021,444489,1.92,60.35341053346888,0.42362211868123667,1,28.1,0
2021,444489,1.878,56.55273596091676,0.3062004874403945,1,27.3,0
2021,444489,1.879,56.872233641533384,0.16144062977108822,1,29.2,0
2021,444489,1.95,56.715538268357925,0.2488594001183183,1,28,0
2021,444489,1.92,55.1860034625472,0.08787833858912912,0,27.7,0
2021,444489,2.047,57.066510603669194,0.18359991435710196,0,28.6,0
2021,444489,2.002,57.549033303318396,0.17182309204801371,1,28.3,0
2021,444489,1.871,60.24205028321546,0.5258202414547613,0,27.5,0
2021,444489,1.951,57.31832999384243,0.293951747337918,0,27.3,0
2021,455117,1.902,58.1349239160858,0.251443663832834,1,28.9,0
2021,455117,1.949,61.11055239045645,0.2683511055423482,1,28.6,0
2021,455117,1.967,62.25517670730171,0.801172236264436,1,25.9,0
2021,455117,1.934,62.3567319877299,0.5461569591323926,0,27.1,0
2021,455117,1.94,60.22320504957744,0.3259606854839442,1,29.3,0
2021,455117,1.942,56.90312266774689,0.22260498400793277,0,28.5,0
2021,455117,2.02,53.39443145204471,0.12033746909233713,0,26.8,0
2021,455117,1.899,53.61501738405788,0.18349117426570533,0,26.6,0
2021,455117,1.991,64.06197707885141,0.5618110862547497,1,28.1,0
2021,455117,1.98,61.0595789792335,0.6945425733806165,1,26.5,0
2021,455117,2.016,63.70589078406248,0.4430962311579781,1,27.8,0
2021,455117,1.899,59.94595441249314,0.4676047095327732,0,27.8,0
2021,455117,1.945,57.97736850508461,0.09780404677347632,0,28.9,0
2021,455117,1.958,59.70655901080765,0.674613884871901,1,25.5,0
2021,455117,1.924,60.96876662298512,0.36979316997386924,1,29.3,0
2021,455117,2.071,65.11262173384208,0.7323370930248693,1,28.3,0
2021,455117,1.994,57.240913705211106,0.2721726419664593,0,27.9,0
2021,455117,1.943,58.96251957655013,0.3666887508052849,0,28.1,0
2021,455117,1.865,56.97351866353108,0.19712719556322061,0,28,0
2021,455117,1.946,59.36575915236475,0.2617468129614626,0,28.5,0
2021,455117,1.957,58.054789079264786,0.34447227479514936,0,27.8,0
2021,455117,1.868,56.506250628509385,0.1505101211735574,0,29.1,0
2021,455117,2.187,65.56505667157133,0.5273533074389632,1,28.8,0
2021,455117,1.99,62.13920909300062,0.6910646197272292,1,27.1,0
2021,455117,1.951,54.20397074410272,0.1386646419182103,0,28.2,0
2021,455117,1.953,61.833610707044514,0.5668293939026914,1,27.8,0
2021,455117,1.923,56.308409727866135,0.2203114594872638,0,28.2,0
2021,455117,2.039,59.561120025964286,0.3364231712201214,1,28.5,0
2021,455117,1.927,60.7103472817542,0.4627648968755994,0,28.3,0
2021,455139,1.968,56.35076719430499,0.2951341613494804,0,27.3,0
2021,455139,1.957,56.2708870027602,0.24130168037472097,1,27.6,0
2021,455139,1.956,56.2018663103037,0.09335319202916693,1,29.8,0
2021,455139,1.957,53.772552045198196,0.03762106158693068,0,29.8,0
2021,457763,1.98,56.944874586000516,0.2052433216466159,1,28.3,0
2021,457763,1.99,62.119986059179375,0.3722918739544079,0,29,0
2021,457763,2.054,56.656798905046884,0.1829561689064374,0,28.5,0
2021,457763,1.942,55.071375598738555,0.12674631022302574,0,28.1,0
2021,457763,1.918,54.573360970375575,0.12620446921206627,0,28.4,0
2021,457763,2.058,56.782889711985646,0.3864813668979039,0,26.7,0
2021,457763,1.994,57.57958409268899,0.21086314775764128,1,28.5,0
2021,457763,2.114,52.467288402584494,0.07536536656343965,0,28.7,0
2021,457763,2.077,61.8138477150886,0.49167916904537473,0,28.6,0
2021,457763,1.974,59.494367457842266,0.5710333062329191,0,26.7,0
2021,457763,1.966,56.05871052977545,0.08465908349028435,0,28.3,0
2021,457763,2.03,60.1967375321191,0.27632226646149377,0,28.5,0
2021,457763,2.076,61.12829450584763,0.3994671457194793,1,28.2,0
2021,457763,1.88,59.676702202036104,0.3247972153814464,1,29,0
2021,457763,1.934,64.19971770183456,0.4734543635703623,1,29.9,0
2021,457763,1.968,54.09598560332051,0.15914627974536258,0,27.3,0
2021,457763,2.151,56.54880120772557,0.09643711102108124,0,28.1,0
2021,457763,1.924,59.68478449148611,0.3864674498810556,1,28.4,0
2021,457763,1.982,59.684972154659974,0.30080852762734595,0,28.5,0
2021,457763,1.918,51.20646829325654,0.01910066211439171,0,29,0
2021,457763,1.989,58.15249676729347,0.2711115287270416,0,28.5,0
2021,467092,2.058,62.436675115911044,0.4127660963169694,1,28.4,0
2021,467092,1.986,57.35817970541312,0.37828777725745477,0,27.1,0
2021,467092,2.027,53.77041912536172,0.11556158308499521,0,28.4,0
2021,467092,1.987,59.19748212992834,0.25654965509325844,0,28.5,0
2021,467092,1.966,57.0432531248254,0.23111171372717637,1,28.4,0
2021,467092,1.969,58.52399272347071,0.2436937096945262,0,28.4,0
2021,467092,1.95,57.850340701250246,0.2838098020089628,0,28,0
2021,467092,1.983,55.272455761891386,0.1126617049078556,0,28.8,0
2021,467092,2.081,62.81404970860883,0.570055967336795,0,27.8,0
2021,467092,2.1,55.207834772115895,0.07122892006706734,0,28.9,0
2021,488771,2.012,60.65870162468537,0.2679617143025481,0,28,0
2021,488771,1.952,59.06577195446683,0.25226269604610646,0,28.9,0
2021,488771,2.078,58.07422665727484,0.3133052507760188,0,27.9,0
2021,488771,1.993,56.756685882974644,0.1934522607659573,1,27.5,0
2021,488771,2.002,57.295248968689585,0.29454328567852445,0,27.9,0
2021,488771,1.887,55.58908705241158,0.16972057989013792,0,28.5,0
2021,488771,1.929,56.78026162199139,0.20971833530233555,0,27.9,0
2021,488771,1.877,60.198436706536384,0.39971409069375613,1,28.2,0
2021,488771,1.97,52.19228970204236,0.04767019860596255,0,28,0
2021,488771,1.931,59.05184833256399,0.18797738424610486,1,28.7,0
2021,488771,1.986,53.749772644109534,0.07890265702363347,0,27.3,0
2021,506702,1.912,58.20571386242037,0.35728851310651777,0,27.8,0
2021,506702,2.443,66.80327129928423,0.6179615675496981,0,30.2,0
2021,506702,1.893,52.579695165493874,0.07367804079229152,0,28.9,0
2021,506702,1.951,57.680590359536545,0.43654537164301666,0,26.8,0
2021,506702,1.887,56.96479481643869,0.19649643234142353,0,28.3,0
2021,506702,2.256,65.77007859600185,0.574900603533198,1,29.1,0
2021,506702,1.987,54.75310086490804,0.07997456509624427,0,27.9,0
2021,506702,1.982,57.82872342611789,0.17163117247317553,0,29.1,0
2021,506702,2.034,54.38864278851967,0.08853040892233548,0,27.6,0
2021,506702,1.924,55.60966483131835,0.28284959487080563,1,26.4,0
2021,506702,2.108,57.308921651942484,0.2200601950854525,0,27.5,0
2021,506702,2.048,58.90932881435683,0.1580943999696176,1,28.3,0
2021,506702,2.462,65.48288148967244,0.7050102844326315,1,28.7,0
2021,506702,2.064,57.32965395130436,0.19634624392983482,1,27.4,0
2021,506702,1.921,47.9741765573494,0.03510343450453476,0,27.7,0
2021,506702,2.133,56.871532398394805,0.31833878986795316,0,27.3,0
2021,506702,1.942,51.47237979157673,0.05185034331290152,0,27.8,0
2021,518595,1.965,52.34022125665867,0.05014456482322995,0,28.2,0
2021,518595,2.023,55.761296211477905,0.13479092371141813,0,29,0
2021,518595,2.037,58.384215096631806,0.18812950327904823,0,28.2,0
2021,518595,2.015,57.82917666845025,0.3054654464593661,1,27.5,0
2021,518595,1.888,58.36922357204118,0.24811117380981848,0,27.9,0
2021,518595,1.962,55.53797161871811,0.17945462608153162,0,28.3,0
2021,518595,2.17,59.295502530474685,0.2679682498439673,1,29.3,0
2021,518595,1.997,53.54625976854068,0.11937339977981536,0,27.5,0
2021,518595,1.934,57.300785654695524,0.1873807052110539,0,29.2,0
2021,518595,2.442,60.5523029490744,0.6299649060478112,0,26.8,0
2021,518595,1.995,53.92678154868374,0.06468395257701151,0,28.2,0
2021,518595,1.989,55.94849091375889,0.17433313522464897,0,28.4,0
2021,518595,2.072,62.01459418499154,0.39472811487174386,0,29.3,0
2021,518595,1.962,47.29571075618309,0.0354333412268452,0,26.2,0
2021,518735,2.128,62.124061952918254,0.42703901723139887,0,28.9,0
2021,518735,1.975,57.535147667265896,0.3283805955997558,0,27.3,0
2021,518735,1.95,47.31008938940742,0.019072014998726565,0,28.9,0
2021,518735,2.073,56.01367917264755,0.19207388643940132,0,27.6,0
2021,518735,2.082,60.455141402026754,0.40659316490294556,0,28.3,0
2021,518735,2.038,57.59965917025038,0.22997231323955583,0,28,0
2021,518735,1.952,55.24689830989764,0.11975908894427569,0,29.1,0
2021,518735,2.1,55.23409795119136,0.2628380570231426,0,26.6,0
2021,518735,2.206,61.92743164395711,0.24852449402824048,1,29.4,0
2021,518735,1.98,61.039887897003,0.31405316300380076,0,29.9,0
2021,518735,2.079,62.71145042860776,0.6194380862305867,1,27.8,0
2021,518735,2.157,59.891469638193655,0.2804242649371895,0,29.1,0
2021,518735,2,58.863459839404314,0.22285043454864334,1,29.7,0
2021,518735,1.973,56.866099377811246,0.10788538515212202,0,29.4,0
2021,518735,2.063,57.28445497035747,0.14385549931672145,0,28.9,0
2021,518735,2.052,58.803889053465475,0.4049253055061788,1,27.5,0
2021,518735,1.982,56.40379910660154,0.14103615666516486,0,28.9,0
2021,518735,2.035,56.529633733808545,0.26803590542540034,0,26.4,0
2021,518735,2.034,57.88719876763833,0.24050928830768514,0,28.8,0
2021,518735,2.015,57.21079892815053,0.24501590865514597,0,27.8,0
2021,518735,1.989,58.41118356364621,0.15478926928621115,1,28.3,0
2021,518735,2.113,63.702326840790555,0.5193310645110641,0,28.1,0
2021,518735,2.127,65.19081866979577,0.8998941363185349,1,25.9,0
2021,518735,2.043,63.62651162204792,0.6820362285034993,1,28,0
2021,518735,2.241,59.00006376535737,0.29550076489078714,0,28.8,0
2021,518735,2.156,62.161568339858675,0.40221529075256796,1,28.7,0
2021,518735,2.329,60.61729415094383,0.26152630344930405,0,28.9,0
2021,518735,2.037,55.24574443694861,0.0620231208562707,0,28.1,0
2021,519390,2.002,57.28271042115253,0.2983077334905893,0,27.7,0
2021,519390,2.048,57.58328385949931,0.21429280785310892,0,28.5,0
2021,519390,2.797,68.06022673966999,0.6917689560714224,0,30.2,0
2021,519390,2.047,60.25302401905641,0.29494158342807036,1,28,0
2021,519390,1.974,52.08862593521399,0.07089177325312605,0,28.5,0
2021,519390,2.376,58.89690966440186,0.5748966663091052,0,26.2,0
2021,519390,2.108,54.992276481043845,0.1009682503487438,0,28.9,0
2021,519390,2.035,57.91033046927949,0.4587392882401962,1,26.4,0
2021,519390,2.202,62.86029563080265,0.3283815123464956,1,28.8,0
2021,519390,2.058,60.8542367421373,0.38240917422222764,1,29.1,0
2021,519390,2.076,52.77477639987474,0.09355893320127008,0,27.3,0
2021,519390,2.037,57.494810847068166,0.16194029299013663,0,28.5,0
2021,519390,2.168,63.63164509423588,0.8208981222822427,0,26.2,0
2021,519390,2.191,57.08253137891358,0.2138758717458239,0,28.1,0
2021,519390,2.015,58.76079411923009,0.5522498868523257,0,26.1,0
2021,519390,2.114,57.59314887437016,0.17935954182058017,0,29,0
2021,519390,2.001,58.524910503211245,0.2175379540301755,1,29.4,0
2021,519390,2.083,56.12725010031337,0.16294156569682364,0,27.6,0
2021,521692,1.998,56.50280640320533,0.13892584573873024,1,28.8,0
2021,521692,1.935,55.40458038462124,0.40124624574936996,0,25.4,0
2021,521692,1.939,62.13144947775627,0.2726174751160791,1,28.5,0
2021,521692,1.918,58.98962358119952,0.2872952872131769,0,28.9,0
2021,521692,2.055,61.01563084800554,0.42059880770793107,1,28.8,0
2021,521692,2.004,61.06599908920685,0.42329514329299844,1,28.8,0
2021,521692,1.974,59.19395441998587,0.32057961525022555,0,27.7,0
2021,521692,1.992,58.09046609858843,0.1238626641990601,0,29.1,0
2021,521692,1.957,57.01307195082406,0.21182580397541054,0,28.7,0
2021,521692,2.015,60.51321084270269,0.40184148376147166,0,28,0
2021,521692,1.952,61.947956955290785,0.35517290212885594,1,28.4,0
2021,521692,1.972,63.298112356586564,0.7389934023892585,1,27.1,0
2021,521692,1.938,60.75385390500283,0.3653404987067528,1,29.2,0
2021,521692,1.985,58.745599934838836,0.30894750012194105,0,27.3,0
2021,521692,1.916,58.74720332979925,0.16235263449780465,0,30.1,0
2021,521692,1.98,59.577245377010215,0.27154851873988833,1,28.1,0
2021,521692,1.989,61.17934010444573,0.23643900733719045,1,27.9,0
2021,521692,1.985,50.74489060577991,0.09486632699788966,0,26.7,0
2021,521692,1.865,60.45907992338217,0.38031045745043907,1,28.3,0
2021,521692,2.019,59.134361820729694,0.25196119538904954,1,28.7,0
2021,521692,2.026,62.362040038189654,0.5572584777437789,0,28.2,0
2021,521692,1.957,58.377556632288275,0.20844843722003142,0,29.3,0
2021,521692,1.894,59.31764558627384,0.21438520126107463,1,29.4,0
2021,521692,2.038,63.05895847470304,0.3921868000406787,1,28.9,0
2021,543309,1.925,58.746459859239835,0.3641224625530181,0,27.8,0
2021,543309,1.906,54.928267154177284,0.1056831966164692,0,28.5,0
2021,543309,1.964,56.56798496916291,0.30097762870130923,0,27.4,0
2021,543309,1.934,58.84233177501127,0.3237860760295046,0,27.4,0
2021,543309,1.951,57.4661305215868,0.19248335683439377,0,27.9,0
2021,543309,1.922,58.17153264907232,0.19961934852935903,1,28.5,0
2021,543309,1.891,58.29584217394614,0.31375714996013815,1,28.1,0
2021,543309,1.888,58.83431304643977,0.37910770908601205,0,27.9,0
2021,543309,1.864,56.96035895838518,0.2885457248559797,0,27.3,0
2021,543309,1.899,53.91076558005746,0.1506721225164789,0,27.8,0
2021,543309,1.958,57.19627512930584,0.3876973786865728,0,26.5,0
2021,543309,2.001,60.29995893610628,0.5295547618840446,0,27.4,0
2021,543309,1.728,53.26267937056081,0.23548500473090653,1,29.4,1
2021,543309,1.927,53.434782904256046,0.12035347197895462,0,27.3,0
2021,543309,1.86,56.323855121787965,0.251885027625044,0,27.6,0
2021,543309,1.991,62.00876995745128,0.474153245763706,0,28.9,0
2021,543309,1.968,57.2940400535226,0.20240199385212965,0,28.9,0
2021,543309,1.97,56.62212772220063,0.12991424235579463,0,28.3,0
2021,543309,1.91,60.786016115263564,0.6070098495237377,0,26.7,0
2021,543309,1.93,57.07629523614444,0.09192327155586404,0,28.8,0
2021,543309,1.9,51.36064580234837,0.04618277455941814,0,28.7,0
2021,543309,1.835,58.43469930522966,0.6006951399474649,1,28.8,1
2021,543309,1.905,57.90089442729196,0.30920474852369784,0,28.1,0
2021,543309,1.942,54.332083439424046,0.041178639417690184,0,28.3,0
2021,543309,1.877,54.34080326838856,0.13212910531387304,0,28,0
2021,543309,1.923,57.94810854185739,0.4024809147352439,1,27.1,0
2021,543309,2.487,66.46839586970833,0.6820448056173808,0,28.8,0
2021,543510,2.065,57.071531830342956,0.39468136374439144,0,25.5,0
2021,543510,1.967,59.084289933462145,0.35117613667490627,1,28.3,0
2021,543510,2.016,49.69528597277975,0.05189129506445989,0,27.6,0
2021,543510,2.014,51.41674342715846,0.13054447238243763,0,25.9,0
2021,543510,2.066,52.62634799613871,0.02301780413585066,0,30.2,0
2021,543510,2.046,58.371019238015656,0.3338899710282351,1,27.4,0
2021,543510,2.067,62.297572180210246,0.5461414777188136,1,27.9,0
2021,543510,1.888,55.33217061232821,0.1350569967540329,1,29,0
2021,543510,1.947,60.363848063132885,0.3021932031772894,1,28.8,0
2021,543510,2.109,61.59301289480985,0.6352244756543619,0,27.3,0
2021,543510,2,56.97077783707123,0.22301087049266918,0,28.5,0
2021,543510,1.992,56.154290933601324,0.16096299699364272,0,29,0
2021,543510,1.971,57.67371906683117,0.26505122230729816,0,28.1,0
2021,543510,2.016,61.36211183896906,0.45125154076065505,1,28.1,0
2021,543510,2.247,57.70670473638535,0.317066755305318,0,26.8,0
2021,543510,2.028,58.532751050280396,0.2625528654979375,0,27.6,0
2021,543510,1.89,58.95147631254072,0.3158172083666489,0,28.6,0
2021,543510,2.121,58.61798739224691,0.3030124485433728,1,28.5,0
2021,543510,2.02,56.9516995366582,0.2499832701303,0,28.2,0
2021,543510,1.969,57.15151583693396,0.13144167732738546,0,30.2,0
2021,543510,1.899,55.40696263383766,0.22141611923419222,0,27.4,0
2021,543510,2.013,58.82134326160798,0.30632816082810976,0,28.6,0
2021,543510,1.966,61.55581661816524,0.6422832755425028,1,27.2,0
2021,543510,1.967,55.95511366581701,0.1549005788336949,0,28.5,0
2021,543510,1.954,58.03548032196208,0.264649341372816,0,28.6,0
2021,543510,2.043,59.11179517365654,0.36488819353111507,0,28.2,0
2021,543510,1.953,54.62697005167649,0.09927701902862324,0,28.5,0
2021,543510,1.957,55.89970499222707,0.27455374204922933,0,27.3,0
2021,543510,1.958,53.95871200123888,0.09448113215923434,0,29.1,0
2021,543510,1.987,57.260698421002566,0.1329686368922077,0,30.2,0
2021,543510,1.889,55.60741280374908,0.18126799365227242,1,28.2,0
2021,543510,2.046,57.14669919887534,0.10896968024643706,1,28.1,0
2021,543510,2.048,56.23753432167201,0.13444656594156867,0,28.1,0
2021,543510,2.005,53.18523437025944,0.03550499429290827,0,30.1,0
2021,543592,1.874,48.97883983734532,0.03746415339913433,0,27.9,0
2021,543592,1.939,53.957474936555776,0.11465416244088412,0,28.5,0
2021,543592,1.988,53.42697565165118,0.0943088756708042,0,27.9,0
2021,543592,2.019,50.16621330574176,0.05622366749299851,0,27.8,0
2021,543592,1.984,53.27098926562952,0.08064816222451054,0,28.8,0
2021,543592,1.986,50.612580498167446,0.026283374754485323,0,28.2,0
2021,543592,2.015,54.19943039315164,0.15133268510139317,0,26.5,0
2021,543592,2.134,57.339095570750345,0.15198555038040898,0,28.2,0
2021,543592,2.022,52.830833169416415,0.07989071602692768,0,28.5,0
2021,543592,1.939,51.17741365136543,0.07018339688727188,0,26.5,0
2021,543592,1.915,57.063228565088835,0.13817558059181118,1,29.8,0
2021,543592,2.078,59.05411047995307,0.10317348894618544,1,27.6,0
2021,543592,2.088,58.34438752966228,0.11472514732926369,0,29.1,0
2021,543592,1.965,56.61554933098624,0.17980591776651822,0,27.8,0
2021,543592,2.087,59.29170088599746,0.10865187470052272,0,30.2,0
2021,543592,1.963,58.3360952874999,0.23344225696041565,0,29.1,0
2021,543592,2.056,62.727407105051704,0.527628697523309,1,27.8,0
2021,543592,2.039,56.57565597197569,0.28034883125087184,0,27.6,0
2021,543877,1.958,59.00777703347028,0.2703776676744704,1,28,0
2021,543877,1.967,57.99008974134547,0.3891738655476778,1,26.7,0
2021,543877,1.975,55.99670245485511,0.219691178279942,0,28,0
2021,543877,1.986,59.03995820371014,0.30466474212720124,0,28.8,0
2021,543877,1.918,54.69288068970261,0.1388234347840611,0,28.5,0
2021,543877,1.925,55.27011335923322,0.0950149611690261,0,28.8,0
2021,543877,2.133,60.233709055404596,0.44426464879197824,1,26.9,0
2021,543877,1.909,51.60583267546468,0.0457576060866879,0,28.8,0
2021,543877,2.009,53.30079729608135,0.0731723693669211,0,28.7,0
2021,543877,1.932,54.45159592050621,0.12223945049840895,0,28.1,0
2021,543877,1.986,56.02740771511444,0.09543620240209716,0,28.6,0
2021,543877,1.978,58.09629837935641,0.17468727870319373,0,28.8,0
2021,543877,1.944,57.24547510432582,0.26503239764638437,1,28.2,0
2021,543877,1.899,56.28320920351763,0.20080325623670092,1,27.8,0
2021,543877,2.259,64.47837185594064,0.7290607836715379,0,27.9,0
2021,543877,2.003,55.54189376584509,0.2672619779644078,1,26.6,0
2021,543877,2.032,58.45675460288411,0.2529070345621385,0,27.7,0
2021,543877,1.983,52.95203883306581,0.17430685831960335,0,26.8,0
2021,543877,1.872,53.59767427024402,0.10878816634543097,0,28.1,0
2021,543877,2.032,55.331829093262,0.07535554918681298,0,29.4,0
2021,543877,2.032,55.67922520995115,0.1026451300780976,0,27.8,0
2021,543877,1.996,58.31663985815178,0.26935727107030333,1,27.8,0
2021,543877,1.969,60.23883451321554,0.42162162717854385,0,28.4,0
2021,543877,1.929,54.952550981252216,0.07617951861245988,0,28.9,0
2021,543877,2.06,62.945125919094814,0.5920488988189043,1,27.6,0
2021,543877,2.079,58.1486043734588,0.5007014382171404,0,25.9,0
2021,543877,2.026,58.38330011456921,0.27464773994284386,1,28.2,0
2021,543877,1.942,56.73507042905197,0.15142904627265916,0,28.9,0
2021,543877,2.005,52.839592513151125,0.06503304785452711,0,27.4,0
2021,543877,1.993,56.81166201286566,0.2711500282696598,0,27.3,0
2021,543877,2.038,57.456710385621015,0.3080372830602456,1,27.8,0
2021,543877,1.932,55.91231317009688,0.14903892961757034,1,28.9,0
2021,543877,1.9,56.236297394262905,0.1656381089196942,0,28.9,0
2021,543877,1.915,53.28321917835383,0.08803957412738753,0,28.5,0
2021,543877,2.001,53.62504382232497,0.04967024266991446,0,29.1,0
2021,543877,2.023,56.70152522090107,0.14209831372140966,0,27.8,0
2021,543877,1.968,57.56667752253717,0.2977129387710942,1,27.6,0
2021,543877,1.986,56.945703140984016,0.3029301060152613,0,27.3,0
2021,543877,2.052,54.55559824285849,0.12546356509379683,0,26.6,0
2021,543877,1.923,60.12319310920071,0.36361029709170084,1,28.3,0
2021,543877,2.006,57.4138252096337,0.07253744509330011,0,28.3,0
2021,543877,1.94,58.72458216271882,0.276681912646854,1,28.9,0
2021,545358,2.018,54.81089468001958,0.060170515549891536,0,28.5,0
2021,545358,1.898,58.53329544518269,0.30576236772252896,1,28.2,0
2021,545358,1.96,56.70728735105619,0.2474235189141396,0,28,0
2021,545358,2.417,60.981183427650635,0.5224211452311213,0,26.9,0
2021,545358,2.077,62.41992127437241,0.7392414966451463,1,26.8,0
2021,545358,1.939,59.978404110046895,0.4876767725092626,0,27.6,0
2021,545358,2.037,55.95347131097849,0.14650460945842408,0,29.1,0
2021,545358,2.047,55.6209924288195,0.20593574650550273,1,27.8,0
2021,545358,1.905,53.83859532692295,0.062405242542398,0,30,0
2021,545358,2.321,57.92022855297921,0.23159770399737906,0,28.9,0
2021,545358,2.055,61.722761457378766,0.5820266343553113,0,27.7,0
2021,545358,1.955,57.71715487765047,0.18716252453369497,0,28.8,0
2021,545358,1.982,59.498868214205515,0.3327766940308006,0,28.8,0
2021,545358,2.062,57.716309405500226,0.33724624184506363,0,27.6,0
2021,545358,1.987,56.2651974197068,0.1930923220244719,0,28.5,0
2021,545358,1.915,59.59005748770482,0.29072973714116335,0,28.8,0
2021,545358,1.979,59.31937792834842,0.37447629931026105,0,28.3,0
2021,545358,1.942,57.14953774395997,0.29197017668084957,0,27,0
2021,545358,1.914,52.75245964395807,0.09471048347854336,0,28.2,0
2021,545358,1.963,55.01220635327917,0.1360234435899087,0,28.7,0
2021,545358,1.995,61.66581460245942,0.2801346967533265,1,28.9,0
2021,553869,1.833,57.471438473246025,0.2701377223696508,1,28.2,0
2021,553869,2.454,60.54254161467705,0.2960217114520451,0,28.6,0
2021,553869,1.996,56.83833462309413,0.18977210710699807,1,28.9,0
2021,553869,1.885,58.86512749927319,0.4344848182949183,1,27.5,0
2021,553869,1.967,61.6458807778961,0.43104153265533135,1,27.4,0
2021,553869,1.911,59.19620571316287,0.38039842462309587,1,27.8,0
2021,553869,1.895,58.80109491409745,0.32208709024459464,1,28.1,0
2021,553869,1.872,59.3987022865663,0.3880288104066577,1,26.8,0
2021,553869,1.899,57.23474030482133,0.20955496919685054,1,28.1,0
2021,553869,1.877,59.333494870419564,0.28827774625564767,0,29.1,0
2021,553869,1.902,62.74129375782321,0.4276091982015627,0,28.8,0
2021,553869,1.942,54.899577668770185,0.10087555934542182,1,27.8,0
2021,553869,1.866,58.49735709116695,0.35912793134326676,1,27.1,0
2021,553869,1.979,56.45814280299481,0.0951307980144841,0,28.1,0
2021,553869,2.033,54.358343659122234,0.106194238764421,0,28.2,0
2021,553869,1.869,54.029274995944505,0.13794622260650288,0,27.7,0
2021,553869,2.044,57.997171629461725,0.46143526751050284,0,26.7,0
2021,553869,1.981,61.31360786223703,0.3627218182598319,0,28.2,0
2021,553882,2.013,59.035298923991846,0.37528725933234425,0,27.8,0
2021,553882,1.96,53.738332706728904,0.11294458421635313,0,28.2,0
2021,553882,2.01,57.294126038658874,0.19802194771787288,0,27.9,0
2021,553882,1.979,59.33095595043304,0.22517388057319307,0,29.4,0
2021,553882,1.962,57.00977181162913,0.15139604239265822,1,27.4,0
2021,553882,1.933,56.32479963054513,0.23869763646006784,0,27.8,0
2021,553882,1.892,57.20154022893236,0.17707965800394132,0,29.2,0
2021,553882,2.038,57.87462664988903,0.32541247928765415,1,27.6,0
2021,553882,2.117,57.12052757144606,0.17165440693046882,0,28.5,0
2021,553882,1.904,59.5072109608733,0.4970735490268273,1,27.1,0
2021,553882,1.969,57.59822707430502,0.265907337221937,0,28.4,0
2021,553882,1.924,55.845448476020685,0.1508847123433124,0,28.6,0
2021,553882,2.075,56.973470301879495,0.28285019778524945,1,27.7,0
2021,553882,2.026,60.44465575124724,0.38165181285604927,0,28.2,0
2021,553882,2.05,57.7071228998347,0.3075506309175013,0,27.6,0
2021,553882,2.084,58.57277686330381,0.26208987416236845,0,29,0
2021,553882,1.994,56.3859634856469,0.16355848549972435,0,28.1,0
2021,553882,1.999,59.015130453996086,0.3598675328106717,1,28.2,0
2021,553882,1.982,54.204779014447446,0.11302006058529127,0,28.6,0
2021,553882,2.008,57.23867049460399,0.2640064788214707,0,28.2,0
2021,553882,2.006,56.336312865019536,0.15640131692592674,0,28.8,0
2021,553882,2.012,61.39084064601807,0.5132474507629426,1,27.7,0
2021,553882,2.039,59.03978846642929,0.34504520789945614,1,28.3,0
2021,553882,2.012,53.215125419879826,0.0914149500585827,0,28.5,0
2021,553882,2.015,60.89106159744818,0.37897841471167143,1,28.6,0
2021,553882,2.057,54.931436387868764,0.14563528641912415,0,28.2,0
2021,553882,1.971,59.80073367799771,0.3298233830592378,0,28.6,0
2021,553882,1.985,59.363361772861566,0.32786652550181156,1,28.1,0
2021,553882,1.932,56.448669521371805,0.18495136022118155,0,28.8,0
2021,553882,2.018,57.32410202505093,0.3884472706893537,1,26.8,0
2021,553882,1.993,56.197987773291885,0.18782839525341877,0,28.5,0
2021,553882,1.875,55.03838156951436,0.17815927810459217,1,27.9,0
2021,553882,2.087,55.94085538251822,0.1984353536142061,0,28,0
2021,553882,1.946,59.44483967548258,0.3202577340684837,1,28.3,0
2021,553882,2.01,53.584305934879154,0.08941936913201323,0,28.1,0
2021,553882,1.999,51.46089230311135,0.05113708645623234,0,28.1,0
2021,553882,1.954,54.86844871840013,0.12100698075554805,0,28.2,0
2021,553882,2.783,64.88915289908316,0.7806785962635644,0,25.7,0
2021,553882,1.962,55.949236194907364,0.16005801027692912,0,28.8,0
2021,553882,2.056,61.74539906873049,0.3909361506599999,1,28.2,0
2021,553882,2.003,55.7224840420401,0.1393811529612073,0,27.9,0
2021,553882,2.37,56.522063132670134,0.2802415021177351,0,27.1,0
2021,553882,1.983,54.698031016690486,0.10138694890889512,0,28.8,0
2021,553882,2.034,54.77994911875262,0.15304886162228346,0,27.6,0
2021,553882,1.943,57.618441227699094,0.16721422277234124,0,29.7,0
2021,553882,1.904,58.31099454389586,0.13886994607685318,1,30.6,0
2021,572287,1.886,49.00582351252722,0.03499542535697297,0,28.1,0
2021,572287,1.892,58.48628213937026,0.2848233863990599,1,28.1,0
2021,572287,1.956,51.95628630559006,0.04439097765972794,0,28.5,0
2021,572287,1.923,55.04105102049601,0.17845465278960626,0,27.4,0
2021,572287,2.054,54.70037577498367,0.13224277159746747,0,28.6,0
2021,572287,1.832,56.76746113558867,0.18902793547177876,0,28.2,0
2021,572287,2,55.36106536945639,0.17031042129383323,0,26.8,0
2021,572287,1.915,55.09559371295154,0.16762794128184158,0,28.2,0
2021,572287,1.92,57.63261501560499,0.14649811234662022,1,28.9,0
2021,572287,2.023,56.80015429373732,0.0916545636704293,0,28.5,0
2021,572287,1.975,51.94694516724019,0.06134887922546169,0,28.8,0
2021,572287,1.888,58.2839124552468,0.2808308169254201,1,28.6,0
2021,572287,1.973,58.955524100899915,0.1564215248155744,0,28.7,0
2021,572287,2.009,55.61681702055077,0.05113370838841361,0,28.9,0
2021,572287,2.001,59.620565800500636,0.15320946603444024,0,30.2,0
2021,572287,2.005,59.87159993906534,0.3583995917928955,0,28.6,0
2021,572287,1.887,56.63522248594607,0.1826940534836577,0,28.5,0
2021,572287,1.922,58.16040861469721,0.25978828597022763,0,28.8,0
2021,572287,1.944,58.58743933904588,0.24059503782678573,0,29.3,0
2021,572287,1.894,53.87390548539819,0.09438767809761876,0,27.9,0
2021,572287,1.901,56.66393275794137,0.3553039929744627,0,26.6,0
2021,572287,2.008,56.001575094998685,0.15300386610809957,0,28.3,0
2021,572287,2.037,59.02094031891241,0.5233502509800959,1,25.9,0
2021,572287,1.942,59.010218470879124,0.34839664764435146,1,27.8,0
2021,575929,1.857,56.83328533088479,0.19331690403778665,1,28.8,0
2021,575929,1.921,54.7288543021104,0.23655277540176567,0,26.7,0
2021,575929,1.922,53.896843544430865,0.10039624903927495,0,28.9,0
2021,575929,1.871,56.8149634921778,0.12695564340258725,0,30,0
2021,575929,1.988,56.783853009010976,0.1763475144410959,0,29.1,0
2021,575929,1.92,55.08619501698812,0.21605957891350488,0,27.3,0
2021,575929,1.885,59.3023172612621,0.20133049636585046,1,29.1,0
2021,575929,1.92,57.87726124882695,0.34858313604336394,1,27.4,0
2021,575929,1.934,60.04725500761322,0.2302747995107113,1,29.1,0
2021,575929,1.906,52.16091813472106,0.06907692518591016,0,28.6,0
2021,575929,1.881,53.44473039738698,0.053076309222095205,0,28.5,0
2021,575929,1.953,54.0446995707593,0.18205188469694486,0,27.3,0
2021,575929,1.891,56.6871339925459,0.32587029619747176,1,27.1,0
2021,575929,1.87,54.51295144247317,0.14014375895381756,0,27.7,0
2021,575929,1.913,50.92821954882745,0.0489874596576468,0,27.8,0
2021,575929,1.947,52.91783231758373,0.06936794841802404,0,28,0
2021,575929,2.039,62.363039592341025,0.493851129198644,0,27.1,0
2021,575929,2.048,55.52402725388973,0.09312096501692207,0,30,0
2021,575929,1.888,55.521395670383455,0.18290169874348855,0,27.8,0
2021,575929,1.831,53.53894866277212,0.10386316743801408,0,28.5,0
2021,575929,1.897,60.77034919254762,0.2730170642222083,0,30,0
2021,575929,1.989,61.04756505733382,0.4643208857246322,0,28.4,0
2021,575929,1.899,55.462709182122765,0.1652043792854372,0,28.5,0
2021,575929,1.875,53.43564248870568,0.12510959132389873,0,27.7,0
2021,575929,1.846,58.973073938588634,0.32014479258568007,1,28.5,0
2021,575929,1.953,55.70545303126875,0.08053333878817376,0,30.2,0
2021,575929,1.866,56.73492407829684,0.16412604559792157,0,29.3,0
2021,575929,1.894,55.71097969953459,0.18051828699641118,0,28.1,0
2021,575929,1.852,55.99092818604494,0.149923934463773,0,29.1,0
2021,575929,1.934,58.926177407207554,0.1995192863308083,0,29.2,0
2021,575929,1.877,54.18601261024957,0.05238956076838404,0,30,0
2021,575929,1.957,57.839484793405454,0.08023873775032904,0,29.1,0
2021,592663,1.839,55.137382250131715,0.10510601698958486,0,29,0
2021,592663,1.788,57.10578789525407,0.31990552167819813,0,27.3,0
2021,592663,1.881,57.62392994421091,0.3821852913283284,1,26.4,0
2021,592663,1.867,57.190403599111406,0.11039869254816817,0,29,0
2021,592663,1.817,58.486748418840335,0.254422458086213,0,28.5,0
2021,592663,1.968,54.474654343829386,0.1284922538420064,0,28.5,0
2021,592663,1.716,54.00553887597294,0.07538169658555884,1,29.4,0
2021,592663,1.79,59.33144454014779,0.36548294819944616,1,28.3,0
2021,592663,1.738,52.510997582608454,0.07714780185725811,0,28.7,0
2021,592663,1.819,54.34185514916113,0.06949792251507513,0,29.5,0
2021,592663,1.823,54.75210489810999,0.11063694369077505,0,28.8,0
2021,592663,1.877,55.98010204633803,0.13430669701501516,1,28.8,0
2021,592663,1.853,58.83420442179491,0.30564145430939715,1,28.5,0
2021,592663,1.859,56.99892599677164,0.19402697440862562,0,28.3,0
2021,592663,1.924,58.61311955525126,0.343392024779356,0,26.8,0
2021,593590,1.81,56.00795745777092,0.13515436851328488,1,29.4,0
2021,593590,1.882,54.39576661543927,0.1843907967809344,1,27.3,0
2021,593590,1.99,60.6647796903091,0.47610597053283077,0,27.5,0
2021,593590,1.966,55.903594096380964,0.13309797217498417,0,28.1,0
2021,593590,1.824,56.97621893834095,0.12536501799998706,1,30.2,0
2021,593590,1.866,58.50691649686183,0.38408644268142217,0,27.6,0
2021,593590,1.961,59.12989815767264,0.32008752281831726,0,27.8,0
2021,595284,1.935,53.21044649992374,0.06603350383867707,0,28.2,0
2021,595284,1.97,58.12269540008526,0.2537458870888218,0,28.3,0
2021,595284,2.042,57.658832381064755,0.12596117392317627,0,28.6,0
2021,595284,2.046,56.69588346946668,0.10038370025287233,0,29.5,0
2021,595284,1.93,55.52677452906805,0.12150096840711568,0,28.4,0
2021,595284,1.909,53.99326241585348,0.18308343866081317,0,27.3,0
2021,595284,1.94,55.601574647774996,0.3280176785462784,0,26.5,0
2021,595284,1.964,54.88096913458763,0.11902524461426088,1,28.1,0
2021,595284,1.952,55.84263769273819,0.16010268741443878,0,27,0
2021,595284,1.882,55.59496399934456,0.18053808874108668,0,28,0
2021,595284,1.915,58.19078469845377,0.39593446143565464,0,27.3,0
2021,595284,1.941,54.714388457174685,0.19448612393275228,0,26.3,0
2021,595284,1.86,57.616899371948584,0.17874604226209762,0,29.5,0
2021,595956,2.142,62.73403362015264,0.4433133045863826,0,28.9,0
2021,595956,1.951,58.59297180715982,0.3209707674115385,1,28.1,0
2021,595956,2.09,52.692975715745334,0.0841867120439953,0,27.7,0
2021,595956,2.083,57.50301902599271,0.10997211487997804,0,28.9,0
2021,595956,2.187,55.06528055041217,0.05940424558228034,0,27.8,0
2021,595956,1.975,59.12712589733582,0.31147426222574176,0,28.8,0
2021,595956,1.932,62.57804681795661,0.4934873541914754,1,29,0
2021,595956,2.106,60.35540654558042,0.2915904514896218,0,29.1,0
2021,595956,2.055,59.26523989029293,0.09402328329058222,1,28.9,0
2021,595956,2.046,60.28377768136185,0.33227584220554357,0,27.3,0
2021,595956,1.939,57.81597910665774,0.2631153839576488,0,28.4,0
2021,595956,1.959,59.691413532995085,0.5016579463197433,0,27.4,0
2021,595956,2.013,64.6934703810369,0.7321345410011976,1,28.1,0
2021,595956,1.978,58.548343350798675,0.39573230152799477,0,27.4,0
2021,595978,1.837,55.953622787936695,0.11578865588558067,0,29.8,0
2021,595978,1.924,57.17844681764722,0.21116396162853626,0,28.8,0
2021,595978,1.956,53.73292173190035,0.14457572371906166,0,27.8,0
2021,595978,2.014,60.63890946225331,0.5067442810689872,0,27.8,0
2021,595978,2.038,60.74929430827069,0.42451741791166625,1,27.8,0
2021,595978,1.929,55.43102177472579,0.18974191199500334,0,28.1,0
2021,595978,1.91,56.583156612543284,0.1565293464650812,0,27.8,0
2021,595978,1.923,53.80688065450404,0.10815142915744076,0,28.1,0
2021,595978,2.04,56.70340614664227,0.25943929790526715,0,27.8,0
2021,595978,1.862,57.051869057178706,0.23088032289732383,0,28.5,0
2021,595978,2.186,55.73914420541883,0.21801882604932368,0,27.8,0
2021,595978,1.956,61.63350164941844,0.6583921523614698,1,26.7,0
2021,595978,1.955,60.963912568016234,0.4366051858435804,0,27.8,0
2021,595978,2.001,57.67219793751097,0.2998679600226071,0,27.8,0
2021,595978,2.071,57.42011602446325,0.1257539539621338,0,29.4,0
2021,595978,1.919,57.474613755980236,0.22030660671551835,1,28.3,0
2021,595978,1.957,58.707796233116376,0.5187806744814413,1,26.7,0
2021,595978,1.916,58.87407301913731,0.18122300763236218,0,29.8,0
2021,595978,1.842,54.18968069662904,0.10889695417497858,0,28.7,0
2021,595978,1.887,58.49303914734778,0.4732815131448657,1,26.6,0
2021,595978,2.019,61.1404852590318,0.49211480154922554,1,28.2,0
2021,595978,1.932,51.47505064534385,0.04495162971550144,0,29.4,0
2021,595978,1.897,54.19718844369011,0.14024055046047174,0,27,0
2021,595978,1.971,61.32192815407901,0.7201128695889385,1,26.4,0
2021,595978,1.966,59.67544908913696,0.4327647049150858,1,27.9,0
2021,596142,2.036,60.3538618223597,0.2977844248045347,1,28,0
2021,596142,1.894,56.47133693261014,0.20080952422849951,0,28.5,0
2021,596142,2.686,66.29741225968355,0.74515114408863,0,28.8,0
2021,596142,1.908,58.557314528113956,0.23887032020028887,0,28.3,0
2021,596142,1.877,52.677909873320466,0.13602465106301417,0,27,0
2021,596142,2.025,58.64409374211212,0.3298578721847747,0,27.7,0
2021,596142,2.033,52.72015036205459,0.03978440791576171,0,28.5,0
2021,596142,2.039,55.18165898427719,0.06265803578382634,0,28.6,0
2021,596142,1.916,51.851902814544424,0.07028235114671073,0,28.1,0
2021,596142,1.911,57.92063286475797,0.31042290697138764,0,27.9,0
2021,596142,1.928,53.23985231744668,0.07516883579558754,0,28.5,0
2021,596142,1.966,57.92020346763771,0.2321215902179282,0,28.1,0
2021,596142,2,53.65182441787818,0.1716457342900352,0,26.9,0
2021,596142,1.88,57.68085646898419,0.34801860260455764,0,27.3,0
2021,596142,1.978,56.46975996430096,0.13724083102770357,0,28.9,0
2021,596142,1.894,59.08090838122929,0.486100577743708,0,27.1,0
2021,596142,1.819,55.04697956238335,0.2025173797431687,1,27.6,0
2021,596142,1.969,57.67843344774165,0.2133255741351361,0,28.9,0
2021,596142,1.854,52.2672825606189,0.1275642206244858,0,26.9,0
2021,596142,1.957,56.988448697144946,0.16662535661431463,0,28.5,0
2021,596142,1.936,58.436872489167946,0.21539216807536307,1,28.6,0
2021,596142,1.938,56.18696277515305,0.23451266868337658,0,27.5,0
2021,600474,1.897,55.689146086143616,0.06925303998272599,0,29.7,0
2021,600474,1.986,56.963738796769405,0.24106807170312503,0,27.8,0
2021,600474,1.981,55.74540337802131,0.27088878173571573,0,26.6,0
2021,600474,2.04,62.865901386656695,0.7613701690770621,0,26.4,0
2021,600474,1.991,59.710729709360486,0.5202490688893449,1,26.5,0
2021,600474,1.922,55.85825627566704,0.17305663320953812,0,28.5,0
2021,600474,2.027,59.56830286721102,0.2563710266836317,0,28.8,0
2021,600474,1.936,55.00728742181884,0.24351057269975068,0,27,0
2021,600474,2.007,58.191379270950684,0.21458089509353143,1,29.1,0
2021,600474,1.905,53.53513489967478,0.08119231917749604,0,29.1,0
2021,600474,2.003,59.09100837373356,0.243894608876874,0,28.5,0
2021,600474,1.943,55.215430822474325,0.13622079446445265,0,27.7,0
2021,600474,1.823,59.37612158958957,0.3504272882690282,1,28.3,0
2021,600474,1.92,59.839958651159655,0.4132486016655905,0,28.2,0
2021,600474,2.045,61.632514707026836,0.399777044438272,0,28.6,0
2021,600474,2.114,59.7777579447235,0.32539080563180833,0,27.4,0
2021,600474,1.91,61.32064943571382,0.41162388336915473,0,29.1,0
2021,605131,2.028,56.989792223569744,0.20029332075075013,0,28.2,0
2021,605131,1.979,60.23017869949917,0.3793183600831684,0,28.2,0
2021,605131,2.032,58.76922548933557,0.2643015420667787,0,29,0
2021,605131,1.984,55.19031493093369,0.06937555800509695,0,30.2,0
2021,605131,1.984,61.65283936055816,0.5548595429890129,1,27.4,0
2021,605131,2.069,54.20241232829887,0.11987862314973204,0,27,0
2021,605131,1.992,49.8589927968126,0.03676730065173667,0,28.8,0
2021,605131,2.229,57.67204518107304,0.2745255173439704,0,28.2,0
2021,605131,2.01,59.42087026558275,0.23760128457043747,0,28.8,0
2021,605131,2.112,58.95286973248803,0.306951771828232,0,28.2,0
2021,605131,2.168,63.02544522264975,0.7282404515320249,1,26.6,0
2021,605131,1.963,56.503987403626745,0.2776499754846522,1,27.6,0
2021,605131,1.997,62.122804653473466,0.47986433177318794,0,28.6,0
2021,605131,2.017,55.7314407467637,0.21308049444336497,0,27.3,0
2021,605131,2.154,51.93074136372553,0.11275067131713552,0,27.2,0
2021,605131,2.098,57.224773860668606,0.1699494200412642,0,28.7,0
2021,605131,2.305,65.7644929628596,0.6816229813938054,1,28.4,0
2021,605131,2.07,61.006785209232625,0.44751140659961597,1,27.3,0
2021,605131,2.092,62.679003901362634,0.6251933874779168,0,27.2,0
2021,605131,1.983,54.262829633935766,0.06980853014592536,0,29.5,0
2021,605170,2.032,54.13618180834629,0.29397092627223353,0,26,0
2021,605170,2.001,58.245331470145395,0.16516223121129409,0,30.2,0
2021,605170,2.02,58.882105503381915,0.20861908707813548,1,27.6,0
2021,605170,2.082,57.37707894595381,0.2931293789357955,0,27.7,0
2021,605170,2.062,58.049173853474926,0.26134485695573273,0,28.5,0
2021,605170,1.98,55.360543987692026,0.15338980208907818,0,28.5,0
2021,605170,2.001,56.00296464481382,0.2670505359687071,0,26.5,0
2021,605170,2.043,55.5620513071514,0.1952690588734604,0,27.4,0
2021,605170,1.962,52.93902567293892,0.07523555646955349,0,29,0
2021,605170,2.044,56.221522491573616,0.2617521666926792,1,27.6,0
2021,605170,1.987,57.89478893166902,0.21275514073881183,1,27.7,0
2021,605170,2.005,57.949481152526154,0.22804669497666072,0,28.5,0
2021,605170,2.047,53.71049135127371,0.040268196582247784,0,28.6,0
2021,605170,2.084,73.81491893025249,0.9740753801922827,0,27.6,0
2021,605170,2.111,59.44404434609182,0.4540596696428966,0,27.2,0
2021,605170,1.976,61.58579556733583,0.41303727080928326,0,29.1,0
2021,605170,1.983,59.620194152921854,0.14785323228444505,1,30.1,0
2021,605170,2.028,59.53014364136242,0.2852089406719792,0,29.1,0
2021,605170,2.08,61.252824747481526,0.7106517714869438,1,26.2,0
2021,605170,2.025,53.16593708167876,0.09499220092058105,0,28.5,0
2021,605170,2.035,56.26285011341375,0.1469435899495409,0,28.5,0
2021,605170,2.056,56.31448173328229,0.20552714861978474,0,27.7,0
2021,605170,1.946,53.01187757876007,0.03158829110949747,0,29.9,0
2021,605170,1.926,60.80802363065082,0.42945141062451575,0,28.5,0
2021,605170,2.003,51.190106108455524,0.05013130180845979,0,29,0
2021,605170,1.981,60.24088545237371,0.29669380415397284,1,28.5,0
2021,605170,2.079,51.88190155968624,0.0939360955214539,0,27.3,0
2021,605244,1.926,55.03097929525954,0.14142436456215138,1,28.5,0
2021,605244,1.854,50.70634741842153,0.02535635510942881,0,30.6,0
2021,605244,2,61.04766829577868,0.30867269971062455,0,27.8,0
2021,605244,1.962,62.819218816515395,0.5419879159055533,0,28.2,0
2021,605244,1.89,56.362238446733436,0.1865847847237708,0,28.7,0
2021,605244,2.022,58.80510605879806,0.08737421858954983,1,29.4,0
2021,605244,1.959,55.046251653289254,0.1680666249255127,0,27.5,0
2021,606988,1.855,56.301043805995384,0.21401328190553115,1,28.1,0
2021,606988,1.987,63.73632567840877,0.5182828274625912,1,28.4,0
2021,606988,1.973,55.71540689674619,0.1311554709629999,0,28.8,0
2021,606988,1.948,53.7744595808876,0.1289736081377003,0,28.1,0
2021,606988,2.058,50.87076724845616,0.10501044439248798,0,26.8,0
2021,606988,1.881,56.79097085327696,0.22650601462402922,1,28.2,0
2021,606988,2.07,60.11597651852194,0.2766522118686675,0,28.2,0
2021,606988,1.968,53.66183445733195,0.12992310164266793,0,28,0
2021,606988,1.905,60.278495954403574,0.4796348466808296,1,27.6,0
2021,606992,1.955,60.63741233400286,0.2299255809411993,1,27.7,0
2021,606992,1.885,57.696708363939074,0.2805428976477968,0,28.3,0
2021,606992,1.957,57.268944341483866,0.16190356420725513,0,29.4,0
2021,606992,1.999,48.59974677458509,0.01318156455216158,0,28.4,0
2021,606992,1.926,54.25938827716451,0.07534591205528353,0,28,0
2021,606992,1.906,57.20798622731901,0.10998624586000634,1,30.1,0
2021,606992,1.966,57.95737221155267,0.3587985376297942,0,27.6,0
2021,606992,1.971,53.35246886797972,0.07311122936342412,0,28.5,0
2021,606992,1.869,56.979663114843746,0.24851856852416057,1,28.2,0
2021,606992,1.9,58.164572532540156,0.18914219496980603,0,29.3,0
2021,606992,1.949,58.810264800537205,0.5000960649625459,1,26.1,0
2021,606992,1.83,53.725515992886706,0.1435103362986073,0,27.8,0
2021,606992,2.005,59.817162375716435,0.16025863813265506,0,28.8,0
2021,606992,1.88,56.21273699393618,0.2543482312724178,0,27.3,0
2021,606992,1.846,55.99384870969819,0.181656880195315,0,28.5,0
2021,606992,1.86,57.331844754144534,0.2961634874793689,1,27.6,0
2021,606992,1.87,56.86216859176873,0.12632500071591587,0,30.1,0
2021,606992,1.904,57.57058025093707,0.117147917392134,0,29.4,0
2021,606992,1.985,60.37122324020249,0.3632382140525776,1,27,0
2021,607732,1.936,54.13722126085125,0.06576262861880243,0,28.1,0
2021,607732,2.159,66.67961471925165,0.6843012498461413,1,27.9,0
2021,607732,2.008,58.71806290274294,0.3108707090608718,1,28.5,0
2021,607732,1.931,56.475794053397166,0.2963505886555993,1,27.3,0
2021,607732,1.973,61.843644931846804,0.3860893288686325,0,28.5,0
2021,607732,1.91,59.375097163476916,0.29711528881301436,0,29.1,0
2021,607732,1.942,61.244459873203155,0.46523079296929193,1,27.8,0
2021,607732,1.989,56.761000409729526,0.192264607989413,1,28.3,0
2021,607732,2.041,61.05184133808801,0.42516373467415086,1,28.8,0
2021,607732,2.006,56.53572132616272,0.3860735647467985,0,26.3,0
2021,607732,3,70.89142848218823,0.8180780645648595,0,27.6,0
2021,607732,1.907,55.04896187305266,0.13504554598875787,0,28,0
2021,607732,2.091,56.090749106447404,0.11627452494269219,0,29.1,0
2021,607732,1.938,53.18402435261519,0.0843878225688113,0,28.6,0
2021,607732,1.958,56.13564409717342,0.23391674339724625,0,27.2,0
2021,607732,2.391,70.52803050971326,0.889795316623631,0,28.7,0
2021,607732,2.06,58.7668993659363,0.3734101214424995,0,27.4,0
2021,607732,1.954,51.784897664656675,0.06671503000394105,0,28,0
2021,607732,2.005,57.88918434112497,0.2591209684861341,0,28.2,0
2021,607732,1.957,58.906101886503116,0.2889950520913523,1,28.8,0
2021,607732,2.442,69.90090542067787,0.9356479089693055,1,27.5,0
2021,607732,1.978,60.79194012391741,0.5520363872801515,1,27.6,0
2021,607732,1.957,51.47319530307705,0.034237472883194474,0,28.3,0
2021,607732,1.974,57.32250839561104,0.22008078730893216,0,28.6,0
2021,608348,1.93,58.48310429214613,0.30719010741811426,1,27.2,0
2021,608348,1.972,59.1845830279155,0.1887211874570775,0,30.2,0
2021,608348,1.991,53.304927857150034,0.12974222855730103,1,27.3,0
2021,608348,1.963,54.97296555505616,0.1918777078221352,0,27.3,0
2021,608348,2.032,56.390906017515995,0.1525333119847384,0,28.5,0
2021,608348,1.95,55.56776721592765,0.18000436167035216,0,27.7,0
2021,608348,2,58.65792432477113,0.11027872742227332,0,29.8,0
2021,608348,1.947,56.98390034772413,0.3567993606135779,0,27.1,0
2021,608348,1.949,58.94494969144145,0.1981482792939397,1,30.1,0
2021,608348,1.959,58.173102489662334,0.40496770317606057,1,26.4,0
2021,608348,2.132,52.96348098649463,0.20108918986709792,0,26,0
2021,608348,1.967,60.28031696606728,0.5526590206288563,0,27.3,0
2021,608348,1.994,56.22848623561956,0.10069351595476544,0,30.2,0
2021,608348,1.999,56.18526412531059,0.18557413734340983,0,27.7,0
2021,608348,1.956,60.475902237148574,0.23447686594627967,0,29.8,0
2021,608348,1.958,61.45793500215229,0.6226412189794532,1,27.3,0
2021,608348,1.911,58.87652251809973,0.4342634019198286,0,27.4,0
2021,608348,2.024,57.605174317348684,0.2896328232778588,0,27.7,0
2021,608348,2.047,58.9817638628383,0.22573843884210473,0,27.8,0
2021,608596,2.132,60.57301173909392,0.23819952411350676,0,30.1,0
2021,608596,2.076,56.20398838556731,0.06286813693414992,0,29.4,0
2021,608596,2.059,59.1604376605459,0.240883316775836,0,28.2,0
2021,608596,2.073,64.05996605043346,0.4864328609813748,1,28.1,0
2021,608596,1.916,53.913195952601676,0.10213594051963389,0,28.8,0
2021,608596,1.963,57.01163989151972,0.24886813267955848,0,28.2,0
2021,608596,1.99,59.75616726490718,0.2054908251833042,0,29.9,0
2021,608596,2.134,59.961322700288804,0.4929764458128825,0,26.9,0
2021,608596,2.012,62.44604262365877,0.5733443441510265,1,28.2,0
2021,608596,2.109,56.65318181357494,0.11939149083928408,0,28.1,0
2021,608596,2.086,58.14270188043818,0.300697156763994,0,27.5,0
2021,608596,2.012,54.630737920500486,0.04636983396883858,0,28.6,0
2021,608596,2.003,58.058669488146215,0.40049464315746514,0,26.9,0
2021,608596,2.061,58.85563005914187,0.21714480930079794,0,27,0
2021,608596,1.961,56.79772801678628,0.2152244647141799,0,28.5,0
2021,608596,1.976,54.22306358002598,0.12288613928607087,0,28.5,0
2021,608596,1.956,57.19944108318775,0.2678601399983324,0,28.1,0
2021,608596,2.067,53.06628004051936,0.05080920285090672,0,28.3,0
2021,608596,2.143,59.259875032036646,0.11878583517731918,0,28.9,0
2021,608596,1.978,60.46152089309895,0.31282763414611264,1,28.7,0
2021,608596,2.031,58.40697600992215,0.24596216542665686,0,28.3,0
2021,608596,1.958,59.99957383744039,0.3928209643350286,0,28.3,0
2021,608596,2.041,59.61452018598578,0.44699190044398585,0,27.8,0
2021,608596,2.105,53.15885941918154,0.13733898935264863,0,27.2,0
2021,608596,2.234,62.41827830143793,0.606911555297271,1,26.7,0
2021,608700,2.139,54.585886147672454,0.12130354610983204,0,28.5,0
2021,608700,2.165,61.493734935139045,0.44626523462168977,0,28.9,0
2021,608700,2.125,59.6856372768966,0.341236475548811,0,28.8,0
2021,608700,2.047,55.739303408404176,0.3014385466856005,0,26.7,0
2021,608700,2.164,56.79337180600858,0.3051752194692241,0,27.5,0
2021,608700,2.057,56.1521414081446,0.20952988919030002,0,27.9,0
2021,608700,2.057,58.20381712854443,0.22176371747481552,0,29.3,0
2021,608700,1.993,62.1829700342829,0.7968582450500571,0,25.9,0
2021,608700,2.07,56.50788468687466,0.18914924688206441,0,28.5,0
2021,608700,2.147,56.84534397567994,0.1621442500286717,0,29.1,0
2021,608700,2.051,51.18568116928136,0.0374420499091965,0,28.8,0
2021,608700,2.07,58.57286209472154,0.41552496061396227,0,27.3,0
2021,608700,2.039,53.40502518047265,0.13337101510091945,0,27.8,0
2021,608700,2.159,57.57813890309131,0.3821285233029732,0,26.6,0
2021,608700,2.177,59.00933093416764,0.3396111833670943,0,27.8,0
2021,608700,2.032,48.604602166890515,0.02739640918607286,0,28.9,0
2021,608700,2.027,56.97043702367389,0.2072471064117739,0,28.6,0
2021,608700,2.116,53.60097797691878,0.10213499054686194,0,28.5,0
2021,608700,2.173,59.65282890055437,0.4495352292323602,0,27.8,0
2021,608700,2.144,55.1975856817631,0.1467852146798552,0,28.4,0
2021,608700,2.085,57.450555048969626,0.18301785506134363,0,29.4,0
2021,608700,2.125,58.499609069344636,0.2092340779508953,0,27.6,0
2021,608700,2.186,53.94574464932641,0.02750480368349472,0,29.7,0
2021,608700,2.01,53.01573067303966,0.16430518618851178,0,26.9,0
2021,620443,1.973,58.553755656468425,0.2788333370741424,1,28.5,0
2021,620443,1.98,54.77969774311196,0.08840809210145652,1,28,0
2021,620443,1.929,49.41688557149786,0.02049619008668557,0,28,0
2021,620443,2.095,59.700845970024965,0.25976574390458745,0,29.3,0
2021,620443,2.227,54.45711699293535,0.16868274219260354,0,27.8,0
2021,620443,1.932,51.59434646060765,0.03403690538551902,0,29.4,0
2021,620443,1.972,54.916408528430864,0.17980873844317624,0,27.1,0
2021,620443,1.93,55.78508971327588,0.30086922576724845,0,26.9,0
2021,621512,1.981,60.46890808234477,0.5588666775939818,1,27.3,0
2021,621512,1.993,61.67821217904297,0.47342281474319353,1,27.3,0
2021,621512,1.922,56.129232107272244,0.3261821284951299,1,26.5,0
2021,621512,1.923,57.07671532332684,0.14120246476747134,1,29.8,0
2021,621512,1.864,58.28639173012048,0.2711444598889659,1,28.7,0
2021,621512,2.06,54.13155291584345,0.028811021078217244,0,30.6,0
2021,621512,1.996,54.89597186924484,0.04486571220375963,0,29.1,0
2021,621512,2.009,62.705140717030986,0.7581958594063567,1,26.7,0
2021,621512,1.853,58.1983191101462,0.4484092345592782,1,26.9,0
2021,621512,1.972,58.187596833191336,0.5341534983775275,0,26.2,0
2021,621512,1.928,57.316639543915784,0.27720375785424617,0,27.3,0
2021,621512,1.841,54.62848542887599,0.12358614021356051,1,28.8,0
2021,621512,1.982,61.600161009107566,0.22072203537535626,1,28.6,0
2021,624431,2.052,58.11446431614328,0.28915733414949213,0,27.5,0
2021,624431,2.08,60.71403269234656,0.2770879075888765,0,30.1,0
2021,624431,2.016,58.59804462605357,0.3600923307807487,0,28,0
2021,624431,2.072,54.37340609235615,0.10638872098345785,0,28,0
2021,624431,2.292,59.91471815048583,0.3011854620158057,0,28.8,0
2021,624431,2.066,53.33686492353235,0.10944954124496231,0,26.9,0
2021,624431,1.987,55.77814114130649,0.09582265517813313,0,28.9,0
2021,624431,2.038,59.18663835237139,0.32882564736074765,0,28.6,0
2021,624431,2.133,58.67392663621908,0.2687546160348479,0,27.8,0
2021,624431,2.069,59.88948499114659,0.2859547121691014,0,28.8,0
2021,624431,1.96,55.00028514552551,0.08015189223684235,0,30.1,0
2021,624431,2.151,63.7302022784048,0.6654068142605889,1,27.8,0
2021,624431,2.106,57.09159363982052,0.24122478693816418,0,27.7,0
2021,624431,2.065,60.91667336581376,0.38474642211511983,1,28.4,0
2021,624431,2.08,56.980909304427364,0.16470048277926852,1,28,0
2021,624431,2.181,57.968291783609736,0.4102996072385884,1,26.3,0
2021,624431,2.009,52.70664532138057,0.04714501794732376,0,29.4,0
2021,624431,2.058,53.546714381564534,0.09651612645311204,0,28.5,0
2021,624431,2.191,53.531463583133245,0.036871162475967445,0,29.7,0
2021,624431,2.094,55.62257407985435,0.13472484522048417,0,28.9,0
2021,624431,2.124,55.54392792666129,0.07470481957118034,0,28.2,0
2021,624431,1.965,53.62324300668811,0.1182828263908602,0,28,0
2021,624431,2.122,59.20276405503788,0.28369028890704356,0,28.5,0
2021,624431,1.919,54.87566412856034,0.1081657936784945,0,29.3,0
2021,624431,2.171,62.14010934949331,0.43198223545014197,0,28.5,0
2021,624431,2.085,57.1620593164145,0.32558228197174915,0,27.5,0
2021,624431,2.121,58.599603196371305,0.3975094903735672,0,27.5,0
2021,624431,1.996,58.23983453509731,0.4889001484811955,0,26.6,0
2021,624512,1.905,58.7339990529417,0.30193606252443694,1,28.5,0
2021,624512,1.938,57.26039692054341,0.08737085752212005,0,28.3,0
2021,624512,2.016,58.97742381045552,0.39439564700937263,1,27.4,0
2021,624512,1.962,56.917137433540184,0.2249600530124103,0,27.8,0
2021,624512,1.949,60.653273073109155,0.3471482079601645,1,28.8,0
2021,624512,1.916,58.5042970154401,0.31566486238295893,1,28.3,0
2021,624512,2.27,60.06353490459532,0.5309370539651139,0,27.2,0
2021,624512,1.872,54.44510618517062,0.3773211009829186,1,25.4,0
2021,624512,2.024,54.650742580912784,0.15237966172685832,0,28.2,0
2021,624512,1.943,53.16118795341372,0.061288800192693206,0,28.8,0
2021,624512,1.953,59.056738390845766,0.11007625308753594,0,29.4,0
2021,624512,1.967,57.08088506063733,0.06358767022999018,0,28.3,0
2021,624513,2.104,55.82651253357732,0.2456543958416129,0,27,0
2021,624513,1.948,58.12378028875444,0.4086849140974526,1,27.3,0
2021,624513,2.051,60.28000440077646,0.49980731840743126,0,27.6,0
2021,624513,2.02,54.59477192994312,0.05343556143127126,0,28.3,0
2021,624513,2.152,54.64110254705764,0.18756963363817317,0,26.7,0
2021,624513,2.043,56.97996961566762,0.24332992928624173,0,27.3,0
2021,624513,1.987,54.81782106766953,0.2659950424307024,1,26,0
2021,624513,2.061,56.95655314507188,0.26865201996023136,0,27.4,0
2021,624513,1.956,58.28790238504533,0.20999433546649401,0,28.4,0
2021,624513,2.029,53.6415457479566,0.036842205431612984,0,30.2,0
2021,624513,1.972,59.72783262991284,0.31597458355068564,1,28.2,0
2021,624513,1.992,59.072225373419826,0.2171961658147682,1,29.9,0
2021,624513,1.968,58.938075126897175,0.3383503373251476,0,28.3,0
2021,624513,1.98,53.418207908010395,0.09076229757409171,0,28.2,0
2021,624513,1.983,56.100702735693126,0.1954392281015523,0,28.4,0
2021,624513,1.914,58.10970472133347,0.36368427390647123,0,27.7,0
2021,624513,2.077,58.93017004727736,0.20591681860476577,0,27.6,0
2021,624513,2.31,60.752635459343566,0.28438624673989016,0,29,0
2021,624513,1.923,58.30051639847321,0.33176280987324847,1,27.9,0
2021,624513,1.914,59.50297736476628,0.6960540891525648,0,28.5,1
2021,624513,1.862,56.285396117631265,0.5827729584162681,1,27.7,1
2021,624513,1.957,59.55432536847672,0.3982092420042421,1,28.2,0
2021,624513,2.009,57.88667851840267,0.23147974866666857,0,28.2,0
2021,624513,2.001,54.212120532597744,0.23170828013272998,0,26.4,0
2021,624513,2.011,59.5290585076644,0.2705236208228257,0,28.8,0
2021,641470,2.023,57.20244014842518,0.2340869517512042,0,28.1,0
2021,641470,2.056,57.47058884069292,0.18041925395474562,0,28.9,0
2021,641470,1.922,55.23994132857592,0.11094283661755451,0,29.3,0
2021,641470,2.069,60.9663448173865,0.5680712544690889,1,27.5,0
2021,641470,1.917,56.84069337125677,0.22866890253682998,0,28.4,0
2021,641470,2.143,62.454328068343656,0.42373179419306845,1,28.2,0
2021,641470,2.001,56.037269650240546,0.09728708271258764,0,29.7,0
2021,641470,2.07,54.36529884706803,0.1409650914230104,0,28,0
2021,641470,2.077,59.18831544513614,0.36523609697661114,0,28.3,0
2021,641470,1.871,55.25210515267287,0.2537445084499282,0,27.1,0
2021,641470,2.006,57.31592886818994,0.13816919708645503,0,27.7,0
2021,641470,2.027,57.0064762548296,0.11223087778545034,0,27.9,0
2021,641470,1.95,57.319545736694145,0.26319642850461034,0,28.2,0
2021,641470,2.05,59.448346052385425,0.24320002960060894,0,29.4,0
2021,641470,2.097,56.24632292615739,0.14737645006754987,0,27.9,0
2021,641470,1.988,61.4703711032349,0.3328660794193634,0,29.9,0
2021,641470,1.981,55.07427839510943,0.11817101571583993,0,27.8,0
2021,641470,2.562,68.82561107427534,0.8739241381919252,1,27.7,0
2021,641470,2.05,56.66935502826853,0.1734032525250846,1,28.8,0
2021,641470,2.063,58.83609006660026,0.13133646863995424,0,29.3,0
2021,641470,1.962,56.849537771194946,0.22285609297468031,0,28.5,0
2021,641470,1.988,58.25268775549271,0.28664047772040496,0,28.1,0
2021,641470,2.089,54.92090466794694,0.06955609623546932,0,28.9,0
2021,641470,1.996,56.52533791947361,0.2536050654172257,0,27.9,0
2021,641470,1.979,57.35953343380503,0.20196299529303158,0,28.9,0
2021,641470,1.996,66.48658378926797,0.6041859651117584,1,29.3,0
2021,641470,2.041,58.39692314760417,0.18927373574891057,0,28.4,0
2021,641470,1.981,60.558759490743405,0.536817989285708,1,27.2,0
2021,641470,2.028,58.226126741107564,0.14548167478633126,0,28.9,0
2021,641470,2.031,60.063445256224895,0.1787259514120002,0,28.5,0
2021,641598,2.044,56.76032624416064,0.33750399349705856,0,27,0
2021,641598,2.027,60.03581489210874,0.25468199346213594,1,27.9,0
2021,641598,2.028,55.03084685525812,0.27981159907163783,0,26.7,0
2021,641598,2.01,55.83244716180733,0.04275923615371273,0,30,0
2021,641598,1.98,59.32483930145279,0.3747823431541437,0,27.6,0
2021,641598,1.993,53.790532219943294,0.10858282444897319,0,27.9,0
2021,641598,2.051,55.3129900784375,0.06823461942017052,0,29.1,0
2021,641598,2.085,60.049645903629305,0.1921728163632929,0,30.1,0
2021,641598,2.022,56.81098563977464,0.15791855317477,0,28.5,0
2021,641598,2.071,59.1255419551808,0.22333801305007228,0,27.9,0
2021,641598,2.048,60.49745679682562,0.5425503894532644,1,27.5,0
2021,641598,2.013,59.27419133125598,0.18185773323523508,0,28.3,0
2021,641598,2.108,57.16704749565096,0.18524661484308477,0,28.6,0
2021,641598,1.94,56.182429502380806,0.08939917526584287,0,29.8,0
2021,641598,2.09,59.620451010423,0.34712659848732513,0,28.4,0
2021,641680,2.012,61.676662463772836,0.34684623004837084,0,28.5,0
2021,641680,1.902,52.4948621624559,0.0930094857441818,0,28.2,0
2021,641680,2.002,58.03312185566857,0.3360301898143208,1,27.2,0
2021,641680,2.009,59.68303623721065,0.3573546239300283,1,28.5,0
2021,641680,2.073,63.17748434621332,0.630124964088555,0,27.8,0
2021,641680,1.952,54.397763710025394,0.15076303018719406,0,27.8,0
2021,641680,2,61.094931407354736,0.5308463948830326,1,27.8,0
2021,641680,1.933,56.55720045484908,0.14188832599503637,0,29.4,0
2021,641680,1.969,54.29912738019293,0.28796760357293677,0,26.1,0
2021,641680,1.997,56.50185982910827,0.1079000986197186,0,27.7,0
2021,641680,2.039,58.638856640009905,0.19215665064658713,0,27.7,0
2021,641680,1.96,59.31807945382271,0.3858398635540466,1,27.6,0
2021,641680,1.981,61.85027525772725,0.6520008103568186,0,27.3,0
2021,641680,1.945,54.52102565830516,0.15992317350135,0,27.4,0
2021,641680,1.97,59.4232811878898,0.3357219784454439,1,28,0
2021,641680,2,61.59564425398501,0.4811644928744288,0,28.6,0
2021,641680,2.03,63.97353277003127,0.8145376160608134,1,26.6,0
2021,641680,1.983,56.965231975574866,0.2157250685825206,0,28.2,0
2021,641680,1.928,54.5349894439643,0.14420636152176453,0,28.1,0
2021,641680,1.998,58.63893573200592,0.36066445253326557,1,27.5,0
2021,641680,2.128,58.17343724144845,0.11868432831478341,0,29.1,0
2021,641680,2.087,58.09053126267192,0.11261724637777944,0,29.8,0
2021,642336,1.998,62.648844969181205,0.4869156184042509,1,28.5,0
2021,642336,1.908,58.61912364040206,0.18857432185160708,0,29.1,0
2021,642336,1.801,59.40134809465935,0.32268370315608164,0,28.7,0
2021,642336,2.045,62.09664541465873,0.5062751353716403,1,27.8,0
2021,642336,1.918,53.82862461251468,0.07210860106693726,0,29.1,0
2021,642336,1.881,56.678514608469136,0.19340648799089166,0,28.6,0
2021,642336,1.906,61.778566867979876,0.32071316675710526,0,30.1,0
2021,642336,2.007,52.00030606030737,0.025172721019117935,0,30.1,0
2021,642336,2.084,53.340721136380196,0.11122759229595088,0,27.6,0
2021,642336,1.924,44.23711334254705,0.03150551700564685,0,25.4,0
2021,642336,1.986,58.671555888034405,0.1780288323168872,0,28.7,0
2021,642336,2.138,55.37251202766804,0.15081922510253187,0,26.9,0
2021,642336,1.843,53.563603024434656,0.08834720734670953,0,28.4,0
2021,642336,1.945,49.151984973767746,0.04201593881219948,0,28,0
2021,642336,1.814,56.954662627419346,0.15178334732872908,1,29.5,0
2021,642336,2.555,69.41702527080818,0.5598719473261742,1,30.1,0
2021,643376,1.831,57.69279505930976,0.22972554021096211,1,28.3,0
2021,643376,1.84,57.32060070873363,0.27449246665849153,1,28.1,0
2021,643376,1.964,53.13567960851086,0.06069961919719843,0,27.1,0
2021,643376,2.028,54.97748749658584,0.1274911868672126,0,28.3,0
2021,643376,1.951,54.98459895969416,0.10674245009908102,0,28.8,0
2021,643376,1.96,59.55317105432967,0.5553471336320746,1,26.8,0
2021,643376,1.914,52.983698169218606,0.07781888219600176,0,28.1,0
2021,643376,1.981,57.31604090317234,0.2775189363210177,0,28.1,0
2021,643376,1.894,57.369138497374145,0.17816928217987937,0,27.8,0
2021,643376,1.879,52.67377969057716,0.1391619895616948,0,27.2,0
2021,643376,2.138,60.40365340888,0.19931699903030672,0,28.5,0
2021,643376,1.863,52.89942575899232,0.062429964487559636,0,28.9,0
2021,656180,1.984,57.437810046967435,0.1823987283054151,0,27.8,0
2021,656180,1.921,58.49060659298587,0.2895402593778769,0,27.8,0
2021,656180,2.552,71.04676950002423,0.8576091705138591,1,27.7,0
2021,656180,1.952,58.32598781917204,0.25727201982624287,0,28.6,0
2021,656180,1.872,55.69034746187692,0.1374635808391732,0,28.5,0
2021,656180,1.946,52.96964078600583,0.11816121044222422,0,27.7,0
2021,656180,1.987,59.351752894996736,0.2700361395667164,1,27.7,0
2021,656180,2.182,51.881812576774955,0.039306702399225,0,28.4,0
2021,656180,1.968,58.019049359268905,0.14168968945193847,0,28.1,0
2021,656180,1.986,59.449759740871094,0.48789783743097276,0,27.1,0
2021,656180,2.025,53.73938399859955,0.15720169163231987,0,27.3,0
2021,656180,1.916,57.39661722301572,0.14315739048781206,0,29.7,0
2021,660688,2.097,55.750751254134194,0.1182144707598695,0,28.6,0
2021,660688,2.198,55.2622507360535,0.03722620125188208,0,29.9,0
2021,660688,2.036,57.156675624804514,0.1955125827206071,1,27.8,0
2021,660688,2.117,57.472673480286794,0.20687686659400495,0,28.6,0
2021,660688,2.146,56.27142283632746,0.09970173256978565,0,28.3,0
2021,660688,1.95,57.91636331013094,0.21016576955638291,0,29.1,0
2021,661388,3,70.3125964676467,0.9499730620920518,0,26.5,0
2021,661388,2.119,55.55691021912176,0.09453080474688023,0,28.1,0
2021,661388,1.934,51.339558368318464,0.03172860472056388,0,28.8,0
2021,661388,2.093,57.490502988539916,0.23831124887767646,1,27.1,0
2021,661388,2.006,59.99811053772846,0.4509675064494672,1,27.1,0
2021,661388,1.971,55.74197483120351,0.3305889280162369,0,26.2,0
2021,661388,2.022,57.956572902189535,0.3654103553129561,0,27.5,0
2021,661388,1.91,53.88445858648419,0.0780467846758203,0,28.8,0
2021,661388,2.037,58.47651279167581,0.25854255594513426,0,28.5,0
2021,661388,1.897,52.520219012169974,0.040864408587221866,0,30.2,0
2021,661388,2.01,55.772982963597826,0.09343487324019571,0,28.7,0
2021,663886,1.933,57.09086742872331,0.24080269630557927,0,28.4,0
2021,663886,2.068,59.567472853408155,0.30974022446942745,0,27.7,0
2021,663886,2.068,60.09895342527992,0.4081027189218614,1,27.9,0
2021,663886,1.947,57.14405243841375,0.20977145952355122,0,28.4,0
2021,663886,1.952,58.453590433732316,0.27125195856257817,0,28.1,0
2021,663886,2.023,58.72079452455378,0.3073966512786365,0,28.4,0
2021,663886,2.071,57.7146843169023,0.41441341787129127,0,26.3,0
2021,663886,1.863,55.110504073703154,0.15839092975029848,0,28.4,0
2021,663886,1.873,53.57345378308182,0.11318186041814061,0,28.3,0
2021,663886,1.978,59.91231606930499,0.31961789494120807,1,28.2,0
2021,663886,1.929,51.11512332097667,0.04706247721184673,0,28.4,0
2021,663886,1.952,56.19335749634297,0.24968602329099468,1,26.5,0
2021,663886,1.98,62.206193568977824,0.460706841541046,0,28.1,0
2021,663886,1.915,58.01324191497085,0.24462224832713378,0,28.6,0
2021,663886,1.895,54.40400283899003,0.2474195054131433,1,26.1,0
2021,663886,1.995,53.96816644600298,0.09931287770810422,0,28.8,0
2021,663886,1.952,54.6528971021475,0.1552260947091593,1,28,0
2021,663886,1.988,56.80674777405037,0.15522557777061644,0,28.8,0
2021,663886,2.102,62.140696646762585,0.4593280190753765,0,27.9,0
2021,663886,1.954,56.73066351079397,0.15756363833630913,0,28.6,0
2021,663886,1.96,59.52154108724028,0.22408728031787944,0,29,0
2021,664874,1.896,59.02275784404312,0.41934354418498726,0,27.5,0
2021,664874,2.318,68.9784319575283,0.7352456869309444,1,28.7,0
2021,664874,1.931,50.78206512931668,0.03482198367852729,0,29.7,0
2021,664874,2.039,51.74850729795213,0.05072042351641265,0,27.5,0
2021,664874,2.039,60.70741980104673,0.3185837402478427,0,28.9,0
2021,664874,2.069,63.46801015252302,0.7686161880376878,1,26.5,0
2021,664874,2.317,57.535364740210525,0.15548595700112572,0,28.5,0
2021,664874,2.258,65.29365585177932,0.6183926088467,0,28.7,0
2021,664874,2,55.34701186681609,0.21891524178392516,0,27.5,0
2021,664874,1.955,59.156005996879614,0.3441456781501936,0,28.5,0
2021,666163,2.545,64.88268693502248,0.3739471477096996,0,28.8,0
2021,666163,1.966,57.45463627673227,0.1985132658444697,0,28.5,0
2021,666163,1.929,59.90606318150182,0.30137609536431365,1,28.9,0
2021,666163,1.9,60.017588210215806,0.42585924652856405,1,27.9,0
2021,666163,1.959,60.05300910457151,0.3026403761657755,1,28.9,0
2021,666163,1.867,58.32464030649847,0.2806802259803739,1,28.4,0
2021,666163,1.966,57.13484462079066,0.2344836933792551,0,27.8,0
2021,668800,2.019,56.91841395777786,0.23715323456018397,1,28,0
2021,668800,2.005,54.9913064887898,0.07125916603655669,0,30.2,0
2021,668800,1.982,57.324638137209334,0.26636953461416885,0,27.8,0
2021,668800,1.954,55.94302521457438,0.14587192432123586,0,27.9,0
2021,668800,2.009,59.03117726011442,0.5701534593603208,0,26.1,0
2021,668800,2.107,57.77237332114408,0.14171063863206468,0,27.8,0
2021,668800,1.907,56.85493544454034,0.18349034748716522,1,28.4,0
2021,668800,1.96,57.17932187113444,0.0762695538686381,0,30.2,0
2021,668800,2.204,58.27951506115174,0.2036204698128441,0,27.6,0
2021,668800,2.001,61.35954375764221,0.4937757368018832,0,28.4,0
2021,668800,1.935,48.40364136927379,0.01001516453750377,0,28.6,0
2021,668800,1.955,62.092302055564204,0.5532984682273833,0,28.2,0
2021,668800,1.925,59.710547573260456,0.3856170800199331,1,27.8,0
2021,669221,1.885,55.488674014146056,0.1274962430481208,0,28.1,0
2021,669221,1.888,53.518663872830764,0.07809945497866118,1,27.5,0
2021,669221,1.93,59.474085628846595,0.5704619332398584,1,26.7,0
2021,669221,1.946,54.20664532561122,0.06603862418330202,0,29.3,0
2021,669221,2.004,59.18129817134697,0.7383987391297241,1,24.6,0
2021,669221,1.84,56.429839475246695,0.11794942371565627,0,29.4,0
2021,669221,2.024,62.040168534413745,0.40044939598926116,1,28.1,0
2021,669221,2.026,61.38252785136827,0.5763283128221791,0,27.7,0
2021,669221,1.845,55.81978550936278,0.28221487161880005,0,26.8,0
2021,669221,1.821,56.945371528882305,0.1523652393781696,1,28.7,0
2021,669221,1.943,56.80025543628789,0.0766576435657348,1,28.9,0
2021,669221,1.834,51.91856713639069,0.10024349727381907,1,27.5,0
2021,669221,1.88,54.552845422443745,0.221687314499095,0,27.1,0
2021,669221,1.836,56.60334322229563,0.39427383561421536,1,26.4,0
2021,669221,1.807,48.68003594096751,0.013953697075870962,0,29.7,0
2021,669221,1.984,58.61613297429412,0.24665069069309795,0,28.5,0
2021,669221,1.8,53.64058062990655,0.06576917461067416,0,28.2,0
2021,669221,1.878,55.09571410848473,0.175602813298771,0,28.1,0
2021,669221,1.828,53.843198834247325,0.17713958620754472,0,27.3,0
2021,669221,1.821,53.00331712045057,0.08327886418932942,0,27.8,0
2021,669221,1.89,57.12740823806864,0.16180032987539492,0,27.5,0
2021,669221,1.949,60.317050549771686,0.5319942402196863,0,27.5,0
2021,669221,1.819,47.60463221458568,0.01870048120569916,0,28.1,0
2021,669221,1.909,57.625778858910785,0.19800099416331923,0,28.5,0
2021,669221,2.026,60.03315531738949,0.3728584408275871,1,27.8,0
2021,669221,1.966,60.46482019817683,0.30845447684597227,1,28.2,0
2021,669221,1.955,52.16051688035561,0.09279016907749871,0,27.8,0
2021,669221,1.806,52.6237792515488,0.04625831031841152,0,29.7,0
2021,669221,1.896,53.367337771843324,0.049365600001872734,0,28.8,0
2021,669257,1.918,56.88688750302474,0.26052517591843094,0,27.7,0
2021,669257,2.343,65.52926567570613,0.7451269898539138,1,28.1,0
2021,669257,1.934,56.14749061795775,0.23243114645203736,0,27.8,0
2021,669257,1.937,59.33612924446178,0.5240629654032395,0,26.7,0
2021,669257,1.888,52.27233559534712,0.04487110582802065,0,29.1,0
2021,669257,2.014,57.152912987294656,0.1666552109295325,0,28.5,0
2021,669257,1.861,54.69873705835485,0.1277598989889869,0,28.2,0
2021,669257,1.916,56.719181109387286,0.10496842436183905,0,30.1,0
2021,669257,2.006,58.37167888740859,0.40805206619669127,1,26.8,0
2021,669257,2.033,51.98502298349271,0.05373245027925003,0,27.4,0
2021,669257,1.845,49.407984950631295,0.0380484086336079,0,27.7,0
2021,669257,1.989,57.520102093354545,0.3070447935305623,1,27.3,0
2021,669257,1.906,57.40113585413696,0.2606760469063311,0,28.2,0
2021,669257,1.915,50.79499986918795,0.06331971932014582,1,27.9,0
2021,669257,1.898,54.34795860770177,0.19407870373715458,0,26.3,0
2021,669257,2.107,55.36631436455986,0.08528219615399392,0,28.3,0
2021,669257,1.893,52.59135774679077,0.1203617839914573,0,27.1,0
2021,669257,1.881,56.83241505782094,0.18717763106310314,0,29,0
2021,669257,1.91,56.197018301688075,0.1896460501585391,0,28.5,0
2021,669257,1.969,56.44340799595464,0.10940126245704039,0,29.1,0
2021,669257,1.881,55.40360638308869,0.33845334628226253,0,26.3,0
2021,669257,1.903,56.012139066267146,0.16672641422687104,1,28.1,0
2021,669257,1.902,58.557542166786966,0.4444451473789577,0,26.2,0
2021,669257,1.991,54.810095849932836,0.132109812270447,1,26.7,0
2021,669257,1.911,55.70789449377638,0.14603024961940886,0,28.5,0
2021,669257,2.01,57.428828613033055,0.3057915861857926,1,27.1,0
2021,669257,1.997,62.8253922749317,0.5533226483080161,1,28.6,0
2021,669257,1.928,60.98696914072527,0.4347727104327909,1,28.7,0
2021,669257,1.937,56.50914440833608,0.2297462516719016,1,27.2,0
2021,669257,1.859,50.229060551361826,0.05070334237085535,0,28.2,0
2021,669257,1.999,50.774657270127385,0.05728470717553269,0,27.9,0
2021,669257,1.854,55.45430604890435,0.3126389380119735,0,26.3,0
2021,669257,1.974,54.78392745937119,0.22374820349360255,0,26.4,0
2021,669257,1.906,54.57829884596895,0.22477198184194358,0,26.3,0
2021,669257,2.054,54.79557363803485,0.12168501924443588,0,27.5,0
2021,669257,1.934,54.453564161361605,0.20130315754290776,0,26.9,0
2021,669257,2.041,59.86862552806081,0.18788106888875758,1,29.1,0
2021,669257,1.998,54.59337580403854,0.10887120356010913,0,28.3,0
2021,669257,2.063,59.612971380678005,0.4854347254676524,0,27.3,0
2021,669257,1.95,58.01051498993361,0.33368596038023646,0,27.5,0
2021,669257,1.903,55.09996272033086,0.15471344682037402,0,28.4,0
2021,669257,1.905,56.978929547153456,0.17735708580529613,1,29.2,0
2021,669257,2.116,56.777314361349575,0.1236543048203811,0,28.2,0
2021,669257,1.899,53.57166816578466,0.12503503656920173,0,28.1,0
2021,669257,2.029,57.4621228715621,0.16726790241928285,1,27.3,0
2021,669257,1.895,57.919990841251035,0.20649884782579447,0,28.3,0
2021,669257,1.956,59.04225982021391,0.2873796505538825,0,29,0
2021,669257,2.109,57.15949262809477,0.31186085501232624,0,26.2,0
2021,669257,1.967,60.94991579397918,0.206526949427253,1,30.6,0
2021,669257,2.073,58.12207564729429,0.4471575061507711,1,26.4,0
2021,669257,1.94,57.91576935839992,0.23291830540106565,0,28.5,0
2021,669257,1.9,51.78859299392642,0.10445914592951352,0,26.9,0
2021,672386,1.893,55.920598721535484,0.23277035591819217,1,27.3,0
2021,672386,1.99,56.86940830456463,0.12252367457880879,0,29.3,0
2021,672386,1.989,62.47467125354086,0.47124889076941456,0,28.5,0
2021,672386,1.914,53.63091685574808,0.04637357719357197,0,30.1,0
2021,672386,1.907,51.57545108005639,0.06039135709121072,0,28.1,0
2021,672386,1.998,64.11401734850033,0.5593545624560706,1,27.9,0
2021,672386,1.892,58.84794091985875,0.3309203696937485,0,27.8,0
2021,672386,1.864,54.56569912744714,0.09869679887573576,0,28.3,0
2021,672386,1.919,52.073938637464735,0.05941422227837082,0,28.5,0
2021,672386,1.964,53.047509419349616,0.06729185638505226,0,28.8,0
2021,672386,2.002,54.75060186393141,0.04190511118929995,0,28.3,0
2021,672386,1.981,59.8005259051009,0.47212436737649943,1,27.7,0
2021,672386,1.914,56.77912029353697,0.23243069290660004,0,27.9,0
2021,672386,1.94,53.10705797434536,0.04178786620075592,0,28.9,0
2021,680777,1.918,54.93877579320592,0.11841229918173712,0,28.5,0
2021,680777,2.012,53.97960872346109,0.185543869801531,0,26.9,0
2021,680777,1.973,58.69605975413409,0.23333764758170444,1,28.7,0
2021,680777,2.032,60.09801564467912,0.5608275522067921,1,27.1,0
2021,680777,1.966,57.01622202059382,0.5975078987365562,0,25,0
2021,680777,2.012,57.310205722538896,0.2717104185875739,0,27.8,0
2021,680777,1.928,57.96836934905126,0.24233377722337598,1,28.9,0
2021,680777,2.187,57.617268444897874,0.11150993234837335,0,29.7,0
2021,680777,2.034,60.31294824122798,0.38658959240908924,1,28.2,0
2021,680777,1.964,56.405760404733144,0.14686005653438997,0,29.4,0
2021,680777,2.459,59.67635797139136,0.5012874686495489,0,25.5,0
2021,680777,2.078,54.293044379997056,0.03396574323335058,0,29.7,0
2021,680777,2.071,58.88052358367117,0.3994776230926119,1,27.8,0
2021,680777,1.957,48.77194766445237,0.01910187285687703,0,29.1,0
2021,680777,2.023,49.75096356064768,0.030970624649632007,0,27.8,0
2021,680777,2.007,54.31573512745993,0.10465969636119599,0,27.5,0
2021,680777,2.029,57.86912349025924,0.3338281610874491,1,27.5,0
2021,680777,2.055,56.8213172893053,0.07681615898464235,0,30,0
2021,680777,1.983,55.744749306466844,0.1584518871676356,0,27.8,0
2021,680777,1.999,62.30837332813644,0.5477650188770025,1,28.2,0
2021,680777,1.967,58.58449289104148,0.15559497781620477,0,29.9,0
2021,680777,2.059,60.60669247556915,0.3100767763619827,0,28.7,0
2021,680777,2.961,66.74918256564953,0.7888057727675959,0,28.2,0
2021,680777,2.044,52.27650675744103,0.040863827041352045,0,29.4,0
2021,680777,1.955,60.095525830562075,0.4272005540311723,0,27.9,0
2021,680777,1.889,56.1461619681973,0.2243683482292705,0,27.9,0
2021,680777,2.176,58.77815226435648,0.2145562583907466,0,28.9,0
2021,680777,2.042,55.99802168477427,0.110009700183337,0,29,0
2022,425877,2.022,56.992103467322316,0.4756284932555065,1,26.2,0
2022,425877,2.045,59.474465937131306,0.24071106820545288,1,28.1,0
2022,425877,2.145,61.82547243424071,0.7520124725947065,1,26.6,0
2022,425877,1.909,57.055871365670455,0.16775319562832,0,28.5,0
2022,425877,1.936,59.91461164653645,0.3223616167446623,1,28.8,0
2022,425877,2.008,56.515749789794135,0.11086888424604469,0,27.3,0
2022,425877,2.188,63.27978976199246,0.6150941440491108,0,28.6,0
2022,425877,2.115,62.682528019891784,0.4685534722193058,0,29.1,0
2022,425877,1.887,57.228778762235436,0.27195824668607427,0,28.4,0
2022,425877,2.008,52.10299039625869,0.1292727494514769,0,27,0
2022,425877,1.915,57.16400826999581,0.20697390967806065,0,29.1,0
2022,425877,2.015,60.805038038831086,0.5535631897222335,1,27.3,0
2022,425877,1.952,60.0244863027914,0.2876786551897122,0,29.6,0
2022,425877,2.038,60.65509449706371,0.49431809914138364,1,27.6,0
2022,425877,2.477,66.11941075060162,0.8650705523111644,0,27.4,0
2022,425877,2.056,58.41826577798632,0.11241454404920773,0,30,0
2022,435559,2.037,62.058939804017825,0.6385552608391567,0,27.8,0
2022,435559,2.067,63.31095571803708,0.5790140415852153,1,28.5,0
2022,435559,2.166,61.494297733473616,0.5381740822216506,1,28.3,0
2022,435559,2.015,57.77458430334079,0.22404302163372683,0,29.1,0
2022,435559,1.986,53.655272509751725,0.10181171029609556,0,28.3,0
2022,435559,2.028,56.242674542041335,0.07391642668847925,0,30.1,0
2022,435559,2.134,56.37622610160997,0.25799597542689967,0,27,0
2022,435559,1.997,53.779610588127184,0.30191965566156304,0,25.7,0
2022,435559,2.02,55.90204817041934,0.3306658698332346,0,26.4,0
2022,435559,2.201,54.50495882646939,0.101621517711157,0,27.9,0
2022,435559,2.02,52.009225493703525,0.04700912817568345,0,28.2,0
2022,435559,2.086,61.073792832436986,0.5080644490842221,0,28.4,0
2022,435559,2.284,58.56200835214691,0.5265548181757223,0,26.1,0
2022,435559,2.078,58.67445665857343,0.3986313192848855,0,27.9,0
2022,435559,1.999,58.776413629252396,0.18928014858966893,1,30.3,0
2022,455117,1.893,55.857211499903464,0.1683853887240368,0,29,0
2022,455117,1.873,56.0561364909407,0.14628765882554753,0,29.5,0
2022,455117,1.891,59.33583496459711,0.3151066980309383,1,28.9,0
2022,455117,1.992,60.178012181447336,0.28574316580788556,0,28.5,0
2022,455117,1.952,57.716794360749574,0.14852448849173353,0,29,0
2022,455117,1.979,57.34117664137851,0.32939975915266834,1,27.3,0
2022,455117,1.842,51.69256641697428,0.06716565672768793,0,28.8,0
2022,455117,1.913,57.344284370564985,0.2285636762091339,1,27.9,0
2022,455117,1.869,52.033266189144925,0.07184369120438514,0,28.9,0
2022,455117,1.919,58.088575296707894,0.16012660906533863,1,30.3,0
2022,455117,1.849,58.93100936130786,0.19655998608026662,0,30.4,0
2022,455117,1.805,55.93266596033531,0.20802072681510592,1,28.3,0
2022,455117,1.807,50.81935381521563,0.06524131506952159,0,28.3,0
2022,455117,1.909,60.956743928608645,0.2822627366385268,1,30.4,0
2022,455117,2.026,61.15716055854589,0.4937882087454539,0,27.6,0
2022,455117,1.992,57.52798884786723,0.238245055186409,0,29,0
2022,455117,1.99,53.62818240050922,0.04307075826903844,0,29.9,0
2022,455117,1.8,53.90626142220123,0.13455242475202986,0,28,0
2022,455117,1.877,56.72922681913731,0.16083628291499857,0,29.5,0
2022,455117,1.921,55.56934654520733,0.18837694271474076,0,28.5,0
2022,455117,1.841,57.4834747185832,0.20751720063078485,1,29.4,0
2022,455117,1.851,55.34934388050508,0.16359966795627742,1,28.7,0
2022,455117,1.935,54.737928230631205,0.08016835184964732,0,28.5,0
2022,455117,2.087,62.13656145470248,0.36749916629225826,1,28.5,0
2022,455117,2.003,61.46823176001567,0.5839757914281263,1,27.7,0
2022,455117,1.948,55.42938582139145,0.24862391549232074,0,27.5,0
2022,455117,1.908,57.380177329982466,0.3346037940363993,0,27.6,0
2022,455117,1.856,58.98905519389518,0.2741905723670491,1,29.4,0
2022,455117,1.934,61.38199316092764,0.4458546063742984,1,28.6,0
2022,455117,2.018,50.98101470720728,0.04712359044578886,0,27.2,0
2022,455117,1.86,54.503285690402095,0.12529501252809563,0,29,0
2022,455117,2.074,55.850735880640784,0.15705947759524977,0,28.2,0
2022,455117,1.956,56.18395237705737,0.2306146575254842,0,28.3,0
2022,455117,2.015,57.358840989718765,0.1162452377824091,1,27.8,0
2022,455117,1.96,60.58473260292366,0.5753913404627116,1,27.3,0
2022,455117,1.827,53.15355830593912,0.06887595493526,0,28.6,0
2022,455117,1.95,55.942448454898184,0.2111372427658255,0,27,0
2022,455117,1.824,57.582236259526915,0.2420402071348032,0,29,0
2022,455139,2.052,56.384711540501954,0.04218154244769581,0,28.8,0
2022,455139,1.988,56.85849199441529,0.20315791304043912,0,28.5,0
2022,455139,2.006,57.902924470025894,0.28003958357694836,0,28.5,0
2022,455139,2.058,60.99202493362183,0.585560857600594,1,27.7,0
2022,455139,1.98,58.590032396981734,0.4764985443673739,0,27.2,0
2022,455139,2.032,61.075845272422164,0.520339288800605,0,28.3,0
2022,455139,2.01,62.263360726992815,0.6534334674305697,0,26.9,0
2022,455139,2.706,70.87452931316734,0.8702798092289765,1,28.5,0
2022,455139,1.993,58.28106615394755,0.15186618282217507,0,30.1,0
2022,455139,2.05,58.8724973243386,0.383885128806783,0,28.2,0
2022,455139,2.135,62.421168849320196,0.612173218152205,0,28.2,0
2022,455139,2.026,55.87234146310221,0.2581635619705389,1,27.7,0
2022,455139,2.011,55.056896071457146,0.1997624006473879,1,28,0
2022,455139,2.189,60.78327321820677,0.41857135871475487,0,28,0
2022,455139,1.998,57.77649741610703,0.30466593311595835,0,27.9,0
2022,455139,2.007,56.94519558115019,0.28077245554080166,0,27.9,0
2022,455139,1.989,58.07885683513951,0.2342005030540761,1,29.2,0
2022,455139,2.026,61.315369219063065,0.2340600904927654,0,30.4,0
2022,455139,1.992,60.73276733055028,0.5088079908854936,1,28.2,0
2022,455139,2.138,64.30436101795449,0.6744931248413933,1,28.2,0
2022,488771,1.938,54.252390885595005,0.12576685100698587,0,28.8,0
2022,488771,2,59.745691169602864,0.4892901704889884,1,27.8,0
2022,488771,1.975,55.44313830199459,0.1569404282982765,0,28.1,0
2022,488771,1.964,59.819859988648126,0.6124490385305719,0,26.6,0
2022,488771,1.964,50.19532284570778,0.10983866309536183,0,26.6,0
2022,488771,1.91,55.82641653390131,0.2512348599030261,0,27.3,0
2022,488771,2.074,58.81182361649616,0.43090885898694486,0,26.5,0
2022,488771,1.915,57.9527116663633,0.21761442338000161,0,29.4,0
2022,488771,1.979,55.03127489948482,0.24216945451326163,1,26.6,0
2022,488771,1.925,56.50098664549076,0.25067813439075953,0,27.6,0
2022,488771,2.019,57.72643039903923,0.26564049990360156,1,28.5,0
2022,518595,1.959,57.347690290894576,0.25620567618291734,0,28.3,0
2022,518595,1.941,54.10141351095631,0.060339884442573224,0,28.8,0
2022,518595,1.944,56.525553780793594,0.30666499168509925,0,27.6,0
2022,518595,1.918,52.83059379718353,0.21962543228299403,0,25.8,0
2022,518595,2.156,59.11267520184015,0.21803889739046828,0,28.5,0
2022,518595,1.995,50.50921540377652,0.10438662321219593,0,26.7,0
2022,518595,1.933,59.92385695502666,0.4516636393943242,1,27.4,0
2022,518595,2.157,64.58493983857518,0.6036321102440088,0,27.4,0
2022,518595,2.02,57.991520717494026,0.5214231784348544,1,25.6,0
2022,518595,1.96,57.089041119433766,0.20634831401937664,0,29.1,0
2022,518595,1.996,58.41225882165807,0.4047673835200155,0,26.9,0
2022,518595,1.938,59.357303797533405,0.3839188383962646,1,28.5,0
2022,518595,2.076,58.46975112736807,0.22439213256645876,0,28.8,0
2022,518595,2.112,55.97808436323554,0.09286767792551712,0,28.6,0
2022,518595,1.959,57.95581136546433,0.2462260000618431,1,28.9,0
2022,518595,1.925,57.27271309582752,0.25747802013622834,0,28.6,0
2022,518595,2.001,62.544332805304975,0.6592201451608237,1,27.9,0
2022,518595,2.58,66.96190644218801,0.9382773715860047,0,25.7,0
2022,518595,2.085,58.6704729301386,0.40708150682882255,0,26.3,0
2022,518595,1.864,55.22144121674483,0.22116058667527944,0,27.8,0
2022,518595,1.905,50.320588911807796,0.06405665911096145,0,28.1,0
2022,518595,2.01,58.18311909313852,0.22005979046923907,0,29,0
2022,518595,1.977,52.06497616989117,0.06594008478225001,0,27.8,0
2022,518595,2.05,54.266494242884804,0.20213672283022716,0,27.4,0
2022,518595,1.931,55.917637875416816,0.16761028810070083,0,28.4,0
2022,518595,2.026,55.75037258432059,0.12333459700825522,0,29.4,0
2022,518595,1.94,56.77257608576451,0.31645706666368756,0,26.8,0
2022,518595,1.885,59.02322939351256,0.2294650730533718,1,29.9,0
2022,518595,2.096,63.53109550709317,0.7090892502104911,1,27.6,0
2022,518595,2.019,53.90313033939607,0.10808317684633748,0,28.4,0
2022,518595,1.986,56.825217813109056,0.1606905022542841,1,28.8,0
2022,518595,1.995,56.20568357385691,0.12308548701734541,0,28.1,0
2022,518595,2.075,51.891656293378084,0.04891063129347523,0,28.9,0
2022,518595,1.941,52.134934262625706,0.07155980865021519,0,29,0
2022,518595,2.031,59.56710265292117,0.3335403556682243,0,28.6,0
2022,518735,2.077,56.91974786948601,0.18143165510324843,0,28.9,0
2022,518735,2.063,55.280739624249065,0.1033476039207313,0,29.1,0
2022,518735,2.062,57.5567396106729,0.27584907038003886,0,27.9,0
2022,518735,2.083,60.06841439812626,0.33777111198412585,0,28.4,0
2022,518735,2.078,60.35181919952489,0.3033854966375173,1,28.5,0
2022,518735,2.084,60.961737875721305,0.70170691245964,0,26.5,0
2022,518735,2.097,53.472975482361,0.07968883493089327,0,28.8,0
2022,518735,2.04,56.46234441158475,0.1457041981801037,0,28.9,0
2022,518735,2.006,57.36790969739234,0.2729250834109792,1,28.3,0
2022,518735,2.022,54.419823821765554,0.07103600247657234,0,28.8,0
2022,518735,2.456,59.258886677467245,0.4022271425908361,0,28.3,0
2022,518735,2.099,53.60371367354845,0.08986052851022576,0,28.9,0
2022,518735,2.097,63.05276425433924,0.6978289412388304,1,27.8,0
2022,518735,2.109,58.277677957345404,0.17152541310531105,0,30,0
2022,518735,2.273,58.511791320238125,0.2192287480124265,0,28.9,0
2022,518735,2.063,62.066570327093515,0.4539275091312723,1,28.3,0
2022,518735,2.012,59.300865414691856,0.20528272578780032,0,30.4,0
2022,518735,2.124,60.29899062760505,0.7714400687806372,0,28.4,1
2022,518735,2.069,55.43898129155998,0.20478565826803516,0,28.1,0
2022,518735,2.124,56.49416173684632,0.11571320619385608,0,30,0
2022,518735,1.939,58.03315000414622,0.3289311983513618,0,28.2,0
2022,518735,2.133,58.27648249209263,0.2768895023686422,0,28.9,0
2022,518735,1.994,58.12017870420416,0.32183432479849694,0,28.4,0
2022,518735,2.068,57.74054186248238,0.3595771690703453,0,27.8,0
2022,518735,2.074,55.39411915949175,0.10563683517404189,0,29,0
2022,518735,2.074,58.25931120829682,0.37223763952502303,0,27.8,0
2022,518735,2.051,61.964308571509584,0.4070830893205619,1,29.1,0
2022,518735,2.091,61.42551144864827,0.6963019156263828,0,26.9,0
2022,519222,2.04,57.54539211541904,0.12216286947295567,0,28.6,0
2022,519222,2.128,57.450581097030415,0.22464188254851128,0,28.9,0
2022,519222,2.055,55.37904901601211,0.21077422257395426,0,27.4,0
2022,519222,2.078,57.71360231197904,0.41113899340912713,0,27.3,0
2022,519222,2.187,58.455184071037614,0.21237059344616058,0,28.6,0
2022,519222,2.036,56.26074766913261,0.2555419976516116,1,27.9,0
2022,519222,2.093,61.223214171342924,0.6895387635422052,0,26.1,0
2022,519222,2.002,51.9959973804758,0.06839338549009515,0,28.6,0
2022,519222,2.118,59.4806043412198,0.3056698821395007,0,28.6,0
2022,519222,2.223,56.80196852449394,0.1717042069678469,0,28.3,0
2022,519222,2.137,60.96456540254015,0.23210579348482216,0,29.1,0
2022,519222,2.049,54.52135978337669,0.060909662933366436,0,30.1,0
2022,519222,2.06,58.46115231101655,0.2382032307012355,0,29.4,0
2022,519222,2.153,57.9173612342199,0.19235769929706042,0,29.1,0
2022,519222,2.916,69.60926934826425,0.7638405084212733,0,29.1,0
2022,519222,1.965,57.64575383614169,0.3348370172725638,0,27.6,0
2022,519222,2.035,57.1139089969444,0.23306696504731225,0,28.8,0
2022,519222,2.041,59.97058787643034,0.3510260571058464,0,28.7,0
2022,519222,1.965,57.88575835832888,0.24930597198404958,0,28.6,0
2022,519390,2.071,58.487260907842966,0.2504557625933457,0,29.4,0
2022,519390,2.136,64.67933719779238,0.808802504163569,1,27.4,0
2022,519390,2.093,57.186892656410784,0.38518889082499025,0,27.1,0
2022,519390,2.013,54.82170388535681,0.13792726371319386,0,28.8,0
2022,519390,2.106,55.458415489897355,0.24102277652328774,0,27.1,0
2022,519390,2.292,62.13190618707909,0.2315032704790813,0,29.7,0
2022,519390,2.104,59.91071823376875,0.35651565474026237,0,29.1,0
2022,521692,2.015,58.233763990530655,0.12358810601996353,0,30.1,0
2022,521692,1.882,56.495643801021146,0.2699642300592773,1,28,0
2022,521692,2.046,55.607344165066145,0.19672535297125335,0,27.8,0
2022,521692,1.925,60.11226495832832,0.23812222194719423,0,30.1,0
2022,521692,2.055,58.352522559876306,0.23189406152772882,1,27.9,0
2022,521692,2.021,56.9938120187096,0.19489467267179397,0,28,0
2022,521692,1.897,53.61870673399954,0.12273464357781645,0,27.8,0
2022,521692,1.918,58.183122942222425,0.1356858711859343,0,29.1,0
2022,521692,1.936,57.37770264342414,0.17313835654422863,0,29.4,0
2022,521692,1.887,57.03910105578338,0.17050412175535126,1,28.9,0
2022,521692,2.011,51.836856239782314,0.09209450597758859,0,27.5,0
2022,521692,1.967,57.42930504769113,0.16107058944845082,1,28.9,0
2022,521692,1.907,61.02311784311769,0.37528403693920115,0,29,0
2022,521692,2.178,57.466330841107045,0.1357956482231535,0,28.3,0
2022,521692,2.018,60.538477783500774,0.37719464108262485,1,28,0
2022,521692,2.053,62.83740679679962,0.537389729713373,1,27.4,0
2022,521692,2.041,63.23674873177384,0.5962978512117144,1,28.8,0
2022,542194,1.944,60.45719568666903,0.3342165205441365,0,29,0
2022,542194,1.913,58.621169076834114,0.3164058326120449,1,28.5,0
2022,542194,2.052,59.996182264062014,0.3319122965460796,0,29.3,0
2022,542194,1.725,51.87830609058533,0.053296960521525646,0,29.4,0
2022,542194,2.018,57.2213063343499,0.24776052236461907,0,28.1,0
2022,542194,1.746,50.349871100179534,0.054808835883128286,1,28.2,0
2022,542194,1.843,57.83137527978974,0.3052100020830217,1,28.2,0
2022,542194,1.749,49.01076515952092,0.033059551560804534,0,27.8,0
2022,542194,1.871,57.53205333188791,0.24340273444795568,1,28.5,0
2022,542194,1.821,53.159572829929886,0.08197117407044881,0,27.3,0
2022,542194,1.979,61.4432009609487,0.8270024797948262,1,28.3,1
2022,542194,1.906,57.44303776005313,0.1886715393524437,0,29.4,0
2022,542194,1.745,50.30789231424395,0.021889827427483875,0,30.4,0
2022,542194,1.857,57.9691296081536,0.17057377781953212,1,30.1,0
2022,542194,1.949,56.575319999034164,0.1874553788005086,1,27.3,0
2022,542194,1.8,55.67027932326408,0.09608643346220296,1,30.1,0
2022,543228,1.967,59.090148335771715,0.43639599349293146,1,26.8,0
2022,543228,1.942,59.39130734696138,0.28004997149495436,1,28.5,0
2022,543228,1.918,55.315796310457294,0.17733375462294668,1,28.5,0
2022,543228,1.883,54.471279974113806,0.09704447537555856,0,28.4,0
2022,543228,1.955,57.11792565578948,0.21544491777981417,0,28.5,0
2022,543228,1.899,57.611113216841495,0.2134223616307577,1,28.8,0
2022,543228,1.886,54.56448509127325,0.14682265595113228,0,28.6,0
2022,543228,1.901,55.565475615015416,0.15124251803352035,0,29.1,0
2022,543228,1.936,55.490315461269816,0.276785177764959,0,27.3,0
2022,543228,2.086,60.613832822182324,0.6082666679553593,1,26.9,0
2022,543228,2.031,56.76163422296221,0.11280083392753734,0,26.5,0
2022,543228,1.895,57.598783656683196,0.21202457080285061,1,29.4,0
2022,543228,2.235,63.731028703274944,0.7287649307159827,1,26.1,0
2022,543228,1.973,53.48223407567441,0.1134260105062476,0,28.4,0
2022,543228,1.991,59.19744594873901,0.34138890311439407,1,28.5,0
2022,543228,1.96,57.89097785346439,0.6844111426638815,1,24.6,0
2022,543228,2.003,60.54559541354198,0.3605668788870567,0,29.1,0
2022,543228,1.932,59.14927746289968,0.34282658658993803,1,28.8,0
2022,543228,1.941,62.615623495762165,0.5441028173158686,1,28.1,0
2022,543228,2.004,62.26554050212684,0.7465463539555129,1,26.6,0
2022,543228,1.963,57.237708707252445,0.34457251469738315,1,27.6,0
2022,543228,1.939,60.472357827744716,0.44742533662710715,1,27.3,0
2022,543228,2.021,58.24471274884403,0.23225495742769284,0,28.1,0
2022,543228,1.977,57.33133142025,0.21493725315199474,0,28.5,0
2022,543228,1.971,53.38083965194221,0.03287180376656269,0,28.6,0
2022,543228,2.077,63.775368289335205,0.6916777864738874,0,28.1,0
2022,543228,1.912,58.546810690860305,0.3584748625073079,0,28.3,0
2022,543309,2.036,59.096955898935185,0.14221776554566462,1,28.6,0
2022,543309,1.853,56.675066951283085,0.2394354079243528,1,28.3,0
2022,543309,2.151,60.067675554467954,0.6348307480866041,0,25.9,0
2022,543309,1.971,56.985558070412125,0.12075505560356922,0,29.1,0
2022,543309,1.947,58.186090096578134,0.11995154170745505,1,28.7,0
2022,543309,1.977,55.28511950623138,0.17973172048507188,0,27.9,0
2022,543309,1.887,55.06956583823396,0.15834600994843995,0,28.5,0
2022,543309,2.019,58.404106584109485,0.20159771340517493,1,28.5,0
2022,543309,1.932,56.02696156383115,0.186620617947189,1,28.4,0
2022,543309,1.997,56.17759834431812,0.08537579421589118,0,28.5,0
2022,543309,2.061,57.98094979205985,0.24393677672463096,0,28.5,0
2022,543309,1.934,57.57920770522492,0.3240137707810625,1,27.9,0
2022,543309,1.874,59.75224764008511,0.4449600462583863,1,28.2,0
2022,543309,1.893,55.13358243378466,0.07685168144637917,0,30.1,0
2022,543309,1.887,49.28516872705545,0.01893339138570593,0,30,0
2022,543309,2.027,54.851006554241295,0.25030556984941793,0,27.1,0
2022,543309,1.935,55.41421874609084,0.18959554300044523,0,28,0
2022,543309,1.948,54.789912331026166,0.21995748121782902,0,27.1,0
2022,543309,1.961,58.22381481547212,0.18206498401406013,0,30.1,0
2022,543309,1.846,58.10901195405847,0.35246020822350743,1,28.1,0
2022,543309,1.86,51.348880346068036,0.08743903231879395,0,26.9,0
2022,543309,1.979,62.95919335404756,0.8123825759257899,1,25.9,0
2022,543592,2.073,63.24327505737631,0.6946954711835606,1,27.3,0
2022,543592,2.038,51.048800137713016,0.05888615526289693,0,27.1,0
2022,543592,2.063,62.37610243020828,0.2847692356565654,0,29.4,0
2022,543592,1.997,56.244550185954495,0.17960244041847195,0,28.1,0
2022,543592,1.906,56.314167053518304,0.05272204517200358,0,29.5,0
2022,543592,2.272,60.19139849479443,0.4701097004988297,0,28.1,0
2022,543592,2.015,57.16603669235732,0.1275555808464563,0,29.1,0
2022,543592,2.136,54.455680368664076,0.08119141914045887,0,28.4,0
2022,543592,1.996,56.58530866465293,0.29026491073990734,0,27.3,0
2022,543592,2.096,55.73767379154309,0.2008706116181812,0,27.6,0
2022,543592,1.963,57.7419774440314,0.28106430687826034,1,27.6,0
2022,543592,2.044,53.48889492515554,0.057675000352575716,0,27.3,0
2022,543592,1.989,57.262311770205685,0.14542604996594188,0,28.2,0
2022,543592,2.028,60.28954530531943,0.6215865271403038,0,26.9,0
2022,543592,2.076,57.25110482704733,0.33525340536291554,0,26.7,0
2022,543592,1.958,55.248576202036766,0.13606847388521764,0,28.9,0
2022,543592,2.036,58.9372900333653,0.2519931767100306,0,29.5,0
2022,543592,1.935,56.45670669179889,0.17319228499733272,0,29.3,0
2022,543592,2.142,54.95126238238999,0.2234371140971811,0,26.4,0
2022,543592,2.004,54.86407803899381,0.06607677371465336,0,29.9,0
2022,543592,1.943,59.78393295387134,0.4518310001723373,0,27.9,0
2022,543592,2.038,54.90600744155911,0.10182784786548314,0,28.2,0
2022,543592,2.051,53.10029150255178,0.05937380299774637,0,27.7,0
2022,543592,2.018,57.03890275364621,0.10027090522656905,0,30.2,0
2022,543592,1.95,55.16036676783875,0.12332917423746242,0,29.4,0
2022,543592,1.937,54.25992717108944,0.15450195370360306,0,28,0
2022,543592,1.974,57.03424013943046,0.26258410216920697,0,28.4,0
2022,543592,1.907,53.963750579898274,0.06581931636439327,0,30.2,0
2022,543592,1.956,54.73030055496654,0.09221697919649334,0,29.1,0
2022,543592,1.987,53.39918165374954,0.08996010938058532,0,27.7,0
2022,543592,1.938,57.76318228409915,0.29010964596721367,1,28.5,0
2022,543592,2.016,52.38662542376913,0.02552282944054544,0,30.1,0
2022,543592,1.944,57.533313732757605,0.3008448036011516,1,28.1,0
2022,543877,1.995,55.53397856575018,0.14336396541554106,0,27.3,0
2022,543877,1.918,56.49884724471628,0.288386800950273,0,27.6,0
2022,543877,1.964,57.703788652194284,0.3263210831104152,1,27.6,0
2022,543877,1.921,57.57076257767969,0.16198010927608184,1,29.1,0
2022,543877,1.856,52.62300377519475,0.10484066713636826,0,28.3,0
2022,543877,1.874,54.1634874162722,0.23193123284947384,0,26.4,0
2022,543877,1.995,56.3141933794268,0.18214075308826538,0,28.7,0
2022,543877,1.948,58.27601009833465,0.3163027236260044,0,28.5,0
2022,543877,1.975,56.920103173834384,0.19247211540986248,0,28.9,0
2022,543877,1.862,56.487674629175636,0.26893798951671294,1,27.8,0
2022,543877,2.098,64.38080007513805,0.8532040433753557,1,26.7,0
2022,543877,1.858,56.75189158895623,0.232620416123748,1,28.3,0
2022,543877,2.004,59.33588893283148,0.16850097071930403,0,30.6,0
2022,543877,1.937,60.14284249876662,0.4041401967605886,0,27.6,0
2022,543877,1.88,56.88517941244275,0.24674577237008882,1,28.5,0
2022,543877,1.881,49.46391945939418,0.01719577343585303,0,30.1,0
2022,543877,1.893,58.43112710514782,0.3899539893627344,0,27.9,0
2022,543877,1.899,56.79836866828286,0.22841308350884212,1,28.4,0
2022,543877,1.905,56.29563585789841,0.06689595658361662,0,28.9,0
2022,543877,1.956,54.28818912201217,0.257232622095052,0,26.8,0
2022,543877,1.957,53.87950945794247,0.16124258721740792,0,27.6,0
2022,543877,1.947,58.98209004045136,0.3251611060771504,1,28.1,0
2022,543877,1.922,57.29919339028697,0.1920362863539669,0,29,0
2022,543877,1.953,55.53797882267034,0.2365093209455968,0,27.7,0
2022,543877,2.031,54.66464414459314,0.07767427664822651,0,28.6,0
2022,543877,1.948,55.320310443902954,0.19886679275833952,0,28.1,0
2022,543877,1.913,56.33586818071145,0.1274111770225944,1,30.1,0
2022,543877,1.892,56.09406587757927,0.16806003441884185,0,28.5,0
2022,543877,1.962,58.82487951941345,0.19453669351067207,0,29.7,0
2022,543877,2.012,58.349907203445895,0.39965188063608303,0,27.8,0
2022,543877,1.998,59.587257191171425,0.36702918234864623,0,27.6,0
2022,543877,1.915,58.816300573040124,0.3338440086652444,1,28.1,0
2022,545358,2.042,57.52681188717809,0.2083706511655135,1,28.8,0
2022,545358,1.96,58.556500227224404,0.20202920566308055,0,30.1,0
2022,545358,1.955,60.956999822582056,0.5637126431572252,1,27.1,0
2022,545358,1.933,59.27632271095481,0.486265994568453,0,27.4,0
2022,545358,2.046,56.75953880907533,0.18772835306374902,0,28.4,0
2022,545358,1.951,50.140017911894454,0.04182185364707095,0,27.8,0
2022,545358,2.02,48.79374688514598,0.07860334692678517,0,25.9,0
2022,545358,1.924,53.432487537382904,0.09401350517053832,0,27.6,0
2022,545358,2.145,51.45868749805323,0.07647126991149276,0,27.8,0
2022,545358,1.967,53.97391104136917,0.18687542273062083,0,26.9,0
2022,545358,1.969,53.18747843947484,0.09873705668552268,0,28,0
2022,545358,1.962,52.99380875819563,0.092939242166173,0,28.5,0
2022,545358,2.103,49.965027270678014,0.20524936471366367,0,28,1
2022,545358,2.013,58.54903114734588,0.4172921622095577,1,27.3,0
2022,545358,2.014,51.30689100366912,0.1322209784263545,0,26.8,0
2022,545358,2.209,56.074512551094,0.1627326006166069,0,28.2,0
2022,545358,2.143,63.07017654398016,0.6903981035523289,1,27,0
2022,545358,1.898,56.457271064030024,0.3930706388032289,1,26.6,0
2022,545358,1.942,54.94062977556111,0.13862298047470603,0,28.3,0
2022,545358,1.961,54.872502123895856,0.11337663557784387,0,28.8,0
2022,545358,2.046,58.77502554828421,0.5087064866530947,1,27.1,0
2022,545358,2.082,53.01898375747574,0.09153622526974206,0,27.8,0
2022,545358,2.044,55.567048353488936,0.16618525068955764,0,27.5,0
2022,545358,2.04,57.95133785227929,0.21535905791215454,0,27.8,0
2022,545358,2.11,63.526933957602026,0.6524209766631802,0,28.5,0
2022,545358,2.283,63.188457532646176,0.7089140403694164,0,27.7,0
2022,545358,1.937,55.31968220292345,0.0834714967508018,0,30.1,0
2022,545358,2.029,55.5555644754079,0.39734812104940415,1,25.4,0
2022,545358,2.058,52.464941554708645,0.08505362265036387,0,28.4,0
2022,545358,2.019,53.20240141086838,0.07220885195849092,0,27.5,0
2022,545358,2.003,55.645232730294296,0.08108586027951169,0,29,0
2022,553869,1.874,48.93887204529402,0.08103137379906832,0,26.5,0
2022,553869,1.971,54.091702661721264,0.09973347624709962,0,27.6,0
2022,553869,2.206,57.36078745262568,0.39106308986243143,0,27.3,0
2022,553869,1.823,59.44588082583632,0.7098053644313481,1,28.6,1
2022,553869,1.827,53.188254689501406,0.07590446984857341,0,28.8,0
2022,553869,1.861,56.818003476270654,0.18859996496630252,1,28.5,0
2022,553869,1.888,51.686227044755604,0.05420430883272439,0,28.4,0
2022,553869,1.934,58.36428086652996,0.23785044560264507,1,28.7,0
2022,553869,1.831,59.55217457960358,0.36731974132212647,1,28.2,0
2022,553869,1.883,52.728332579549736,0.12314769502667171,0,27.3,0
2022,553869,1.877,57.27614751574065,0.17636221062674026,0,29.7,0
2022,553869,1.874,55.64883693207307,0.11830381219210934,1,28.6,0
2022,553869,1.834,54.13487800512329,0.21499391169154125,1,27.2,0
2022,553869,1.948,60.01438302769501,0.2975072670764254,0,27.8,0
2022,553869,2.373,66.26441075285243,0.6936801964983608,0,29.5,0
2022,553869,1.902,52.42392302908904,0.13924350324923593,0,26.4,0
2022,553869,1.946,53.82783728946074,0.024672386132693923,0,29.7,0
2022,553869,1.809,54.92584310205683,0.12423450141495986,0,29.1,0
2022,553869,1.844,55.05077073752168,0.2578412849190935,1,26.6,0
2022,553869,2.027,57.88288477734583,0.11159136394195111,0,28.2,0
2022,553869,2.106,60.60065675058555,0.3178711586299449,0,28.6,0
2022,553869,1.875,54.60540765573636,0.06479633537957347,0,30.2,0
2022,553869,1.873,57.29835728009303,0.2256095214445326,1,28.4,0
2022,553869,2.262,63.06518565643035,0.7415403527239093,0,27.3,0
2022,553869,1.911,55.26661997059276,0.09567284457406168,0,28.1,0
2022,553869,2.005,56.21703522564554,0.1503489409720973,0,28.6,0
2022,553882,2.003,58.712897744486945,0.28862324894294294,1,28.2,0
2022,553882,1.936,56.40486544379154,0.18877916252168334,0,28.1,0
2022,553882,2.051,57.06781051952429,0.23692046481076456,0,28.7,0
2022,553882,2.076,59.243347489596346,0.37699630654942595,0,27.9,0
2022,553882,1.924,54.60646990206388,0.14882224494512125,0,28.3,0
2022,553882,2.124,64.26739507599457,0.6387757853652368,1,26.9,0
2022,553882,1.907,48.99773515312754,0.05029553658243297,0,27.8,0
2022,553882,2.073,58.377628948279465,0.37717786402032855,0,27.5,0
2022,553882,2.098,58.42221227922479,0.1853268970171408,0,28.3,0
2022,553882,2.002,56.97196825611578,0.2143133083011513,0,28.2,0
2022,553882,2.036,57.21736814432829,0.2674790281709895,0,28.3,0
2022,553882,2.003,51.85244916094299,0.0685877333158586,0,27.6,0
2022,553882,1.906,56.75590863528656,0.28333799414148736,1,27.6,0
2022,553882,2.02,55.90137202763311,0.06318896504318415,0,29.2,0
2022,553882,2.132,58.06918244896399,0.24843373457581616,0,28.6,0
2022,553882,1.868,54.76189799886018,0.1481954036406934,0,28.6,0
2022,553882,1.928,50.455201196313844,0.08202262352695941,0,27.3,0
2022,553882,2.011,56.405572764063635,0.18515472949715586,1,28.1,0
2022,553882,1.946,58.99838021930984,0.3805752581405798,1,27.6,0
2022,553882,2.002,58.66887922879166,0.42028359186459036,1,27.7,0
2022,571466,2.049,59.579638828258076,0.226887703811898,1,28.3,0
2022,571466,1.951,54.72456578605887,0.2509851836059146,0,26.4,0
2022,571466,1.967,57.103480017229195,0.2605522004256562,0,27.6,0
2022,571466,1.964,60.2171973950282,0.52249122778527,1,27.8,0
2022,571466,1.936,56.82938284371642,0.2452451451665054,0,28,0
2022,571466,1.994,63.36466154866279,0.6483102583477699,1,28.4,0
2022,571466,1.921,56.27034060852263,0.17726957651128677,1,28.4,0
2022,571466,1.935,57.21267274100412,0.35911401341317717,1,27.5,0
2022,571466,2.05,57.24621301036585,0.28492406834948397,0,27.9,0
2022,571466,1.983,57.82674469942953,0.35245231247876574,0,27.8,0
2022,571466,1.974,58.58177407345459,0.24573018950120337,0,28.8,0
2022,571466,1.938,52.26958634781188,0.052641757017563275,0,29.1,0
2022,571466,1.92,59.9552601458106,0.2386875633668532,0,30.4,0
2022,571466,1.942,54.258154398897574,0.24822001817380318,1,26.8,0
2022,571466,1.971,57.02437705925342,0.22267398139747493,0,28.9,0
2022,571466,1.969,52.65935104815737,0.04340196632482794,0,30,0
2022,571466,2.006,60.62243241256002,0.585076704221153,1,26.7,0
2022,571466,1.899,57.12391558965264,0.2938421958211649,0,28.1,0
2022,571466,2.075,59.87878268568243,0.3898120885336194,1,27.8,0
2022,571466,1.887,53.517090726649265,0.08625193409020579,0,29.4,0
2022,571466,1.894,55.5474431835926,0.1189276222199686,0,29.7,0
2022,571466,1.987,58.08878830626951,0.44839647473650224,0,27.2,0
2022,571466,2.153,63.844683402013516,0.5492566879436425,1,27.9,0
2022,571466,2.333,57.93249092141574,0.27617454643768824,0,28,0
2022,571466,1.937,54.57471911705346,0.16344558781435545,0,27.7,0
2022,571466,2,61.488487663796064,0.2701229913119578,0,30.2,0
2022,571466,2.053,57.40214870988674,0.23131734734603787,0,28.4,0
2022,571466,1.995,60.06352489037514,0.35540024567297474,1,28.6,0
2022,571466,1.923,59.120220014644,0.22315310347952846,0,30.1,0
2022,571466,2.005,58.92598113968341,0.26376057234917194,1,27.8,0
2022,571466,2.02,56.2237402430548,0.2620167960033169,0,27.9,0
2022,571466,1.852,55.93836995808691,0.21931392490271,1,28.3,0
2022,571466,2.015,57.199816525170604,0.1914197946087074,0,29.3,0
2022,571466,1.989,60.20518472205935,0.6733546002124379,1,26.2,0
2022,571466,1.954,58.94719917000896,0.09816150021627573,0,30.4,0
2022,571466,2.011,60.78197066575855,0.2728220775541002,1,30.4,0
2022,571912,1.876,53.429996976062746,0.03676075449154355,1,29.3,0
2022,571912,2.098,63.8003980309957,0.6881026865603197,1,28.1,0
2022,571912,1.967,58.8249646038953,0.33249940253225274,1,28.4,0
2022,571912,1.868,54.15211421916627,0.06004703971257712,0,30.4,0
2022,571912,1.934,54.975863683170864,0.0868462500125579,0,30.1,0
2022,571912,1.949,55.10595891679268,0.2005333131731273,0,26.6,0
2022,571912,2.089,63.72181666035775,0.7867440716467683,1,27.2,0
2022,571912,2.111,60.87500591622184,0.4055087194605076,0,27.3,0
2022,571912,1.892,56.87813230159508,0.2176500974589358,0,28.5,0
2022,571912,1.916,58.09309956859683,0.21035566538614436,0,29.7,0
2022,571912,1.907,55.61394490566707,0.12533451257554545,0,29.7,0
2022,571912,1.949,55.64100524444312,0.191679274123449,0,28,0
2022,571912,1.954,58.36008049743152,0.17449953506718177,0,28.6,0
2022,571912,1.914,55.54869461879083,0.2665120970278305,1,27.1,0
2022,571912,1.968,56.4063136018343,0.21706240640216787,0,27.9,0
2022,571912,2.023,61.8721014959475,0.7115039224507604,0,26.7,0
2022,571912,1.984,56.523265005776885,0.1637125302956617,0,29,0
2022,571912,1.975,53.25154328804978,0.14999844308866106,0,27.7,0
2022,571912,1.934,58.01386922195576,0.39551625672965374,1,27.6,0
2022,571912,1.864,59.4876881385487,0.22067060382296003,1,30.4,0
2022,571912,1.856,54.872531053364554,0.13443996252137452,0,29,0
2022,571912,1.98,56.782005695373414,0.23168395533544053,0,27,0
2022,571912,1.924,57.34126650806251,0.3319641923942474,0,27.6,0
2022,571912,1.909,55.50946140228558,0.09867117208213635,0,30.3,0
2022,571912,1.965,55.8260556770972,0.10789840805697644,0,28.7,0
2022,571912,1.919,58.61362945579281,0.3653397517217698,1,27.7,0
2022,571912,1.943,56.693417333208366,0.3173970185714377,1,27.1,0
2022,572287,2.004,56.666204055111834,0.10899374767322595,0,30.1,0
2022,572287,2.056,55.889441159552156,0.18472731894653707,0,28.6,0
2022,572287,1.992,54.50125717426615,0.12867767262202778,0,28.5,0
2022,572287,2.076,56.4936119979365,0.2291454731280348,0,27.9,0
2022,572287,1.951,56.5057509653336,0.2876013607240989,0,27.6,0
2022,572287,2.061,57.33648267525431,0.28736043582903686,1,27.6,0
2022,572287,2.066,61.06754612918508,0.5777035421135344,0,27.8,0
2022,572287,2.056,53.912181654001834,0.1468096047728527,0,27.3,0
2022,572287,1.956,51.79006214002946,0.06069659530843937,0,29,0
2022,572287,2.045,57.54426952718717,0.3162514515324077,0,27.8,0
2022,572287,1.968,56.34640307776943,0.2173969831145223,0,28.5,0
2022,575929,1.979,58.79251230767069,0.26472044956199725,1,29.3,0
2022,575929,1.818,53.36489638912031,0.1033924062813591,0,28.8,0
2022,575929,1.922,53.90242730558105,0.12755405022182098,0,28.5,0
2022,575929,2.01,57.22578391868513,0.22694257047162733,0,28.4,0
2022,575929,2.015,57.77901869100033,0.3360242907557694,0,27.3,0
2022,575929,1.951,56.994629131922295,0.3246135791576332,1,27.7,0
2022,575929,1.868,53.67772489267633,0.11476255858386512,0,27.3,0
2022,575929,1.891,56.435153582858106,0.2052017190622398,0,28.2,0
2022,575929,1.929,50.97328854544531,0.046234656180778266,0,28.2,0
2022,575929,1.887,57.76150849669938,0.20308456430540406,1,28.4,0
2022,575929,1.949,63.147735679845,0.8054092430627829,1,26.5,0
2022,575929,1.857,54.09555855366943,0.20251083921790114,1,27.3,0
2022,575929,1.896,53.9413458070756,0.09438004378770212,1,28.8,0
2022,575929,1.919,63.49682610158314,0.5218160963440918,1,29.3,0
2022,575929,1.949,52.219696166171246,0.04278004822216208,0,27.3,0
2022,575929,1.985,59.955020016119796,0.1995801582512638,1,28.2,0
2022,575929,1.944,56.421985715907105,0.23665122384771742,0,27.3,0
2022,575929,1.819,54.982944377098136,0.18013764426359274,0,28.2,0
2022,575929,1.822,52.49006151947301,0.11328876033155022,0,27.2,0
2022,575929,2.002,55.36106726369351,0.10181137433936123,0,29.4,0
2022,575929,1.925,55.587131894751074,0.21188078350169634,0,28.1,0
2022,592200,2.032,52.520630487755994,0.04515677603614461,0,28.9,0
2022,592200,2.008,58.40714979598871,0.4579901987444338,0,26.8,0
2022,592200,1.967,51.905005437962295,0.04929645234043665,0,28.7,0
2022,592200,2.049,56.14896732853426,0.10037065625366688,0,29.3,0
2022,592200,2.042,53.558056795579354,0.09830440125621208,0,28.9,0
2022,592200,2.038,58.25150097007362,0.4136676778458138,0,27.6,0
2022,592200,2.016,58.25991719593521,0.38065776230118287,1,27.9,0
2022,592200,2.045,57.651618519150716,0.3605106930176567,0,26.3,0
2022,592200,1.939,59.25295582609316,0.21909935017308863,1,30.2,0
2022,592200,1.962,47.42815701401908,0.03466017164034436,0,27.8,0
2022,592200,2.001,61.95631898730353,0.6284917868855474,1,27.8,0
2022,592200,2.024,58.48030688486904,0.22807473466749933,0,28.5,0
2022,592663,1.801,56.56918985462137,0.17521034940564564,0,29.3,0
2022,592663,1.817,55.088056156574524,0.16736509213033984,0,28.5,0
2022,592663,1.794,54.67673504329293,0.13668196152298995,0,28.6,0
2022,592663,1.818,54.355733360587685,0.24190070203345135,0,26.4,0
2022,592663,1.83,45.96484616029362,0.015572774324271772,0,27.6,0
2022,592663,1.791,53.341463095142146,0.09725061045681266,1,28.6,0
2022,592663,1.733,58.260305196758736,0.234146992960185,1,29.3,0
2022,592663,1.753,55.29158069660387,0.1281653640202079,0,28.7,0
2022,592663,1.908,59.34543864281669,0.33373535134922283,1,27.5,0
2022,592663,1.796,56.85254695401217,0.19514732683973526,0,29.1,0
2022,592663,1.818,54.74920366774466,0.10986975080228963,0,28.4,0
2022,592663,1.765,55.45297491073123,0.24439384935565137,1,27.3,0
2022,592663,1.944,63.46907166738324,0.3380487560904918,1,28.6,0
2022,592663,1.86,57.00214836340873,0.20988676887753738,1,28.6,0
2022,592663,1.797,54.488319194283704,0.24299533858550565,1,26.8,0
2022,592663,1.83,58.3196126385567,0.2283155631903693,1,28.1,0
2022,592663,1.739,57.707673197194815,0.2854829023863286,1,28.5,0
2022,592663,1.981,61.67176207399346,0.30111061720350385,0,28.6,0
2022,592663,1.734,53.889247553057444,0.08903772314373047,0,29.5,0
2022,592663,1.928,60.097160663174975,0.6059070252435013,1,26.9,0
2022,592663,2.04,60.356005335321605,0.42046879386109115,1,28.1,0
2022,592663,1.748,57.662474122845836,0.2312456646478396,1,29.1,0
2022,592663,1.774,57.035030147436174,0.21106803986737302,1,28.5,0
2022,592663,1.787,56.578251752637016,0.2631564338324811,1,27.8,0
2022,592663,1.759,59.482137137770664,0.33231910590178126,1,28.5,0
2022,592663,1.923,58.61983378389,0.17512411968333907,0,30.2,0
2022,592663,1.759,57.06777432944065,0.41135341516844326,1,26.5,0
2022,592663,1.787,53.43843303737514,0.09249706692572372,0,28.6,0
2022,592663,1.779,56.81900254457815,0.19242565374364454,1,28.2,0
2022,592663,1.828,56.131190521174545,0.14205768274345745,1,28.5,0
2022,592663,1.743,52.16599150843409,0.06951263808440213,1,28.8,0
2022,592663,1.975,58.151118657963224,0.19640816650040419,1,28.6,0
2022,592663,1.743,52.91301815303626,0.25630286491546933,0,25.8,0
2022,592663,1.747,59.00971633753365,0.4068118751943587,1,28.1,0
2022,592663,2.071,62.59181187861787,0.47516630067784493,1,28.9,0
2022,592663,1.768,55.35303648318466,0.07007583137255473,1,29.4,0
2022,592663,1.825,51.472773759477015,0.11102865081239982,0,27.3,0
2022,592663,1.763,55.282799655329185,0.4314295471785922,1,25.7,0
2022,592663,1.792,54.26234363841233,0.1575961397828355,0,28.1,0
2022,592663,1.899,58.67514881396692,0.2916874858185548,0,28.9,0
2022,592663,1.862,55.47746533992831,0.2421556060094903,1,26.9,0
2022,592663,1.801,55.46350110490888,0.1637892726028053,0,28.8,0
2022,595284,2.02,60.46136278871655,0.44777679446580715,0,26.8,0
2022,595284,1.969,57.593970176437544,0.2968063318851827,0,28.2,0
2022,595284,1.955,59.48374270726079,0.4386199183331686,1,27.6,0
2022,595284,2.035,58.049158406332424,0.17595506353899368,0,28.6,0
2022,595284,1.963,55.41904784635582,0.14907682854355583,0,28.9,0
2022,595284,1.88,53.67802791273485,0.09661539332848168,0,29,0
2022,595284,1.956,55.63815406972266,0.17418780752382962,1,28.1,0
2022,595751,1.868,52.390582715317194,0.04464502400419097,0,30.2,0
2022,595751,2.026,59.99210189778024,0.46229178041524505,1,27.6,0
2022,595751,1.806,51.110717407717104,0.12253460737436844,0,26.2,0
2022,595751,1.865,56.54247636041985,0.21274643235967278,0,28.6,0
2022,595751,1.982,53.04786143769358,0.08287085850735904,0,27.4,0
2022,595751,1.883,52.463148607935416,0.052135720931578464,0,28.5,0
2022,595751,1.864,51.86543107121345,0.06398819232186582,0,29.1,0
2022,595751,1.839,49.970494802857004,0.11974826521701581,0,26.2,0
2022,595751,1.967,55.22075597344198,0.0571593147099404,0,29.4,0
2022,595751,1.788,49.60775233484353,0.036921719380893295,0,28.4,0
2022,595751,1.901,54.27803897460828,0.2564753745279598,0,25.5,0
2022,595751,1.977,55.52390454123266,0.10121598051508364,0,29.9,0
2022,595751,1.864,53.43682366799288,0.2600641494569724,1,25.7,0
2022,595751,1.837,52.24467790339084,0.06559274866305126,0,28.4,0
2022,595751,1.963,50.713685599177445,0.04810122703541411,0,27.9,0
2022,595751,1.8,51.97682861685006,0.06193723273113966,0,28.6,0
2022,595978,2.002,62.26125284591633,0.40010181623844165,1,28.8,0
2022,595978,2.04,55.24700936654016,0.16429553339898506,0,28.5,0
2022,595978,1.908,53.46835663835115,0.11737056845522309,0,28.4,0
2022,595978,1.972,58.493247911269165,0.48792619521121505,1,27.1,0
2022,595978,1.966,55.473091430837165,0.22917902101352491,0,27.5,0
2022,595978,2.02,52.20973287440172,0.026714780357789028,0,28.1,0
2022,595978,1.919,55.215608505058924,0.2097828951774843,0,27.8,0
2022,595978,1.95,58.04148988817889,0.21812948347468353,1,28.6,0
2022,595978,1.947,55.679263778549156,0.3822943960162877,0,26.3,0
2022,595978,1.923,56.80374534030569,0.22187314644402426,0,28.6,0
2022,595978,1.909,58.921099681282655,0.2092213964979785,0,30.2,0
2022,595978,1.938,55.745057573293764,0.21513428763212575,1,28.2,0
2022,595978,2.207,63.99053773290996,0.5218647785040299,0,29.9,0
2022,595978,1.935,57.656253348004164,0.28685006098102667,0,28.5,0
2022,595978,1.974,57.10738869913164,0.2902942085316043,1,26.9,0
2022,595978,1.926,53.90689690556398,0.14079208514680594,0,28,0
2022,595978,1.917,58.13187496626312,0.24518395261633905,0,28.6,0
2022,595978,1.909,52.054041910413886,0.0345342778643286,0,29.3,0
2022,595978,1.987,57.63480505600997,0.22246638353953485,0,28,0
2022,595978,2.017,60.39713994819703,0.4607179020281526,1,27.7,0
2022,595978,1.93,50.683178151485656,0.03450847660443368,0,29.3,0
2022,595978,1.971,57.77793850173515,0.3358868355906094,0,27.7,0
2022,595978,1.899,60.4609536962393,0.6147085026427446,0,27,0
2022,595978,1.89,54.354380830311676,0.07259936197307382,0,30.4,0
2022,595978,1.894,55.04748760931294,0.1325045767740922,0,28.8,0
2022,595978,1.891,56.50183781722495,0.2469725256910193,1,28.1,0
2022,595978,1.993,57.47317304369381,0.11253663091536245,0,28.8,0
2022,595978,1.843,54.981250432011755,0.3574853503555218,1,26.2,0
2022,595978,1.958,54.84938981082504,0.10250553395580182,0,28,0
2022,595978,1.896,56.66882186621011,0.14501830841780586,0,29.9,0
2022,595978,1.89,57.55189927183025,0.42197007164811645,0,26.9,0
2022,595978,1.977,57.6210177264563,0.28173083691249745,0,27.7,0
2022,595978,1.917,57.03981274515362,0.17006808728293063,0,29.7,0
2022,595978,2.584,68.68047317954152,0.7721409591507228,0,28.3,0
2022,595978,2.696,67.90940418872222,0.8571161375887449,0,27.8,0
2022,595978,1.96,56.06596866078281,0.26560062622400793,0,27.8,0
2022,595978,1.949,53.04421856421871,0.06399901184604051,0,28.5,0
2022,595978,1.937,55.35551738405895,0.0736965202280036,0,30.6,0
2022,595978,1.882,54.69408606720242,0.1382771842637823,0,28.7,0
2022,595978,2.027,53.8185884783489,0.08133750400744842,0,28.3,0
2022,596117,1.933,62.600390916969616,0.6593414749732033,1,27.3,0
2022,596117,1.88,57.32136826004637,0.2603196402555828,1,28.6,0
2022,596117,1.902,57.06029121731722,0.22239642714055607,0,28.6,0
2022,596117,1.844,52.473581946025895,0.06588026096701474,0,29.1,0
2022,596117,1.915,57.02952548955898,0.26312971550255176,0,27.3,0
2022,596117,1.86,54.45178479923037,0.14389072729668453,0,28.1,0
2022,596117,1.807,56.96472363037294,0.35097524533333163,1,27.3,0
2022,596117,2.02,57.55032416252225,0.1136514424363085,0,29.5,0
2022,596117,1.891,58.98626716230296,0.37853404935696455,1,28.2,0
2022,596117,2.011,59.15160961578931,0.24079911774705995,0,28.4,0
2022,596117,1.937,52.98969241399192,0.02349905825124587,0,30.2,0
2022,596117,1.911,58.265480948837755,0.32867919822470426,1,28.2,0
2022,596117,1.951,55.48057452161434,0.14180852222290966,1,28.7,0
2022,596117,1.876,50.84815562079972,0.05551780335949659,0,28.2,0
2022,596117,1.978,57.4137128346057,0.10437059361936663,0,29.5,0
2022,596117,1.917,55.515455118998105,0.13609027917213473,0,28.7,0
2022,596142,1.902,58.2470522354405,0.2479118405760096,1,28.1,0
2022,596142,1.985,58.12441676351445,0.23598735993130432,0,29.4,0
2022,596142,1.884,53.49108278883998,0.1174408218132382,0,28.4,0
2022,596142,1.919,56.463833922866456,0.2826387801127629,0,26.8,0
2022,596142,2.068,51.26324621561909,0.04075060799604499,0,28.3,0
2022,596142,1.934,59.56745370080031,0.25488482364346426,0,29.7,0
2022,596142,1.98,55.41174609507735,0.11990904968661092,0,28.4,0
2022,596142,1.877,59.735840823579174,0.5007875023598611,1,27.7,0
2022,596142,1.857,58.09187718613949,0.3527522474778518,0,28,0
2022,596142,1.868,54.694858570272096,0.1726670899870617,0,27.8,0
2022,596142,1.915,58.43710793281366,0.21855801766800803,0,28.7,0
2022,596142,2.051,61.24523471520997,0.5882105314787671,1,27.4,0
2022,596142,1.9,54.8095100660811,0.15362232902202366,1,28.4,0
2022,596142,1.914,58.368722225962145,0.370414012120742,0,27.9,0
2022,596142,1.967,57.14030101070755,0.40899336079803567,1,25.4,0
2022,596142,1.945,57.374613873237344,0.06406153552661666,1,30.6,0
2022,596142,1.895,58.69516735447007,0.2140890867814,1,29.3,0
2022,596142,2.002,59.23165806930696,0.29768971849197073,0,28.5,0
2022,596142,1.956,60.02631612875046,0.1381723282009687,0,29.9,0
2022,596142,1.827,54.81309004247331,0.09377334114228991,0,29.7,0
2022,596142,1.93,57.74833754146103,0.25292834846129414,1,26.5,0
2022,596142,1.919,57.460861952106754,0.21589247773718256,0,28.4,0
2022,596142,1.828,53.67615770687252,0.07682720504143706,0,29.4,0
2022,596142,2.055,59.47338245501773,0.4727879219655494,0,27.8,0
2022,596142,1.857,58.53227295128826,0.28487046294588264,1,28.9,0
2022,596142,1.953,57.00207513062019,0.22852440699073995,1,28.5,0
2022,596142,1.933,57.93882560559096,0.28097059668822316,0,28.7,0
2022,596142,1.793,54.86506036109416,0.13566133285447995,1,28.6,0
2022,605131,1.998,56.0679438268236,0.0973178652310502,0,28.7,0
2022,605131,2.145,61.80673544846696,0.6308685187321526,1,26.7,0
2022,605131,2.016,54.3439555861914,0.07503899220739566,0,29.9,0
2022,605131,2.05,57.94353287317163,0.16297186743548034,0,28.8,0
2022,605131,2.098,50.88095482729293,0.042789292985144195,0,28.2,0
2022,605131,2.028,56.28530627128026,0.2663491145637428,0,27.9,0
2022,605131,2.185,57.554423781199226,0.16613148182417975,0,29.9,0
2022,605131,2.167,58.43954691546959,0.26301106154107196,0,28.2,0
2022,605131,2.033,59.13424818956799,0.19706331784704875,0,29.9,0
2022,605131,2.009,53.859123002674394,0.2009477406085476,1,27,0
2022,605131,2.1,55.670778198539,0.18425662608112758,0,28.1,0
2022,605131,1.957,61.320909901180165,0.508900668352621,0,28.5,0
2022,605131,1.996,55.93196820398711,0.2837445866648119,0,27.3,0
2022,605131,2.15,55.84583070042881,0.11805984614152025,0,29.8,0
2022,605131,2.09,57.93703521286792,0.20167383530290123,0,28.2,0
2022,605131,2.07,56.21909851581977,0.20615563021402458,0,27,0
2022,605170,1.978,54.72038389538804,0.14920729370277133,0,27.9,0
2022,605170,2.017,55.54809094396448,0.07629945549087952,0,28.9,0
2022,605170,2.026,58.53002167594456,0.3094716780122296,0,28.3,0
2022,605170,1.969,57.97732895736411,0.23101612133806984,1,29.2,0
2022,605170,2.039,54.92121592109676,0.1717441821392921,0,27.6,0
2022,605170,1.937,57.263057136230806,0.2389002066442746,0,28.7,0
2022,605170,2.079,57.06117955869548,0.2274896927319492,0,27.2,0
2022,605170,2.002,55.16625783680661,0.09648070745572138,0,29.5,0
2022,605170,1.993,55.547154066173064,0.2112873175505136,0,27.2,0
2022,605170,2.054,57.93943779454875,0.4193148371159351,1,26.8,0
2022,605170,1.989,60.17192290705835,0.6512778539067989,1,26.3,0
2022,605170,1.946,55.96551736069968,0.19152499849773166,1,28.1,0
2022,605170,2.135,60.16898794456152,0.6752089896205891,0,25.6,0
2022,605170,1.923,57.07712356495051,0.2855869941525127,0,27.2,0
2022,605170,2.026,54.840224237618145,0.061784329603203146,0,28.8,0
2022,605170,1.976,53.52341187924268,0.08637440235620794,0,28.6,0
2022,605170,2.046,60.34538026350911,0.6364853297722156,1,26.9,0
2022,605170,1.98,60.97695111532795,0.41088681438285046,1,29.1,0
2022,605170,1.964,58.843132228806674,0.3382370372758372,1,28.6,0
2022,605170,1.949,58.48263430486155,0.28051302421471197,1,28.3,0
2022,605170,1.959,54.055998175661976,0.12303819398553659,0,28,0
2022,605170,2.07,57.10688533597701,0.13198487925027852,0,29.5,0
2022,605170,1.992,56.416279966172986,0.305267384072925,1,26.9,0
2022,605170,1.948,58.06483273082942,0.33823432434835193,1,28.2,0
2022,605170,1.953,55.39612868576611,0.17579004150701097,0,28.2,0
2022,605170,1.954,55.624399146790374,0.33943841229775273,0,26.7,0
2022,605170,2.027,61.68981207752027,0.5639929309429569,1,27.5,0
2022,605170,2.168,57.059984711516435,0.07807093536317766,0,28.8,0
2022,605170,1.977,57.89238794611716,0.3573161003079474,0,27.3,0
2022,605170,2.007,57.011870294684016,0.1539598986668644,0,28.1,0
2022,605170,2.021,55.96703998819563,0.20138012598045446,0,28.3,0
2022,605170,2.052,57.00407613614623,0.3260835388612755,0,27.3,0
2022,605244,2.564,63.3836789862843,0.4333947941322623,0,30.2,0
2022,605244,1.933,53.2363722731391,0.09038048331064195,0,28.1,0
2022,605244,2.218,62.936251251450514,0.6713657298087576,0,26.6,0
2022,605244,1.871,58.18970788688528,0.1720423361604866,0,28.5,0
2022,605244,1.909,56.66388486442211,0.13364684860931594,0,29.2,0
2022,605244,1.959,58.86850585899222,0.3475120037824644,0,28.4,0
2022,605244,1.922,61.210505411125574,0.21000914346231422,0,29.2,0
2022,605244,1.911,55.62462858176694,0.18983172418934655,0,28.5,0
2022,605244,1.812,54.81158614583713,0.22862395302413682,1,27,0
2022,605244,1.975,58.16982090705882,0.2722223141393691,1,28.3,0
2022,605244,1.925,60.63907041534237,0.3918480350628155,1,28.4,0
2022,605244,1.997,60.47563251738778,0.5581144844117382,0,27.6,0
2022,605244,1.925,52.84296215674795,0.07188154662807147,0,28.8,0
2022,605244,1.888,55.99117869797342,0.19124512738305652,1,28.5,0
2022,605244,2.097,60.062226526478845,0.6452044157478087,0,26.6,0
2022,605244,1.852,52.0260873243251,0.06576225102500893,0,28.8,0
2022,606992,1.999,57.85760280242777,0.247410371984959,0,28.1,0
2022,606992,2.228,62.20509253447728,0.7026866983888572,1,27.3,0
2022,606992,1.997,56.264474151558105,0.39209832409939555,0,25.5,0
2022,606992,1.854,55.22706185186382,0.15646917006115435,1,27.7,0
2022,606992,1.924,58.253987788637055,0.3123011895328055,1,27.8,0
2022,606992,1.932,57.73593935635191,0.2715051648474154,0,27.9,0
2022,606992,1.852,60.170199989797815,0.48014199524223283,1,27.8,0
2022,606992,1.957,59.61777115173338,0.3171249200994064,0,28,0
2022,606992,1.918,58.75914149423973,0.38463307306861716,0,28,0
2022,606992,1.94,54.758854099358224,0.11657279490487359,0,29.2,0
2022,606992,1.937,59.059139956765165,0.35114055398277866,1,28.4,0
2022,606992,1.955,60.864678581509395,0.3646358965961938,0,27.6,0
2022,606992,1.901,59.54660929008268,0.3446813054018517,1,28.9,0
2022,606992,1.847,49.75132674509414,0.015218220579279478,0,30.3,0
2022,606992,1.886,58.73317980559162,0.11196844412951265,0,29.4,0
2022,606992,2.134,58.27269635870874,0.45836145125385586,0,27,0
2022,606992,1.947,57.609006018435004,0.49569295675748803,0,26.5,0
2022,606992,1.959,55.52271037909555,0.10355186631729224,0,28.5,0
2022,606992,1.921,59.202717516280835,0.4196039145114555,1,28.1,0
2022,606992,1.967,60.52135071453634,0.317801425687528,1,28.7,0
2022,606992,1.883,52.76790443744568,0.06733676368388705,0,29,0
2022,606992,1.928,58.49876315608868,0.2933847843802812,1,28.6,0
2022,606992,2.007,61.42167692038537,0.6345276204905894,1,27.1,0
2022,606992,1.967,57.86305796299037,0.1497440787884721,0,27.7,0
2022,606992,1.969,66.30183030986841,0.6448842580620453,1,30,0
2022,606992,1.945,55.66230121565932,0.038178012996545,0,30.3,0
2022,606992,1.878,49.55101828767821,0.0668998089371128,0,26.7,0
2022,606992,1.978,54.55069396964336,0.16892537878020028,0,27.5,0
2022,606992,1.865,58.92961255727205,0.32845900010284484,0,28.8,0
2022,608348,2.033,59.93482301945595,0.8008441237036698,0,27.8,1
2022,608348,1.949,55.066830996673325,0.19731069516638497,0,27.8,0
2022,608348,1.994,55.66740468811512,0.3460723515627071,0,26.7,0
2022,608348,2.047,57.70565097772689,0.45669387923024873,0,26.9,0
2022,608348,1.95,48.703499253915105,0.043382475703934276,0,27.7,0
2022,608348,1.886,55.135624872839074,0.11166263611594958,0,29.4,0
2022,608348,1.975,59.51224471973792,0.5274881868354415,1,26.6,0
2022,608348,1.91,55.76705277457759,0.18248912878516063,0,28.7,0
2022,608348,2.059,60.406266663076025,0.6930126682844524,1,26.1,0
2022,608348,2.075,54.9644683867587,0.11185710970150196,0,27.5,0
2022,608348,1.917,54.15761706817466,0.06961113507411618,0,29.7,0
2022,608348,2.009,58.33878160242624,0.22335048820133432,0,29.2,0
2022,608348,1.94,57.66705640646783,0.36053664677771,1,27.6,0
2022,608348,1.968,56.668491436251124,0.21350180537647842,0,28.8,0
2022,608348,2.101,56.98975331547205,0.4842531511230445,0,26.2,0
2022,608348,1.92,54.62657106658922,0.12477246593738958,0,28.8,0
2022,608348,1.938,55.446718625072926,0.15436620277270838,0,28.4,0
2022,608348,2.078,57.75334304808871,0.19145689293515428,0,28.2,0
2022,608348,1.932,55.126157820268936,0.12440908744109808,0,28.9,0
2022,608348,1.992,51.335880024903226,0.07892929726580082,0,28.2,0
2022,608348,2.041,55.861645863617234,0.38629494747519294,1,26.4,0
2022,608348,1.949,54.96021263592709,0.02696778472148563,1,29.8,0
2022,608348,2.015,56.51816767982781,0.17944778063868183,0,29.2,0
2022,608348,2.26,56.73517540045457,0.3383696984317505,0,26.9,0
2022,608348,2.013,56.63428591591253,0.1444348689535297,1,28.6,0
2022,608348,1.972,59.83129732704403,0.46460872247080415,1,27.6,0
2022,608348,1.995,57.594634130855304,0.20432603655576456,1,28.4,0
2022,608348,1.961,56.7837041392763,0.158621711834607,0,29.5,0
2022,608348,1.957,53.22812825933621,0.11020515580814665,0,28.4,0
2022,608348,1.932,52.201509062430674,0.18015943552653654,0,26.5,0
2022,608348,2.018,54.92752185828308,0.1552675886191832,0,28,0
2022,608348,1.91,58.099687451504465,0.26507237946841106,0,28.9,0
2022,608348,1.923,51.11465585431346,0.06944992069024622,0,27.7,0
2022,608348,1.93,50.403638042296414,0.34564510906327395,1,23,0
2022,608348,1.993,60.7266063706813,0.3373509964380479,0,29.7,0
2022,608348,2.04,56.218860336557,0.134002920952687,0,29.4,0
2022,620443,1.875,57.42032399251004,0.21769400837943684,0,27.6,0
2022,620443,1.996,53.37750572999088,0.10659973881164914,0,27.5,0
2022,620443,1.879,58.33211012771539,0.4362479887640329,1,26.9,0
2022,620443,1.906,57.80621284080784,0.1768943327658037,0,28,0
2022,620443,2.332,64.61766035584134,0.8936411114444271,1,26.1,0
2022,620443,2.072,61.85986449783762,0.35192117115191807,0,29.7,0
2022,620443,2.028,60.08642833394015,0.39246881688762225,0,27.8,0
2022,620443,2.015,58.410491196542594,0.19165590157804657,0,28.6,0
2022,620443,2.089,59.03226804263208,0.3877285521337627,1,28.3,0
2022,620443,1.913,51.16606897797306,0.056346682487331747,0,28.8,0
2022,620443,2.014,56.063079870015166,0.2098078549175344,0,27.8,0
2022,620443,1.989,50.36149536493318,0.10735507766929347,0,26.1,0
2022,620443,2.005,56.43819295447299,0.20436805590688775,0,28.5,0
2022,620443,2.018,52.96323262810012,0.05028550648825137,0,28.8,0
2022,620443,1.93,54.39436224766104,0.17393304999709325,0,27.8,0
2022,620443,1.993,54.76175735517221,0.08692733591838316,1,28.8,0
2022,620443,1.89,54.84497299571878,0.13896066172366137,1,27.8,0
2022,620443,2.028,49.24702595982569,0.017112185476554225,0,28.4,0
2022,620443,1.923,60.02422431690662,0.5294355499414642,1,27.3,0
2022,621512,1.933,59.460582380283164,0.378740137894894,0,28.6,0
2022,621512,2.009,57.453588554980556,0.10848047133016704,0,28.7,0
2022,621512,2.008,50.206158556302796,0.042967431457173334,0,26.5,0
2022,621512,1.898,56.87410672878152,0.13667725472887995,0,30.2,0
2022,621512,1.979,60.148051807515586,0.4821532659017494,1,27.9,0
2022,621512,1.932,55.80923366297811,0.13723870224346385,0,29.5,0
2022,621512,2.003,60.97024621627848,0.4421571582869131,1,26.4,0
2022,621512,1.973,55.7794832361824,0.11242097396491067,1,28.3,0
2022,621512,1.984,55.03085519481508,0.10488519701839394,0,28.7,0
2022,621512,1.953,51.65914059343064,0.06726043502096417,0,28.8,0
2022,621512,1.929,55.718032735031976,0.13145504526231674,1,28.8,0
2022,621512,1.83,52.695415644673844,0.13709637588501028,0,27.6,0
2022,621512,1.932,54.11167499575909,0.056587710288984946,1,29.7,0
2022,621512,1.897,55.63177156622952,0.13333150318486114,0,29.5,0
2022,621512,2.077,64.2441293761695,0.6994501118318655,1,27.6,0
2022,621512,1.96,54.96604176821907,0.10270184962962248,1,29.5,0
2022,621512,1.969,55.12473230723446,0.048973691392625626,0,29.2,0
2022,621512,1.988,56.521168579070526,0.16907373771708636,0,29.4,0
2022,621512,1.987,55.105523955385834,0.058891808777207164,0,29.1,0
2022,621512,1.826,56.55067789459727,0.18764696536196548,0,29.1,0
2022,621512,2.243,64.38137038541839,0.7931154664743342,0,27,0
2022,621512,1.931,54.99488624833949,0.11583458408659932,0,29.5,0
2022,621512,1.898,55.76356863545559,0.21041512639692642,0,28.3,0
2022,621512,1.973,56.733541908692835,0.17320646072534354,0,28.6,0
2022,621512,1.911,61.80610637096085,0.5204951679631402,1,28.6,0
2022,621512,1.862,50.96985064234119,0.0687376614812002,0,28.2,0
2022,621512,2.006,58.70178832398078,0.21288945556538885,1,28.7,0
2022,621512,1.935,52.67885491920314,0.04194530565674176,0,29.2,0
2022,624431,1.965,53.3914628330452,0.10616817362527342,0,28,0
2022,624431,1.95,57.97956299409906,0.28945969520557335,1,28,0
2022,624431,1.894,50.14211934278543,0.06287308534282587,0,28,0
2022,624431,1.934,58.10935502946927,0.2819408264858068,1,27.6,0
2022,624431,2.026,57.363037927937974,0.15195010390049538,0,30.1,0
2022,624431,1.987,57.446623059827516,0.688260366995762,0,24.7,0
2022,624431,1.966,59.28565599670457,0.3661002600276571,1,28.4,0
2022,624431,1.965,57.079642860583746,0.20781501875624125,1,28.4,0
2022,624431,2.015,57.588706307780214,0.2436954655170917,0,28.5,0
2022,624431,1.917,54.826590273038775,0.12130806257458139,1,29.3,0
2022,624431,1.941,53.19920381481477,0.14896565240876697,0,27.1,0
2022,624431,2.035,60.66543265915524,0.4548956631723648,0,28.5,0
2022,624431,1.916,57.122779802762146,0.21310250383433016,1,29.1,0
2022,624431,1.93,58.98029266596957,0.3576814995513378,1,28.4,0
2022,624431,2.005,53.313533717681274,0.09570482595664319,0,28.7,0
2022,624431,2.024,53.56831902218891,0.08629945514930315,0,28.3,0
2022,624431,2.11,55.805739612618375,0.3599664927902222,0,26.6,0
2022,624431,2.01,53.62882581100572,0.09173724482867514,0,28.1,0
2022,624431,1.952,57.3456575779976,0.15485487347143426,0,30.1,0
2022,624431,2.134,61.264835279119154,0.7890303371878945,0,25.9,0
2022,624431,1.976,55.72812991343734,0.15581243594500596,0,27,0
2022,624431,1.917,55.937537701334975,0.15842147700937445,0,28.5,0
2022,624431,1.994,57.96693880167298,0.4469898599578924,1,26.7,0
2022,624431,2.022,54.6674704013164,0.16296217055262888,0,26.6,0
2022,624431,2.048,56.95834309063111,0.4651607125733145,0,25.8,0
2022,624512,2.037,60.845998270549345,0.5060820208629319,0,28.3,0
2022,624512,1.989,57.18756794972292,0.3231054440385251,0,27.8,0
2022,624512,1.952,58.75524862860383,0.3792900482203443,1,27.8,0
2022,624512,1.852,59.53880963824436,0.6287095932856863,0,29.5,1
2022,624512,2.345,62.527186121626016,0.7544609039160808,1,25.5,0
2022,624512,1.931,54.47594679960639,0.16366808936601857,0,27.8,0
2022,624512,1.99,55.157011537902704,0.1345772487790218,0,28.5,0
2022,624512,1.947,53.72293125180502,0.06134943684908069,0,30.2,0
2022,624512,2.282,58.88317952275309,0.34093823709499355,0,27.1,0
2022,624512,1.922,55.8460978530145,0.19766516320948055,1,27.5,0
2022,624512,1.895,57.565546812551844,0.32055718625753393,1,28.1,0
2022,624512,1.856,57.37504784192196,0.41116544225734625,1,27.1,0
2022,624512,1.945,64.51437051979941,0.7696212428533726,1,27.8,0
2022,624512,1.868,60.26588302879523,0.24151319058687581,0,30.6,0
2022,624512,1.886,55.37469037353132,0.11620075424547628,0,29.7,0
2022,624512,1.944,53.99830175520323,0.06108869928475665,0,30.4,0
2022,624512,1.867,53.27457075831418,0.11471372479480947,0,27.6,0
2022,624512,2.123,65.73579058189453,0.8329280607860687,1,27.1,0
2022,624512,2.087,58.11355079460335,0.2011437030445867,0,29.4,0
2022,624512,1.902,60.89387733737698,0.7001572701563163,1,26.6,0
2022,624512,1.905,57.65244618558864,0.22764134668266925,1,27.8,0
2022,624512,1.952,57.59772159820158,0.3299536799304308,0,27.9,0
2022,624512,1.863,57.28132529541828,0.36820597430750446,1,27.4,0
2022,624512,1.841,56.03928047426255,0.113321518490074,0,30.1,0
2022,624512,1.974,57.29049362263064,0.4408570163033381,1,26.7,0
2022,624512,1.981,54.18890302082212,0.03560243599084949,1,27.9,0
2022,624512,1.85,58.18235206221399,0.18026830824596332,0,30.1,0
2022,624512,1.987,52.7623688935396,0.047281520433653926,0,28.9,0
2022,624512,1.927,58.00091718395868,0.113100423536691,1,30.4,0
2022,624512,1.954,55.9921329683262,0.07271079286412084,0,28.5,0
2022,624512,2.032,59.69539622913593,0.2757121283778697,0,27.9,0
2022,624512,1.975,55.557575810929656,0.21171384730136517,0,28.1,0
2022,624512,2.014,60.18018015649335,0.3722777843718946,0,28.8,0
2022,641680,2.024,58.73996239000418,0.31404295735407844,1,28.2,0
2022,641680,1.965,56.27109730731619,0.17350050565062283,0,27.8,0
2022,641680,1.99,56.70324863086312,0.08940139177421076,0,28.2,0
2022,641680,2.004,56.750510292333665,0.24523080392375549,0,28.2,0
2022,641680,1.969,57.98544001774382,0.19798012995520972,0,29.1,0
2022,641680,1.975,60.40804952276687,0.6411814645950835,1,26.5,0
2022,641680,1.952,55.068390252711275,0.27217112612418537,0,26.5,0
2022,641680,1.951,54.70585752249891,0.06604886426883996,0,29.4,0
2022,641680,1.958,55.90332637577943,0.1962264259971808,0,28,0
2022,641680,1.907,54.632250270444885,0.08446381189363764,0,30.1,0
2022,641680,2.008,57.65157151449578,0.2995475189854977,1,27,0
2022,641680,2.098,59.48045788472922,0.26074155347340955,0,28.6,0
2022,641680,1.956,54.97470381199953,0.1120454570457768,0,28.5,0
2022,641680,2.526,64.89487961841186,0.7764372720234606,0,27.3,0
2022,641680,1.945,56.59018829466342,0.33598840742309016,1,26.8,0
2022,641680,1.872,56.40033034970234,0.12990643378098546,0,30.1,0
2022,641680,2.036,55.07484712784122,0.157691864835089,0,28,0
2022,641680,2.03,61.893226144270365,0.4218331492820571,1,28.3,0
2022,641680,1.947,55.10099401653345,0.12215158109956067,0,28.8,0
2022,641680,2.019,52.67067662632646,0.11567108625873368,0,28,0
2022,641680,2.029,56.26381141807961,0.1580065598450102,0,27.6,0
2022,641680,2.037,58.73321658049883,0.3046042494300488,1,28.1,0
2022,641680,1.99,56.54398576309999,0.09087783093987588,0,30.4,0
2022,641680,2.066,57.50765927626174,0.33975603137971855,0,27.8,0
2022,641680,2.053,56.61290273642306,0.06307324161104523,0,28.9,0
2022,641680,2.065,55.17673932132773,0.3038185764699887,0,26.8,0
2022,641680,2.023,62.011591286644254,0.4543260670313314,1,28.3,0
2022,641680,2.112,54.67611570709312,0.11815137500570556,0,28.3,0
2022,641680,1.936,54.152151995339366,0.1574615254748312,0,28.1,0
2022,641680,2.025,54.06954526109052,0.13614058045921565,0,27.7,0
2022,641680,1.992,56.54023679317145,0.13315093244598677,0,30.1,0
2022,641680,1.993,58.95690118420314,0.22698934868871345,0,29.5,0
2022,641680,1.894,59.89773639338859,0.25237478187214435,0,30.1,0
2022,641680,2.092,56.44233335250209,0.12018207159351885,0,29.5,0
2022,641680,1.987,52.90282964536118,0.09360767175576354,0,28.1,0
2022,641680,1.984,56.80041471352599,0.14521806151650052,0,29.4,0
2022,641680,2.01,58.48418500530674,0.1747640396065839,0,27.8,0
2022,641680,2.025,58.398736451950164,0.3324572547707859,1,28.4,0
2022,641680,1.968,53.18044971730791,0.12601707128777906,0,28,0
2022,641680,1.938,56.87085934978062,0.13649050525147788,0,30.1,0
2022,641680,1.99,58.706343447272346,0.18992290722065747,0,28.2,0
2022,641680,1.964,57.85841345101498,0.4018063436792384,1,27.3,0
2022,641680,1.949,56.57790133442196,0.24214492968877058,1,27.8,0
2022,642020,1.984,57.844105813426594,0.1746608836489258,0,29.7,0
2022,642020,1.998,55.38717570436141,0.1400472099909412,0,28.8,0
2022,642020,2.007,57.6072301850859,0.27686038879171815,1,27.1,0
2022,642020,1.825,56.889540831146554,0.3097568193326636,1,27.6,0
2022,642020,1.946,57.30185837550377,0.2918305414587375,0,28.1,0
2022,642020,1.844,55.92309269126005,0.24880616265987068,0,27.3,0
2022,642020,1.83,54.882059092745095,0.22880976235214096,0,26.9,0
2022,642020,1.883,57.02807258409081,0.16988260970877972,0,29.1,0
2022,642020,1.872,59.43950605714016,0.2656120301806244,0,29.8,0
2022,642020,1.846,56.987604220306935,0.3004486685160103,1,27.9,0
2022,642336,1.892,55.140267064953505,0.2337582839059731,0,27.5,0
2022,642336,1.891,54.557532674429645,0.34119254142127636,0,26.1,0
2022,642336,1.857,53.859056515845204,0.07298457695237168,0,30.1,0
2022,642336,1.875,55.143348005392745,0.08083304725060163,0,29.5,0
2022,642336,1.864,57.68805432846976,0.14751794671274324,1,29.7,0
2022,642336,1.949,61.40451413478656,0.4792883063127281,1,28.5,0
2022,642336,1.982,57.1309804152146,0.17734007139421631,0,27.9,0
2022,642336,1.872,59.498403354214304,0.5055590735459249,1,27.2,0
2022,642336,2.425,55.38014601016539,0.1654408195541943,0,27.2,0
2022,642336,1.86,55.5908934716558,0.15683832215166066,1,28.9,0
2022,642336,2.024,61.4160814068736,0.36205805840620087,0,28.8,0
2022,642336,1.96,51.95960623553249,0.09789588681645901,0,27.4,0
2022,642336,1.913,51.19755302859204,0.053483041033661645,0,27.8,0
2022,642336,2.025,54.437792611364486,0.07193525758420807,0,30,0
2022,642336,1.907,50.370117665887165,0.052020737022024345,0,28.5,0
2022,642336,1.989,54.68045107932342,0.030115839194338263,0,30.3,0
2022,642336,1.93,58.41968140898808,0.4358749277200544,1,26.6,0
2022,642336,2.057,53.76014478773945,0.11448277213158248,0,28.5,0
2022,642336,1.849,57.55128022464222,0.20319332222327363,1,28.5,0
2022,642336,1.838,54.49185563443469,0.10048911993350375,0,29.3,0
2022,642336,2.141,66.32112127703411,0.8294044317207453,1,27.8,0
2022,642336,1.899,52.5232937391635,0.10418196588795534,0,28.2,0
2022,642851,1.935,54.2629111543309,0.09907968604970283,0,28.6,0
2022,642851,2.015,55.75989054309062,0.2423744096455728,0,27.3,0
2022,642851,2.06,52.13045255744721,0.07748221962265295,0,27.2,0
2022,642851,2.007,53.81007831972178,0.08948402056676491,0,28.3,0
2022,642851,2.03,56.878721884698145,0.14101761411103644,0,28.7,0
2022,642851,1.934,55.39181093440714,0.19582779678288073,0,27.7,0
2022,642851,1.914,59.85706420145446,0.3171595430355954,0,29.1,0
2022,642851,2.022,55.02514422133185,0.06982066430355484,0,28.7,0
2022,642851,2.457,61.514226822207185,0.3284742920140177,1,30.2,0
2022,642851,2.129,57.11914857462999,0.3841480839416006,0,26.4,0
2022,642851,2.059,58.213767498060534,0.25980497328271807,0,28.2,0
2022,642851,1.99,58.541550874984715,0.5585142522779389,1,26.2,0
2022,643376,1.979,56.61682315003288,0.30456403313746744,0,27.6,0
2022,643376,1.919,55.69822653508937,0.48181687403143514,1,25.5,0
2022,643376,1.898,59.358995473881556,0.49829559644385274,0,27.5,0
2022,643376,1.953,59.542597480149375,0.35072222459476565,1,28.8,0
2022,643376,1.947,59.16488926287293,0.2520677904547074,1,28,0
2022,643376,1.871,60.10525211312267,0.19961613840882758,1,30.1,0
2022,643376,2.119,53.5962644252819,0.10555484732544101,0,28.2,0
2022,643376,1.92,58.76373198540287,0.13794199193319334,0,30.4,0
2022,643376,2.066,62.33693137278231,0.32123138169644044,0,29.7,0
2022,643376,1.921,52.035169477511424,0.05142234411027082,1,28.7,0
2022,643376,2.12,56.9960155156859,0.14690024026376666,0,30.1,0
2022,643376,1.867,59.87777633657323,0.3635969673122897,0,28.9,0
2022,643376,2.064,65.01153555204269,0.8517248561822837,0,26.7,0
2022,643376,1.908,54.88022901403897,0.06756604825475492,0,30.3,0
2022,643376,2.031,54.72597534550582,0.26093062279363116,0,26.3,0
2022,643376,1.968,56.23875567414596,0.08107762252061475,0,28.8,0
2022,643376,1.99,55.77857170904342,0.09020835015354789,1,28.3,0
2022,643376,1.967,57.81040852708919,0.2518991418432615,0,28.1,0
2022,643376,1.925,56.70895028966946,0.14446425045907654,1,27.1,0
2022,643376,2.181,64.97695750063214,0.7296175243080589,1,27.9,0
2022,643376,1.875,57.44540446030486,0.31664095773785766,0,27.8,0
2022,643376,1.993,58.38390103907086,0.3166772525818598,0,27.7,0
2022,645444,2.015,59.6460205199611,0.38541687067327973,1,28.1,0
2022,645444,1.869,55.763523970104075,0.1752263747797187,1,28.7,0
2022,645444,1.856,56.43162867205512,0.15010122402046475,0,27.7,0
2022,645444,1.905,58.162907965812586,0.296889326817458,0,28.5,0
2022,645444,1.941,59.067922160019265,0.29549585469748363,1,29,0
2022,645444,2.241,65.27310442921431,0.7403151361781709,1,28.2,0
2022,645444,1.856,58.750637280837026,0.1942416853609466,1,30.1,0
2022,645444,2.025,58.266676044315425,0.3297115009828915,0,27.8,0
2022,645444,1.808,59.09314038059007,0.18566047697102922,1,30.2,0
2022,645444,1.893,54.60955236537788,0.08696550976571675,0,28.8,0
2022,657136,1.933,56.61662854947799,0.23303111324513354,0,28.5,0
2022,657136,1.926,58.63540037358144,0.2505538271539263,0,28.5,0
2022,657136,1.928,58.37381185367288,0.33687321049652313,0,27.7,0
2022,657136,1.975,48.521701912906245,0.011833076574514295,0,29.7,0
2022,657136,1.927,56.65661170689205,0.23673929017806575,1,28.1,0
2022,657136,1.916,58.738010601852736,0.3306753297218813,1,28.5,0
2022,657136,1.87,55.90155685163009,0.17886484593156865,0,27.9,0
2022,657136,1.895,53.1231642528609,0.013930944403924412,0,30.3,0
2022,657136,1.89,56.89741320625901,0.27962972487413207,0,27.9,0
2022,657136,2.029,51.93020836606574,0.07864383607136524,0,28.5,0
2022,657136,1.901,55.86700291223442,0.35235145369497006,0,26.5,0
2022,657136,1.928,50.036683510225714,0.02555120830338378,0,28.3,0
2022,657136,1.911,59.211420819340546,0.31566124126924333,1,29.1,0
2022,657136,1.873,53.78093624366104,0.19454760523659334,0,27.3,0
2022,657136,1.96,50.32837817049075,0.08418273732077562,0,27.1,0
2022,657709,2.131,58.12997850502978,0.19886823514857402,0,28.5,0
2022,657709,2.069,55.00709908132609,0.11974122560842601,0,28.8,0
2022,657709,2.04,60.09516036720965,0.3630356049491141,0,28.5,0
2022,657709,2.067,51.1055236319001,0.11683511643510984,0,26.9,0
2022,657709,2.08,57.12412134185641,0.15108330985053148,0,30,0
2022,657709,2.083,58.75449596288772,0.413253922500299,0,27.8,0
2022,657709,2.091,60.35426346886318,0.4175561151663992,0,28.7,0
2022,657709,2.013,56.00149485968856,0.17147708133800962,0,28.4,0
2022,657709,2.232,60.16352291999671,0.22622396486772436,0,28.5,0
2022,657709,2.076,53.88614977249085,0.1983342761167521,0,26.7,0
2022,657709,2.172,60.14233956560407,0.37668736914559053,0,28.7,0
2022,657709,1.975,54.76040001484286,0.10985605292771365,0,28.9,0
2022,657709,2.145,59.80438082829498,0.44123728806015833,0,27.2,0
2022,657709,1.992,57.100342108567396,0.24749876521038774,0,28.6,0
2022,657709,2.063,55.77103443507674,0.27678097840347066,0,26.7,0
2022,657709,2.135,61.34052351494104,0.40575616214232224,0,29.1,0
2022,657709,2.044,59.27867068515653,0.380098454388608,1,28.5,0
2022,657709,2.067,52.91160587775283,0.21735213836584633,0,25.9,0
2022,657709,2.017,55.25564564913169,0.10598762409074877,0,28.5,0
2022,657709,2.057,54.19731037885613,0.14003214131742528,0,28.5,0
2022,657709,2.084,58.3637009273439,0.22427857751246852,0,28.8,0
2022,660688,1.996,62.12002199537677,0.49677252817603945,1,29.1,0
2022,660688,2.166,59.34649940800324,0.5830241333914762,0,26.8,0
2022,660688,2.113,62.59774782825569,0.5488449237343165,0,28.6,0
2022,660688,1.891,57.132953488014174,0.26807996524348265,0,28.4,0
2022,660688,2.098,59.426119875437074,0.2754416347056088,1,27.9,0
2022,660688,1.966,57.52118636838682,0.22018588683651266,0,28.4,0
2022,660688,1.919,58.4883031929382,0.26858410415040496,1,28.5,0
2022,660688,2.121,59.23112682216811,0.3516817128466042,0,28.1,0
2022,660688,1.999,56.63030254562443,0.11247774314939088,0,28.8,0
2022,660688,2.046,57.280061088912596,0.4297288435401253,0,26.4,0
2022,660688,2.093,61.78180226026051,0.36998207404617905,1,29.1,0
2022,660688,2.027,60.74672041046755,0.4595001224385768,0,28.3,0
2022,660688,2.002,57.218051819286714,0.18132894993860027,1,28.9,0
2022,660688,2.005,55.983750497341575,0.0910008920355553,0,28.7,0
2022,660688,1.987,57.08354132471261,0.11520925657988867,0,29.5,0
2022,660688,1.964,59.5881806685359,0.3308303118140953,0,29.1,0
2022,660688,2.055,53.9093168505278,0.08390545749316689,0,29,0
2022,660688,1.961,57.782579607976736,0.32755872865455016,0,27.9,0
2022,660688,2.035,55.98869001511992,0.29648956294368767,0,27.2,0
2022,660688,1.885,57.28919375862644,0.2134603957986868,1,28.6,0
2022,660688,2.044,58.59469639338211,0.3575214264537686,0,27.8,0
2022,660688,2.002,58.59931676274699,0.17315325114543229,0,28.4,0
2022,660688,2.198,59.109962572555006,0.23240805897698583,0,28.8,0
2022,660688,2.009,57.17268953264333,0.3361684480105444,0,27.3,0
2022,660688,1.931,55.109760227433966,0.13801909069500887,0,28.5,0
2022,660688,1.829,54.62393709206135,0.1716681407923976,0,28.2,0
2022,660688,2.013,58.63125423074701,0.2668956743466108,0,28.2,0
2022,660688,1.894,60.19614459101756,0.37776026792514455,1,28.7,0
2022,660688,1.976,55.67133035267257,0.12120783143252543,0,29.4,0
2022,660688,2.992,72.01185910965452,0.9451909911084195,0,28.2,0
2022,660688,2.061,56.66831165478636,0.1076570980670351,0,28.7,0
2022,660688,2.065,55.663515233932806,0.38495895326847346,0,25.8,0
2022,660688,2.044,62.053397613182476,0.5403217747672905,1,28.3,0
2022,660688,1.975,58.34282987758928,0.2444755748854585,1,28.9,0
2022,660688,1.936,57.43463162611305,0.1677132542713676,0,28.3,0
2022,660688,2.092,56.2406733130001,0.13036424149178147,0,28.4,0
2022,660688,1.989,59.03256383057429,0.3622921544402349,0,28.4,0
2022,660688,1.952,55.29354025232816,0.13141074932226043,0,27.3,0
2022,660688,1.993,58.053186874584036,0.1306175347229489,0,29.5,0
2022,660688,1.905,54.98549769630697,0.1119278493774456,0,29.5,0
2022,660688,1.94,59.53121922182216,0.314922584722081,1,28.6,0
2022,660688,1.879,56.85888377755696,0.2473053626463989,1,28.3,0
2022,660688,2.016,52.20542716808632,0.10134143624557757,0,28.1,0
2022,660688,2.15,60.753772041876346,0.4870659861553479,1,26.5,0
2022,660688,1.962,57.02832892076846,0.24343068369943796,1,28.6,0
2022,661388,2.102,55.78697214911572,0.476227535612525,0,24.4,0
2022,661388,2.008,54.45157689240139,0.11366105234670787,0,28.9,0
2022,661388,1.901,58.495979371886186,0.23309744309390554,1,29.4,0
2022,661388,1.992,59.73522816709647,0.24959226196773054,0,29.3,0
2022,661388,1.985,56.6036940276852,0.08881072578883378,0,29.5,0
2022,661388,1.915,57.64025334177822,0.4152404738899254,0,27.2,0
2022,661388,1.987,55.18014874360504,0.27241647712730277,0,27.1,0
2022,661388,1.934,54.20785792385403,0.1271923529707592,0,28.1,0
2022,661388,1.962,52.54553950667283,0.07201167359393996,0,27.8,0
2022,661388,1.875,56.8258794323062,0.16317267984687658,0,29.5,0
2022,661388,1.965,51.94818980820704,0.20350031081060982,0,25.9,0
2022,661388,1.866,50.74033793088814,0.06117223180105019,0,28,0
2022,661388,1.928,60.63528065621234,0.434630759583295,0,28.5,0
2022,661388,1.836,57.365809191477524,0.2515134379704894,0,28.7,0
2022,661388,2.037,54.182118801605206,0.08762829800367246,0,28.1,0
2022,661388,2.3,59.52047782169947,0.5653942676484365,1,25.6,0
2022,661388,1.906,55.73629091858356,0.13452158773895928,0,28.2,0
2022,661531,1.949,58.719690001021696,0.3329544205537001,1,28.6,0
2022,661531,1.971,57.74541299544334,0.295875036293383,0,28.4,0
2022,661531,1.946,52.74818201136463,0.03865994705763376,0,29.9,0
2022,661531,1.945,57.50934737434899,0.27905507154374315,0,27.2,0
2022,661531,1.993,56.68825739594194,0.2166208985589193,0,28.7,0
2022,661531,2.036,54.09747412393512,0.07083202741127143,0,29.5,0
2022,661531,1.918,53.680570287458195,0.15547309677366863,0,27,0
2022,661531,1.993,59.04123201543255,0.5026643950963852,1,26.4,0
2022,661531,1.933,54.542605190302986,0.11575818737954942,0,28.8,0
2022,661531,1.945,59.59198353350981,0.35712123037040844,0,28,0
2022,661531,1.851,54.03893802968966,0.150273436072177,1,27.6,0
2022,661531,1.885,55.49973249176007,0.1914199234046212,1,28.2,0
2022,661531,1.958,58.399471914493574,0.19641954439240378,0,28.6,0
2022,661531,1.941,55.40371003232835,0.18046730079754572,0,28.2,0
2022,661531,2.448,65.88617095777832,0.6003749639041055,0,28.7,0
2022,661531,2.007,54.985277104774255,0.15701691377016605,0,28.1,0
2022,661531,1.944,57.40506407623225,0.3740858732229236,0,27.3,0
2022,661531,2.031,59.94563828102404,0.4753916181306368,1,27.5,0
2022,661531,2.107,57.05529946166589,0.11776577863616992,0,28.6,0
2022,661531,1.956,53.57353596470755,0.07265730621521453,1,28.8,0
2022,661531,1.915,54.7013600202296,0.09371271981098905,0,29.9,0
2022,661531,1.936,59.777583561967724,0.2958293277201006,0,29.1,0
2022,661531,1.94,56.80579267839462,0.09671581666183365,0,30,0
2022,661531,1.943,56.48823519638705,0.22525879877853905,1,28.3,0
2022,661531,2.098,55.862772824643685,0.09968481714509934,0,29.5,0
2022,661531,2.299,64.88076178972162,0.8054263804187365,0,27.4,0
2022,661531,2.06,51.38774953206303,0.154525992476889,0,26.4,0
2022,663698,1.919,46.99600438156809,0.01018647037156403,0,30.2,0
2022,663698,1.93,57.36984519127574,0.48419504131935437,1,26.4,0
2022,663698,2.583,71.34955504662975,0.8810538255702206,1,29.8,0
2022,663698,1.912,56.537066010287816,0.10016762477357599,0,29.9,0
2022,663698,1.843,54.59536804671532,0.08555875576104442,0,30,0
2022,663698,1.992,54.489178166812685,0.13409511906415467,0,26.5,0
2022,663698,1.966,51.975957142715146,0.24884306662423547,0,25.5,0
2022,663698,2.133,56.11783684456942,0.15967411002903417,0,28.4,0
2022,663698,2.026,60.19246215753986,0.6102727926738225,1,27,0
2022,663698,2.06,61.51180281277974,0.4008666213119863,1,28.8,0
2022,663698,2.069,57.75661814440587,0.20208597979235732,0,28.5,0
2022,663698,1.853,54.80171337060385,0.23294418176627465,0,27.3,0
2022,663698,1.968,60.0080454837332,0.523984888563975,0,27.3,0
2022,663698,1.896,55.834657289299244,0.11976934075946924,0,29.3,0
2022,663698,2.01,55.81451003514855,0.15984189481325112,1,27.7,0
2022,663698,2.048,55.30984017178129,0.12504172227309973,0,28.4,0
2022,663698,1.976,58.631431114315696,0.23146537693767807,1,28.4,0
2022,663698,1.99,59.504056525915544,0.34627852751294363,0,28.5,0
2022,663698,1.894,55.810754290083466,0.186020633581016,0,28.7,0
2022,663698,1.894,57.58867679694758,0.18303164599062285,0,29.2,0
2022,663698,2.108,53.3054292235401,0.07943180589810803,0,28.4,0
2022,663728,1.919,55.46330085306017,0.09653710069798109,0,29.8,0
2022,663728,1.986,62.28695100173571,0.5063429154595961,0,28.9,0
2022,663728,2.025,56.956503655747184,0.25195271653839163,0,28.5,0
2022,663728,1.962,58.24047381670198,0.25345161027201196,1,28.5,0
2022,663728,2.005,61.13568330186168,0.6120671701004401,1,27.5,0
2022,663728,1.948,59.645800060262296,0.5421943268681548,0,27.3,0
2022,663728,1.926,58.70673693723779,0.06374743145609359,0,30.3,0
2022,663728,1.877,55.9127445302265,0.4299922215348403,1,26.1,0
2022,663728,2.011,55.37973327315851,0.12881955800007686,0,27.9,0
2022,663728,1.998,53.815032417135285,0.17023411538621025,0,26.9,0
2022,663728,2.01,53.214034368581956,0.12622527167131112,0,27.2,0
2022,663728,2.024,58.80792612284124,0.34435553127140894,0,28.5,0
2022,663728,1.955,58.141483961404056,0.23989600434545605,0,29.3,0
2022,663728,2.071,62.527866378971076,0.7570995576732906,1,26.8,0
2022,663728,1.902,59.8362478473659,0.4026021742494498,1,28,0
2022,663728,1.999,57.280447564502076,0.300215411412323,0,27.5,0
2022,663728,1.95,59.525586909439944,0.2422819221042058,1,28.9,0
2022,663728,1.961,56.219426206994754,0.19579092762605577,1,28.6,0
2022,663728,2.07,55.602639984227075,0.15808320180137564,0,27.8,0
2022,663728,2.01,58.70794057346455,0.5124660574993417,0,26.8,0
2022,663728,1.98,58.83283640849012,0.4522549011100753,1,27.6,0
2022,663728,1.997,57.13961461005503,0.23763360848912712,0,28.7,0
2022,663728,2.018,57.94795624020478,0.13521626755796864,0,28.8,0
2022,663728,2.07,60.028113051522254,0.22765302279261893,0,29.5,0
2022,663728,1.928,51.985763926536876,0.051819362334860376,0,28.7,0
2022,663728,1.934,53.82058862996386,0.20274430448470607,0,26.6,0
2022,663728,1.94,61.10996027497223,0.4260349777357302,1,28.6,0
2022,663728,2.009,55.35722694178297,0.061892363296507304,0,29.5,0
2022,663728,1.891,55.96159477066365,0.20539202055132053,0,27.3,0
2022,663728,1.952,61.54003426907436,0.6322984440869873,1,27.6,0
2022,663728,2.062,61.346138391460485,0.4659959391395164,0,28.9,0
2022,663728,1.947,53.32716817859357,0.14143410606853873,1,27.8,0
2022,663728,2.026,59.98384818606826,0.370611583806788,0,29,0
2022,663728,1.951,57.10853886474266,0.16731539664923833,0,29,0
2022,663728,1.896,59.23844286993278,0.3230850819407703,0,28.3,0
2022,663728,1.963,60.799081582256086,0.4385748919388564,1,28.8,0
2022,663728,1.973,54.11926855586867,0.20528982423735806,0,27.1,0
2022,663728,1.978,56.52354282230304,0.17932329308018505,0,29,0
2022,663728,2.044,51.89357182207022,0.13292171199258815,0,26.1,0
2022,663728,1.994,61.256628518334374,0.4593217291361315,0,27.8,0
2022,663728,1.978,54.40441997752077,0.1274159291135906,0,28.9,0
2022,663728,2.074,62.00423720234582,0.34457607617806635,1,30,0
2022,663728,2.019,58.62313792578722,0.38616625050698516,0,27.9,0
2022,663743,1.934,60.110252522348596,0.6239860620078242,1,26.8,0
2022,663743,1.904,53.30101791238329,0.09453025499756783,0,28.1,0
2022,663743,1.838,55.21223422314556,0.11493691975466765,0,28.6,0
2022,663743,1.919,57.207378789811955,0.3043006591919612,0,26.8,0
2022,663743,1.969,55.069743140283634,0.1115592477748885,0,28.6,0
2022,663743,2.067,58.16587477618448,0.3213637278602398,0,27.1,0
2022,663743,1.914,60.33315636177418,0.3575617119286082,0,29.3,0
2022,663743,2.16,54.24005690155992,0.12059671882161477,0,27.9,0
2022,663743,1.899,54.911228342074544,0.11435562447522533,0,29.5,0
2022,663743,1.957,58.20917646450127,0.15058983772307596,1,28.5,0
2022,663743,1.964,52.2343981565481,0.03125914956598605,0,29.5,0
2022,663743,1.866,59.45630111481632,0.38860746008092883,1,28.5,0
2022,663743,2.098,57.40013727816184,0.16265169105415814,0,27.8,0
2022,663743,1.862,55.71959860037816,0.13618484992052945,0,28.7,0
2022,663743,1.839,54.3548782948228,0.11445708035837387,1,29.1,0
2022,663743,1.922,56.361600632367605,0.09083027113686835,0,30.3,0
2022,663743,1.839,57.97313590006165,0.3790969783815446,1,27.7,0
2022,663743,1.862,54.22032832916757,0.08112409209260288,0,28.8,0
2022,663743,1.811,52.62869965948163,0.041888052868901356,0,30.2,0
2022,663743,1.909,55.81555933611979,0.11500867535009378,0,26.9,0
2022,664731,1.972,55.88454494765134,0.09598933194341294,0,30.2,0
2022,664731,2.022,57.199217999153156,0.17480307041115356,0,29.6,0
2022,664731,1.964,59.0378195140708,0.17252666455995191,1,29.5,0
2022,664731,2.214,59.80740489893092,0.20425762581063428,0,29.6,0
2022,664731,1.984,56.531867003685235,0.3306346307682904,0,27.3,0
2022,664731,2.265,56.70859203435719,0.11252516085026652,0,28.8,0
2022,664731,1.991,58.81454403352716,0.20251405902829145,0,29.1,0
2022,664731,1.927,55.67302724909027,0.17383150626061813,0,28.4,0
2022,664731,2.097,52.3244276391377,0.06437385684448174,0,29.2,0
2022,664731,1.966,56.70831495042294,0.13254454231340987,0,30,0
2022,664731,2.029,59.18171470835658,0.2653572220925374,1,29.2,0
2022,664850,2.023,55.99187936190581,0.2512646369733266,0,27.9,0
2022,664850,2.058,57.66638247717026,0.311831348883919,0,27.7,0
2022,664850,2.022,58.10269516545251,0.31023662822933407,0,28.5,0
2022,664850,2.076,60.77651757002517,0.36430252866835755,1,29.4,0
2022,664850,2.074,54.94452856826206,0.08227535107292046,0,28.6,0
2022,664850,2.018,52.24460960523039,0.15336727254101024,0,26.4,0
2022,664850,2.1,61.0580826531456,0.4747765264503794,1,27.8,0
2022,664874,1.982,58.466650589607504,0.3662119540643194,1,28.1,0
2022,664874,1.929,52.851988326684705,0.11449795870018038,1,27.9,0
2022,664874,1.953,53.283247576400804,0.2381647186820677,0,26.4,0
2022,664874,2.788,69.2337479588501,0.872039566505166,1,28.5,0
2022,664874,1.919,55.26797667011399,0.07817667876205041,0,30.3,0
2022,664874,2.007,57.50679995690358,0.11848592876434003,0,30.3,0
2022,664874,2.108,60.25994123545575,0.33364888590261904,1,28.6,0
2022,664874,1.882,58.29701381824496,0.3401012982228713,0,27.9,0
2022,664874,2.148,57.48599834747007,0.19264539699655212,0,28.5,0
2022,664874,1.961,59.22851628054319,0.12760131091945062,0,30.4,0
2022,664874,1.844,56.531666915285385,0.18026747611252847,1,28.9,0
2022,664874,1.954,52.82402282631801,0.0693077213170009,0,27.3,0
2022,664874,1.967,56.033597453118674,0.13706328932965114,1,28,0
2022,664874,1.978,50.79920689318413,0.026237270118358736,0,29.3,0
2022,664874,1.888,54.18999268952395,0.07348162525655746,0,30.1,0
2022,668663,1.999,53.876644787434586,0.08927803855028375,0,28.4,0
2022,668663,2.109,57.59111533043524,0.26663376078537115,0,27.9,0
2022,668663,2.007,60.246332357683094,0.3118546133520383,0,29.5,0
2022,668663,2.225,65.58962847686374,0.852343942162893,1,27.3,0
2022,668663,1.992,54.58144675794551,0.13383759203300669,0,28.6,0
2022,668663,2.031,58.47203086556776,0.46290893927777976,0,27.1,0
2022,668663,2.007,59.606005212106446,0.17222586598938536,0,29.9,0
2022,668939,1.901,57.42969209666983,0.26745592971278603,1,28.6,0
2022,668939,1.889,57.40420977152016,0.13682140975034965,0,29,0
2022,668939,1.869,54.59229387713758,0.14227824260590355,0,28.5,0
2022,668939,1.946,56.056507547360496,0.2205982332277014,1,28.2,0
2022,668939,1.869,55.11829954756338,0.17053086968138606,1,28.5,0
2022,668939,1.892,56.54531829451694,0.13325646865255458,0,28.5,0
2022,668939,1.86,59.30302371582263,0.20805047409938346,1,27.8,0
2022,668939,1.878,55.26634238898268,0.13110392731500833,0,27.3,0
2022,668939,1.977,53.49624958751343,0.10355482798175263,0,27.1,0
2022,668939,2.008,61.88212998045313,0.5046920395407105,1,28.5,0
2022,668939,1.907,54.70448955765794,0.14203810598447195,1,27.9,0
2022,668939,1.964,59.87774301377245,0.5826709554497902,0,27.1,0
2022,668939,1.873,57.91467014520375,0.3034856042000695,0,28.3,0
2022,668939,2.015,60.060434824007544,0.5530371072612648,1,27.1,0
2022,668939,1.998,56.137048448657346,0.23619183224097617,0,28.2,0
2022,668939,1.849,56.62228264662406,0.23582498506903216,0,28.5,0
2022,668939,2.107,63.00792525424432,0.7918793691203629,1,26.8,0
2022,668939,1.911,53.98640177535714,0.14887897639462358,0,27.6,0
2022,668939,1.851,60.23622761581573,0.41134706069806104,0,28.3,0
2022,668939,1.914,58.92167559192568,0.3194910690006038,1,27.7,0
2022,668939,2.032,57.67756834801939,0.3587350402409849,0,27.7,0
2022,668939,1.83,56.530183220331146,0.26142985158464027,0,27.9,0
2022,669004,1.955,60.32291973807598,0.37942975407218477,1,28.5,0
2022,669004,1.91,61.16524264851101,0.5952712025030708,1,27.6,0
2022,669004,2.468,59.155922731707214,0.3844062665803628,0,27.7,0
2022,669004,1.92,55.839139925643536,0.14435711982644459,0,27.5,0
2022,669004,2.021,59.38205351082171,0.2175130593737736,0,27.8,0
2022,669004,1.939,61.72722462713605,0.6642833305823753,1,27.4,0
2022,669004,1.923,55.14279531143537,0.2759428943968963,0,26.5,0
2022,669004,1.926,61.5998027431811,0.4562301387013367,1,28,0
2022,669004,1.923,53.49682398488785,0.10870628456220169,0,28.4,0
2022,669004,1.921,58.24064111091596,0.3244348995844331,0,26.8,0
2022,669004,1.919,59.72965371140119,0.2925870590758605,0,28.9,0
2022,669004,1.874,57.44222041471608,0.29573398223978753,1,27,0
2022,669004,2.047,60.641423900685446,0.4924125430310311,1,28.3,0
2022,669004,1.855,67.77984759677376,0.8057414338194883,1,28.6,0
2022,669004,1.959,60.34267642120854,0.44401129909912057,0,28.5,0
2022,669004,1.996,58.17454583956034,0.24356961242071842,1,28.1,0
2022,669004,1.844,49.774238184705844,0.034524801844257935,0,29.4,0
2022,669087,2.154,58.38666186118541,0.1792347436840411,0,29.4,0
2022,669087,1.973,53.97989252737045,0.11020858234976533,0,29,0
2022,669087,1.93,55.53217327914716,0.11728998037788534,0,28.1,0
2022,669087,1.892,57.715190364222586,0.22472136340505847,0,28.6,0
2022,669087,2.344,60.18489387771354,0.3590060087322296,0,28.1,0
2022,669087,1.927,56.04282106645955,0.09427570872597699,0,29.5,0
2022,669087,1.908,57.066588735255586,0.1410632770259662,0,29.3,0
2022,669087,2.014,55.96330839798952,0.05130818152300791,0,29.5,0
2022,669087,1.873,56.70950775245488,0.08130473793141627,0,30.1,0
2022,669087,1.987,58.39185270095993,0.2925634315546939,0,26.9,0
2022,669127,1.935,56.48953839597347,0.24571467523871718,1,27.8,0
2022,669127,1.985,56.89176495706405,0.32363276995845625,0,27.1,0
2022,669127,1.936,59.13143944127963,0.29987785507632714,0,28.7,0
2022,669127,1.989,48.92536352759563,0.017125141719747262,0,29.1,0
2022,669127,1.951,57.26004479985712,0.1628863524916188,0,28.5,0
2022,669127,1.853,52.819204669572905,0.091659844168834,0,28,0
2022,669127,1.902,59.50784559594946,0.5103668567482726,1,27.4,0
2022,669127,1.865,60.596983416009266,0.31659219162936775,0,29.4,0
2022,669127,1.92,57.750598786631755,0.25980775503654957,0,28.1,0
2022,669127,1.929,56.98942034293275,0.19365647971414854,1,28.5,0
2022,669127,1.894,51.70681708876847,0.06645767901914433,0,28.1,0
2022,669127,1.897,57.088072582997114,0.27061659478283473,0,28.1,0
2022,669127,1.959,57.72191987005424,0.16547068329071174,0,30.1,0
2022,669221,1.95,56.06894726094915,0.04965761700342002,0,27.9,0
2022,669221,1.924,55.15354868885465,0.30027157277293137,1,26.7,0
2022,669221,1.856,56.1985310366045,0.211632860613111,0,28.5,0
2022,669221,1.812,59.58946529854487,0.4977930795854181,0,27.6,0
2022,669221,1.927,56.44722259912721,0.215016127677417,0,28.5,0
2022,669221,1.856,53.948672455722395,0.21890112623542682,0,26.8,0
2022,669221,1.843,52.57720657253127,0.07303707201266454,0,28,0
2022,669221,1.898,58.282869342694745,0.4714074356256631,0,27.1,0
2022,669221,1.855,56.417631586360685,0.2779696175651189,0,27.8,0
2022,669221,1.884,50.64734838274327,0.06436712817406925,0,27.7,0
2022,669221,1.85,58.97652139807382,0.1188849652736661,1,28.9,0
2022,669221,1.853,54.22454581438038,0.10676854167203909,0,27.6,0
2022,669221,1.94,61.18073695579632,0.3786107481216224,0,27.9,0
2022,669221,1.839,55.113309575727946,0.16687492454057792,0,28.2,0
2022,669221,1.924,58.954291494351146,0.14649308771051386,0,29.4,0
2022,669221,1.951,59.30749990709945,0.22334814028701291,0,28.5,0
2022,669221,1.973,65.8922199842382,0.655460503099414,1,28.6,0
2022,669221,1.915,58.6072734794641,0.4928749686969437,1,27.1,0
2022,669221,1.88,57.42830037574739,0.13229630170235637,0,29.5,0
2022,669221,1.83,54.16501171625386,0.1893457956088911,0,26.9,0
2022,669221,1.954,57.33526756515505,0.16099530444676388,0,27.8,0
2022,669221,1.896,57.24192939948149,0.051718010816432056,0,30.1,0
2022,669221,1.966,59.651549804593486,0.38453573870832536,1,27.9,0
2022,669221,1.809,57.355204826703755,0.12706972694851915,0,30.1,0
2022,669221,1.854,57.88398262760063,0.3954942639437527,1,26.9,0
2022,669221,1.932,63.29336115749224,0.5287851738683146,1,28.7,0
2022,669221,1.842,53.30608738099498,0.11431868436551768,0,28.2,0
2022,669221,1.957,54.275754752159514,0.15890805800783123,0,27.5,0
2022,669221,1.886,57.6253492049144,0.31128603617349826,1,28.2,0
2022,669221,1.882,58.38367272253421,0.3138794644518868,0,27.6,0
2022,669221,1.85,59.04583468123916,0.33249443482983904,0,28.4,0
2022,669257,1.95,57.262094731579154,0.3824013589056978,0,27,0
2022,669257,1.934,57.874613949625086,0.19993337813885884,0,29.1,0
2022,669257,1.899,54.63546865913271,0.2347131028259408,0,27.3,0
2022,669257,1.902,63.11058911131642,0.6448019506543965,1,28.1,0
2022,669257,1.932,46.49437476962934,0.02045636759281088,0,27.6,0
2022,669257,1.999,58.37812531948477,0.3668814607982112,0,28.1,0
2022,669257,1.871,58.175950112666946,0.2079672779660878,0,29.8,0
2022,669257,1.923,55.19116584473944,0.26147791811765164,0,27.3,0
2022,669257,1.883,56.860530289303775,0.14114474714581396,1,29.9,0
2022,669257,1.925,60.06018467218015,0.15292688549413447,0,29.3,0
2022,669257,1.947,56.93950671586795,0.2797344572338369,0,28,0
2022,669257,1.939,54.64881619689151,0.1064313990005073,0,27.3,0
2022,669257,2.03,56.468215812186536,0.04870980406166376,0,30,0
2022,669257,1.915,52.60638860722617,0.15717024397712906,0,26.2,0
2022,669257,1.994,62.14225635322562,0.5498157365224833,0,28.2,0
2022,669257,2.049,57.20730444030036,0.14704142359757355,0,29.4,0
2022,669257,1.884,54.62981288987695,0.2652932630492291,0,26.3,0
2022,669257,1.85,56.6458006391812,0.15882498023309718,1,28.7,0
2022,669257,1.971,56.896930656353206,0.16775521669220259,0,28.2,0
2022,669257,1.967,59.53133063560441,0.17625388744123816,0,30.2,0
2022,669257,1.835,49.958263590531374,0.05726659283487035,0,27.5,0
2022,669257,1.921,51.61699978859755,0.07780368859717256,0,28.3,0
2022,669257,1.91,56.38242407553877,0.14724362605421995,0,29.1,0
2022,669257,1.93,52.6361899911243,0.0635229368142758,0,27.8,0
2022,669257,1.927,51.53611801092593,0.08925677517178883,0,27.3,0
2022,669257,1.929,51.733319248371565,0.09361403572429709,0,28,0
2022,669257,1.848,58.216034169049074,0.2935976740312325,1,28.2,0
2022,669257,1.914,56.30577324489092,0.15484880449151128,0,29.5,0
2022,669257,1.87,57.426188775511974,0.2669637107122747,0,28.6,0
2022,669257,1.901,60.3002821586919,0.471003097447588,1,28.1,0
2022,672386,1.978,58.92611367135798,0.5573929680401633,1,26.7,0
2022,672386,1.928,61.4799860050852,0.39164516820420725,1,29.4,0
2022,672386,2.088,62.458114435591554,0.8097934901357526,1,25.7,0
2022,672386,2.028,58.95724583368101,0.6373919032748723,0,24.6,0
2022,672386,1.993,60.22556899862325,0.3329910181148772,0,28.9,0
2022,672386,1.992,54.70466099603862,0.0855559973005819,0,28.9,0
2022,672386,1.917,53.355532582003256,0.08110500479175817,0,29.3,0
2022,672386,2.004,60.42648516576826,0.418077514552353,0,28.8,0
2022,672386,1.965,59.356904101449736,0.4031463885713291,1,28.1,0
2022,672386,1.964,57.500632705357575,0.2971828031659507,0,28.3,0
2022,672386,1.901,56.17913578073091,0.1667021867184304,1,29.1,0
2022,672386,2.047,61.97388517020786,0.45863844133777143,1,28,0
2022,672386,2.035,60.6547255231469,0.41279720874398784,0,29,0
2022,672386,1.976,55.826309647309714,0.1824019034860216,0,28.3,0
2022,672386,1.977,60.43207286232923,0.6272954337849188,0,26.9,0
2022,672386,1.92,56.32685136693645,0.22455395982759807,0,28.4,0
2022,672386,2.018,56.647614767426326,0.2326046954684702,0,27.8,0
2022,672386,1.95,60.80803056610861,0.4692879681828852,1,28,0
2022,672386,2.055,58.75561716199343,0.24220572813466126,0,26.8,0
2022,672386,1.965,55.997500573714596,0.20786207288816708,1,28,0
2022,672386,2.131,61.87812446175845,0.65073637278503,1,27.4,0
2022,672386,1.959,59.291989970932576,0.17944068703751337,1,28.3,0
2022,672386,2.033,57.999973205845365,0.2556491515995545,0,28.2,0
2022,672386,1.879,54.833548730052264,0.08742184018367306,0,30.1,0
2022,672515,1.863,55.882797134027236,0.1345035802672658,0,28.3,0
2022,672515,1.831,56.70286120157193,0.20316853748420802,1,28.6,0
2022,672515,1.92,56.30799136784319,0.4430935738187608,1,25.8,0
2022,672515,2.019,59.85000899332693,0.446863470195175,0,27.2,0
2022,672515,1.946,58.42951416977449,0.24066407437784368,1,28.3,0
2022,672515,1.957,55.713190679173735,0.11831814103936895,1,29.1,0
2022,672515,1.98,57.95746315318976,0.3401100832986536,0,28.1,0
2022,672515,1.962,54.98171144731462,0.09403981917038672,0,28.3,0
2022,672515,1.986,61.5745898565912,0.624881728686093,1,27.3,0
2022,672515,1.862,56.16686339136117,0.1606303810468376,0,28.5,0
2022,672515,1.969,55.542405491010065,0.1837543195932923,0,28.3,0
2022,672515,1.892,58.44260826908179,0.19039238855775514,0,30.1,0
2022,672515,1.848,57.773205495546854,0.3539711175051812,0,27.8,0
2022,672515,1.839,54.89671123798277,0.16399026988807247,1,28.5,0
2022,680777,2.001,56.338307060404624,0.2732961384462454,0,27.8,0
2022,680777,2.02,57.581598493219076,0.33952397255387534,0,27.8,0
2022,680777,1.951,56.15714168337246,0.273560545304874,0,26.9,0
2022,680777,1.988,60.561582110388315,0.2636682271077082,0,30.4,0
2022,680777,1.94,56.208106466552714,0.28936152647896984,0,27.6,0
2022,680777,2.027,57.51405324698299,0.228782231745514,0,28.3,0
2022,680777,2.095,56.599295047985166,0.1138596116135299,0,28.9,0
2022,680777,1.987,58.10334584897085,0.15851439004518703,0,28.9,0
2022,680777,1.936,58.04370056977762,0.23604305887729085,0,29.3,0
2022,680777,1.931,60.191829948165925,0.28355570295099475,1,30,0
2022,680777,1.957,56.502088695547506,0.18303388140079735,0,28.4,0
2022,680777,2.099,60.60244715563728,0.4278682154718464,0,28.6,0
2022,680777,1.888,53.32399413912138,0.12131302597035376,0,28.1,0
2022,680777,1.959,56.77969779248559,0.17705042101569493,1,29.3,0
2022,680777,1.948,54.7185542278508,0.18045264368219763,0,26.9,0
2022,680777,2.13,61.36940948720623,0.41970810360949756,1,27.9,0
2022,680777,1.951,51.42596468675674,0.05543835575082801,0,28.9,0
2022,680777,1.986,56.80763600817588,0.3507615153447271,0,26.9,0
2022,680777,1.958,58.18756418624264,0.477405931090881,0,27,0
2022,680777,1.971,58.08495431705174,0.14766657969566432,0,28.4,0
2022,680777,1.981,54.08364081497158,0.07659121330493866,0,28.1,0
2022,680777,1.895,55.8815423483028,0.26439014815076717,1,27.6,0
2022,680777,1.926,58.32427148360558,0.3839306336080181,0,27.8,0
2022,680777,1.944,59.78576980959428,0.43306204352131206,0,28.3,0
2023,455117,1.933,52.23223413434625,0.04225580320958324,0,28.4,0
2023,455117,1.948,54.860429386247716,0.08700578643285296,0,29.4,0
2023,455117,2.012,53.71074137589973,0.09465633724642956,0,28.2,0
2023,455117,1.947,56.4967004093187,0.3020794298683312,1,27.3,0
2023,455117,1.931,52.67046566368379,0.052584215874674746,0,28.4,0
2023,455117,1.987,53.790208748590906,0.10382463265615685,0,28.8,0
2023,455117,1.922,53.137268856352314,0.05911296180621242,0,29.7,0
2023,455117,1.947,54.838947314737986,0.23226417161041746,0,27.2,0
2023,455117,1.997,52.48538610017169,0.06707810330341117,0,27.5,0
2023,455117,1.841,53.0927911734293,0.14928014934889994,1,27.3,0
2023,455117,1.884,56.71305341400999,0.35684616571784156,0,27,0
2023,455117,2.007,56.64643870171179,0.21788501647882486,0,28.2,0
2023,455117,1.924,49.98870546287002,0.04066673593631514,0,28.2,0
2023,455117,1.838,52.81143063038177,0.1041426319009256,1,27.6,0
2023,455117,2.012,53.60602903478342,0.034221999397640784,0,28.6,0
2023,455117,1.912,56.76066036263326,0.13713191576560962,1,29,0
2023,455117,1.889,48.61787654195965,0.03135550982310378,0,28.4,0
2023,455117,1.999,55.358762344753174,0.11259012779849607,0,29.2,0
2023,455117,2.002,57.48655850581307,0.11919164754175286,0,29,0
2023,455117,1.863,54.92588571111649,0.13405244165058083,0,28.7,0
2023,455117,1.982,56.6019398760416,0.09249028234055373,0,29.1,0
2023,455117,1.896,58.77818075889061,0.3316360231095461,1,28.5,0
2023,455117,1.902,57.54470947090746,0.1644925313266458,0,29.7,0
2023,455117,2.079,54.70396331655677,0.03592632928622422,0,29.1,0
2023,455117,1.964,54.834786652665144,0.06011624203714971,0,29.1,0
2023,455117,1.992,59.97249295536626,0.2832500088451557,0,29.4,0
2023,455117,1.976,49.98801176955884,0.06154676889160923,0,26.7,0
2023,455117,1.798,50.048240918120094,0.039789949069911144,0,28.4,0
2023,455117,1.941,54.9909490054702,0.22730938818168878,1,27.4,0
2023,455117,1.961,54.23816383999092,0.1917000471587745,0,27.4,0
2023,455117,1.936,55.1374190200812,0.11061733074775625,0,29.4,0
2023,455117,1.898,54.88814410472524,0.12860641618726196,0,28.7,0
2023,455117,1.875,55.05207762067094,0.10212939723617663,0,29.7,0
2023,455117,1.829,53.94259831474463,0.1841324544684793,0,27.1,0
2023,455117,1.874,57.893274959547576,0.13786211230008183,1,29.9,0
2023,455117,1.962,53.358353600138784,0.10324315886019661,0,27.1,0
2023,455117,1.843,51.07855345970894,0.03639881641303885,0,29.7,0
2023,455117,1.977,55.2430866801643,0.11514595196369305,0,28.4,0
2023,455117,1.906,55.02305045662904,0.10077184758453331,0,29.7,0
2023,455117,1.867,54.79041640633324,0.22942536202385821,0,27.1,0
2023,455117,1.877,52.77239213958752,0.08171291380813668,0,28.5,0
2023,455117,1.854,53.57116538132785,0.0906039506820912,1,28.8,0
2023,455117,1.887,52.60579696103109,0.12959481156240588,0,27.3,0
2023,455117,1.87,54.149745961386294,0.12262376133750522,0,28.6,0
2023,455117,1.975,53.74469205625232,0.06953371594438791,1,28.8,0
2023,455117,1.952,56.989571708307416,0.181622139710221,0,29.1,0
2023,455117,1.978,60.34077249192513,0.36994677437183426,0,28.8,0
2023,455117,1.964,56.092014235941726,0.2024587776976268,0,28.4,0
2023,455117,2.004,55.55789979808755,0.13449461176220834,0,28.5,0
2023,455117,1.982,56.681371833532786,0.22815977340441665,1,28.4,0
2023,455117,1.917,59.218241068884666,0.2935958555238429,0,29,0
2023,455117,1.85,53.37555458711684,0.09206641659553869,0,28.4,0
2023,506702,1.9,57.32805063500288,0.17516120369143445,1,28.9,0
2023,506702,1.985,59.10097745751006,0.20212853343353562,0,28.7,0
2023,506702,1.937,55.792366448587856,0.11520132815502038,0,29.1,0
2023,506702,1.997,57.10729846217338,0.09742695108462242,0,28.2,0
2023,506702,1.894,56.108027758554236,0.19960139043933933,0,27.8,0
2023,506702,1.957,57.332259888698026,0.17680475761586312,0,28.4,0
2023,506702,1.975,57.837342424183284,0.08665457143303085,0,29.4,0
2023,506702,2.001,57.131359395045386,0.11584630794860151,0,30.4,0
2023,506702,2.015,56.75096364107687,0.3087031522273151,0,27.5,0
2023,506702,1.894,56.490632050922656,0.11989339917077951,0,29.7,0
2023,506702,1.96,58.360622138415174,0.1438596687755126,0,30.4,0
2023,518595,2.013,56.81325240810107,0.15508422180429607,0,28.4,0
2023,518595,1.944,55.03505945501697,0.1342713775603885,0,28.8,0
2023,518595,2.051,55.34350588407451,0.08746865057008478,0,29,0
2023,518595,1.929,57.80984656329069,0.3704994693693819,0,27.5,0
2023,518595,1.87,54.7745636404296,0.14161137750733388,0,28.6,0
2023,518595,1.858,51.59667420715241,0.054050355706990114,0,29.1,0
2023,518595,1.955,59.38495162080086,0.4423983384262484,0,27.8,0
2023,518595,1.985,57.80422394173373,0.16944069540768625,0,28.9,0
2023,518595,2.15,61.29244242048757,0.27621217580140756,0,28.9,0
2023,518595,1.788,53.167124968422975,0.08380370092420432,0,28.4,0
2023,518595,1.927,56.035766873711296,0.19350780346726337,0,28.4,0
2023,518595,1.962,58.928650811570584,0.34889926459919185,0,27.6,0
2023,518595,1.858,56.461175788076424,0.24461082432992146,0,27.5,0
2023,518595,1.913,59.83609356991936,0.3060589010487811,1,28.8,0
2023,518595,1.895,57.19070477988572,0.29547493747103626,1,27.9,0
2023,518595,1.979,56.35421019055281,0.09364698206547017,0,29.7,0
2023,518595,2.033,54.70147601104189,0.11952821012272109,0,27.2,0
2023,518595,2.023,57.58905919669687,0.14916054826524722,0,28.9,0
2023,518595,1.969,58.472776170012416,0.27049133647862833,0,28.7,0
2023,518595,1.934,57.2360671755867,0.6408214377819006,0,27.8,1
2023,518595,2.031,52.592831036130896,0.043625272878905094,0,30.2,0
2023,518595,2.032,50.767774892223386,0.014821977458974463,0,29.6,0
2023,518595,1.919,55.03319383043817,0.16458146771512636,0,28.3,0
2023,518595,1.965,46.25712141617868,0.028785854194804394,0,27.2,0
2023,518595,2.108,61.20336316639437,0.3336003404080529,0,29.6,0
2023,518595,1.947,57.58708544231186,0.2591386297430092,1,28,0
2023,518595,1.866,54.73586362503848,0.1034537036279188,0,28.6,0
2023,518595,1.951,55.07923566328248,0.12978528642397238,0,28.4,0
2023,518595,1.844,50.36465470776364,0.02215035627183961,0,29.9,0
2023,518595,2.108,58.995376641841496,0.5508516220156735,1,26.4,0
2023,518595,2.379,55.72534792401888,0.0642827742273404,0,28.2,0
2023,518595,1.89,58.40406610881394,0.2867515906043715,0,28.6,0
2023,518595,1.887,54.14811258732133,0.10244661451799572,0,28.9,0
2023,518595,2.036,57.87205440996763,0.20525186308205792,0,27.8,0
2023,518595,1.982,56.79287727946312,0.3437532055420341,0,26.6,0
2023,518595,1.954,56.70124162054224,0.11793072540765993,0,28.9,0
2023,518595,2.073,59.546587336722006,0.30784319420104234,0,26.6,0
2023,518595,1.858,58.37625336784638,0.21541089924913684,0,29.6,0
2023,518735,1.998,56.07456712199262,0.17960650478443327,0,28.5,0
2023,518735,1.99,59.26214510917262,0.28134485140286064,0,29.3,0
2023,518735,2.034,51.332765251583865,0.08130683904966146,0,27.8,0
2023,518735,1.974,54.565090481903695,0.14089415992412338,0,28.5,0
2023,518735,2.034,59.57651432920594,0.27206814447210254,1,29.5,0
2023,518735,2.022,58.307183935426956,0.2596345667560466,0,28.5,0
2023,518735,2.239,55.03297556922856,0.1274461394733018,0,29,0
2023,518735,2.044,58.49803621155194,0.5276548784955964,0,26.4,0
2023,518735,2.135,58.7951881236763,0.12563291128021742,0,29.4,0
2023,518735,2.011,58.68301814548192,0.21799323671695844,0,29.1,0
2023,518735,2.242,58.373725550541046,0.3127732912104559,0,28,0
2023,518735,1.988,55.67765336537866,0.16341561064844654,0,28.7,0
2023,518735,2.338,63.95801006359946,0.44244842473757856,0,30.4,0
2023,518735,2.083,51.44259066748036,0.04832239342454075,0,29.3,0
2023,518735,2.109,60.291499423685465,0.4627027140490539,0,28.1,0
2023,518735,2.097,58.74437636009767,0.4312271908343911,0,26.9,0
2023,518735,2.007,58.60291161426723,0.3048423424239198,0,28.4,0
2023,518735,1.956,52.87333717165259,0.06316566990664065,0,29.5,0
2023,518735,2.135,61.165022711668065,0.4905347157763346,0,28.3,0
2023,518735,2.073,59.83646223778587,0.5492438703811633,0,25.1,0
2023,518735,2.121,56.29174875379737,0.1190320620713646,0,28.5,0
2023,518735,2.038,58.594872959273424,0.27236422935968485,0,28.9,0
2023,518735,2.01,57.160837982691795,0.2492358472624829,0,28.4,0
2023,518735,2.083,58.32651804680463,0.3420267022575867,0,28.1,0
2023,518735,2.035,58.78371195785675,0.11997129226106816,0,30.4,0
2023,518735,2.006,55.955718069405165,0.08911015810364367,0,28.9,0
2023,518735,1.991,56.08764012848242,0.1337741168787496,0,28.6,0
2023,518735,2.146,61.05336378788062,0.6952767343214978,1,26.5,0
2023,518735,2.081,57.083178869375836,0.1567502640689024,1,27.6,0
2023,518735,2.122,54.63414493846997,0.05035100036390159,0,30.4,0
2023,518735,2.045,57.262475991931915,0.27155484780430295,0,28.2,0
2023,518735,2.064,52.28706300619315,0.11458169612884064,0,26.5,0
2023,518735,2.115,62.177880707654644,0.25714705464762205,0,30.1,0
2023,518735,1.989,57.15797575180982,0.43490309500273755,0,26.6,0
2023,518735,2.011,58.02455741741914,0.29891168256767736,0,28.3,0
2023,518735,2.081,57.333999620680565,0.24285980576684896,0,28.6,0
2023,518735,2.009,57.960118750856836,0.058397362718115665,0,29.4,0
2023,518735,2.061,52.87421343104006,0.12544256000984422,0,27.7,0
2023,518735,1.942,55.00405878784108,0.0988819720022253,0,29.2,0
2023,518735,2.106,48.17792168648239,0.03227101272801878,0,28,0
2023,518735,2.172,58.26628402366378,0.15847845751324163,0,30.4,0
2023,518735,2.371,63.303275596260605,0.49370351627266373,0,27.9,0
2023,518735,1.962,58.394399015431,0.27036849487122105,0,28.9,0
2023,518735,2.148,63.25262044133943,0.31940832260328206,1,29.4,0
2023,518735,2.324,61.057102439189066,0.712507679957798,1,24.3,0
2023,518735,2.157,54.817644705370014,0.062324653221093845,0,28,0
2023,518735,1.999,59.51962619326016,0.3756819331832251,1,28.4,0
2023,518735,2.034,56.079274120220646,0.14428057051992915,0,28.5,0
2023,518735,2.074,58.53265240231381,0.4080036210370601,1,27.6,0
2023,518735,2.128,63.234610209559825,0.7596508816655325,1,27.1,0
2023,518735,2.05,59.26230734111761,0.26490520604214945,1,28.6,0
2023,518735,2.074,57.62012494336758,0.2191117711590617,0,29.1,0
2023,518735,2.131,59.10864205988508,0.3658164927537816,0,28.1,0
2023,518735,1.997,57.02107036879684,0.13805322095939257,0,29.7,0
2023,518735,2.067,49.20289027364129,0.06119499784045885,0,26.7,0
2023,518735,2.114,61.62331001895469,0.33619170184618746,1,30.1,0
2023,518735,2.129,56.73328095121895,0.1857693610252227,0,28.3,0
2023,518735,2.096,58.2438322089595,0.25492704445070435,0,28.3,0
2023,518735,2.088,58.34655787109208,0.25426857270397857,0,28.9,0
2023,518735,2.196,55.61517080579359,0.07636783967236417,0,30.2,0
2023,518735,2.136,57.91364135656743,0.17935944637456938,1,28.2,0
2023,518735,1.974,59.809475682142505,0.21847481170520738,0,29.7,0
2023,518735,2.014,60.51966755081828,0.48356839757624304,0,27.9,0
2023,518735,1.986,57.636103057614534,0.2865385260515244,1,27.9,0
2023,518735,2.098,57.6561526624651,0.24496364470676807,1,28.4,0
2023,518735,2.082,58.73629639918691,0.2348554661316693,0,29.3,0
2023,521692,1.932,56.71351623134526,0.14571874464998857,0,28.8,0
2023,521692,1.982,56.51695338986423,0.14298594376286963,0,28.1,0
2023,521692,1.949,55.603127965509664,0.14471555113223544,0,28.9,0
2023,521692,1.903,56.67035327148179,0.2283784900586599,0,28.4,0
2023,521692,1.969,53.96141196120373,0.13989989225181687,0,27.5,0
2023,521692,2.007,53.97184989514272,0.09962989163030034,0,28.9,0
2023,521692,2,58.78937320842153,0.3713801193279229,0,27.8,0
2023,521692,1.921,55.249390955053634,0.05957435916476104,0,30.1,0
2023,521692,1.934,60.29219716794041,0.39017474393283447,0,28.6,0
2023,521692,2.021,60.25668114787996,0.1487848780876912,1,30.1,0
2023,521692,1.99,56.645650643161694,0.14029049281094053,0,28.7,0
2023,521692,2.023,60.78877969179054,0.3367670948550386,0,29.6,0
2023,521692,1.905,59.29349469560832,0.245369958349956,1,29.7,0
2023,521692,1.922,57.901304084927055,0.24953692945897313,1,28.2,0
2023,521692,1.991,59.84218943838923,0.2781108566830088,0,29,0
2023,521692,2.611,62.77620144784976,0.5782098336620722,0,26.6,0
2023,521692,2.04,51.99646637451045,0.05507685728829585,0,29.4,0
2023,521692,1.938,59.84013307750606,0.26685243163294337,0,29.6,0
2023,521692,2.016,58.51521354468587,0.16294999878758787,1,28.4,0
2023,521692,1.962,55.686052206317015,0.1474478114241664,0,28,0
2023,521692,1.999,60.08384035203786,0.45675097566121364,0,27.5,0
2023,521692,1.904,54.695209377713184,0.11177025107885347,0,28.6,0
2023,521692,1.933,55.54072918857337,0.16230749485973256,0,28,0
2023,521692,2.035,56.28421434610948,0.27921319597225636,0,27.3,0
2023,542194,1.837,55.36245532596217,0.09064046826252334,0,29.7,0
2023,542194,1.819,51.151199902171356,0.07655672613780855,0,27.9,0
2023,542194,2.009,59.42343062447233,0.5178669526074947,1,27.2,0
2023,542194,1.791,52.819482075506755,0.11204865079046442,0,27.8,0
2023,542194,1.939,59.61464512560304,0.5156993881721746,1,26.8,0
2023,542194,1.857,55.078338589732496,0.0953234741696544,0,29.9,0
2023,542194,1.784,52.62298555679159,0.07501727582064749,0,28.9,0
2023,542194,1.873,53.00632649399557,0.07404471262779798,0,28.6,0
2023,542194,1.946,52.932848332994254,0.12361709345353691,0,27.5,0
2023,542194,1.923,48.63924770465761,0.03991605509809806,0,27.5,0
2023,542194,1.767,49.53694960729468,0.0469113475555438,0,27.5,0
2023,542194,1.871,56.89561724372841,0.16587017435352863,1,27.9,0
2023,542194,1.865,54.60628274861383,0.07612624189249928,0,28.6,0
2023,542194,1.861,56.321919231972146,0.11038586614570621,0,28.9,0
2023,542194,1.864,49.597745038136416,0.049374596932539545,0,27.7,0
2023,542194,1.924,55.21376424348573,0.1648509513795058,1,27.9,0
2023,542194,1.862,53.444944139635126,0.0908597157583105,0,27.9,0
2023,542194,1.822,56.50913693230677,0.16292771972596584,1,29.1,0
2023,542194,1.818,48.5785211818383,0.03749123999895018,0,27.3,0
2023,542194,1.862,54.688821420340645,0.12322455848599158,0,27.6,0
2023,542194,1.905,56.950420202526516,0.13629808682197248,0,28.5,0
2023,542194,1.785,58.25642150845936,0.16726667955944485,1,30,0
2023,542194,2.005,60.38402061747753,0.3817227155604483,0,28,0
2023,542194,1.906,59.042061968907156,0.28126337304721355,0,28.5,0
2023,542194,1.945,61.27444834227242,0.676076327819867,1,26.8,0
2023,542194,1.867,56.60954877422024,0.183756995205966,0,29,0
2023,542194,1.899,56.72802763987177,0.13736899377348213,1,29,0
2023,542194,1.863,56.647101940146456,0.14326630159128675,1,27.3,0
2023,542194,1.919,55.635141886101124,0.12670262337721308,0,29,0
2023,542194,1.829,53.97513697950057,0.08693048964053326,0,29.4,0
2023,542194,1.807,55.01751017402941,0.08906666387853994,0,30,0
2023,542194,1.857,55.287223936232124,0.059765250600904894,1,28.8,0
2023,542194,1.922,57.32801862740435,0.14730343986755717,0,28.5,0
2023,542194,1.909,59.64329467540886,0.38600897494993996,1,28.4,0
2023,542194,1.776,52.12804903193134,0.04961822543752976,0,29.1,0
2023,542194,1.938,56.81411843663701,0.18040367189343084,0,27.8,0
2023,542194,1.779,50.78331353355592,0.036271912967038814,0,29.7,0
2023,542194,1.914,56.84128483298085,0.2868726131443653,1,27.1,0
2023,542208,2.036,61.78917809711112,0.5385920204798258,0,27.7,0
2023,542208,2.341,56.55960426829677,0.14221200956367672,0,28.9,0
2023,542208,1.891,56.26363917004307,0.09735684747193268,0,30.6,0
2023,542208,2.009,59.159673899089185,0.3024422962416193,1,27.8,0
2023,542208,1.911,54.83519248669925,0.05415996359169961,0,30.3,0
2023,542208,1.835,55.91434947050357,0.19238715009148227,1,28,0
2023,542208,2.209,61.09916592885621,0.18145490174013496,0,28.5,0
2023,542208,1.921,54.24301976955107,0.09243206539681963,0,29.1,0
2023,542208,1.904,54.56212041656769,0.15097633948580508,0,27.7,0
2023,542208,2.003,58.98810579623356,0.26740827708324527,1,27,0
2023,542208,1.919,60.78946800491965,0.5116565967060761,1,28,0
2023,542208,1.882,61.105240647473025,0.32550465488330227,1,29.1,0
2023,543228,1.987,58.643286912467865,0.23465890462553265,1,29.5,0
2023,543228,2.01,52.35895279338432,0.027066103708945948,0,27.6,0
2023,543228,2.05,56.44362913071027,0.23395317714431957,0,28.1,0
2023,543228,1.937,60.419340637964574,0.3940952404575254,1,28.4,0
2023,543228,1.991,48.994469605380495,0.017931161789777935,0,29.1,0
2023,543228,1.982,56.98911045360206,0.24103096832939083,0,28.4,0
2023,543228,1.958,57.979926158247814,0.3843977022465473,0,27.5,0
2023,543228,1.979,58.17680069876471,0.29974256166016755,0,28.4,0
2023,543228,1.975,60.39088053508225,0.5634871132192688,1,27,0
2023,543228,2.046,53.64850062887705,0.09321423581756051,0,27.2,0
2023,543228,1.967,55.21440610477848,0.21061851147432017,0,27.3,0
2023,543228,1.896,58.411546061462445,0.35033320709925947,0,28.1,0
2023,543228,1.964,57.9858413188943,0.42113730579855896,1,27.2,0
2023,543228,1.943,57.39197976142673,0.2846565406977635,1,28.1,0
2023,543228,2.028,59.0593351989742,0.44891215019533154,0,27,0
2023,543228,1.945,56.037756398703024,0.08977064516335506,0,29.9,0
2023,543228,1.912,54.923190189363524,0.14168487298982996,0,28.7,0
2023,543228,2.066,55.35840562285431,0.1347017613069687,0,27,0
2023,543228,2.002,60.003114838069116,0.37176629497623553,0,28.8,0
2023,543228,2.164,58.36487198373981,0.15802719494845197,0,28.8,0
2023,543228,1.952,61.3792795639643,0.46865555803251524,1,28.7,0
2023,543228,2.033,57.36839101857956,0.24464069929673596,0,28.5,0
2023,543228,1.982,58.156525705333685,0.2950020348908992,0,28.5,0
2023,543228,2.335,65.89563128387621,0.5372252935315749,1,29.5,0
2023,543228,1.996,59.355903730254056,0.305145283774766,0,28.8,0
2023,543228,1.943,55.37778592824952,0.11412162293074617,0,29.5,0
2023,543228,2.014,58.76085552372804,0.19668877758440498,0,29.4,0
2023,543228,1.936,59.54709401467164,0.3796487751658015,1,28.2,0
2023,543228,2.05,57.02343433369392,0.19783137339591747,1,27.5,0
2023,543228,2.014,56.08627092767036,0.11475832753425354,0,28.2,0
2023,543228,1.874,52.27500227241505,0.0823544315004205,0,28.5,0
2023,543228,1.989,57.69518144451863,0.12155041086626567,0,29.8,0
2023,543228,1.948,57.57592578303346,0.21971729932685105,0,28.7,0
2023,543228,1.991,60.39031458940858,0.32122035077209904,1,27.3,0
2023,543228,1.98,58.26604003049457,0.2496354016911571,0,28.5,0
2023,543228,2.01,68.04274476391963,0.808639922487345,1,29,0
2023,543228,1.876,58.99228611511593,0.43519041231323485,1,27.5,0
2023,543228,1.95,59.61265373062792,0.2974098162770296,0,28.6,0
2023,543228,1.908,58.98520980744542,0.4871819085971624,1,26.7,0
2023,543228,1.909,57.49833383487051,0.18258741245126547,0,29.1,0
2023,543228,1.91,54.896069326800855,0.12626251126625074,0,28.3,0
2023,543228,1.876,56.8859807038941,0.14272992201704712,1,29.7,0
2023,543309,1.862,56.60964927822273,0.21028539351861683,1,28.6,0
2023,543309,2.049,60.91366063671944,0.6162352449280559,0,26.9,0
2023,543309,1.974,54.11374214951531,0.24635447742052752,0,26.4,0
2023,543309,1.911,53.96796194981196,0.07805668294008966,0,29.3,0
2023,543309,2.012,59.31407769388168,0.4272708321370819,0,27.9,0
2023,543309,1.961,60.772590254081436,0.4178163914533788,0,28.4,0
2023,543309,1.981,40.023884357303736,0.007144539985153086,0,25.8,0
2023,543309,1.958,55.676187383077064,0.13588353198557906,0,28.6,0
2023,543309,1.865,50.43936008748598,0.03854559011610053,0,28.5,0
2023,543309,1.941,55.365192442071894,0.2296335140547191,0,26.9,0
2023,543309,1.913,53.21727145862835,0.10155485570751961,0,28.4,0
2023,543309,2.001,52.991692046845756,0.04826969868011783,0,28.6,0
2023,543309,1.946,55.996660777086305,0.18923396401796716,1,28.1,0
2023,543309,1.905,52.03325474356744,0.07929989945598283,0,28.4,0
2023,543309,2.019,58.1155740943398,0.110464818527627,0,29.3,0
2023,543309,2.007,58.923897680717594,0.05692657722770983,0,29.4,0
2023,543309,1.998,53.54374218512866,0.08804653331662048,0,27.9,0
2023,543309,1.869,55.078170631750254,0.34674752233820005,1,26.1,0
2023,543309,2.011,63.34341807615694,0.33360963687736916,1,30.4,0
2023,543309,1.919,58.258997611618526,0.1974142117117117,0,29.4,0
2023,543309,1.95,58.15108063928423,0.22608806889295996,0,27.8,0
2023,543309,2.034,54.62579134602732,0.05831763751782352,0,28.3,0
2023,543309,2.474,64.27208048314188,0.46879620190271115,0,30.2,0
2023,543309,1.893,54.23102640069601,0.23925398220455038,0,30.1,1
2023,543309,2.003,57.699631753559494,0.3434665389997298,0,27.6,0
2023,543309,1.997,62.185927509156386,0.2833682625198473,1,30.4,0
2023,543309,2.045,55.675968229162486,0.16161361035852082,0,28.1,0
2023,543309,2.019,62.254220474876504,0.6215122297800969,1,27.7,0
2023,543309,1.972,55.680600086877234,0.14425598305694534,0,28.3,0
2023,543309,1.978,52.296899314457214,0.16141529949995523,0,26.1,0
2023,543309,1.956,60.225699894490525,0.34287923522610336,0,28.7,0
2023,543309,2.115,55.07505556857157,0.10605951215924261,0,28.7,0
2023,543309,1.95,59.47371756382428,0.43812823397383427,0,27.8,0
2023,543309,1.946,56.460534785303196,0.18123995913645097,0,28.3,0
2023,543309,1.928,51.51954212948918,0.06954828147071937,0,28.2,0
2023,543309,2.073,56.40976582757265,0.14668039012404624,0,28.6,0
2023,543309,2.003,58.86862782957654,0.11459651575748994,0,30.4,0
2023,543309,1.966,55.007668971655605,0.158654805888844,0,27.6,0
2023,543309,1.974,53.27413056602812,0.04706874031521864,0,28.5,0
2023,543309,1.972,58.66662729762079,0.2219731085506588,0,29.5,0
2023,543309,2.01,58.0176278754964,0.18135111753999028,0,29.4,0
2023,543510,1.851,54.95331192836757,0.1804824676630848,1,28,0
2023,543510,1.879,52.83500918213023,0.09957090409607004,1,28.3,0
2023,543510,1.981,60.987450843825656,0.27935891170729055,1,29.7,0
2023,543510,2.129,59.3466957424856,0.26760557212846653,1,28.3,0
2023,543510,1.952,56.69538821993893,0.29013542478663457,0,27.6,0
2023,543510,2.017,57.83845307491547,0.3146317857174224,0,28.1,0
2023,543510,2.219,63.626217652983414,0.4768724812259728,1,27.7,0
2023,543510,1.957,54.50691966211496,0.12957641016140622,0,28.3,0
2023,543510,1.871,56.87301883044759,0.2370488844508868,1,28.4,0
2023,543510,2.064,60.75035533775168,0.396941662263005,1,28.7,0
2023,543510,2.1,57.4316026968509,0.29759636646273213,0,26.9,0
2023,543510,1.938,58.66946632225094,0.4017674979607421,1,26.8,0
2023,543510,2.103,60.14255240110884,0.3493226291631115,0,28.3,0
2023,543510,1.972,52.64416317927245,0.14009743167350883,0,26.6,0
2023,543510,1.973,55.02170306605634,0.12886825764056326,0,28.2,0
2023,543510,2.052,59.39072083367304,0.2788148521490394,0,29,0
2023,543510,1.944,54.67748762486753,0.16863505183951194,0,28,0
2023,543510,2.087,58.547252874735925,0.17061861926984415,0,29,0
2023,543510,2.389,70.03986255557743,0.8929575529242543,0,28.3,0
2023,543510,1.901,52.77048648640282,0.05136670851079832,0,30,0
2023,543510,1.963,55.60082975296341,0.16723395613518086,0,28.6,0
2023,543592,2.046,62.46329801936387,0.5227843113665023,0,28.7,0
2023,543592,2.029,54.94157195865506,0.1205975141666351,0,28.6,0
2023,543592,1.986,56.68861553013077,0.09745375213542296,0,28.7,0
2023,543592,1.885,50.5282142947144,0.05311027281717662,0,28.2,0
2023,543592,1.905,58.50724780222524,0.2747216879526056,0,28.7,0
2023,543592,1.946,55.582262568149865,0.22015854281502675,0,27.8,0
2023,543592,1.885,61.662120336709876,0.3962997488137161,1,29.5,0
2023,543592,1.968,62.95410355150563,0.393926506043752,0,28.2,0
2023,543592,2.09,55.240181299539806,0.1727167994255476,0,26.7,0
2023,543592,2.011,55.910811356031175,0.07110310513669979,0,28.7,0
2023,543592,1.873,56.844922695915116,0.15995799185521942,0,28.6,0
2023,543592,2.001,55.28314857652772,0.15868327337587737,0,28.3,0
2023,543592,1.991,59.565903070877475,0.193724322458655,0,30.4,0
2023,543592,2.11,59.74403401245242,0.27686417120778556,0,28.3,0
2023,543592,1.922,49.09046197245113,0.04764440151086988,0,27.1,0
2023,543592,2.013,51.3163385980038,0.041119956700817535,0,28.8,0
2023,543592,2.034,59.34227813443194,0.3716054264638554,0,27.5,0
2023,543592,1.985,58.76662711096707,0.2736327576449833,0,29.1,0
2023,543592,1.901,60.59578669891895,0.39910695013719066,0,28.7,0
2023,543592,1.988,59.46952644113116,0.1754592765050851,0,28.6,0
2023,543592,1.966,50.93582794875384,0.01292480984217057,0,29.9,0
2023,543592,1.896,58.908699674033585,0.3281332810571606,1,28.6,0
2023,543592,1.951,56.26109334651131,0.13873797387694745,0,28.7,0
2023,543592,1.948,57.98151737058423,0.17570338685162323,1,29.9,0
2023,543592,2.012,58.047368979159636,0.25625775909098286,0,28,0
2023,543592,2.032,53.09074174936547,0.016967506939297272,0,29.1,0
2023,543592,1.909,53.718162287839185,0.18544816381898888,0,27.2,0
2023,543877,2.037,63.236235381057895,0.7527266706879479,1,27.1,0
2023,543877,1.946,53.30508696929913,0.060372476094953616,0,30,0
2023,543877,1.853,59.051863341935864,0.3477403032700009,1,28.5,0
2023,543877,1.987,55.06769665621112,0.10098954709529737,0,28.7,0
2023,543877,1.928,58.25284763703176,0.18216602182091565,0,30,0
2023,543877,1.837,53.505702909993296,0.07923114328768799,0,29.4,0
2023,543877,1.897,59.86746974927556,0.29328568338734534,1,29.4,0
2023,543877,1.974,57.45931826124056,0.20786902363415438,1,29,0
2023,543877,1.935,56.1803585217179,0.12186355346122416,0,29.9,0
2023,543877,1.905,57.58394196522422,0.09456064353389952,0,29,0
2023,543877,2.067,59.60019744513197,0.5455941541608672,0,26.9,0
2023,543877,1.934,53.493446273959876,0.2027922029974526,0,26.8,0
2023,543877,2.09,59.54703065859473,0.3122047216048109,0,28.7,0
2023,543877,1.91,52.962197941683705,0.021612652979915117,0,30.4,0
2023,543877,1.843,55.64338557933609,0.1636229614207509,0,28.7,0
2023,543877,1.899,55.633189073970215,0.18509075073813305,1,28.1,0
2023,543877,2.013,61.045942118680536,0.5299842427533102,1,26.6,0
2023,543877,2.003,59.03126158836131,0.2842312470820943,0,29.1,0
2023,543877,1.959,57.4352456807984,0.10617391953933575,0,30.4,0
2023,543877,1.975,56.4644891590587,0.27726713345873094,0,27.6,0
2023,543877,1.97,59.75275123500182,0.5360223744960214,1,26.7,0
2023,543877,1.972,58.00073427183145,0.2508648411021478,0,28.5,0
2023,543877,1.91,55.60027144423427,0.19553876103671058,1,28.1,0
2023,543877,1.991,56.26283902099154,0.11744705466136322,0,28.6,0
2023,543877,1.989,58.817339193205854,0.4836919924303104,0,26.8,0
2023,543877,2.09,55.104956029277474,0.051497056309783344,0,28.9,0
2023,543877,1.834,52.11427672983693,0.06690684247193572,0,28.9,0
2023,543877,1.919,59.338226652077566,0.20070930154147487,0,28.9,0
2023,543877,1.936,57.009613445846945,0.13072464418885532,0,30.1,0
2023,553869,1.92,52.748152329637236,0.06370643200368921,0,29.1,0
2023,553869,1.898,55.43614965528918,0.08501470764666291,0,30.4,0
2023,553869,1.973,54.33338915067467,0.11843626937162777,0,27.7,0
2023,553869,2.031,54.13926003866998,0.04345641335415802,0,28.9,0
2023,553869,1.865,57.47376570037642,0.16766678182845587,1,29.6,0
2023,553869,1.889,57.00051176091805,0.17466553349652275,1,28.6,0
2023,553869,1.982,54.72102929606169,0.0868831458499007,0,29.2,0
2023,553869,1.948,57.45596988833608,0.2782444797022593,0,27.3,0
2023,553869,1.918,54.47960078997442,0.0727350081492193,0,30.2,0
2023,553869,1.825,50.3109685984791,0.03780283925811917,0,28.8,0
2023,553869,1.874,58.17544010347192,0.4188559640537195,1,27.3,0
2023,553869,1.934,55.18515578735158,0.10462059141016712,0,28.8,0
2023,553869,1.887,60.93399802537009,0.4386692787173584,0,28.5,0
2023,553869,1.956,59.315758248326176,0.4626010602276332,0,27.6,0
2023,553869,1.941,58.28632101149565,0.19176151486330567,1,29,0
2023,553869,1.849,55.319997986793915,0.0676428454427892,0,29.9,0
2023,553869,1.864,53.41464939967865,0.1593019491198858,0,27.1,0
2023,553869,1.954,59.74810798842741,0.33548222408276435,0,28.6,0
2023,553869,1.847,55.83252378861323,0.14775477719201593,0,29.1,0
2023,553869,1.816,55.556242617277114,0.32966477220829576,0,26.4,0
2023,553869,1.952,57.04566990098697,0.17967670126181678,0,29.3,0
2023,553869,2.029,50.83427817608521,0.05874716612583069,0,28.1,0
2023,553869,1.877,56.13011568629373,0.09570305536375633,0,29.9,0
2023,553869,1.851,52.70291213062692,0.09013480067795596,0,27.7,0
2023,553869,2.004,59.66258167412062,0.5214320113364358,1,27.3,0
2023,553869,1.89,53.32659073600902,0.04539973763569994,0,29.9,0
2023,553869,1.931,57.98204740016285,0.38728118651624305,1,26.9,0
2023,553869,1.91,55.580319714355156,0.2291277456162387,1,27.7,0
2023,553869,1.976,56.88541406181073,0.22140632232235458,0,28.2,0
2023,553869,1.976,63.78298789741897,0.7367995103255476,1,27.6,0
2023,553869,2.241,66.77742127508571,0.8323780838257657,1,27.3,0
2023,553869,1.983,59.1525902661657,0.10053386006944418,1,30.4,0
2023,553869,1.899,54.46667140842031,0.1325218106506658,0,28.5,0
2023,553869,1.856,58.578906389639585,0.278489738652997,1,28.9,0
2023,553869,2,57.72927076973371,0.12611994502396637,1,29.9,0
2023,553869,1.832,56.26965522971867,0.12885194422847607,1,29.1,0
2023,553869,1.955,58.15777563717679,0.29429164291092536,0,27.5,0
2023,553869,1.926,49.5382283499992,0.023678736374597963,0,29.1,0
2023,553869,1.894,56.87427697784197,0.38058593540247615,1,26.3,0
2023,553869,1.849,56.40345064603966,0.22797226347551758,0,28.2,0
2023,553869,1.894,59.222836478586814,0.3015681847225308,0,29,0
2023,553869,1.835,58.14411743259553,0.2736674519050946,1,28.7,0
2023,553869,1.908,56.024089200962045,0.12266366384365147,0,29,0
2023,553869,2.004,56.719141386859626,0.14015586810884126,0,28.8,0
2023,553869,1.863,55.573848420584966,0.10275565258665348,1,29.3,0
2023,553882,2.028,57.263766012704245,0.23650910958613555,1,28.6,0
2023,553882,2.061,58.981197961714045,0.12984002870938907,0,30.4,0
2023,553882,1.945,54.873192570365454,0.15169276795945036,0,28.2,0
2023,553882,1.99,56.93471368923685,0.16060539205680965,0,28.8,0
2023,553882,1.907,51.77933146675344,0.05689740427925803,0,29.1,0
2023,553882,2.024,58.72689459407663,0.39520862177026606,1,26.8,0
2023,553882,2.065,55.87734567970607,0.17513206721868071,0,28.7,0
2023,553882,1.932,58.513719554404005,0.24788347464821955,1,28.9,0
2023,553882,1.976,54.866444240503824,0.17278836084853466,0,28.1,0
2023,553882,2.033,54.22089435246103,0.11540749367020599,0,28.8,0
2023,553882,2.014,59.14304059541189,0.3294135908984257,0,28.6,0
2023,553882,1.989,56.78254386997455,0.19778526710558167,0,28.4,0
2023,553882,2.033,56.18603171601562,0.1904693932371485,0,28.6,0
2023,553882,2.06,60.147117104294516,0.3463188552761858,1,28.3,0
2023,553882,2.044,54.94683890619872,0.12841558231500935,0,28.2,0
2023,553882,1.976,53.25277245228111,0.07982981422680539,0,28.6,0
2023,553882,1.975,56.54803345452752,0.12015479451928425,0,30,0
2023,553882,1.917,56.32286972590085,0.15472737702529124,0,29.1,0
2023,553882,1.993,57.179877825014486,0.19753134427235933,0,28.5,0
2023,553882,2.032,61.83221098710875,0.4682742896653317,0,28.6,0
2023,553882,1.979,51.93338659851152,0.06783996394198635,0,28.4,0
2023,553882,2,57.76275123244434,0.24948008386753337,0,28.7,0
2023,553882,2.091,52.71794144747341,0.11069759775765825,0,27.6,0
2023,571466,2.022,58.420440165398865,0.17630888091235258,0,29.2,0
2023,571466,1.984,53.63334145281771,0.2165058609135146,0,26.4,0
2023,571466,2.08,60.775324698395224,0.2985484646630035,1,29.5,0
2023,571466,1.952,57.660234608158014,0.39739331422889945,0,26.9,0
2023,571466,1.99,57.09158186607331,0.1038805588039603,0,29.7,0
2023,571466,2.157,56.730195878401005,0.1437531711562669,0,27.6,0
2023,571466,1.987,59.23735041930815,0.3595212159175621,0,28.4,0
2023,571466,1.926,50.95030924586565,0.07878383290582044,0,27.7,0
2023,571466,2.004,58.53987863110228,0.27939752948589236,0,28.3,0
2023,571466,2.102,61.683865806318394,0.31234680890731525,1,29.6,0
2023,571466,1.958,57.50089159309036,0.1903355860097875,1,29.4,0
2023,571466,2.052,59.32050209154801,0.2325437264952327,0,28.5,0
2023,571466,1.945,54.968304395339864,0.13819045941243188,0,28,0
2023,571466,2.037,59.89504530413881,0.23673733455418172,0,28.6,0
2023,571466,1.861,53.93351028713918,0.1303464947609164,0,28.3,0
2023,571466,1.916,56.80379780268632,0.15935029694318698,0,29.3,0
2023,571466,1.934,54.55098911809922,0.10155652651282156,0,28.9,0
2023,571466,1.989,55.632323675366784,0.1417708080411342,0,28.5,0
2023,571466,1.923,48.632884702619194,0.01595788060687225,0,29.1,0
2023,571912,1.946,56.95878282512221,0.3538910841007691,0,27.2,0
2023,571912,1.947,57.090117704931295,0.16750441921573955,0,29.5,0
2023,571912,1.912,58.682873504598284,0.22661658811171123,0,28.4,0
2023,571912,1.974,56.217509647988074,0.14086528886944755,0,28.7,0
2023,571912,1.996,54.32568702235488,0.119689878826546,0,28.1,0
2023,571912,1.897,57.68749769727879,0.23221415514175045,1,28.8,0
2023,571912,1.914,54.965999659443085,0.11970708586964537,0,28.5,0
2023,571912,1.918,57.454554699404866,0.635158497379355,0,28,1
2023,571912,1.97,57.5073515849522,0.2152255443446349,0,28.5,0
2023,571912,1.882,57.81640245649284,0.2083665564617317,0,29.1,0
2023,571912,1.943,54.39320204431902,0.10380389419121824,0,29.1,0
2023,571912,1.969,58.19457145743094,0.26001022157952364,1,28,0
2023,571912,1.909,56.23905579105663,0.1950992700288766,0,28.6,0
2023,571912,1.992,59.53386306169701,0.26938786965025413,0,29.6,0
2023,571912,2.045,58.60466732877597,0.2698680321505651,0,26.9,0
2023,571912,1.864,55.80205652326019,0.1801522107688834,1,28.4,0
2023,571912,1.88,62.487059602821894,0.39222995001980265,1,30,0
2023,571912,1.887,54.887960848925196,0.18747793333924612,0,27.9,0
2023,571912,1.91,58.46612608339229,0.28405906911159057,0,28.8,0
2023,571912,1.904,56.66392823402573,0.5086470838494,1,25.5,0
2023,571912,1.838,56.77401207724273,0.5367397186569561,1,28.5,1
2023,571912,1.986,60.290174449999625,0.352694802043092,1,27.3,0
2023,571912,1.922,56.78311813890254,0.2267915299649784,1,28.5,0
2023,571912,1.972,54.49086714463204,0.11083334894190085,0,27.8,0
2023,571912,1.951,59.94252453483723,0.42369566637842676,0,28.3,0
2023,571912,1.933,55.793390959579504,0.13878400475853075,0,28.9,0
2023,571912,1.943,57.40587037386706,0.11019816060954296,0,29.3,0
2023,571912,1.957,58.03627985875132,0.3371679121118304,1,27.9,0
2023,571912,1.885,58.75364094136425,0.28677930698269744,0,28.7,0
2023,571912,1.996,59.54397123882836,0.39605432715338,0,27,0
2023,571912,1.892,50.1777908469042,0.13047078513722493,0,25.9,0
2023,571912,1.882,55.96172688446513,0.14995988775546082,0,28.8,0
2023,571912,1.878,56.009996725574375,0.18028303966390716,1,28.7,0
2023,571912,1.975,55.83595914737473,0.08110879098027765,0,28.1,0
2023,571912,1.955,59.477468651268346,0.2892255946910177,0,28.9,0
2023,572287,2.044,59.56690969493637,0.3257387043981221,1,26.7,0
2023,572287,1.943,51.900847856749245,0.09826677768734529,0,27.7,0
2023,572287,2.072,57.74652313138137,0.12708830657121226,0,27.2,0
2023,572287,1.873,54.57673122099557,0.12303229547271227,0,28.5,0
2023,572287,2.104,55.220566715673485,0.06033184614496061,0,29.5,0
2023,572287,2.005,49.67279882348733,0.037240876243975256,0,28,0
2023,572287,1.963,56.997589702862065,0.286502167215069,1,27.6,0
2023,572287,2.076,55.67919117481038,0.1866883028468529,0,27.9,0
2023,572287,1.983,58.49507964804332,0.25377379094037017,1,28.9,0
2023,572287,1.96,60.27331843780692,0.5264058906871887,0,27.4,0
2023,572287,1.954,50.47239594313273,0.048944790246116136,0,28.6,0
2023,572287,2.162,54.71869794175625,0.16741056197317783,0,26.8,0
2023,572287,2.112,56.15505753885349,0.1911757812462651,0,27.9,0
2023,572287,2.226,61.3174676798722,0.44498889120054747,0,27.4,0
2023,572287,2.037,58.34181893665063,0.20800679127370952,0,29.4,0
2023,572287,2.023,57.59019876631963,0.2753756835417977,1,28.3,0
2023,572287,1.978,56.27606112103447,0.47435865539085054,1,25.5,0
2023,572287,2.068,55.0075131783289,0.08168454918377054,0,27.9,0
2023,572287,2.072,57.23542239128847,0.12670497444763532,0,28.6,0
2023,572287,2.176,51.054460126624996,0.05462391348983588,0,27.7,0
2023,572287,2.042,45.14006409972681,0.02861399029480241,0,26.4,0
2023,572287,1.994,53.41637412480687,0.08729514228345188,0,28.6,0
2023,572287,2.035,52.52618688005236,0.058917075001976585,0,27.8,0
2023,572287,2.073,57.901862960549686,0.2859024949698544,0,28.4,0
2023,572287,2.019,52.86415189634957,0.18554119503274366,0,26.6,0
2023,572287,1.936,55.282791786776016,0.15326228593898691,0,28.4,0
2023,572287,2.079,57.40404239342795,0.2533510551356749,0,28.5,0
2023,572287,2.078,60.26029406208607,0.24836438863715518,1,29.5,0
2023,572287,2.006,60.742383530406094,0.44157131925312404,1,28.6,0
2023,572287,2.09,56.304346583568595,0.12217349564283388,0,29,0
2023,575929,1.821,54.35911828312006,0.07474076238638126,0,29.2,0
2023,575929,1.793,52.56391233000807,0.05816756837329552,0,28.7,0
2023,575929,1.845,52.019074563796984,0.06481610018207182,0,28.7,0
2023,575929,1.932,55.7350301067053,0.08841809695557884,0,30.4,0
2023,575929,1.88,53.586054992647014,0.0801674306420082,0,26.8,0
2023,575929,1.919,55.889049614825076,0.15108415794314403,1,28.5,0
2023,575929,1.971,59.7045746096962,0.2767034978868808,1,28.8,0
2023,575929,1.919,54.804303812369675,0.053567421624754044,0,29.4,0
2023,575929,1.925,56.66863700619635,0.20855845741760048,0,28.6,0
2023,575929,1.937,58.54628475356992,0.3690145537494729,1,28,0
2023,575929,2.007,62.41216204436549,0.2825401114037627,1,29.3,0
2023,575929,1.934,57.22164805885585,0.102400355125933,0,29.6,0
2023,575929,1.863,58.18781134473444,0.2648082404485596,1,28.2,0
2023,575929,1.911,59.86621307422578,0.4136341818919174,1,28.3,0
2023,575929,1.974,57.42320084114829,0.21727255161119158,1,29,0
2023,575929,1.831,56.70386837383014,0.1384984630044021,0,29.6,0
2023,575929,2.016,53.46188099064092,0.11523455459060207,0,27.4,0
2023,575929,1.995,52.08211792774919,0.06009328255362481,0,28.1,0
2023,575929,1.971,57.71895700535305,0.25859482509962,0,27.9,0
2023,575929,1.919,54.996414173141254,0.13547893987973392,0,28.7,0
2023,575929,1.889,52.3968592362632,0.07429109347479183,0,28.2,0
2023,575929,1.823,56.21767795783416,0.18200856644755004,1,28.7,0
2023,575929,1.885,54.53884974367589,0.08067470241452328,0,29.6,0
2023,575929,1.969,59.98655178676577,0.09139951082586578,1,28.3,0
2023,575929,2.041,57.5407296141931,0.09954388847861743,0,29.4,0
2023,575929,1.977,59.622560761200404,0.35802830322739904,0,28.6,0
2023,575929,2.055,58.46921410237982,0.17217482067955103,0,28.6,0
2023,575929,1.901,60.637669679885306,0.52418102428469,1,27.2,0
2023,592200,1.955,57.55421714213345,0.2245354380688565,1,29,0
2023,592200,2.06,58.27993149293853,0.2871976589782606,0,28.6,0
2023,592200,1.998,58.99526058051731,0.5343092888725155,1,26.8,0
2023,592200,2.015,57.84212353888965,0.43274999713133494,1,26.7,0
2023,592200,1.963,58.98998548816959,0.2927585105541809,1,29,0
2023,592200,2.005,60.64969961580226,0.36876595586243505,0,28.4,0
2023,592200,1.948,56.64531361133422,0.128726188604913,0,29.5,0
2023,592200,2.045,53.88698939635736,0.22388096208202057,0,25.8,0
2023,592200,1.907,58.74934411422586,0.2637657830169867,0,29.2,0
2023,592200,1.985,58.9425602742031,0.3283918070662984,1,28,0
2023,592200,2.029,55.67427935645368,0.08101379864123073,0,28,0
2023,592200,1.987,54.74901698299759,0.1310722881698012,0,28.1,0
2023,592200,1.986,59.12788938442793,0.39259010716510595,0,28.1,0
2023,592663,1.939,57.04778963699153,0.1892778482815506,1,27.8,0
2023,592663,1.835,57.19000913826232,0.4478304941833366,1,26.2,0
2023,592663,1.832,53.63876228111663,0.2893138278291687,0,25.8,0
2023,592663,1.728,53.33954726523335,0.08543605367282446,0,28.7,0
2023,592663,1.805,57.94262385617648,0.31715036802072316,0,28,0
2023,592663,1.821,56.41706155994755,0.2632230841237111,1,27.8,0
2023,592663,1.875,56.83752251830293,0.1542122523582929,0,28.5,0
2023,592663,1.827,61.753333451445016,0.5393279812735867,1,28.3,0
2023,592663,1.725,55.427892897762256,0.1589654231223066,1,28.7,0
2023,592663,1.77,57.02156919170134,0.17258957528641466,1,29.4,0
2023,592663,1.824,54.47604271538088,0.1332329274440878,0,28.5,0
2023,592663,1.751,51.79097548564139,0.05823518387254928,0,28.7,0
2023,592663,1.837,58.47270582770074,0.3900884567832318,1,27.6,0
2023,592663,1.852,54.42306255514497,0.24336843745479023,1,26.6,0
2023,592663,1.913,63.482046935272166,0.6378927594827177,1,28.2,0
2023,592663,1.747,51.579006147517056,0.02962177692839683,0,30.4,0
2023,592663,1.773,55.8596891206421,0.28923869282530995,0,27.2,0
2023,592663,1.94,59.52895782048146,0.4989101911093123,1,26.9,0
2023,592663,1.724,52.65350358451369,0.08936917718567818,0,28.5,0
2023,592663,1.808,52.89045094145085,0.06827533013349356,0,28.3,0
2023,592663,1.838,59.79267637655755,0.3037851135168463,1,28.8,0
2023,592663,1.834,56.365047049200584,0.1388923016863959,0,29.5,0
2023,592663,1.865,54.80951781470364,0.12634174152752337,0,28.6,0
2023,592663,1.821,51.96712192354743,0.10804987410685304,0,27.5,0
2023,592663,1.754,54.46256484945439,0.11717126353384912,0,28.4,0
2023,592663,1.727,56.858826174880136,0.11736646088516071,0,29.5,0
2023,592663,1.774,53.06307432110484,0.06448869207636797,0,29.1,0
2023,592663,1.808,53.70652231170483,0.14219778467977268,0,27,0
2023,592663,1.81,51.22086634585609,0.023812392609992294,0,29.1,0
2023,592663,1.764,56.19052470456498,0.12318196110824468,1,28.5,0
2023,592663,1.957,57.74895401306655,0.2902369890389769,0,27.8,0
2023,592663,1.907,59.546076257618495,0.2917806001889942,0,27.5,0
2023,592663,1.769,53.47081939251,0.051544683363685645,0,28.6,0
2023,592663,1.803,53.53032954775702,0.09521495147563161,0,28.3,0
2023,592663,1.847,54.578661560584074,0.09385002650900752,0,29.1,0
2023,592663,2.419,67.12252877248083,0.48949657753254616,0,30,0
2023,592663,1.88,55.30594656040844,0.07188102513421876,0,29.5,0
2023,592663,1.78,53.0594728468887,0.06289867595534775,0,29.7,0
2023,592663,1.761,51.10094554512549,0.054020821184910146,0,28,0
2023,592663,1.768,57.477841534995605,0.17491219157887355,0,26.4,0
2023,592663,1.833,56.35290900605734,0.11382784588118217,0,29.5,0
2023,592663,1.797,60.13129479210087,0.20089769733937796,0,30,0
2023,592663,1.726,50.68260355095976,0.03826275890167816,0,29.5,0
2023,592663,2.5,63.49050121139878,0.6037601497235136,0,28.2,0
2023,592663,1.838,59.21449411116707,0.334896743547069,1,28.5,0
2023,595453,2.089,57.31726347009148,0.15126797564770644,0,27.2,0
2023,595453,1.931,58.862253602522415,0.17057242161605943,0,30,0
2023,595453,2.079,58.00141742520382,0.21921961168456114,0,28.4,0
2023,595453,2.066,54.78372626087834,0.12282784761724475,0,26.4,0
2023,595453,1.877,57.8042378501688,0.2577692181066393,0,28,0
2023,595453,2.086,56.579492170935076,0.1945947850522254,1,26.8,0
2023,595453,1.981,59.208064178093956,0.20845388272495757,1,29.4,0
2023,595453,1.908,55.68928830173403,0.20458183695130178,0,27.8,0
2023,595453,1.959,57.49291299351048,0.09728637638618967,0,30.3,0
2023,595453,1.909,55.75419332472021,0.2588046299354251,0,26.9,0
2023,595453,1.955,57.74976807916853,0.545626895538081,0,25.5,0
2023,595453,1.949,58.70340783324441,0.35685977818247244,1,28.2,0
2023,595453,1.907,55.37945582863073,0.07981226933896783,0,30.1,0
2023,595453,2.201,56.86591982461907,0.26509051545237855,0,28,0
2023,595453,1.898,57.06583216102518,0.13280942121617303,0,29.7,0
2023,595453,1.904,60.670549577115885,0.5922004692328906,1,26.7,0
2023,595956,1.987,60.60002391616565,0.2372806914958853,1,30.4,0
2023,595956,2.028,56.80606240101317,0.163788448342081,0,28.3,0
2023,595956,1.851,52.68454281354706,0.08458908432374834,0,28.7,0
2023,595956,2.043,57.53909299785534,0.1358197864300433,0,28.7,0
2023,595956,2.029,55.30440293491728,0.09034439603945235,0,28.1,0
2023,595956,1.941,59.01543483719718,0.3028236085285196,1,28.5,0
2023,595956,1.954,58.19629104954739,0.2798665671578867,0,28.6,0
2023,595956,1.878,57.39113197362575,0.19978001633518494,1,28.5,0
2023,595956,1.987,58.37907466995843,0.2606425295180213,0,28.6,0
2023,595956,2.04,57.62153433547217,0.18299853335571192,0,29.4,0
2023,595956,2.117,59.19048168943639,0.20186957752021933,0,28.4,0
2023,595956,1.92,61.13176614076697,0.33058650708261406,1,28.4,0
2023,595956,2.013,56.80647634776407,0.046270837301710305,0,29.6,0
2023,595956,2,60.614059571470236,0.3216827089233272,1,27.8,0
2023,595956,1.892,54.285196430175205,0.09597181451975627,0,28.7,0
2023,595956,1.995,56.486161960432625,0.18308067671567682,0,27.4,0
2023,595956,2.002,57.47014892526528,0.24960511999195956,1,28.6,0
2023,595956,2.028,61.08187288861349,0.4643608872252338,1,28.5,0
2023,595956,1.965,52.603259973782,0.0953938046781854,0,28.3,0
2023,595956,1.902,54.44729839313208,0.1315768623785818,0,28.5,0
2023,595956,1.99,60.00830838326443,0.4054110237398417,0,28.4,0
2023,595956,1.943,58.354367132125745,0.30103751677021434,0,28.5,0
2023,595956,1.988,57.16696313847898,0.160912460578726,0,27.9,0
2023,595956,1.983,58.56053641365147,0.28061983372741006,1,28.8,0
2023,595956,1.954,55.46506270225668,0.22018598954679433,0,27.7,0
2023,595956,1.924,58.291716324701476,0.3106698585097598,0,28.3,0
2023,595956,1.949,54.382526171208134,0.1532983252219694,1,28,0
2023,595956,1.925,52.305520985858024,0.08982619903089725,0,28.2,0
2023,595956,1.996,56.3402000147029,0.19552034590811915,0,27.5,0
2023,596117,1.829,56.7567258091709,0.2335118232982029,0,27.8,0
2023,596117,1.916,61.203067365135084,0.677695619949126,1,26.8,0
2023,596117,1.853,55.0230607639092,0.21099776895556344,1,27,0
2023,596117,1.895,59.002762046901516,0.2828643554764037,0,28.4,0
2023,596117,1.782,52.47688075010467,0.06772744823199142,0,28.8,0
2023,596117,1.862,57.280888995305936,0.13797882425035832,0,29.3,0
2023,596117,1.846,56.92134254099344,0.17068053978358602,0,28.8,0
2023,596117,1.883,58.334970236309914,0.28383633392461644,1,28.7,0
2023,596117,1.901,49.87696695894231,0.08162067638931601,0,26.2,0
2023,596117,1.883,51.461292270937825,0.02715655093306421,0,27.7,0
2023,596117,1.932,53.490312619206534,0.09417817628615405,0,27.4,0
2023,596117,1.795,53.97289624395998,0.0740196558728747,0,29.9,0
2023,596117,1.908,45.300007089987226,0.010601763987119775,0,28.7,0
2023,596117,1.849,55.45518261401257,0.14694458135500665,0,28.7,0
2023,596117,1.861,57.43553360827126,0.3647129744103634,1,26.4,0
2023,596117,1.817,57.853282269095615,0.24813309237147183,0,28,0
2023,596117,1.948,57.038130761885476,0.10498747640259144,0,28.7,0
2023,596117,1.873,55.09579919705262,0.10800454600574871,0,28.3,0
2023,596142,1.879,56.74294810866086,0.18796661003622261,0,28.9,0
2023,596142,1.927,58.48991395241213,0.29377383882757685,1,28.3,0
2023,596142,1.841,53.378779114842494,0.07803500265821188,0,28.7,0
2023,596142,1.838,56.652710191036796,0.1356212267275794,0,29.1,0
2023,596142,1.935,58.029066029971666,0.3161820093874103,1,28.2,0
2023,596142,1.853,55.42051289439126,0.17534484591538907,1,28.3,0
2023,596142,1.821,51.08567049222265,0.025122475496660343,0,30.2,0
2023,596142,1.868,54.03078391385013,0.16408554045231727,0,27.7,0
2023,596142,1.966,55.30601954010832,0.1037925801577871,0,28.5,0
2023,596142,1.889,52.767559888906625,0.0418760645012286,0,29,0
2023,596142,1.766,53.848300521496625,0.36870793423001946,1,28.3,1
2023,596142,2.03,52.07221823051744,0.03523550006033786,0,28.5,0
2023,596142,1.851,54.86307587445397,0.052978496946986205,0,29.1,0
2023,596142,1.937,58.8430244591284,0.3673377901909218,0,28.1,0
2023,596142,1.888,56.798194724901556,0.21821380247196157,1,28.4,0
2023,596142,1.883,57.69854237006441,0.13805787164133776,0,29,0
2023,596142,1.906,55.83917729577342,0.25948332660664225,0,27.2,0
2023,596142,1.935,59.52082497199619,0.45120866787249864,0,27.8,0
2023,596142,1.983,56.91727888001765,0.1670858829897003,0,28.5,0
2023,596142,1.976,55.60692192953006,0.12820886921999558,0,27.7,0
2023,596142,1.961,54.75527436916402,0.1354154049389063,0,27.8,0
2023,596142,1.91,56.21917226390066,0.17824239567813013,1,28.3,0
2023,596142,1.864,56.10291939951432,0.10455394722747181,1,29.9,0
2023,605131,2.006,51.616162890941425,0.07812634000061948,0,26.6,0
2023,605131,2.017,58.16767448209195,0.23390336067509176,0,28.6,0
2023,605131,1.987,58.558302619672574,0.3061098320095345,0,27.8,0
2023,605131,2.124,54.1732050011114,0.12936170403149946,0,27.3,0
2023,605131,2.048,54.13207045003437,0.0604749492011033,0,30.1,0
2023,605131,1.964,58.68017629830873,0.2399627945876163,0,28.9,0
2023,605131,2.058,55.53246654786494,0.10779420142267716,0,27.6,0
2023,605131,2.01,57.890622448879135,0.2958143975305852,1,28.3,0
2023,605131,1.951,55.69751362294769,0.1064638742453668,0,29.6,0
2023,605131,1.982,56.76640941791305,0.1820182059841736,0,28.6,0
2023,605131,2.064,60.72178959778455,0.6203029008227048,1,27,0
2023,605131,1.972,56.694570117407416,0.17545925592578568,0,28.5,0
2023,605131,1.961,57.0618846851677,0.16468280062236726,0,28,0
2023,605131,1.966,57.21870563717958,0.14788389463996765,0,29.6,0
2023,605131,2.051,56.98444620922736,0.15907338787012912,0,27.7,0
2023,605131,1.94,60.09509097692087,0.1978792357172496,0,29.9,0
2023,605131,1.929,58.320190827484446,0.1854995088023989,0,29,0
2023,605131,2.063,57.21688056425683,0.10485149698347783,0,28.5,0
2023,605131,1.947,57.659946674400246,0.21868182861442323,0,29.1,0
2023,605131,2.117,61.67167262651285,0.3681967032369484,0,29,0
2023,605131,2.012,52.05868572174212,0.021918046198551432,0,28.6,0
2023,605131,2.009,56.653241173666466,0.1072165054980275,0,28.6,0
2023,605131,2.043,57.227556233662916,0.18567320949718483,0,28.5,0
2023,605131,2.07,55.24916186271337,0.19094418094564594,0,27.3,0
2023,605131,1.925,54.06925024995971,0.1493910539120031,0,27.4,0
2023,605131,1.971,55.61953264493429,0.08665968831966463,0,29.6,0
2023,605131,1.928,51.679945372452025,0.05550823189871629,0,28.2,0
2023,605131,2.01,59.1812551585463,0.2975273967866825,0,29,0
2023,605170,2.1,58.612854909084426,0.32099669455267715,0,28.4,0
2023,605170,1.961,60.92286422166216,0.407354508294616,0,29,0
2023,605170,2.063,57.97469788644949,0.1757538868386323,0,28.6,0
2023,605170,2.043,54.91833911286863,0.14324887843057868,0,26.9,0
2023,605170,1.939,54.23605422715316,0.06977747470564451,1,29.4,0
2023,605170,2.067,55.37708021539642,0.13593992443517844,0,28.2,0
2023,605170,1.918,56.57221871729367,0.2041269497304315,0,28.6,0
2023,605170,2.099,56.78102782553575,0.14794476608425372,0,29.4,0
2023,605170,2.077,55.03673855522035,0.13802116184920904,0,28.1,0
2023,605170,1.991,52.803331413711064,0.11232479618560591,0,27.8,0
2023,605170,2.071,54.25494243490358,0.20072181041321574,0,26.4,0
2023,605170,1.971,58.01857542222943,0.23912208062387738,0,29,0
2023,605170,2.453,66.77329484104439,0.6263337215284225,0,29.6,0
2023,605170,2.144,57.054964322184084,0.27264153331787405,0,28.1,0
2023,605170,1.876,53.389255874300815,0.08987469627434994,0,28.7,0
2023,605170,2.019,58.908629035754814,0.34831896674090945,0,28.2,0
2023,605170,2.247,64.33588614643666,0.5529947156842325,1,28.6,0
2023,605170,2.025,49.42035879245119,0.027207227834873733,0,28.7,0
2023,605170,2.043,53.97453040190792,0.14980469156260007,0,27.8,0
2023,605170,2.027,56.9373901055833,0.27172805590648097,0,27.9,0
2023,605170,2.021,56.28417389485103,0.20958480682245145,0,28.4,0
2023,605170,2.033,57.00011838666054,0.16055297262837642,0,28,0
2023,605170,2.008,54.21122160016511,0.2708428896227453,0,26.2,0
2023,605170,1.983,59.54269991822987,0.32823212954606523,0,28.8,0
2023,605170,2.095,54.86626193312272,0.0832109845921361,0,28.2,0
2023,605170,2.028,59.14983965791575,0.22329353699252302,1,28.3,0
2023,605170,1.953,54.20204190654503,0.11327636814671593,0,27.8,0
2023,606992,2.113,61.341833971890715,0.46789405038046183,0,28.6,0
2023,606992,1.85,57.757332588507325,0.3630183641033082,1,27.5,0
2023,606992,1.936,58.022568356340074,0.14627214375763306,0,29.5,0
2023,606992,1.981,63.38211446973088,0.5393366173324394,1,28.1,0
2023,606992,1.936,57.870983491637524,0.3884473100782627,1,26.5,0
2023,606992,1.994,51.418878624962915,0.015073662517813618,0,28.7,0
2023,606992,1.871,55.82887136515423,0.10307683819402466,0,30.1,0
2023,606992,2.362,61.86944198824235,0.5426490711401387,0,27.8,0
2023,606992,1.892,59.590519122384315,0.3020220207803417,0,29.2,0
2023,606992,2.004,60.36512595310068,0.39990891915172216,1,28.7,0
2023,606992,2.122,56.31684283934176,0.1510487358103938,0,28.9,0
2023,606992,1.898,55.67363363027994,0.15488794600302103,0,28.7,0
2023,606992,1.883,52.45258392709851,0.0730216284318401,0,28.7,0
2023,606992,2.108,59.66228552057214,0.15465862751891113,0,29.4,0
2023,606992,1.885,56.30115850089821,0.16688438682093407,0,28.6,0
2023,607732,1.903,57.19108389475819,0.3855115819233524,0,27,0
2023,607732,2.017,55.916417343617844,0.12798770196321863,0,28.1,0
2023,607732,1.898,59.31855674764219,0.44037186812058926,0,27.8,0
2023,607732,1.936,57.13259401574663,0.40384129971830585,0,26.8,0
2023,607732,1.942,52.74645511400817,0.09181397650857767,0,28.4,0
2023,607732,1.976,57.41178142890802,0.35533513429557145,1,27.2,0
2023,607732,1.975,54.43052826257546,0.11115183154418837,1,27.3,0
2023,607732,1.991,55.37053881089786,0.2115654508571602,0,27.8,0
2023,607732,1.986,55.48251171375349,0.09890177452921915,1,29.4,0
2023,607732,2.062,55.879927326164136,0.12416303794132727,0,27.6,0
2023,607732,1.851,53.81135609095419,0.10904206714050181,0,28.7,0
2023,607732,1.932,54.36230946882729,0.12345858051926376,0,28.7,0
2023,607732,1.995,59.40264772795243,0.2301831989154875,0,29.6,0
2023,607732,1.951,54.25896633956386,0.11185349813013215,0,28.5,0
2023,607732,1.954,55.59145350509247,0.1758928906439932,0,28.5,0
2023,607732,2.104,51.98514030287877,0.03532265358710364,0,29.1,0
2023,607732,1.995,54.74290356879773,0.11933200089079342,0,28,0
2023,607732,1.941,51.38302658205267,0.052021085681601346,0,28.4,0
2023,607732,1.96,56.47248167659951,0.20679285443545115,0,28.5,0
2023,607732,2.136,59.93415222641091,0.2863683901023164,0,29.2,0
2023,607732,1.938,55.9149046655913,0.14865820827523019,0,29.1,0
2023,607732,1.99,56.0432097064327,0.19307522018788056,0,28.2,0
2023,607732,1.992,57.609902672264006,0.3102180506959347,1,27.5,0
2023,607732,1.941,55.30432747387921,0.2855345765903808,0,26.9,0
2023,607732,2.063,56.25991329984883,0.3938397454430835,0,26.3,0
2023,607732,1.972,56.47227682959603,0.1227465971383079,0,28.9,0
2023,607732,1.98,53.8010910907116,0.1098460693553916,0,27.6,0
2023,607732,1.98,49.4350525621579,0.04302957543003795,0,28.2,0
2023,607732,1.88,58.75380287461646,0.3092017058393005,0,28.6,0
2023,607732,2.022,52.17534191854749,0.06202457641275107,0,27.9,0
2023,607732,2.006,54.03722161285732,0.09625184952411868,0,28.2,0
2023,607732,1.868,54.930902273902426,0.1633416197495682,0,28.1,0
2023,607732,1.894,52.67174984952787,0.0930744616544667,0,28.4,0
2023,607732,1.932,58.453885495465194,0.3199817331374058,0,28.4,0
2023,607732,2,55.36748264125062,0.14308813597136527,0,28.9,0
2023,607732,1.981,54.63431234127305,0.14764326383473197,0,28.4,0
2023,607732,1.986,57.07269685287304,0.08210084848175182,0,29.5,0
2023,607732,1.913,56.93878358602238,0.2726463871255421,1,27.7,0
2023,607732,1.909,58.13285672390744,0.2794221125269265,1,28.3,0
2023,607732,1.896,56.45020876584452,0.18391017190083356,0,28.9,0
2023,608348,1.935,55.731763495017134,0.09480865224315536,0,30.2,0
2023,608348,1.979,54.09371766909336,0.05796262252789865,0,28.7,0
2023,608348,1.91,59.79550809029994,0.17773366973548216,1,30.4,0
2023,608348,1.956,55.059735242630026,0.19345614735300423,1,26.8,0
2023,608348,2.02,59.1519278341262,0.32283108037453173,0,27.9,0
2023,608348,1.941,56.035603928685404,0.0995657545927666,0,30.2,0
2023,608348,1.891,53.39981246806853,0.10978079437018139,0,28.4,0
2023,608348,1.924,63.56535971226322,0.49160245206650155,0,29.6,0
2023,608348,1.931,55.886102559306195,0.16550981161183628,1,28.1,0
2023,608348,1.929,55.47405647976834,0.054605802627590294,0,29.4,0
2023,608348,1.934,57.7091275711689,0.08402006951064483,0,29.7,0
2023,608348,1.921,56.18871657367387,0.17481402565358248,1,28.2,0
2023,608348,1.938,56.99777734911914,0.22902418711410294,0,27.8,0
2023,608348,1.943,57.710373490394396,0.2510213664911785,1,27.5,0
2023,608348,1.927,55.98002731658122,0.12794547288953387,1,29,0
2023,608348,2.048,56.42932120876611,0.05463447056178676,0,27.8,0
2023,608348,1.961,57.713247028576895,0.3356258339431412,1,27.4,0
2023,608348,2.044,58.63546165819415,0.07662319655088547,0,30.4,0
2023,608348,1.876,55.08250337809012,0.08879077272978515,0,29,0
2023,608348,1.887,56.95574274954515,0.16856411415818404,1,28.9,0
2023,624431,2.061,57.77196023345997,0.42836683626409827,1,26.5,0
2023,624431,2.014,56.73649739703313,0.20734974362286973,0,28.1,0
2023,624431,1.865,52.6880468895955,0.17587848900788752,0,30.1,1
2023,624431,1.925,57.694759076646406,0.21588453863762538,0,29.1,0
2023,624431,2.03,56.603734440608115,0.1316633599224644,0,29.7,0
2023,624431,1.979,54.31025668909902,0.09581804906286558,0,26.1,0
2023,624431,1.943,56.48961696450187,0.13953654319573272,0,29.7,0
2023,624431,1.945,55.53804185556174,0.28126310947875843,0,27.1,0
2023,624431,1.972,55.01030672156742,0.2554280255658574,0,26.8,0
2023,624431,1.913,53.784981072443195,0.14236910510928458,0,27.8,0
2023,624431,2.021,59.11096884274813,0.26670020191322663,1,28.5,0
2023,624431,2.055,54.354667651422304,0.0770683480938693,0,27.7,0
2023,624431,1.954,56.68542007453863,0.16833677528794488,0,29.3,0
2023,624431,1.927,60.62077625405314,0.26146932831212094,1,30.3,0
2023,624431,2.035,57.747740254796,0.2949143730002193,1,28.1,0
2023,624431,2.058,57.74116211043669,0.22789934913037926,0,28.9,0
2023,624512,1.999,51.66639050925281,0.03449506421423183,0,29.1,0
2023,624512,2.002,54.68281625992075,0.05609710547514682,0,28.2,0
2023,624512,1.923,58.76887963393232,0.203331629784187,1,30,0
2023,624512,2.004,52.882437921484716,0.11237351293014788,0,26.3,0
2023,624512,1.95,59.423680538384104,0.42305827574871113,1,26.9,0
2023,624512,2.096,57.88224248211673,0.373975745326978,1,27.2,0
2023,624512,1.996,53.113427984173725,0.17031080983260619,0,25.7,0
2023,624512,1.951,54.69835021746203,0.16148765957836103,0,27.4,0
2023,624512,1.913,54.457136469702014,0.1298878038072684,0,28,0
2023,624512,2.242,56.664002373449485,0.1226837050076062,0,27.6,0
2023,624512,1.836,58.98142675345061,0.4126695505960644,1,27.8,0
2023,624512,2.011,59.81750246348378,0.1966377746105208,0,29.1,0
2023,624512,2.018,61.84395379707953,0.6599853261727332,0,27.3,0
2023,624512,1.872,50.021156895503275,0.04278678558044346,0,28.6,0
2023,624512,1.948,52.751239871557594,0.13579846050018438,0,27.4,0
2023,624512,1.862,62.1361644674472,0.5389097226689816,0,28,0
2023,624512,2.037,60.96609785707822,0.37199591982741914,0,29.1,0
2023,641511,1.96,58.46091554592046,0.301026512821397,0,28.1,0
2023,641511,2.056,52.805913567395756,0.08174813376295376,0,27.8,0
2023,641511,1.916,55.701713899451555,0.26924944123176225,0,26.4,0
2023,641511,1.961,55.0987003578703,0.0767481729620236,0,27.5,0
2023,641511,1.953,57.64351709126131,0.22867923201835613,0,28.4,0
2023,641511,1.981,59.8768651921212,0.4045862713397496,0,27.5,0
2023,641511,1.942,51.420271566170555,0.051686757942155506,0,28.3,0
2023,641511,1.955,53.039564752811636,0.15783716706552248,0,27.2,0
2023,641511,2.122,60.57915213924643,0.5413429003900211,0,26.9,0
2023,641511,1.96,56.74020549221869,0.17542269014393122,0,29,0
2023,641511,2.135,57.11034704575628,0.23247631546078584,0,28.6,0
2023,641511,1.984,61.619382742541795,0.5898846550318013,1,27.8,0
2023,641511,1.938,57.91316698295086,0.25851335412724824,0,28.2,0
2023,641511,2.191,61.18636223042337,0.31151912031246753,0,29.4,0
2023,641511,1.994,58.18623830938236,0.12769446618749192,0,29.9,0
2023,641511,1.895,55.701628500246244,0.18012087070016344,1,28.5,0
2023,641511,1.968,51.16667558653244,0.11054877346899439,0,26.9,0
2023,641511,1.93,53.938129599352614,0.18944176513939653,0,26.4,0
2023,641511,1.937,53.410635323163,0.12441380297587393,0,28.1,0
2023,641511,2.017,59.6930058753914,0.39081239420487074,0,27.9,0
2023,641511,1.934,57.205886705673436,0.19406059438749507,0,29,0
2023,641511,1.943,55.0246746119364,0.06914929299251817,0,28.8,0
2023,641511,1.975,59.599498697711546,0.3149946984998131,1,28.3,0
2023,641511,2.047,59.24903289210475,0.5366079820316219,0,26.9,0
2023,641680,2.026,61.17910685481607,0.32681951663372794,1,28.8,0
2023,641680,1.93,56.88867075321197,0.1460903742651068,1,29.7,0
2023,641680,1.973,59.89814106742407,0.3706893805314319,0,28.6,0
2023,641680,2.034,57.35302019261017,0.2860310236122459,1,28.1,0
2023,641680,1.967,58.15662886708173,0.26383568125912626,1,26.9,0
2023,641680,1.921,55.76837805550345,0.26456843460193613,0,27.3,0
2023,641680,1.858,51.74895044773514,0.0755851875481623,0,27.8,0
2023,641680,1.922,43.45883057046693,0.005064584684184227,0,30.1,0
2023,641680,1.917,54.90688707791383,0.14764013915032728,0,27.5,0
2023,641680,2.02,58.57940041184732,0.44361943082403804,0,26.8,0
2023,641680,2.012,57.864753872449924,0.1451335538489042,0,29.7,0
2023,641680,1.917,57.10368163454778,0.21980760206154049,0,28.5,0
2023,641680,1.97,56.36536465313498,0.18018381099396077,0,28,0
2023,641680,1.963,56.99898195852281,0.14684353929727204,0,29.1,0
2023,641680,1.955,55.96009378908508,0.191384038326281,0,28.5,0
2023,641680,2.01,55.127809672697246,0.11407104085926088,0,28.6,0
2023,641680,1.982,58.3389122121003,0.09699135043671035,0,30.4,0
2023,641680,1.868,58.9144893592939,0.1970496584416078,1,29.7,0
2023,641680,1.914,55.40282459212957,0.08406092909154494,0,29.1,0
2023,641680,2.032,57.81124357419446,0.1508917186065855,0,29.5,0
2023,641680,1.972,55.942872674419014,0.1543981732658302,0,29.1,0
2023,641680,1.945,56.98398734120921,0.19407721988132579,1,28.2,0
2023,641680,1.885,52.82715491284574,0.06979304264983972,0,27.6,0
2023,641680,2.029,61.550217897869544,0.4549639694982933,1,28.3,0
2023,641680,1.879,59.036150879407714,0.4781320056909161,1,27.3,0
2023,641680,1.908,57.03292638752352,0.23885460938940534,0,28.5,0
2023,641680,1.871,53.00325233118579,0.0985468479939763,1,27.6,0
2023,641680,2.031,58.45459680540509,0.18151428446962062,0,29.3,0
2023,641680,1.932,56.62705202332017,0.11527570833321978,0,29.3,0
2023,641680,1.909,56.42164308276835,0.13380825626925805,0,29.7,0
2023,641680,2.083,63.12005255222814,0.7702357210280111,1,26.9,0
2023,641680,1.963,49.05396696358677,0.02015826457984818,0,29.1,0
2023,641680,2.052,59.54835760326047,0.4558505196797212,1,27.8,0
2023,641680,1.935,53.72522307058371,0.11141274825785166,0,28.5,0
2023,641680,1.955,60.94262894259934,0.7461601415810436,1,26,0
2023,641680,2.088,63.912190438118095,0.8610877849960311,1,25.9,0
2023,641680,1.973,58.14289556792269,0.1483880302584198,1,27.6,0
2023,641680,1.971,55.735057413786016,0.14936137472295755,0,28.4,0
2023,641680,1.969,56.30026220554005,0.08769916796733573,0,29.5,0
2023,641680,1.874,59.23972486279545,0.2164750850147815,1,30.1,0
2023,641680,1.959,56.580176903738504,0.27269776849025895,0,27.7,0
2023,641680,2.028,61.71957871423521,0.39403828270985947,1,28.5,0
2023,641680,1.933,57.86111395864076,0.20783531725290957,0,28.6,0
2023,641680,2.009,55.7074374944824,0.11452517318337864,0,28.9,0
2023,641680,2.051,59.399605537911704,0.2631183385075668,1,28.4,0
2023,641680,1.913,54.79518856702762,0.1573389600611294,0,28.3,0
2023,641680,1.9,56.910581431204065,0.21604152385410016,0,28.7,0
2023,641680,1.957,58.46130716306684,0.4865065779614364,0,26.9,0
2023,641680,1.994,56.17516320981464,0.16047885137832618,0,26.9,0
2023,641680,1.932,59.42715552967721,0.4232407407900123,1,27.5,0
2023,641680,2.117,57.94263962828513,0.25380846583694,0,27.3,0
2023,641680,1.885,53.57653425632871,0.10234646083349457,0,27.8,0
2023,641680,2.265,60.45606378604499,0.5060583169901899,0,27.5,0
2023,642336,1.853,52.085407595026254,0.05239710063678861,0,29.1,0
2023,642336,1.922,58.57805263804802,0.1917522323087907,1,29.4,0
2023,642336,1.956,50.7825570719793,0.11290170509705696,0,26.3,0
2023,642336,1.827,53.54935224095549,0.06187863904090688,0,29.3,0
2023,642336,1.935,54.31703131760682,0.11731468027048315,0,28.5,0
2023,642336,2.035,57.77671283343082,0.11299347729836043,0,28.5,0
2023,642336,1.865,43.55107856991567,0.007249802110284709,0,28.7,0
2023,642336,1.85,54.80763550484755,0.07087546625361335,0,29.9,0
2023,642336,2.15,57.98353520952464,0.2951346930096382,0,27.8,0
2023,642336,2.067,54.10884604234333,0.08672820466282939,0,29.1,0
2023,642336,1.953,59.19785067674216,0.2413322519901057,1,29.7,0
2023,642336,1.893,54.02330448015166,0.10414079243675177,0,28.5,0
2023,642336,1.89,53.100292907996135,0.07416558878195709,0,28.2,0
2023,642336,1.874,56.56542128682406,0.16305168146886764,0,29.1,0
2023,642336,2.047,61.150808158832525,0.47644389278504995,0,28.5,0
2023,642336,1.961,50.97823790710933,0.06717521392445383,0,28,0
2023,642336,2.089,60.81569025049403,0.5242228751087783,1,27.1,0
2023,642336,1.968,53.00709983459107,0.12924983620195749,0,27.7,0
2023,642336,1.912,57.854098367575915,0.22722882454371282,1,28.3,0
2023,642336,1.973,54.61800952872434,0.08726959510996171,0,29.6,0
2023,642336,1.83,54.102795332630244,0.10088338496540762,0,28.5,0
2023,642336,1.797,53.38295154291102,0.08586538968700401,0,29.1,0
2023,642851,1.925,54.065990710121255,0.14389528726360976,0,27.3,0
2023,642851,1.905,55.471125608616,0.1207071000923567,0,29.5,0
2023,642851,1.886,57.27828345998107,0.13697426697315118,0,29.9,0
2023,642851,1.981,51.11411158724144,0.04779550264998799,0,28.7,0
2023,642851,1.889,60.41097246308403,0.4535700512049052,1,28.3,0
2023,642851,1.898,52.10233793310085,0.11199272573552536,0,27.2,0
2023,642851,1.91,53.71577477650376,0.17863746728205893,1,26.8,0
2023,642851,1.913,55.11136375229602,0.18429272608906577,0,27.9,0
2023,642851,1.897,55.864790428306044,0.28590364770301463,1,27,0
2023,642851,1.867,58.71306260508749,0.4909349043789761,1,27,0
2023,642851,1.961,59.59140971436455,0.3701355516462254,1,28.5,0
2023,642851,1.925,50.93769269256155,0.03511690326974578,0,29.6,0
2023,642851,1.919,57.60842531406009,0.19637724964362005,1,28.8,0
2023,642851,1.928,54.2425468265006,0.09063455063130356,0,28.8,0
2023,642851,1.855,59.978299613586,0.31567603495148083,1,28.6,0
2023,642851,1.878,57.43310033728879,0.21717444662629035,0,29,0
2023,642851,1.855,56.84866271732793,0.2558428816888029,1,28.1,0
2023,642851,1.881,57.857244057697095,0.15622542807409945,1,28.6,0
2023,642851,1.925,55.246620702427805,0.19531851489960128,0,27.7,0
2023,642851,1.879,50.18158223390059,0.06372816214348137,0,27.8,0
2023,642851,1.914,57.00334934580663,0.24880161292485767,0,28.3,0
2023,642851,1.891,57.09760663152519,0.2134418795377185,1,28.8,0
2023,643376,1.96,54.210242232947664,0.06865563199878358,0,28.6,0
2023,643376,1.906,59.411589760778234,0.5250789176444707,1,26.6,0
2023,643376,1.973,52.49002271344486,0.08252521938630263,0,27.3,0
2023,643376,1.95,62.130206508862614,0.36605604844695505,0,28.7,0
2023,643376,2.019,56.21672304488633,0.1779645314457324,0,28.5,0
2023,643376,2.009,57.06618487722906,0.1194649161751049,0,30.1,0
2023,643376,1.944,60.58725432202854,0.7165126050551656,1,29,1
2023,643376,2.031,58.653608994264985,0.21949602905358395,0,29,0
2023,643376,2.005,60.213465152075436,0.3315791642275523,0,28.5,0
2023,643376,1.941,58.59373709210791,0.15274220191509166,0,30.1,0
2023,643376,2.117,52.946212992042064,0.06666450221302864,0,28.6,0
2023,643376,1.99,55.69610658759098,0.3444772500823787,0,26.4,0
2023,643376,1.998,56.45945799913436,0.118880707556993,0,28.1,0
2023,643376,2.012,53.80278749356452,0.08032374941182392,0,27.9,0
2023,643376,1.935,54.55339429393291,0.12454552645951278,0,28.7,0
2023,643376,1.933,53.129334371811154,0.07760413774743552,0,28.5,0
2023,643376,1.978,56.6773828313484,0.35931002248456895,0,26.8,0
2023,643376,2.016,61.33893087257537,0.3740360879300019,1,28.5,0
2023,643376,1.995,51.76964499204177,0.03505509676489998,0,29.3,0
2023,643376,2.015,57.043274032633754,0.1961883293931351,1,29,0
2023,643376,1.909,59.75202009736922,0.3095665759430225,1,28.6,0
2023,643376,2.354,64.11959689799073,0.4802544678811064,0,29.6,0
2023,643376,1.986,55.99556760085694,0.05519941704837941,0,29.4,0
2023,643376,1.929,55.782638437587174,0.1770459268818051,0,28,0
2023,643376,2.076,58.84271790577442,0.2390293374188233,0,28.6,0
2023,643376,1.976,58.990991979091135,0.24166999241813136,0,29.6,0
2023,650907,1.804,55.55147909885481,0.14690526064150336,0,28.9,0
2023,650907,1.864,52.34062381721177,0.07105041215780265,0,28.3,0
2023,650907,1.954,57.953618039837025,0.27995490921816263,0,28.5,0
2023,650907,1.873,53.264599930011435,0.06125302793382455,0,29.5,0
2023,650907,1.867,53.86909635140888,0.05463946657030401,0,28.5,0
2023,650907,1.825,47.9407123163576,0.0328277220697784,0,28,0
2023,650907,1.924,58.08597856370852,0.33732501419896715,0,27.3,0
2023,650907,1.852,55.041799695428544,0.09814705107473214,0,29.5,0
2023,650907,1.905,58.86154374404218,0.2822876439035536,1,29,0
2023,656024,2.021,55.35622760394814,0.06442320225070813,0,28.4,0
2023,656024,2.01,59.58151359145177,0.4422196544061242,1,27.9,0
2023,656024,2.061,53.914801373755836,0.07132852270184728,0,28.8,0
2023,656024,1.938,59.90359809302382,0.39109165041730165,1,28.5,0
2023,656024,1.924,58.76752576020958,0.2756478576896715,0,28,0
2023,656024,2.036,57.78724526987867,0.20353232629429371,0,28.2,0
2023,656024,2.003,56.179093925650555,0.14423818865440305,0,29.4,0
2023,656024,1.968,57.784106737127395,0.34524231562854935,1,27.6,0
2023,656024,2.043,57.578546259426595,0.2340697445820495,0,27.3,0
2023,656024,1.948,56.8767742547841,0.05582321269961145,0,30,0
2023,657136,1.871,50.85157981079714,0.06178870193600721,0,28.3,0
2023,657136,1.965,59.96995789483682,0.4354447012679634,0,28.1,0
2023,657136,2.008,57.68426651605056,0.24957997389369196,0,28.7,0
2023,657136,1.92,53.15453636708057,0.14066105273446608,0,27.6,0
2023,657136,1.929,61.28487322534248,0.3163916918500041,1,28.6,0
2023,657136,1.874,53.52873060142225,0.07000218747555696,1,28.3,0
2023,657136,1.93,55.63500802380017,0.18635152743425537,0,27.8,0
2023,657136,1.972,61.0439338154396,0.4187089055057036,1,28.7,0
2023,657136,1.857,57.66378041094896,0.21347111632563434,0,28.3,0
2023,657136,1.934,54.92928357180664,0.11999049833816582,0,28,0
2023,657136,1.817,51.763322014106194,0.06957112603273707,0,28.5,0
2023,657136,1.886,56.477196879458845,0.16558262489291,1,28,0
2023,657136,1.854,57.6660853527722,0.1997322416167735,1,29.4,0
2023,657136,2.119,55.76917862827744,0.06878046583798461,0,28.8,0
2023,657136,1.796,54.17096637336193,0.15442782965955665,1,27.9,0
2023,657136,2.105,55.362356775658654,0.1928701576674532,0,28.1,0
2023,657136,1.917,61.71689350483854,0.5203131628672423,1,27.7,0
2023,657136,2.15,57.508039769927834,0.0899337155367555,0,29.3,0
2023,657136,1.823,54.002384250724006,0.3604692425908485,0,28.5,1
2023,657136,1.91,53.64421921358706,0.11335027213915502,0,28.5,0
2023,657136,1.885,54.1178359118383,0.04221385639917964,0,28.4,0
2023,657136,1.873,52.67927412348809,0.06831411380585826,0,28.9,0
2023,657136,1.857,55.480103293069234,0.1257380554493373,1,28.9,0
2023,657136,1.92,49.96846262984985,0.05292335380121869,0,27.6,0
2023,657136,1.911,59.443605503635865,0.1462657457248637,1,30.4,0
2023,657136,1.969,54.44029911350639,0.07046109264368214,0,29.4,0
2023,657136,2.002,54.27994099487042,0.027666028493760864,0,29.3,0
2023,657136,1.858,60.00207620452588,0.2569922011560355,1,29.5,0
2023,657136,1.931,57.93369183100284,0.242319685186444,0,28.3,0
2023,657136,1.966,58.34504028414635,0.262397206240609,0,27.8,0
2023,657136,1.909,59.760184710343026,0.3515085182673364,0,27.8,0
2023,657136,1.925,57.29992792780807,0.09388211477052753,0,30.4,0
2023,657136,1.849,54.75527959341651,0.16864700972472652,0,28.1,0
2023,657136,2.001,54.46412219672812,0.13906235368427158,0,28.4,0
2023,657136,1.95,53.87444858045901,0.10742888560719613,0,26.7,0
2023,657136,1.855,56.3806582758595,0.2248236526249286,0,27.9,0
2023,657136,1.837,55.201292356684604,0.20032558532085556,1,27.6,0
2023,657136,1.881,54.19551220885438,0.048033396711524116,0,30.4,0
2023,657136,1.907,50.04287360402623,0.026212485448116524,0,30,0
2023,657136,1.833,52.261272448893315,0.035717947840391645,0,29.9,0
2023,657136,1.937,53.43420260349056,0.10306496818117378,0,28.6,0
2023,657136,1.819,51.96397126559248,0.0647957400247996,0,27.9,0
2023,657136,2.017,56.6517038949071,0.152603701824769,0,28.6,0
2023,657136,1.922,49.54389084496542,0.01405101446862353,0,28.6,0
2023,657136,1.855,53.57050050935364,0.04825446856145526,1,27.8,0
2023,657136,1.945,50.41649274674175,0.08541754138657073,0,26.9,0
2023,657136,1.883,57.484469678405254,0.3932959527489992,1,26.9,0
2023,657136,1.884,59.27993315565626,0.4527684144043345,1,27.6,0
2023,657136,1.892,57.77200190560876,0.10498269545821033,0,29.5,0
2023,657136,1.842,53.01601322354142,0.09587770310482602,0,28.5,0
2023,657136,1.917,53.429582223655665,0.04404014854248788,0,28.6,0
2023,657136,1.975,52.97762919891134,0.19863014592127845,0,25.5,0
2023,657136,1.929,54.92402880638632,0.1310448134245901,1,27.8,0
2023,657136,2.017,59.461037870609765,0.23538997290606659,0,28.6,0
2023,660688,2.048,56.69810417937279,0.2086471488039316,0,28.7,0
2023,660688,2.109,56.19387790630798,0.08528700539262087,0,29.9,0
2023,660688,2.066,56.20824437238336,0.1438470788371468,0,29.1,0
2023,660688,2.168,54.830026985890726,0.1612316338875841,0,27.2,0
2023,660688,1.952,55.51584215589118,0.1636308136498793,0,28.5,0
2023,660688,2.035,58.24340454101543,0.30760554603600976,1,28.3,0
2023,660688,2.183,58.74885661732233,0.5369834402471317,0,26.4,0
2023,660688,2.117,51.28187378268647,0.09460891540056246,0,27.2,0
2023,660688,2.089,56.96598215467617,0.19152116051491125,0,27.5,0
2023,660688,2.154,57.76571525108344,0.35141270883551756,0,26.4,0
2023,660688,2.083,56.47169008936697,0.17780041546209926,0,27.9,0
2023,660688,2.063,62.12262634362944,0.6604212816716766,1,27.3,0
2023,660688,2.048,56.10829333364857,0.16544990685774896,0,28.4,0
2023,660688,2.112,58.475044819228565,0.1487311488462285,0,28.8,0
2023,660688,2.033,58.039235686252624,0.31912674415210546,0,27.6,0
2023,660688,2.028,56.6148873585121,0.1938623994789614,0,28,0
2023,660688,2.027,55.96930606977189,0.08892839321540146,0,30,0
2023,660688,2.127,61.07775894300612,0.6715023779968073,1,26.4,0
2023,660688,2.009,60.41982209941598,0.23366746452464648,0,29.4,0
2023,660688,2.092,55.5503446652806,0.10430257288324793,0,28.6,0
2023,660688,2.074,58.824096443468434,0.33000438020142864,0,28.1,0
2023,660688,2.056,52.61190923945344,0.03613496056110335,0,29,0
2023,660688,2.102,52.973343407288475,0.12937774823230289,0,27.6,0
2023,660688,2.016,53.99510670380233,0.15623521611019056,0,27.8,0
2023,660688,2.056,54.19783894540689,0.29078260447859605,0,26.1,0
2023,660688,2.011,55.536567619557154,0.1257718337851109,0,28.8,0
2023,660688,2.088,55.4950557506499,0.15497456976026305,0,28.8,0
2023,660688,2.065,59.687963441342376,0.4601033237944134,0,27.8,0
2023,660688,2.045,59.556285647791,0.42800274068195615,1,28,0
2023,660688,1.981,55.50541326914629,0.16661104559660012,0,28.2,0
2023,660688,1.973,58.21315368187601,0.291698018939234,0,28.5,0
2023,660688,2.013,57.76762452509829,0.17132850107089306,0,28.9,0
2023,660688,1.994,56.79503502785911,0.12926536919969553,0,28.9,0
2023,660688,2.076,56.8375050061305,0.257280886106937,0,28.1,0
2023,660688,2.127,56.58629161204991,0.15685125642929676,0,27.9,0
2023,660688,1.996,56.14826053673303,0.18085818592528266,0,28.5,0
2023,660688,2.09,56.03174655368238,0.14647190292645448,0,27.9,0
2023,660688,2.097,59.78230860203954,0.3204342729685265,0,28.5,0
2023,660688,1.987,57.93511645051715,0.2413895945994527,0,28.7,0
2023,660688,2.013,56.468189902972746,0.16113302441493754,0,28.7,0
2023,660688,2.086,58.31963539698233,0.2589756515239716,0,28.1,0
2023,660688,2.041,56.15926907931006,0.18574961468793075,0,28.1,0
2023,660688,1.991,57.62608864776659,0.32663253657926344,1,27.1,0
2023,660688,2.027,55.65792518897979,0.1282779173536576,0,28.5,0
2023,660688,2.094,58.18458659070497,0.2141930435475572,0,28.8,0
2023,660688,2.054,56.47285901560972,0.15755047456617877,0,29.1,0
2023,660688,2.016,57.40600951281941,0.12310886303913093,1,30,0
2023,660688,1.975,57.02025189834426,0.25744815955260353,0,28.2,0
2023,660688,2.152,56.02472543650671,0.15020974978683177,0,28.7,0
2023,660688,2.2,57.411360762318736,0.30209904028807943,0,27.3,0
2023,660688,1.993,56.79412415595519,0.206224172983002,0,28.7,0
2023,660688,2.034,52.70869758123745,0.07046975708335386,0,28.9,0
2023,660688,2.03,52.01606374555546,0.046163734153316364,0,29.9,0
2023,660688,2.035,55.032913500595235,0.23082875227942617,0,27.2,0
2023,660688,2.092,54.74958055798196,0.18240694222590714,0,27.8,0
2023,660688,2.103,58.522135983647836,0.2228798284431142,0,28.8,0
2023,660688,2.066,58.38979076331189,0.2160774877725406,0,29,0
2023,660688,2.069,59.511169736060246,0.2909961808093098,0,28.8,0
2023,660688,2.01,52.85512156732298,0.10589046823492601,0,26.8,0
2023,660688,2.25,57.12338666263894,0.09139243764787235,0,29.2,0
2023,660688,2.069,53.875176639800785,0.19787418924293446,0,26.9,0
2023,660688,2.151,51.58440396848231,0.08751422396479573,0,26.5,0
2023,660688,2.005,58.4074358159327,0.2919646157340323,0,27.8,0
2023,661388,1.886,54.92346963319749,0.11582519202520088,0,28.4,0
2023,661388,2.041,58.0348702161195,0.0952101718956135,0,29,0
2023,661388,2.04,60.666592016579465,0.3102023118725928,1,28.8,0
2023,661388,1.894,55.91961114311965,0.1256730736010525,0,29.6,0
2023,661388,2.009,56.09499711015775,0.06234960490810958,0,29.7,0
2023,661388,2.035,57.78735046923974,0.11285338505424276,0,28.6,0
2023,661388,1.936,53.96335379041046,0.12675832856376848,0,28.1,0
2023,661388,1.95,56.55478154918302,0.15435215081749706,0,28.6,0
2023,661388,2.213,56.67733765670801,0.17508648327300194,0,28.5,0
2023,661388,2.102,59.61598335385038,0.31481256041238437,0,28.3,0
2023,661388,2.658,69.32527617975371,0.7984332789928673,0,29.7,0
2023,661388,1.89,51.171276767927225,0.06314768855014906,0,28.4,0
2023,661388,1.926,53.839679438388586,0.1099088108257456,0,28.7,0
2023,661388,1.913,53.0635237735545,0.2387000080613475,0,25.9,0
2023,661388,1.878,57.20629018290821,0.22302331106314263,1,28.8,0
2023,661388,1.942,54.68885468962738,0.13337951318923388,0,28.1,0
2023,661388,1.895,56.11192683537566,0.2919145106809261,0,27.2,0
2023,661388,1.956,55.993276983032864,0.19878342024877643,1,28.2,0
2023,661388,1.896,56.58055207071093,0.16649378683046545,0,28.9,0
2023,661388,1.895,53.54032370837209,0.08949932394007301,0,28.7,0
2023,661388,1.893,54.74526174028538,0.06754662252803237,0,29.9,0
2023,661388,1.896,53.89211282955768,0.1301624262810836,0,28.2,0
2023,661388,1.954,59.183326340579626,0.4299466970633199,1,27.8,0
2023,661388,1.896,57.36029241953974,0.07632435315353632,0,30.6,0
2023,661388,1.926,54.226207636914936,0.14251787603114538,0,28.2,0
2023,661388,1.95,54.051482003672,0.10435045826434054,0,28.5,0
2023,661388,1.966,59.940666497729765,0.3284488048514205,1,29,0
2023,661388,1.895,55.86904649626812,0.10812772956609083,1,29.6,0
2023,661388,1.994,55.98826639395944,0.2506576895196977,0,27.6,0
2023,661388,2.029,61.04569747775138,0.7147836510257086,1,26.2,0
2023,661388,2.261,57.03273031768665,0.3555573826420679,0,26.5,0
2023,661388,1.911,57.01527401992174,0.21278811867700068,0,28.5,0
2023,661388,1.919,60.88271808984831,0.38145383991561577,1,28.4,0
2023,661388,1.908,54.861305098638404,0.0692780522054027,0,29.9,0
2023,661388,1.893,54.01856955405192,0.09369264411384615,0,28.5,0
2023,661388,1.872,56.87175700840686,0.26821163148035954,1,28,0
2023,661388,1.95,56.022720244267646,0.14364188384448345,0,29,0
2023,661388,1.892,48.511563047578846,0.038682957676478745,0,27.6,0
2023,661388,1.913,53.840966406122924,0.12293690616628755,0,28.3,0
2023,661388,1.987,61.34044011544805,0.4278660037195497,0,29,0
2023,661388,1.939,59.93906478229942,0.4361996764179779,1,28,0
2023,661388,1.971,53.032699965494636,0.054739475950131136,0,28.4,0
2023,661388,1.895,50.47798341082992,0.06163663414752667,0,28.1,0
2023,661388,1.791,49.71387712055997,0.09269711303772271,0,26.4,0
2023,661388,1.906,57.02859995890491,0.1567890533710936,0,29.6,0
2023,663728,1.878,54.026645065177206,0.13266891183467033,0,28.2,0
2023,663728,1.982,59.784770247033194,0.19831062675541342,0,28.8,0
2023,663728,1.901,54.57391018011511,0.24183825823784474,0,26.4,0
2023,663728,1.938,57.95867200359203,0.22729209078379317,0,29.2,0
2023,663728,1.941,56.8060178082461,0.19170806019875541,0,28.4,0
2023,663728,2.028,56.1435795501991,0.26864107724631237,0,27.6,0
2023,663728,1.873,56.51823279834133,0.18023515007423363,1,29,0
2023,663728,2.036,58.80895339466353,0.32333320919205644,0,28.5,0
2023,663728,1.877,59.32119812370735,0.4542613696244791,1,27.6,0
2023,663728,1.926,56.75343921640546,0.3398739625474688,1,26.8,0
2023,663728,1.89,58.2999846833081,0.3898375846801919,1,27.6,0
2023,663728,1.985,57.116687756585456,0.23250962970752886,0,28.6,0
2023,663728,1.953,58.032193691698915,0.43178160269462973,0,26.9,0
2023,663728,1.998,55.068626902264235,0.18497694544507173,0,28,0
2023,663728,1.884,56.455813724244194,0.15885462445421517,0,29.2,0
2023,663728,1.958,57.85826259739921,0.2863982433718771,0,27.6,0
2023,663728,1.942,52.792748270498464,0.13733858965572035,1,26.4,0
2023,663728,1.872,59.304488762109834,0.24696069388364852,1,29.7,0
2023,663728,1.878,55.90891281103411,0.08732344224965553,0,30,0
2023,663728,1.989,57.06855144900351,0.15953605223086992,0,29.5,0
2023,663728,1.863,51.922621571807966,0.06990246869403771,0,28.6,0
2023,663728,1.944,56.702542193427384,0.1662777463382334,0,28.4,0
2023,663728,1.945,54.331738214505265,0.20454329961924397,0,27,0
2023,663728,1.952,56.905847374712835,0.2750528536056606,0,27.8,0
2023,663728,1.96,54.29194577078338,0.09339315767439982,0,28.3,0
2023,663728,1.911,58.82615316473492,0.08325217179399562,0,29.6,0
2023,663728,1.934,61.06617662167049,0.34260123117973285,1,29.6,0
2023,663728,1.955,55.09784436735415,0.12978217848756896,1,28.8,0
2023,663728,1.925,58.85908261787348,0.2760540804327383,1,29.1,0
2023,663728,1.937,57.695291068384634,0.20604935592978085,1,28.5,0
2023,663728,1.982,54.780570353748416,0.08187105486373927,0,28.4,0
2023,663728,1.953,58.98922614011971,0.3049537384257759,1,28.9,0
2023,663728,2.051,60.17104764527971,0.5926249738972289,1,26.8,0
2023,663728,2.024,60.242261511614124,0.2369407441772512,0,29.6,0
2023,663728,2.029,59.772947112371234,0.5657281451849414,1,26.9,0
2023,663728,1.947,52.235066567287056,0.080337030063873,0,28.4,0
2023,663728,1.961,54.018312656964284,0.1770954310080601,1,26.6,0
2023,663728,1.907,59.393646636194056,0.3683686433941664,1,28.5,0
2023,663728,2.057,54.380676848077435,0.1336592358844155,0,28.5,0
2023,663728,1.943,60.24189759176563,0.4019643468325677,1,28.4,0
2023,663728,2.002,58.98826179142787,0.3102889639806019,0,28.8,0
2023,663728,1.955,55.22632270607895,0.13860654267365052,0,28.7,0
2023,663728,1.946,60.01069126520636,0.2774509571669384,1,29.5,0
2023,663728,1.945,59.060726953990404,0.4779810678200143,0,26.9,0
2023,663728,1.92,56.81728441335175,0.21395056264924303,0,28.2,0
2023,663728,1.968,58.401248648867714,0.30527925743187745,0,28.5,0
2023,663728,2.43,63.331002708063515,0.4242836434412337,0,30,0
2023,663728,1.909,56.72504610246428,0.2648653014674993,1,28,0
2023,663728,2.007,59.32010919190327,0.46192433107766534,0,26.9,0
2023,663728,1.965,55.535917981498685,0.1435276944957853,0,29,0
2023,663728,1.933,57.55427650114244,0.18518267752431655,0,29.3,0
2023,663728,1.978,55.41885727690573,0.1633209253060763,0,28.4,0
2023,663728,1.931,57.33715293509545,0.2155254823986974,0,28.9,0
2023,663728,1.95,57.76529586969774,0.17340777076416905,0,29.6,0
2023,663728,1.926,54.3459879569417,0.08358538180623194,0,29.4,0
2023,663728,1.992,55.91052180906369,0.2904824274225759,0,27.1,0
2023,663728,1.94,53.647238644382256,0.12548205146922467,1,27.8,0
2023,663728,1.979,55.56649537136911,0.3406224835497919,0,29.7,1
2023,663728,1.979,52.984019304666774,0.09370563987877603,0,28.5,0
2023,663728,1.938,60.840216218722425,0.3235088977451446,1,28,0
2023,663743,2.057,57.77084070209846,0.24912488143448325,0,27.7,0
2023,663743,1.944,58.08523977765218,0.2564811775957348,0,28.3,0
2023,663743,2.06,57.82101319422945,0.1320614863705097,0,28.1,0
2023,663743,1.969,50.41513667135869,0.06265563048392056,0,27.4,0
2023,663743,2.046,58.6242482331887,0.2269084027347785,0,27.6,0
2023,663743,2.031,57.50105420086976,0.13050457902087534,1,29.4,0
2023,663743,2.003,51.20985059751512,0.02348845613399858,0,27.8,0
2023,663743,1.981,57.80432336100217,0.20600429401288878,1,29.3,0
2023,663743,2.098,57.89921090729444,0.13238575587621007,0,28.4,0
2023,663743,2.047,56.52210905983355,0.12538265492065012,0,27.7,0
2023,663743,2.052,58.62837678340345,0.2128558607347946,0,28.5,0
2023,663743,2.149,61.435341055698736,0.5151530328368096,1,27.6,0
2023,663743,1.851,54.817978107914506,0.15144576741079704,1,28,0
2023,663743,1.935,56.516797322921924,0.19976893548745947,0,28.1,0
2023,663743,2.028,56.348452902551706,0.19259374300459314,0,27.9,0
2023,663743,1.926,55.4547879911072,0.0632094018880583,0,30.4,0
2023,663743,2.055,54.445320219679814,0.13169706864271252,0,27.6,0
2023,663743,2.014,51.74663212893303,0.06331922329996423,0,28.2,0
2023,663743,2.007,52.86432061144345,0.06102220108970495,0,26.8,0
2023,663743,1.985,59.85729407797897,0.19931752972694336,1,28.5,0
2023,663743,1.947,58.454814567372985,0.3156651250869817,0,28.3,0
2023,663743,1.963,58.80563098983025,0.32110134613717334,0,28.6,0
2023,663743,2.054,59.195228462536576,0.3020482696069134,0,29,0
2023,663743,1.973,50.99227656423656,0.03394441578541531,0,28.9,0
2023,663743,1.996,54.56293562393967,0.09556297070954904,0,28.4,0
2023,663743,1.947,54.214535285905455,0.1446393005739518,0,28,0
2023,663743,1.887,54.481218503217285,0.17221428776018488,0,27.1,0
2023,663743,2.151,58.7045708577874,0.2978569491086313,0,28,0
2023,663743,1.887,53.41339829018489,0.09663057287791128,0,28.7,0
2023,663743,1.928,52.188463177740175,0.057737087719972505,0,28.7,0
2023,663743,1.952,57.67038102033731,0.3000236783930185,0,27.5,0
2023,663743,2.154,57.526177284968114,0.1351174812152648,0,28.1,0
2023,663743,2.446,59.705701259046634,0.5456373406412157,0,27,0
2023,663743,1.915,57.68954566928394,0.12472013212814308,0,29,0
2023,663743,2.042,57.280526819427116,0.1408825409582714,0,29.3,0
2023,663743,1.958,51.41196286586263,0.058213130613573666,0,28.2,0
2023,663743,2.076,59.480799276593814,0.13545323855734986,0,28.5,0
2023,663743,2.073,55.60799039313772,0.1017626721807237,0,28.1,0
2023,663743,2.05,64.99807775407443,0.6521653890832464,1,28.4,0
2023,663743,1.937,54.164516451052336,0.057075119245460854,0,29.1,0
2023,663743,1.846,56.50634663321262,0.17947978384017024,1,28.4,0
2023,663886,2.002,56.20642599621319,0.13391841202190358,0,29,0
2023,663886,2.008,65.07073739407156,0.710849765583301,1,28.6,0
2023,663886,1.972,53.78607788461462,0.06425387514789434,0,28.4,0
2023,663886,2.012,57.19793130267449,0.32858761610287834,0,27,0
2023,663886,1.998,53.61621899539484,0.043701512744476284,0,29.5,0
2023,663886,2.064,62.55540245176547,0.5345573757976164,0,28.6,0
2023,663886,2.07,57.24065585015866,0.09693054212734298,0,30.3,0
2023,663886,1.874,55.66735625547396,0.30367477249493124,1,26.8,0
2023,663886,1.973,53.034018045530836,0.11018849117564339,0,28.1,0
2023,663886,2.009,54.0188222580935,0.11781270112184154,0,28.6,0
2023,663886,1.978,58.67170009264106,0.2682844021693704,0,28.9,0
2023,663886,1.969,44.9534443840777,0.01168005910251446,0,28.4,0
2023,663886,1.983,59.27026061017118,0.3746125070011699,1,27.8,0
2023,663886,2.027,55.56190549171229,0.13372991684049193,0,28.8,0
2023,663886,1.953,56.94728936999896,0.20995534287872722,0,28.2,0
2023,663886,2.07,52.2922011902104,0.09049973941090847,0,27.2,0
2023,663886,1.973,57.68879452381537,0.3409518916828153,0,27.7,0
2023,663886,2.121,62.69359138390336,0.670061463912372,0,27.7,0
2023,663886,1.885,42.62054186210783,0.009305914731141061,0,27.6,0
2023,663886,2.074,55.447681178709956,0.06870841325559099,0,28.8,0
2023,663886,1.971,57.31324161974818,0.16911487719793952,0,29,0
2023,663886,2.035,57.87529911116539,0.2461451465166633,0,28.5,0
2023,663886,2.051,53.112732318635125,0.10286631648033456,0,28.1,0
2023,663886,1.924,56.10616965540382,0.2476406314323096,1,27.8,0
2023,663886,2.033,63.921867778737585,0.6118669751493154,0,28.2,0
2023,663886,2.019,61.74272204713163,0.5079337872789752,1,28.5,0
2023,663886,1.976,59.13726503629798,0.35121547888528043,1,28.5,0
2023,663886,1.886,56.50715497366009,0.13045340565997687,0,29.9,0
2023,663886,2.014,57.084492360191625,0.1301989810149027,0,28.6,0
2023,663886,1.923,57.26822311485741,0.2970335275345127,1,27.9,0
2023,663886,1.974,55.059397844019564,0.11320735300181861,0,29.4,0
2023,663886,2.029,57.98240546983012,0.2900390061456463,0,28.3,0
2023,663886,2.011,58.55064158475792,0.29548705113962626,0,28.4,0
2023,664874,2.007,56.02219157367353,0.3693504393344952,0,26,0
2023,664874,1.984,63.46472086058204,0.5050603685381778,1,29.5,0
2023,664874,2.086,53.418301936236375,0.028717902912757838,0,28.9,0
2023,664874,1.974,48.736202805870015,0.02011140820999418,0,28.2,0
2023,664874,1.81,57.08138384220074,0.2560015420168318,1,28.3,0
2023,664874,1.98,53.28604167572146,0.17194333716545074,0,27.1,0
2023,664874,2.014,46.165254012635664,0.008557164398412191,0,27.8,0
2023,664874,2.047,62.516810871912114,0.6836620867452727,0,27.3,0
2023,664874,2.044,55.9485758850747,0.16985784077566277,0,27.3,0
2023,664874,2.039,53.150975735482554,0.07227885886749721,0,28.6,0
2023,664874,2.268,59.40246570566749,0.28663821482176244,0,28.5,0
2023,664874,1.954,48.002929132482876,0.02112200374148181,0,28.6,0
2023,664874,1.912,58.28369774282686,0.149918956444232,0,30.1,0
2023,664874,2.005,55.996477600981855,0.15793246270676575,0,29,0
2023,664874,2.023,57.40978219197903,0.23018237211050704,0,28.7,0
2023,664874,2.049,58.9117007548416,0.2393879374927245,0,29,0
2023,664874,2.019,56.13422760824857,0.19568195091728927,0,28.5,0
2023,664874,1.977,58.21548576065652,0.3088115657361508,1,28.3,0
2023,664874,1.978,58.48636142924655,0.28794036527104383,1,28.1,0
2023,664874,1.986,58.19107317037077,0.1339900632682942,0,29.1,0
2023,664874,2.201,59.580647625582145,0.4010322301872399,0,26.9,0
2023,664874,2.062,56.116699494504864,0.18689726084055974,0,26.8,0
2023,664874,1.995,61.60822099838851,0.2719650719583228,1,30.4,0
2023,664874,1.862,58.96644211634423,0.33448323371464644,0,28.5,0
2023,664874,1.954,51.74050475000969,0.042893999493858644,0,28.1,0
2023,664874,1.954,56.06129071851157,0.15373719976186775,0,28.3,0
2023,664874,1.913,55.50599147860677,0.17687273462285497,0,28.4,0
2023,664954,2.014,58.092350919234974,0.2931799179193743,0,28.1,0
2023,664954,1.995,52.12373027363989,0.06826572482185661,0,28.6,0
2023,664954,2.242,58.98238280946196,0.3121668763335403,0,28.8,0
2023,664954,1.991,60.07583456252014,0.3924740759954468,0,27.9,0
2023,664954,1.999,47.137538725659304,0.009800105796560536,0,29.9,0
2023,664954,2.265,65.07374325201643,0.7315482893821807,0,27.6,0
2023,664954,2.148,55.510340085309764,0.2995434529634777,0,26.8,0
2023,664954,2.014,51.96026018885977,0.04232109491503497,0,27.5,0
2023,664954,1.987,59.188322220107445,0.12425879286832951,1,29.2,0
2023,664954,2.057,58.93487223133205,0.28031930310307035,0,28.7,0
2023,664954,2.019,51.8428427961188,0.0307482837659184,0,29.9,0
2023,665804,1.971,60.36504461041361,0.26666358981143146,0,29.9,0
2023,665804,1.923,55.29300350022529,0.1766396035653208,0,28.3,0
2023,665804,2.086,55.39454352701553,0.10224067010437722,0,28.2,0
2023,665804,2,53.096048908559304,0.06547996892554227,1,29.1,0
2023,665804,1.954,53.385045487553285,0.05803661920214049,0,29.1,0
2023,665804,2.105,57.61777396695177,0.5217782310914171,0,25.9,0
2023,665804,1.985,54.14897320514007,0.0941111005456353,0,28.7,0
2023,665804,1.974,59.43244698301284,0.2662636032792579,0,29.5,0
2023,665804,2.035,62.91768530811344,0.47504356007525106,1,28.1,0
2023,665804,1.942,61.613166078844436,0.2904762633949697,0,29.6,0
2023,665804,2.016,55.518107750341194,0.29469631773566574,0,26.9,0
2023,665804,1.899,53.07179886635537,0.08846420599628639,0,28.8,0
2023,665804,2.031,53.500769758445784,0.14312743486145232,0,27.5,0
2023,665804,1.926,60.40445392217967,0.3471523155636931,1,29.2,0
2023,665804,1.895,52.315231550940226,0.11446814978863552,0,27.6,0
2023,665804,1.937,56.25433153982119,0.11078260875042034,0,29.9,0
2023,665804,1.942,53.660705746118786,0.09301336385289219,0,29,0
2023,666023,1.918,58.84268887978617,0.23618331217069988,0,28,0
2023,666023,2.024,52.14421500514659,0.20919266610835066,0,25.5,0
2023,666023,1.855,55.84176094667468,0.15507954112277053,0,28.6,0
2023,666023,1.863,51.59335035882118,0.07925235212696169,0,28,0
2023,666023,1.878,57.736090122775096,0.3407237703839084,0,27.5,0
2023,666023,1.914,59.03507475963855,0.11176028350082719,1,29.9,0
2023,666023,1.833,53.978696926582984,0.10248756591316754,0,28.9,0
2023,666023,2.088,58.572571915654486,0.2624794815167655,0,28.5,0
2023,666023,1.861,56.27496872786158,0.11363132781422006,1,29.4,0
2023,666023,2.017,55.30133724244187,0.2424928605569056,1,27.4,0
2023,666023,1.855,52.14384357742943,0.06403127505013848,0,28.4,0
2023,666023,1.873,59.33921532017388,0.21993692904879653,1,28,0
2023,666023,1.832,54.89526367804981,0.13827725712280947,0,28,0
2023,666023,1.874,59.24624214098086,0.3487364206529323,1,28,0
2023,666023,1.974,60.23083112862658,0.3315336637219438,0,28.3,0
2023,666023,1.908,55.36778213238581,0.12555984468120032,0,28.3,0
2023,666023,1.783,57.98785021307718,0.33015322963870536,0,27.8,0
2023,666023,1.954,56.81969446307738,0.09546887209745275,0,29,0
2023,666023,1.864,57.53712161675728,0.21482270192638775,0,28.4,0
2023,666023,1.883,54.600841941415226,0.11689042701900342,1,29,0
2023,666023,1.832,51.28876267067558,0.14102770793008704,0,26.4,0
2023,666023,1.849,58.30205556946573,0.2389489301044779,1,29,0
2023,666023,1.867,57.6589910534836,0.24264205313333412,1,28.8,0
2023,666023,1.925,59.344781441203764,0.2748199237288939,1,27.6,0
2023,666165,1.989,54.24782083684911,0.09905514813422439,0,28.4,0
2023,666165,1.905,58.60762631087746,0.3502270227546903,1,28.2,0
2023,666165,1.951,55.149048201132324,0.17643565942081557,0,27.8,0
2023,666165,2.052,54.988026589827165,0.1088198662373382,0,28.4,0
2023,666165,1.926,58.38997379859432,0.1761711879032436,0,30.1,0
2023,666165,2.008,54.097724769638006,0.07860990118386407,0,28.6,0
2023,666165,1.994,49.72017204556588,0.04401671274614334,0,26.9,0
2023,666165,2.078,54.06512051961112,0.2151453384932175,0,26.4,0
2023,666165,1.978,49.151543894108144,0.028929454173601862,0,28.1,0
2023,666165,1.971,54.43721548627966,0.11545690643815407,0,28.1,0
2023,666165,2.005,56.96671653994184,0.13659367842388762,0,28.7,0
2023,666165,1.995,54.63081248070195,0.06981019820797191,0,28.6,0
2023,666165,2.17,61.50699673227768,0.6624300410358381,1,27,0
2023,666165,1.891,55.25038429958934,0.2440290689726266,1,27.2,0
2023,666165,2.027,59.79273810961769,0.3275399213270628,0,28.8,0
2023,666165,2.065,60.23937415907829,0.522166318833534,1,27.6,0
2023,666165,1.998,57.77070105426064,0.0896081890481541,0,28.3,0
2023,666165,2.027,55.17892301055813,0.10233270760986288,0,28.4,0
2023,666165,1.963,52.82906793781577,0.07993944581452199,0,28.9,0
2023,666310,1.902,55.369506632274096,0.12495184784066915,1,28.7,0
2023,666310,2.081,55.054114013268986,0.10088701557522116,0,28.6,0
2023,666310,1.945,60.153313636351726,0.2975580482634229,1,29.6,0
2023,666310,2.012,58.19044016499624,0.19418267705268738,0,27.5,0
2023,666310,1.989,61.23668836761146,0.42199226600060863,0,29,0
2023,666310,2.259,55.46155226090394,0.3042204367312917,0,26.1,0
2023,666310,1.861,57.946562241811186,0.25483662251280154,1,27.9,0
2023,666310,1.94,53.97397248497311,0.11619543233078285,0,28.6,0
2023,666310,1.883,56.93690660508518,0.26148777186039973,0,28,0
2023,666310,1.955,51.563122098786046,0.04252506626917614,0,28,0
2023,666310,1.908,55.549252789025296,0.13987452431225236,0,28.4,0
2023,666310,1.868,55.97265831958028,0.19655904388346207,0,28.3,0
2023,666310,1.966,57.255476363259646,0.22909429760851263,0,28.7,0
2023,666310,1.996,56.10521638137475,0.18166737993712534,0,28.5,0
2023,666310,1.979,57.252323299370765,0.13952980272229135,1,29.1,0
2023,666310,1.789,48.722187540553165,0.16090239664168177,0,27.7,1
2023,666310,1.88,53.40704970480999,0.08200960324380815,0,28.2,0
2023,666310,1.837,52.338384468948085,0.06943625367104798,0,29,0
2023,666310,1.891,56.174692497217514,0.18646924326802133,1,28.4,0
2023,666310,1.809,53.01187443199009,0.4482533216256268,0,27,1
2023,666310,1.906,50.81208226227408,0.1186348579784498,0,26.4,0
2023,666310,2.037,58.54428240668166,0.17199140737624496,0,29.7,0
2023,666310,2.108,61.986319708305366,0.6124436980855908,0,26.9,0
2023,666310,1.874,54.73279210130885,0.11500252135527712,0,28.5,0
2023,666310,1.997,54.51447009952296,0.09286298148083426,0,28.1,0
2023,666310,1.977,55.377400539484945,0.08103756409701059,0,30.4,0
2023,666310,1.874,56.15345095744642,0.099626920888081,0,30.4,0
2023,666310,1.908,53.99049444608369,0.059294061687395656,0,30.1,0
2023,666310,1.705,47.09821372678309,0.11037499054102844,0,27.7,1
2023,666310,2.153,57.247441188777586,0.3727537252974603,0,27.2,0
2023,666310,1.893,57.395005440542725,0.13406273535624988,0,30.4,0
2023,666310,1.971,54.32899791792652,0.0537305789907651,0,29.1,0
2023,666310,1.951,55.45341527342146,0.11304135410297089,0,28.5,0
2023,666310,2.199,60.75431039071192,0.38669726160102313,1,27.9,0
2023,666310,1.951,57.997431071988935,0.1642160538158879,0,30,0
2023,666310,1.866,54.70182959476635,0.05808433490200268,0,28.2,0
2023,666310,1.923,56.28723205318867,0.2917037655838163,0,27.4,0
2023,666310,1.849,49.90489164991825,0.06272317580688613,0,27.4,0
2023,668670,2,57.20945487463035,0.16735758950401958,0,28.1,0
2023,668670,1.953,56.36413631014228,0.1716838589364587,0,28.2,0
2023,668670,1.912,58.106253530378986,0.2730326268685319,1,28.3,0
2023,668670,1.914,59.634902497169925,0.2585501923618666,0,29.2,0
2023,668670,1.987,59.406647254517544,0.33590922431361236,1,28.1,0
2023,668670,1.972,58.40660835698839,0.23702470935750894,0,28.3,0
2023,668670,1.987,52.95750373822346,0.06403399908232739,0,28.7,0
2023,668670,1.933,51.160200197727484,0.04481663580908457,0,28.3,0
2023,668670,1.977,57.730269139614705,0.19548199350452367,0,29.5,0
2023,668670,2.022,58.443796437357356,0.14006183859477947,0,30.4,0
2023,668670,1.994,60.663493895964784,0.3595132059251393,1,28.2,0
2023,668670,1.927,54.620931992887904,0.08893477435767913,0,29,0
2023,668670,1.893,59.742152738071844,0.20948972012914283,0,29.7,0
2023,668670,1.975,59.24606812184835,0.5199386091137307,0,26.4,0
2023,668670,1.961,58.605929774246896,0.23104759534739225,0,28.2,0
2023,668670,2.086,54.862756544992514,0.07463489771230367,0,28.3,0
2023,668670,2.004,58.42739656541274,0.31925608982358733,1,27.5,0
2023,668670,2.878,64.67621725021523,0.4442302420774622,0,28.6,0
2023,668670,1.81,55.36352644406453,0.15668361545562162,0,28.4,0
2023,668670,1.904,61.77130297188812,0.2237965224455175,0,30.4,0
2023,668670,1.905,58.06807108502756,0.10066322799810899,0,29.6,0
2023,668670,2.006,54.3004642446531,0.06322105534288318,0,28.1,0
2023,668670,1.887,59.22208860889966,0.36336081374201445,0,28.1,0
2023,668670,1.926,58.294883869523524,0.23756460627483472,0,29,0
2023,668670,1.978,58.25334170475751,0.2675732793168413,1,28.7,0
2023,668670,1.953,53.33156745875202,0.07676445529070712,0,28,0
2023,668670,1.881,54.06260140273624,0.09914326147479209,0,28.5,0
2023,668800,1.972,52.18854448492944,0.03196525317615864,0,29.9,0
2023,668800,2.078,61.58503909697456,0.35552467740083354,0,27.9,0
2023,668800,1.946,52.6340765573645,0.137467706360832,0,26.4,0
2023,668800,2.076,49.22679832411679,0.01993550101776062,0,27.7,0
2023,668800,1.929,57.26563112054659,0.11475089147562277,0,30.1,0
2023,668800,1.935,59.49018654715509,0.3207957651934363,0,29,0
2023,668800,2.008,54.786571114814095,0.1971858976369445,0,26.4,0
2023,668800,1.971,60.38343392612221,0.45204561490163897,1,28.3,0
2023,668800,2.284,57.08119238576082,0.09627578709223583,0,29.7,0
2023,668800,1.957,58.5365122576394,0.2880009975608916,0,28,0
2023,668800,2.014,59.322791482811816,0.33296562822654385,0,28.1,0
2023,668800,2.058,60.79242635294032,0.262013733511805,0,29.9,0
2023,668800,1.994,55.34816110550841,0.1456157643335172,0,28.9,0
2023,668800,1.932,51.836620846644934,0.050983078819099595,0,29.5,0
2023,668800,2.002,58.17877530868649,0.24978796314163929,0,28.9,0
2023,668800,2.5,57.323753235804624,0.2086489447814019,1,27.3,0
2023,668800,2.008,61.36008966116104,0.4332257272850295,1,29,0
2023,668800,1.993,55.47815779184813,0.24043491959732832,0,27.5,0
2023,668800,1.989,58.54344523773962,0.25977483077574715,1,29.1,0
2023,668800,2.011,61.899377812616365,0.5363281151704298,0,28.3,0
2023,668800,2.015,60.76298962437017,0.33775432676439937,1,28.4,0
2023,668800,1.917,54.623305018550155,0.10583493492049378,0,28.7,0
2023,668800,1.98,51.21471360199991,0.08407368982729656,0,27.3,0
2023,668800,1.856,52.63726051859319,0.04060005156336525,0,30.2,0
2023,668800,1.971,56.97334023887583,0.1638927534702114,0,29.3,0
2023,668800,2.195,65.54266391185008,0.540508360329499,0,29.6,0
2023,668800,1.97,48.81508839750007,0.018348404943915035,0,28.3,0
2023,668800,1.976,61.8442921771427,0.4287045631678815,1,29.3,0
2023,668800,1.985,55.30235598583425,0.18152354399182666,0,27.8,0
2023,668939,1.847,56.769648669258785,0.18707749575119728,0,28.6,0
2023,668939,1.866,54.14747005710344,0.0743323514877581,0,29.3,0
2023,668939,1.803,55.65625103005029,0.10702322561783521,1,29.2,0
2023,668939,2.06,62.311200848083516,0.4192166942087268,1,28.8,0
2023,668939,1.878,53.50700342541675,0.23536263095390653,0,25.5,0
2023,668939,1.891,58.084275788315615,0.2220103117908169,0,29.2,0
2023,668939,1.876,52.68278861047725,0.09018877757823898,0,28.5,0
2023,668939,1.84,58.730399886022035,0.36639258598788216,0,27.8,0
2023,668939,1.8,54.332269548057006,0.15281716749139562,0,28.1,0
2023,668939,1.955,53.08898782641266,0.15215340479563344,0,27.3,0
2023,668939,1.884,55.0792858022217,0.2371876393180152,0,27.2,0
2023,668939,1.921,55.09211631239235,0.19606088697864793,0,27.3,0
2023,668939,1.832,55.270661205697515,0.1320429826921431,1,28.7,0
2023,668939,1.903,59.7414246735141,0.5180061149462346,1,26.6,0
2023,668939,1.959,60.472774831424424,0.5175729734641905,1,27.8,0
2023,668939,1.841,50.27818925261944,0.04158104354741292,1,28.9,0
2023,668939,1.827,57.192530891994735,0.22099693499127054,0,28.6,0
2023,668939,2.155,63.36015607019807,0.7318137877613627,1,26.8,0
2023,668939,1.91,57.125934738945396,0.15448177170094793,0,29.4,0
2023,668939,2.123,57.88834293908113,0.2804385385990768,0,27.5,0
2023,668939,1.83,54.73292566395778,0.12200931974824279,1,28.9,0
2023,668939,1.909,52.744588540982754,0.17067714699001946,0,26.2,0
2023,668939,1.898,51.67355148713787,0.05727813432455552,0,28.9,0
2023,668939,1.977,56.03032211142682,0.12065213527927818,0,28,0
2023,668939,1.896,59.556569196594516,0.2427249920455973,0,29.6,0
2023,668939,1.857,58.05387535538445,0.2058795786202622,0,29.5,0
2023,668939,1.992,63.93009032083476,0.8834685769154407,1,28.5,1
2023,668939,2.017,54.8121284733368,0.08626049993298404,0,28.3,0
2023,668939,1.855,59.470870220858714,0.1979876725114282,1,30.4,0
2023,668939,1.998,58.814285854495395,0.21509200875362067,0,28.5,0
2023,668939,1.911,53.14301901381257,0.07167327407428874,0,28.1,0
2023,668939,1.799,53.04096030621735,0.07724134568906232,0,28.4,0
2023,668939,1.883,55.51932917918027,0.1548113791456655,0,28,0
2023,668939,1.918,56.82735636388411,0.15609086429735342,1,29.6,0
2023,668939,1.876,55.401377372096896,0.23853471960168993,0,27.5,0
2023,668939,2.022,63.60693780850108,0.5829966593166984,0,28.2,0
2023,668939,1.86,57.62075521939461,0.23191390957810343,1,28.9,0
2023,668939,1.872,56.62815804126047,0.1694115104303848,0,29.2,0
2023,668939,1.856,51.06013952468717,0.04628280354111447,0,28.4,0
2023,668939,1.863,61.002060298668226,0.2507739521588939,0,30.4,0
2023,668939,1.789,55.99992736961818,0.2978536270638063,0,27.1,0
2023,668939,1.945,60.591376732413316,0.38654525911910625,0,29,0
2023,668939,1.94,57.579250141028965,0.1697979206708312,0,28.5,0
2023,668939,1.944,51.585399273373376,0.0716068966491765,0,28.3,0
2023,668939,1.929,62.17930959292475,0.39207001408876313,0,29.3,0
2023,668939,1.907,57.56326910571677,0.20301791925482934,0,29.1,0
2023,669127,1.899,53.61737967367278,0.0881439050093724,0,28.4,0
2023,669127,1.902,61.16919258529264,0.31241767597843545,1,29.3,0
2023,669127,1.784,54.48313025157829,0.11402592336530347,0,28.9,0
2023,669127,1.876,57.51202003584108,0.16425468241013952,0,29.1,0
2023,669127,1.97,57.240862439580454,0.0796680675726956,0,30.6,0
2023,669127,1.899,58.91709241632777,0.3480430950322026,1,28.4,0
2023,669127,1.823,55.58747350099906,0.12674333366855078,0,29.3,0
2023,669127,2.028,56.68801707698977,0.10791889568444869,0,29.3,0
2023,669127,1.802,54.942144349071,0.10597475868395234,1,29.5,0
2023,669127,1.944,56.151298683626564,0.1869005943624973,0,28.1,0
2023,669127,1.919,54.2299926982309,0.10902508405606305,0,28.4,0
2023,669127,1.843,58.31981140007722,0.14574856730746752,0,29,0
2023,669127,1.907,61.15918915716239,0.4710390194586227,1,28.5,0
2023,669127,1.83,55.061115206005894,0.24483013961724864,0,27,0
2023,669127,2.067,64.70100995976348,0.5738319117273393,1,29.1,0
2023,669127,1.947,59.506715050657164,0.49605028151620173,0,26.2,0
2023,669127,1.806,53.076173388868334,0.17455887156663438,0,26.9,0
2023,669127,1.917,53.633699806881886,0.08553725320939251,0,28.6,0
2023,669127,1.945,61.41439338494758,0.40209619372890554,1,28.9,0
2023,669127,1.776,53.31759178261297,0.08144923786926751,0,28.5,0
2023,669127,1.989,63.55573575510893,0.46708628899426885,1,29,0
2023,669127,1.929,56.119112923991715,0.15235136623099108,0,29.1,0
2023,669127,1.874,58.419373774600444,0.2815127945000165,1,28.6,0
2023,669127,1.842,55.82791561669198,0.1786862552517561,0,28.6,0
2023,669127,1.851,53.69582317099419,0.12333378575395032,0,28.3,0
2023,669127,1.8,57.330947002485296,0.229883739387078,0,28.6,0
2023,669127,1.81,53.69391097338651,0.08035031262547264,0,29.2,0
2023,669127,1.855,54.658423929601746,0.12582633094120235,0,28.5,0
2023,669127,2.012,62.26254255347259,0.43018105585627875,1,29.2,0
2023,669127,1.829,57.21035903275325,0.24302683419432233,0,28.4,0
2023,669127,1.912,57.53419975892926,0.1972802044055583,0,28.5,0
2023,669127,1.964,56.548333111844215,0.15409929112586648,0,29.4,0
2023,669127,1.835,52.12616808887357,0.039552310399358984,0,30.1,0
2023,669127,1.906,59.92555808382376,0.3630687072221731,1,27.8,0
2023,669127,1.84,53.79127036224261,0.09558402442973472,0,28.4,0
2023,669127,2.013,52.80739457910009,0.08431160491518636,0,26.7,0
2023,669127,1.967,47.56413482848404,0.016353005950744376,0,28.5,0
2023,669127,1.877,55.49946446827074,0.08028195721367458,0,28.4,0
2023,669127,1.961,58.03840081171303,0.2807677057649518,0,27.6,0
2023,669127,1.851,57.81780083583188,0.1749604065544278,0,29.5,0
2023,669127,1.825,54.75461312843522,0.25094555362969545,0,26.4,0
2023,669127,1.95,56.00842126044302,0.14312893603017368,0,28.1,0
2023,669127,1.826,53.61559532986856,0.13863817865633654,0,27.9,0
2023,669127,1.867,56.917007294302344,0.19042673404695457,1,28.3,0
2023,669127,1.887,54.83517202763692,0.24450204938718242,1,26.9,0
2023,669127,1.93,58.67319245503297,0.26227485987738236,1,29.1,0
2023,669127,1.982,54.01722089808765,0.09255441169640369,0,27.8,0
2023,669127,1.899,56.516488455807185,0.15562153534976855,0,29.4,0
2023,669127,1.992,56.56820450734359,0.24224821549655703,0,27.9,0
2023,669127,1.815,55.503389248226604,0.07733448502837226,1,29.5,0
2023,669127,1.834,54.21320394292028,0.10276019150054093,0,29.1,0
2023,669127,1.831,54.07439500097265,0.125930436947737,0,28,0
2023,669127,1.897,59.31632904520924,0.3811554068258724,1,28.3,0
2023,669127,1.868,56.90136156047543,0.2390000404069499,0,28.3,0
2023,669127,1.862,54.08536513530467,0.09777242336630393,1,29.1,0
2023,669127,1.885,57.314452727515416,0.23850232420339793,1,28.3,0
2023,669127,1.929,59.62685869849695,0.4050138066399105,1,27.8,0
2023,669127,1.94,56.24788289804771,0.1291797418109785,0,28.5,0
2023,669127,1.958,53.84928940755797,0.10202073298092566,0,27.8,0
2023,669127,2.002,53.26005169653443,0.19461234359994864,1,26.6,0
2023,669127,1.878,53.39855303059385,0.027273248245744536,0,29.1,0
2023,669127,1.889,55.92332069947311,0.157934503318278,0,28,0
2023,669127,1.897,50.05441375914766,0.05275316938958093,0,27.5,0
2023,669134,2.125,57.51421796044949,0.19730409249047376,0,28.5,0
2023,669134,1.902,52.32068555213935,0.09726292659933848,0,27.7,0
2023,669134,1.92,51.00982744303173,0.05861507488635408,0,28.5,0
2023,669134,1.865,51.69358276698252,0.06613894566964927,0,28.7,0
2023,669134,1.941,51.823069305299676,0.09571739993461664,0,27.7,0
2023,669134,1.964,54.92900680651245,0.06719664816412979,0,28.4,0
2023,669134,1.906,55.709142267080466,0.16046913162034265,0,28.1,0
2023,669134,1.909,55.11237667212689,0.06680366834565382,0,30.6,0
2023,669134,2.093,54.53499073107517,0.04805235886777585,0,28.8,0
2023,669221,1.782,60.161304493421746,0.3234334554040389,0,29.3,0
2023,669221,1.928,56.093741460814776,0.17733598639537118,0,28.5,0
2023,669221,1.882,52.16411349116527,0.07979327154621126,0,28.2,0
2023,669221,1.869,57.8588474804669,0.28622436228156095,0,28.4,0
2023,669221,1.809,55.64875344446358,0.16166398617624594,1,27.3,0
2023,669221,1.916,50.28691648816834,0.039387315412942075,0,28.5,0
2023,669221,1.853,57.10549959414764,0.30784670085911225,1,27.1,0
2023,669221,1.942,53.40937533608532,0.08483022594479216,0,28.5,0
2023,669221,1.877,56.88329472087857,0.23947560751208397,1,27.8,0
2023,669221,1.882,54.81942686546715,0.12533092525594516,1,28.4,0
2023,669221,1.943,50.71892617657656,0.029327640729920678,0,28.8,0
2023,669221,2.049,60.376696983995,0.3041296464397091,0,28.2,0
2023,669221,1.942,57.012253422800995,0.11460636461520333,0,29.6,0
2023,669221,1.805,54.50370338241985,0.21458957073690413,1,27.2,0
2023,669221,1.913,59.45752185258911,0.3378446583857651,1,27.8,0
2023,669221,1.938,54.616155858670794,0.05968792135003435,0,28.6,0
2023,669221,1.819,53.95594355383723,0.06625866951944427,0,29.1,0
2023,669221,1.851,51.69382792303213,0.0347615884082745,0,29.3,0
2023,669221,1.893,58.292722303084346,0.44561787755638277,1,26.9,0
2023,669221,1.923,56.57953156943429,0.2110720386580611,0,28.5,0
2023,669221,1.89,56.478949278260295,0.15012631398611928,0,29.5,0
2023,669221,1.837,51.954931882235066,0.08483102742611463,0,28.2,0
2023,669221,1.869,55.249948018014685,0.18725640082631617,0,27.1,0
2023,669221,2.013,59.75829422609757,0.16615492209481117,1,28.4,0
2023,669221,1.839,55.649579358809596,0.24149027012430843,0,27.4,0
2023,669221,1.909,51.03706696484257,0.04850847428413055,0,28.1,0
2023,669221,1.907,57.408042979080506,0.24047759564876356,0,28.5,0
2023,669221,1.869,51.001505951167104,0.06686748777932065,0,27.2,0
2023,669221,1.917,52.73158282847001,0.026392654969183457,0,29.3,0
2023,669221,1.937,52.57326167212081,0.05828979613074625,0,28.6,0
2023,669221,1.889,53.50790931324815,0.06965525980969453,0,28.4,0
2023,669221,1.785,55.23322181048964,0.20012684154216406,0,27.5,0
2023,669221,1.842,54.92673262731736,0.09019219985348295,0,29.9,0
2023,669221,1.839,56.950940811175435,0.15799054223973247,0,28.6,0
2023,669221,1.977,54.49292102529511,0.08186111805414928,0,29.3,0
2023,669221,1.949,54.98337054891988,0.05716801349518768,0,29.5,0
2023,669221,1.914,49.68983553545936,0.07272914492924114,0,25.6,0
2023,669221,1.858,58.050540986111194,0.19090953151513243,1,28.6,0
2023,669221,1.849,54.0489602080443,0.08038059570956163,0,29.3,0
2023,669221,1.863,57.723417386573246,0.26421818103521133,1,28.5,0
2023,669221,1.863,56.37852038309351,0.2894973875627247,1,26.9,0
2023,669221,2.313,57.28326080685401,0.14935613044887372,0,29.3,0
2023,669221,1.934,60.7992156813131,0.5883110237980874,1,26.5,0
2023,669221,1.939,52.059839202656725,0.015970305453036977,0,29.9,0
2023,669221,1.874,58.92611669943658,0.31315926884078976,0,28.6,0
2023,669221,1.778,57.19605407423807,0.3116879553745506,1,27.2,0
2023,669221,1.872,58.79552154718152,0.3957080664897079,0,27.8,0
2023,669221,1.872,53.11175827574795,0.07047755554681708,0,29.4,0
2023,669221,1.814,52.37464817215397,0.058548442752897424,0,28.5,0
2023,669221,1.864,55.384555894162496,0.100209501436157,0,29.6,0
2023,669221,1.902,56.8798175333913,0.08614143311304401,0,29.5,0
2023,669257,1.905,55.42222970230733,0.15706364114677232,0,28,0
2023,669257,1.911,50.77445576548829,0.06186025447191299,0,26.7,0
2023,669257,1.809,47.567136540420705,0.04901209559123295,0,26.7,0
2023,669257,1.825,53.08534126652657,0.04621363536003275,0,29.9,0
2023,669257,1.932,58.12701201941035,0.1957416230974933,0,29.4,0
2023,669257,1.952,54.748742430928765,0.07455437491769808,0,28.9,0
2023,669257,1.977,52.79467198294674,0.11708346113707722,0,26.4,0
2023,669257,1.808,56.1887692243125,0.1874820770166538,0,28.7,0
2023,669257,1.835,48.53020595161524,0.03006601727817032,0,28.3,0
2023,669257,1.875,55.12319704717086,0.1904386594017429,0,28,0
2023,669257,1.976,61.661967853739995,0.5586048993306344,1,28.1,0
2023,669257,1.979,58.76161060015502,0.23667043489187828,0,28.2,0
2023,669257,1.936,54.53500234740511,0.14618772606458946,0,28.3,0
2023,669257,2.011,60.9102458195809,0.16592453197159845,0,29.9,0
2023,669257,2.033,57.63165577244183,0.40755460438771907,0,26.9,0
2023,669257,1.802,54.15405171182262,0.08024254438716065,0,29.1,0
2023,669257,1.879,57.00728439167486,0.2211803383845895,0,28.4,0
2023,669257,1.929,59.47196160809583,0.11644469001454685,0,28.8,0
2023,669257,1.905,57.596820431027744,0.19030085846674621,0,28.5,0
2023,669257,2.011,58.485711924352294,0.19374822039536194,1,27.9,0
2023,669257,1.922,57.25972552046512,0.20061546524831925,1,28.2,0
2023,669257,1.87,55.72522487655855,0.2013814295875467,0,28.1,0
2023,669257,1.9,55.75784125425687,0.1466416188898562,0,29,0
2023,669257,1.888,58.76643780847382,0.19320623467905543,0,30,0
2023,669257,1.784,49.731918232423254,0.047861538601282824,0,28,0
2023,669257,1.888,52.82772785891,0.10022125460723454,0,28.1,0
2023,669257,1.975,52.84507424806311,0.07954151639935117,0,28.9,0
2023,669257,1.903,54.61371450631341,0.06642385822820458,0,29.9,0
2023,669257,2.018,55.20739502090064,0.17813702657329783,0,28.1,0
2023,669257,2.004,52.90336694845906,0.08551035559577323,0,27.4,0
2023,669257,1.915,58.85745659937203,0.3426010426115227,0,28.4,0
2023,669257,1.928,53.47016581349268,0.09555039677445434,0,28.3,0
2023,669257,1.891,52.493809222183664,0.0825399533887574,0,28,0
2023,669257,1.998,58.48565806935124,0.3638395562076242,0,27.1,0
2023,669257,1.999,57.9914146470256,0.20625630388268748,1,29.5,0
2023,669257,1.938,58.832210374647666,0.24592690218386634,1,28.5,0
2023,669257,1.906,56.525901572388605,0.1959899735312492,0,28.5,0
2023,669257,2.01,61.202135850798406,0.45018666893731984,1,28.7,0
2023,669257,1.87,52.76511420579248,0.08948485677897496,0,28.6,0
2023,669257,1.841,47.69171055040819,0.017883751159986395,0,29,0
2023,669257,1.921,57.323304500201736,0.14050161304711833,0,29.9,0
2023,669257,1.85,53.7838780145784,0.0911524642704174,0,28.7,0
2023,669257,1.906,61.05705827960151,0.43614114149903793,0,28.4,0
2023,669257,1.817,54.46906712186157,0.11449925660976852,0,28.4,0
2023,669257,1.847,56.150527563547264,0.16813450235440172,0,28.6,0
2023,669257,1.848,57.86023517408064,0.20339158475019106,1,28.4,0
2023,669257,1.959,55.93202608437887,0.09551067679329571,0,29.5,0
2023,669257,1.978,57.592434853257245,0.12597793008033042,1,28.9,0
2023,669257,1.958,55.39139395571382,0.14769389636745917,0,28,0
2023,669257,2.052,55.4869550532487,0.23670482394460174,1,26.6,0
2023,669257,1.863,56.8314880776794,0.19582743114376744,0,28.3,0
2023,672275,1.925,61.443092256666176,0.570079297316184,1,27.8,0
2023,672275,1.743,48.695450094287494,0.02589654830455854,0,28.8,0
2023,672275,1.946,59.30495591004821,0.20103207627371655,0,29.3,0
2023,672275,1.893,53.56306669752902,0.19717414370749922,0,26.8,0
2023,672275,1.852,56.070923279339596,0.17429732701749587,1,28.8,0
2023,672275,1.934,61.51711729478216,0.3130456880962719,1,29.4,0
2023,672275,1.876,54.71099058024698,0.2244888199358444,0,27.2,0
2023,672275,1.938,57.11353748181944,0.08507491141496136,1,28.8,0
2023,672275,1.767,50.257842670591565,0.029590312409825584,0,29.9,0
2023,672275,1.795,53.326569253861756,0.09419996480734025,0,28.8,0
2023,672275,1.81,53.57759837222051,0.06141948343745769,0,30.1,0
2023,672275,1.875,57.66362923548574,0.2406178680383738,1,28.5,0
2023,672275,1.793,52.510758915415906,0.07691369588126477,0,28.2,0
2023,672275,1.943,56.54387878856304,0.12809670600968767,1,28.3,0
2023,672275,1.927,56.9932264202971,0.14494423524439723,0,29.9,0
2023,672275,1.951,55.36661709576332,0.07543722933461643,1,30.1,0
2023,672275,1.81,52.46807401071533,0.17536599345114484,0,26.5,0
2023,672275,1.907,61.00938623159407,0.22068721071756625,0,29.9,0
2023,672275,1.823,57.87471828657597,0.17647734818979197,0,29.9,0
2023,672275,1.957,55.03447366895234,0.11943160460542793,0,28.9,0
2023,672275,1.839,53.32107881091049,0.0958460540513536,1,28.7,0
2023,672275,1.906,59.42216361454123,0.2596081714149179,1,29.6,0
2023,672275,1.713,55.87372330519335,0.15640269832865472,1,29,0
2023,672275,1.957,58.64807939764812,0.12072670496073132,0,28.9,0
2023,672275,1.745,53.34249716080092,0.047024463683448335,0,29.5,0
2023,672275,1.813,56.54381103694581,0.19985679065570483,1,28.5,0
2023,672275,1.789,55.58963660795162,0.15882581936030848,0,28.8,0
2023,672275,1.879,51.84472543129787,0.023134001798919227,0,30.1,0
2023,672275,2.034,61.18278792674921,0.43685618477475036,1,28.4,0
2023,672275,1.842,59.0422839583649,0.3295610205360459,0,28.6,0
2023,672275,1.745,53.41466208009288,0.15692174636330147,1,27.3,0
2023,672275,1.935,56.29742320206123,0.16485859257112748,0,29,0
2023,672275,1.739,54.4775031320293,0.16916882192991853,0,27.8,0
2023,672275,1.9,58.698259623587795,0.13607355495908513,0,29.3,0
2023,672275,1.825,54.576812091723994,0.13031716791684875,0,28.1,0
2023,672275,1.828,50.83329887967987,0.011858555589206295,0,29.9,0
2023,672275,1.78,56.315463435338856,0.14018596190320173,0,29.6,0
2023,672275,1.846,59.61658397245033,0.4101669318769354,0,27.8,0
2023,672275,1.785,47.096749971147155,0.0171486473893219,0,26.7,0
2023,672275,1.799,53.62531511754859,0.0724774050225077,0,28,0
2023,672275,1.851,58.894297111193104,0.2982961611095194,1,28.9,0
2023,672275,1.864,56.684602586397155,0.2591540536234112,0,27.9,0
2023,672275,2.301,65.12983346624698,0.4879881451569363,0,29.7,0
2023,672275,1.871,48.10375877031568,0.028677699123835845,0,27,0
2023,672275,1.888,55.47330610436717,0.12371997909993873,0,29.1,0
2023,672275,1.89,58.26534754665031,0.14627176707158857,0,30,0
2023,672275,1.822,56.072451150806955,0.12654943928606335,1,29.3,0
2023,672386,1.943,55.82945467619199,0.19112480459509326,0,28.4,0
2023,672386,1.973,59.08852507696087,0.41979658209274195,1,27.6,0
2023,672386,1.948,51.211313181559206,0.07596817217930636,0,27.8,0
2023,672386,1.961,59.29047091766896,0.246027214720006,0,28.1,0
2023,672386,1.945,57.774060481453105,0.24654584184487152,0,28.3,0
2023,672386,2.001,60.73411436031243,0.2582420314047193,0,30.4,0
2023,672386,1.972,59.773770973912086,0.21303956701491933,0,29.7,0
2023,672386,1.933,60.11263217987814,0.2330771981463659,1,27.4,0
2023,672386,2.012,51.94248671139187,0.05173220522806682,0,29,0
2023,672386,2.112,58.70607447487756,0.3135052992518212,1,28.5,0
2023,672386,2,56.54495620698345,0.2306287537297799,0,28.3,0
2023,672386,1.997,57.259407862860684,0.10124474281688822,0,30.4,0
2023,672386,2.034,52.310961961205386,0.08435809755319024,0,27.8,0
2023,672386,1.981,58.61424285558968,0.36491420204826064,1,28,0
2023,672386,1.922,54.63438122609624,0.314581535927707,1,26.1,0
2023,672386,1.959,56.418005839777486,0.1378775871014044,0,29.1,0
2023,672386,2.01,57.06460332100915,0.2621143187211037,0,27.7,0
2023,672386,1.881,57.32116668897606,0.1462043665293056,0,30.1,0
2023,672386,1.972,55.72359310486231,0.056574452450225424,0,29.5,0
2023,672386,2.013,58.23700723896077,0.3366582376039025,1,27.7,0
2023,672386,2.004,57.67491517546392,0.16017458710705554,0,28.5,0
2023,672386,2.028,56.66953001125852,0.11217275543671902,0,28.5,0
2023,672386,1.936,58.123528395723135,0.24210534168625872,1,29,0
2023,672386,2.026,54.31729932733333,0.10347473409142013,0,29.2,0
2023,672386,2.032,56.40506431846197,0.12419999869856872,0,28.5,0
2023,672386,1.981,52.84377113778963,0.09853487175191228,0,28,0
2023,672386,1.992,60.093787914275595,0.5763807610780627,1,27,0
2023,672386,2.032,55.13201482704776,0.15119775307015135,0,27.8,0
2023,672386,1.983,58.98040530672664,0.20522227682083663,0,29.3,0
2023,672386,2.017,55.30823207630626,0.10342971909628701,0,28.7,0
2023,672386,1.967,59.145477034832375,0.2204315395314725,0,28.9,0
2023,672386,1.916,58.25273331228104,0.150541510010556,1,29.4,0
2023,672386,1.94,56.151668553849696,0.12974300817030313,0,28.8,0
2023,672386,1.995,51.17266610643911,0.03955454334611231,0,28.5,0
2023,672386,1.925,52.69971409504194,0.16054262044699544,0,26.8,0
2023,672386,1.932,49.57292331290753,0.08379270599276052,0,25.9,0
2023,672386,1.93,54.92863323977314,0.1374133229552392,0,28.8,0
2023,672386,1.974,51.4576338569496,0.05673913638141383,0,28.7,0
2023,672386,2.004,57.35270570646086,0.1840848216265111,0,29.4,0
2023,672386,1.901,51.90493931895395,0.05828745359717982,0,28.9,0
2023,672386,1.959,54.339534509130914,0.06378484509299887,0,27.8,0
2023,672386,2.033,60.43106985215342,0.6786054643212959,0,25.9,0
2023,672386,2.047,57.58978510232008,0.225473743950236,0,28.7,0
2023,672386,2.121,58.509223461823076,0.2582300852202049,0,27.6,0
2023,672515,1.896,55.16592158012715,0.09701845717243587,1,28.7,0
2023,672515,1.79,55.097204455307704,0.14818885716958505,0,28.6,0
2023,672515,1.906,56.59094334270798,0.19609524843970147,0,28.5,0
2023,672515,1.928,56.92142465800137,0.16374566245756508,0,28.1,0
2023,672515,1.867,55.61905850577139,0.13190956385599584,0,28.9,0
2023,672515,1.947,55.1043325726029,0.16966538086494734,1,27.9,0
2023,672515,1.87,56.5164246440271,0.39471911344513133,1,26.5,0
2023,672515,1.864,53.3038528600488,0.08120335445693397,0,28.7,0
2023,672515,1.978,56.043332938878514,0.23580071652890816,1,27.6,0
2023,672515,1.931,57.89116490234155,0.2112663870035947,1,28.7,0
2023,672515,1.872,55.05280222007154,0.20513709808965294,1,27.4,0
2023,672515,2.087,59.35076295475893,0.4998000267100646,0,25.5,0
2023,672515,1.871,60.82213846250084,0.29534386033523874,1,29.5,0
2023,672515,1.799,52.34903369530915,0.14145424273608487,0,26.9,0
2023,672515,2.035,55.37359632028938,0.19958947481294062,1,26.4,0
2023,672515,1.825,57.039239033514065,0.13011326590084007,1,29.1,0
2023,672515,1.896,58.89814349938397,0.22378703222547985,1,29.6,0
2023,672515,1.849,46.208545852816364,0.020634495742505966,0,28,0
2023,672515,1.938,54.41622164907347,0.16215668662985924,0,28,0
2023,672515,1.796,51.82843224486024,0.06750930157555919,0,28.5,0
2023,672515,1.963,58.64242060022617,0.31132640067437956,1,28.3,0
2023,672515,1.912,58.125342873487895,0.2581799718402417,1,28.2,0
2023,672515,1.87,58.085375909380055,0.31304332139135166,1,28,0
2023,672515,1.883,55.99609263379904,0.1903250070298578,0,28.3,0
2023,672515,1.806,52.47898535695372,0.043755840962902665,0,29.7,0
2023,672515,1.834,55.109474849333026,0.1223459792710455,0,28.1,0
2023,672515,1.862,56.59202684228379,0.145647694255441,0,29,0
2023,672515,1.9,59.35352735493152,0.34946899760206895,1,28.5,0
2023,672515,2.013,60.566810443577246,0.33085006312588233,1,28.4,0
2023,672515,1.872,58.02362758957735,0.2784918625567993,0,28.6,0
2023,672515,1.935,54.588750039001624,0.09223075354405977,0,29,0
2023,673237,1.849,51.60443555623019,0.05904064151145268,0,28,0
2023,673237,2.098,59.58431033378721,0.4216066145596147,1,28.1,0
2023,673237,1.829,47.03015143101804,0.022860759444623596,0,28.4,0
2023,673237,1.826,51.59767187580739,0.08840407798532904,0,27.3,0
2023,673237,2.049,53.35546560117977,0.16035859189355436,0,27.1,0
2023,673237,1.835,56.49567147551063,0.1645797827951431,1,28.2,0
2023,673237,1.911,57.34527047029758,0.2937910323468278,1,27.5,0
2023,673237,2.035,60.6387427445585,0.6762367972356124,1,26.4,0
2023,673237,2.008,56.46885596155874,0.08856181881478148,0,27.6,0
2023,673237,1.906,53.55197001048594,0.06441531231308883,0,29.6,0
2023,673237,1.933,57.575672020140246,0.2292952529537328,0,28.5,0
2023,673237,1.991,61.43998065145083,0.4629641601253631,1,28.8,0
2023,673237,1.941,58.55062703555884,0.3083093120778545,1,27.8,0
2023,673237,1.834,55.15994417473481,0.19047727224294234,0,28,0
2023,673237,1.841,54.30713482654808,0.11692967480087132,0,28.6,0
2023,673237,1.887,53.756683942239945,0.1140526626774824,0,28.4,0
2023,673237,1.924,55.8366693474049,0.2131788231228975,1,27.8,0
2023,673237,1.908,46.61280155396206,0.02212017437422859,0,27.8,0
2023,673237,1.824,47.33989853872467,0.018413919613937742,0,29.1,0
2023,673237,1.814,53.35740311145673,0.1222631203360621,1,28.1,0
2023,673237,1.938,54.08336083200267,0.08287453727267455,1,28.3,0
2023,673237,1.868,49.69077917288961,0.04217705819962755,0,28.5,0
2023,673237,1.837,58.231749281835924,0.1581439096092386,0,30.4,0
2023,673237,1.925,59.19099183977845,0.4896264873279382,1,27.1,0
2023,673237,1.894,53.44212409346131,0.07188988933439006,0,28.5,0
2023,673237,1.891,53.78207173972763,0.029301757001665964,0,29.5,0
2023,673237,1.834,50.781059126668005,0.04387134322249459,0,29.1,0
2023,673237,1.869,57.70580276385086,0.3520043567097418,0,27.5,0
2023,673237,1.812,55.32430966652234,0.14269110868517523,0,28.5,0
2023,673237,1.973,58.003824368861615,0.33258941851850915,0,28,0
2023,673237,1.93,60.01073920027898,0.43414186599696175,0,28,0
2023,673237,1.866,54.898334594465645,0.18134370194654476,0,28,0
2023,680777,1.913,59.416271370873815,0.34858711791565805,0,28.4,0
2023,680777,1.847,58.32579722932508,0.25762874240209666,1,28.9,0
2023,680777,2.019,63.08866539716002,0.8507817072242595,0,25.9,0
2023,680777,1.94,57.60169542054678,0.1940903422481495,0,27.5,0
2023,680777,1.961,57.86027152177875,0.1389597128544102,0,28.9,0
2023,680777,1.931,53.3800196792188,0.1271241724136221,0,28,0
2023,680777,1.956,56.514451897950615,0.07543506628859871,0,29.1,0
2023,680777,2.146,62.5041680390868,0.5715474313211686,0,26.9,0
2023,680777,1.873,53.221721952519964,0.07995092780387908,0,28.7,0
2023,680777,1.984,58.234023385302606,0.4454149009767004,1,26.7,0
2023,680777,1.831,60.232952687066756,0.21477073853771905,0,30.4,0
2023,680777,1.94,59.73670735165872,0.3220457630975155,1,28.5,0
2023,680777,2.032,59.79832240033842,0.34776837303179026,0,27.8,0
2023,680777,1.886,49.43927365885128,0.049375109963350566,0,27.1,0
2023,680777,1.981,56.904202734271855,0.11567179328413722,0,28.8,0
2023,680777,1.895,62.99641410553654,0.6433450716522017,0,28.1,0
2023,680777,2.004,52.503673870783814,0.05271837864019264,0,28.9,0
2023,680777,1.947,57.52469522902644,0.1377943522774082,0,30.4,0
2023,680777,1.974,58.9592211344456,0.25499840306804494,0,29.2,0
2023,680777,2.114,62.292455289961026,0.564765868695211,1,28.2,0
2023,680777,1.995,61.61603611563457,0.2803333229366687,0,29.9,0
2023,680777,1.854,58.58436600400516,0.3094987406474258,0,28.1,0
2023,680777,1.843,54.80322531865306,0.15321672877976253,0,28.4,0
2023,680777,1.864,57.28614442486524,0.3024382569823261,0,27.9,0
2023,681351,2.077,57.37779590094287,0.08009669509921667,0,29,0
2023,681351,2.415,71.19596424123192,0.8288584820867402,1,29.6,0
2023,681351,2.115,58.45484778982934,0.1264451732418507,0,29.3,0
2023,681351,2.016,56.699697385884164,0.2898171397252095,0,27.1,0
2023,681351,2.013,56.441340514752085,0.09311764816064269,0,28.5,0
2023,681351,2.011,55.122494302969024,0.15792838363273587,0,28.5,0
2023,681351,2.034,56.89941298568261,0.1367259219568263,0,28.9,0
2023,681351,1.967,54.76223633012628,0.060912751940156405,0,30.1,0
2023,681351,1.994,56.34479745924955,0.10903076233588453,0,29.6,0
2023,681351,2.019,56.737361746594985,0.13534465845525823,0,28.7,0
2023,681351,2.253,57.05489472787493,0.10169694461101164,0,27.9,0
2023,681351,2.199,61.366255662745246,0.422018900848405,0,29.1,0
2023,681351,2.19,56.599822069402094,0.0661849773077977,0,29.4,0
2023,681351,2.038,53.36858224670624,0.07732552267254465,0,27.5,0
2023,681351,2.05,53.68016933327092,0.05433730355972446,0,28.6,0
2023,681351,1.956,55.36486831606879,0.07034775549773123,0,30.1,0
2023,681807,2.001,59.06679568034642,0.24698727131754517,0,29.1,0
2023,681807,1.941,59.70779299810311,0.28669637248608093,0,29.1,0
2023,681807,1.862,55.94360953893795,0.22348511219858044,0,28,0
2023,681807,1.856,53.80215949471104,0.08127341530397089,0,29,0
2023,681807,1.89,47.04873751102559,0.018008346142094286,0,28.1,0
2023,681807,1.923,58.06660404793277,0.45566717886814534,0,26.9,0
2023,681807,1.906,64.49259315362622,0.47702289921629687,1,30,0
2023,682626,1.886,57.93731903224458,0.26355132685686977,1,28.1,0
2023,682626,1.958,54.92195972233233,0.17902134267816658,1,27,0
2023,682626,1.903,55.213124762749466,0.17109984017226026,0,28.3,0
2023,682626,1.948,56.53501907120453,0.12898326599013535,0,29.6,0
2023,682626,2.011,59.66393007099364,0.3378461278747438,1,28.3,0
2023,682626,1.919,55.7623905909827,0.16891409412232244,0,28.7,0
2023,682626,1.918,55.94923891708887,0.07766487916479206,0,28.7,0
2023,682626,1.996,56.25969009331525,0.22809878930173705,0,28.1,0
2023,682626,1.918,54.6304134611919,0.0640850641906008,0,28.4,0
2023,682626,1.95,56.378978620054475,0.19518307853665168,0,28.7,0
2023,682626,1.919,50.15491715631035,0.05937933253557836,0,27,0
2023,682626,2.108,55.206485911657666,0.21190181924943177,0,27.7,0
2023,682626,1.869,57.33641854851163,0.28524032621500506,0,28,0
2023,682626,1.926,59.75038751359668,0.3461542126618556,1,28.9,0
2023,682626,1.95,61.248680720570945,0.374680166551174,0,29.5,0
2023,682626,1.924,56.55618534956612,0.10927223285550233,0,29,0
2023,682626,1.964,51.99633730308451,0.08181853786510625,0,28,0
2023,682626,2.1,54.12108641897903,0.09049335082228276,0,28.8,0
2023,682626,1.907,55.81423733191354,0.17781379466849173,0,28.6,0
2023,682626,2.035,54.66682395464502,0.054182005082830144,0,29.1,0
2023,682626,1.981,57.64638244805933,0.2584145626766983,0,28.6,0
2023,682626,1.923,55.90083080186692,0.15754993135536075,1,28.6,0
2023,682626,1.969,56.6467914711105,0.12454719709892678,0,28.1,0
2023,682626,1.82,54.29692528906475,0.15703167741575932,0,28,0
2023,682626,1.991,55.20919828784135,0.06695915739731192,0,28.5,0
2023,682626,1.934,58.61687722014702,0.30440837486898753,1,28.4,0
2023,682626,1.903,58.42525160955548,0.24533954118130527,0,29.2,0
2023,682626,1.832,55.64505620239912,0.10342683954820092,0,29.7,0
2023,682626,1.878,55.57842593954097,0.21317112948547004,0,27.9,0
2023,682626,2.06,58.846722700771664,0.15937306339096555,0,28.6,0
2023,682626,2.022,57.370725603094854,0.2810975753461107,0,27.9,0
2023,682626,1.904,55.8966988016931,0.28550235623172915,0,26.9,0
2023,682626,1.926,54.07895035713279,0.03601681450560029,0,29.7,0
2023,682626,1.988,57.24114093104907,0.11260727677087784,0,28.9,0
2023,682626,2.225,52.471225420661106,0.036878992020111495,0,29.8,0
2023,682626,2.032,53.18266908037686,0.06755464927832512,0,28.9,0
2023,682626,2.038,54.50921985885307,0.30489046162526373,0,26.2,0
2023,682626,1.956,53.85434768491825,0.09984904582267015,0,28,0
2023,682626,1.908,53.75188375404522,0.16454091742966073,0,27.5,0
2023,682626,1.839,53.94855681063447,0.06096330383102147,0,29.9,0
2023,682626,1.884,57.2261187476932,0.1738878723688144,0,29.5,0
2023,682626,1.857,59.47199838566928,0.2913028472408771,0,29.2,0
2023,682626,1.918,56.88028863366065,0.22485995788721788,0,28.5,0
2023,682626,1.842,53.440044753362564,0.09170894297088517,0,28.8,0
2023,682626,2.036,56.66912517320667,0.1341443657245366,0,29.1,0
2023,682626,1.908,52.591738297823326,0.07857992009879332,0,28.8,0
2023,682626,1.99,54.429679298888495,0.15717059903459155,1,27.1,0
2023,682626,1.907,58.6814313076509,0.2518331517197257,0,29.3,0
2023,682626,1.912,59.31563760626404,0.22208811252218927,0,28.8,0
2023,682626,1.844,55.552936343058796,0.09405713922435702,0,30.1,0
2023,682626,1.828,54.63249019006364,0.09816044789569171,1,28.7,0
2023,682626,1.966,55.67934193456646,0.07032915568242451,0,28.9,0
2023,686676,1.84,57.32184445029209,0.14725948926520005,0,28.7,0
2023,686676,1.823,58.81465729460471,0.3354603106029329,0,28.4,0
2023,686676,1.958,56.80644759057993,0.24024974124392395,0,28.3,0
2023,686676,1.786,60.25831338539634,0.3440085053605456,1,28.7,0
2023,686676,1.82,56.629389268405504,0.1969306742318315,0,28.7,0
2023,686676,1.81,59.366040121473844,0.2790286512994137,0,28.9,0
2023,686676,1.918,53.57371407901398,0.058602558198678045,0,28.4,0
2023,686676,1.818,58.52625157665852,0.3953305203546765,0,27.2,0
2023,686676,2.483,66.32117692441003,0.5819300634142667,0,30.4,0
2023,686676,2.035,63.191520676195964,0.6378387966169946,1,27,0
2023,686676,1.824,59.01580903451356,0.28163157919951237,1,29.1,0
2023,686676,1.891,54.58909448413514,0.2408555296225669,1,26.1,0
2023,686676,1.823,55.17708055278647,0.09699354294457035,0,29.9,0
2023,686676,2.146,57.63021644912589,0.30388891660772466,0,27.4,0
2023,686676,1.8,53.22304160829906,0.10624216904129707,0,27.6,0
2023,691016,1.879,60.151424617061906,0.30987879267517987,0,29.1,0
2023,691016,1.852,57.74765712099864,0.27892358673875056,0,27.6,0
2023,691016,1.845,57.583038885426845,0.21275047825702162,0,28.4,0
2023,691016,1.901,57.26499451302703,0.29119697274420575,1,27.8,0
2023,691016,1.926,59.56759534400937,0.3130671215662044,0,29,0
2023,691016,2.015,56.98032915809001,0.09832439103169606,0,29.1,0
2023,691016,2.071,63.562665617615515,0.4306544217398081,1,29.5,0
2024,455117,2.1,57.30077424202256,0.2657014583115623,0,27.1,0
2024,455117,1.952,53.24574948050792,0.047074752245075284,0,30,0
2024,455117,1.911,55.8730997507914,0.07116767595885666,0,29.3,0
2024,455117,1.976,57.55826507731033,0.2367348058185383,0,28.6,0
2024,455117,1.932,58.825527707781866,0.18690779767573398,1,30.1,0
2024,455117,1.967,57.64806235191664,0.2706042048931001,0,28,0
2024,455117,1.866,55.61779067115915,0.09565516699424947,0,30,0
2024,455117,1.908,56.810057719445076,0.0446980766633964,0,29.9,0
2024,455117,1.924,54.602610296842286,0.09199967522123445,0,29.4,0
2024,455117,2.046,57.92003908187593,0.1872556072764188,0,29.4,0
2024,455117,1.957,52.05280708578094,0.038228357762697895,0,28.4,0
2024,455117,2.002,56.98062158187001,0.11154679037203556,0,28.6,0
2024,455117,1.963,53.87272916786507,0.09896653155207473,0,28.5,0
2024,455117,1.961,59.50681444691753,0.3104365705855538,0,28.6,0
2024,455117,1.987,57.67407348094557,0.2042879914217582,0,27.8,0
2024,455117,2.018,58.875843934864676,0.42549659596518324,0,27.2,0
2024,518595,2.089,55.92726219277877,0.07247158042137099,0,29.1,0
2024,518595,1.959,58.65985725868094,0.33133465992449057,0,28.2,0
2024,518595,1.903,55.81615597868295,0.17409398600403744,1,27.5,0
2024,518595,1.941,57.95487958770857,0.30893818985588556,0,28,0
2024,518595,2.011,57.81544522348162,0.13648507246677508,0,29.1,0
2024,518595,1.911,57.50067714523433,0.20844330903848463,0,29,0
2024,518595,2.03,55.575901896318435,0.06740969030493549,0,29.3,0
2024,518595,1.92,57.44932291763754,0.38976473045963156,1,26.7,0
2024,518595,2.004,56.45982464521795,0.15979284166123203,0,28.5,0
2024,518595,1.916,54.52832840641762,0.23545926080201587,0,26.9,0
2024,518595,1.908,57.72884898149055,0.5147797006057109,0,25.5,0
2024,518595,1.988,58.08175741591226,0.16759126504069796,0,28.9,0
2024,518595,2.017,59.46921468944514,0.4163687369760319,1,27.9,0
2024,518595,1.867,54.51946154047266,0.06074908211449994,0,29.9,0
2024,518595,1.907,55.32226046402678,0.11516168752149285,0,28.4,0
2024,518595,1.996,44.41053348879177,0.008460877994071525,0,28.9,0
2024,518595,2.101,54.60902373914139,0.2067614248237023,0,27.3,0
2024,518595,1.942,52.88599086430801,0.15108359485605194,0,26.7,0
2024,518595,1.937,58.842974391763825,0.22972030677304775,1,29,0
2024,518595,1.981,61.28155649607305,0.46726684121440254,1,28.3,0
2024,518595,1.937,57.842744594283964,0.2179243815076505,0,28.9,0
2024,518595,2.003,56.65586623182588,0.17149713181878745,0,28.7,0
2024,518595,1.934,56.185018910969376,0.1896667731390028,0,28.3,0
2024,518595,1.948,55.395926622248105,0.12974582558653808,0,28.9,0
2024,518595,2.013,53.741945776819676,0.18460627117141015,0,26.4,0
2024,518595,2.018,64.21775124469808,0.5732146952810742,1,29.3,0
2024,518595,1.947,55.759606491424464,0.2398762695947936,0,26.9,0
2024,518595,2.351,60.3753074523482,0.6009547630050569,0,25.1,0
2024,518595,2.052,63.528399775386035,0.6980121119894291,1,27.8,0
2024,518595,1.977,55.647750562354695,0.12068712715589063,0,27.3,0
2024,518595,1.859,51.91479701484305,0.08494651857747101,1,28,0
2024,518595,1.96,58.15131748510524,0.232248337426555,0,28.6,0
2024,518595,1.9,57.718688683330626,0.19645785144006683,1,29.1,0
2024,518595,1.992,54.458689165213656,0.09014022100821122,0,28.9,0
2024,518735,2.046,56.44096062928702,0.19594743658580557,0,28.6,0
2024,518735,1.979,60.41694787740652,0.43104618776459674,1,28.3,0
2024,518735,2.169,55.5004973621881,0.17038520635387766,0,26.3,0
2024,518735,2.105,54.1723375527478,0.061643088389671745,0,29.7,0
2024,518735,2.219,55.82863456323925,0.2033854327760352,0,28.1,0
2024,518735,2.049,55.879231184844656,0.16442984959503024,0,28.5,0
2024,518735,2.029,58.17915112725499,0.3220699025162512,0,28,0
2024,518735,2.054,58.77304707033394,0.40757409411071427,0,27.1,0
2024,518735,2.205,61.50836120883684,0.5055293747778001,0,27.7,0
2024,518735,2.045,60.70831857176651,0.4583276260571113,0,27.9,0
2024,518735,2.085,60.77665198095807,0.2794397376082227,0,28.5,0
2024,518735,2.198,58.35695969491923,0.25841986626484725,0,28.6,0
2024,518735,2.204,60.95097226860208,0.5748372180534663,0,27.3,0
2024,518735,1.976,55.269057151828385,0.17532995635948034,0,28,0
2024,518735,3,71.44022490698472,0.8729500862845875,0,29.6,0
2024,518735,2.825,65.45753358997638,0.8470929581082662,0,27.1,0
2024,518735,2.386,64.13317005582037,0.5388306997338324,0,27.9,0
2024,518735,2.06,60.537453497598506,0.3571784064164609,0,29.1,0
2024,518735,2.303,63.98672225006315,0.8205570285087966,0,26.7,0
2024,518735,2.617,65.45089792890239,0.5276381471288035,0,29.3,0
2024,518735,2.028,54.1088464263368,0.08131062014052379,0,28.9,0
2024,518735,2.16,61.720918854995396,0.36370819447338376,0,29.7,0
2024,518735,2.056,60.31434680557755,0.410146266253766,1,28.3,0
2024,518735,1.946,55.61652754369934,0.14268822829162298,0,28.6,0
2024,518735,2.527,67.32266025705093,0.8332882170831146,1,28.2,0
2024,518735,2.133,56.06202553866685,0.3581029908620491,0,29.7,1
2024,518735,2.066,60.149900220521154,0.26916618719918084,0,28.3,0
2024,518735,2.077,53.4244879189674,0.19907473053424335,0,26.7,0
2024,518735,2.002,53.37122732821054,0.0660774360698654,0,29.7,0
2024,518735,1.973,53.92625875322111,0.32635760545704734,0,28.7,1
2024,518735,1.912,54.75939168258429,0.10535882408752571,0,29.2,0
2024,518735,2.116,62.04232132197034,0.34599522734373006,0,28.6,0
2024,518735,1.982,49.78325449146739,0.0909204226050363,0,26.5,0
2024,521692,1.916,58.31983503982431,0.18710693463180061,0,29.9,0
2024,521692,2.001,53.6673507384197,0.0730522190077508,0,28.6,0
2024,521692,1.956,59.360826026870825,0.3656901251723829,1,28.4,0
2024,521692,1.991,56.292656117073456,0.13806240544266005,0,28.6,0
2024,521692,1.925,59.59644406445458,0.2257547682050283,1,30.1,0
2024,521692,2.158,60.78705287230626,0.5723773576276286,1,26.3,0
2024,521692,2.015,61.78665036683926,0.45812129566263077,1,28.6,0
2024,521692,2.017,58.780353783027344,0.2395983637907553,0,29.1,0
2024,521692,2.123,63.55240555480307,0.6923780419603581,1,27.5,0
2024,521692,1.99,58.695097638858996,0.26537255618795197,0,28.9,0
2024,521692,1.971,55.97262429420799,0.08483066815880067,0,29.5,0
2024,521692,1.934,52.97805723824276,0.10436736879322021,0,28.2,0
2024,521692,2.056,55.49790410938806,0.12171251631226596,0,29.2,0
2024,521692,2.146,67.03555103873028,0.5804066795818588,0,29.7,0
2024,521692,1.957,58.976139609347584,0.28329434844191637,0,28.6,0
2024,521692,2.247,56.55844501258675,0.1553328720393644,0,28.3,0
2024,521692,1.953,54.0521382488589,0.06122076738668401,0,30.1,0
2024,521692,1.959,59.45971016044906,0.4100524750282559,0,28,0
2024,521692,1.905,56.54200888952796,0.1837509815530141,0,28.6,0
2024,521692,2.002,59.578609572497705,0.39745901629114755,1,28.2,0
2024,521692,2.017,54.51320167132531,0.11233792068472534,0,28.9,0
2024,521692,2.058,59.534955022122496,0.32109898789150704,1,27.9,0
2024,542194,1.926,55.27729705083379,0.07859401083629033,0,28.3,0
2024,542194,1.809,57.1703595897225,0.22946472168170967,1,28.6,0
2024,542194,1.811,56.35616436130187,0.21320948876648205,0,28.2,0
2024,542194,1.928,57.84398722688191,0.317428656836354,0,28,0
2024,542194,1.79,47.30599125183104,0.02205103316618934,0,27.8,0
2024,542194,1.845,53.34437050834796,0.06491893508601544,0,29.6,0
2024,542194,2.032,57.373237903044696,0.11732683533502503,0,28,0
2024,542194,1.865,59.26497499729157,0.3880618838839692,1,27.8,0
2024,542194,1.856,56.33914698864844,0.1873229807597876,1,28.6,0
2024,542194,2.007,58.03185005113463,0.1488337936044661,0,29.4,0
2024,542194,2.059,61.266113932450054,0.31946799456626634,1,28.5,0
2024,542194,1.91,52.2163050160697,0.05277431471411075,0,28.9,0
2024,542194,1.906,55.20885782035388,0.0779215064047571,0,29.9,0
2024,542194,1.842,55.61990455376237,0.09669265661421564,0,29.6,0
2024,542194,1.978,60.86471680562924,0.3495988896547934,1,29.2,0
2024,542194,2.599,68.35919901018345,0.7437925278978758,0,29.6,0
2024,542194,1.873,57.077982742557445,0.22449589289374916,1,28.6,0
2024,542194,1.926,58.609956024993544,0.26110745360449067,1,28.6,0
2024,542194,1.851,57.38225168444017,0.19293045252723226,1,27.8,0
2024,542194,1.989,60.446999970423825,0.31118778812434605,1,29,0
2024,542194,1.781,55.849043714001475,0.15595563568559007,1,28.6,0
2024,542194,1.976,56.266517368757526,0.038664145280606736,0,28.9,0
2024,542194,1.805,55.467293397764955,0.14423690024825112,0,28.5,0
2024,542194,1.896,59.083866859014115,0.21519652347840457,0,29.9,0
2024,542194,1.847,55.521754852935224,0.236923829764256,0,26.8,0
2024,542194,1.851,53.78932940534054,0.11707331055096513,0,28.3,0
2024,543228,2.064,63.052897674517844,0.5109321832887885,1,28.9,0
2024,543228,1.957,56.47417363164779,0.13450821759694595,0,29.7,0
2024,543228,2.03,54.76926548071323,0.12199286349346383,0,28.6,0
2024,543228,1.925,60.291923568275024,0.47032621563519267,0,,0
2024,543228,1.916,55.71327701997367,0.15553634451294746,1,28.6,0
2024,543228,1.962,51.34150916897058,0.0332448811426864,0,28.8,0
2024,543228,1.939,52.33748108773953,0.08894300398025418,0,28.1,0
2024,543228,2.006,54.53099746583524,0.08697584254478333,0,28.9,0
2024,543228,1.959,56.5946077720166,0.2089980949348202,0,28.3,0
2024,543228,2.141,57.42327687833297,0.23591050089911095,0,28.4,0
2024,543309,2.055,63.0069712838521,0.4494634866255328,0,28.3,0
2024,543309,2.083,58.655332822387756,0.1341024156891788,0,29.3,0
2024,543309,1.992,59.26437733553587,0.35084906697959517,1,28.5,0
2024,543309,2.046,57.870828556390855,0.15786610657246383,0,29.1,0
2024,543309,2.167,59.79130319306277,0.5400699261622299,1,25.7,0
2024,543309,1.97,60.22027405330075,0.33302853374618074,1,28.9,0
2024,543309,1.998,56.63772981251746,0.17626517369210434,0,28.4,0
2024,543309,1.922,60.92770537418037,0.25524558009314463,0,30,0
2024,543309,2.006,54.22849761574986,0.1524784222537982,0,27.3,0
2024,543309,2.045,56.962173538531424,0.22456944379207835,0,27.6,0
2024,543309,1.914,56.001983667589194,0.22497191032698738,0,27.7,0
2024,543309,2.068,54.66705398924114,0.17822414619519542,0,26.7,0
2024,543309,2.084,56.07968333632619,0.2782696998596873,0,27.3,0
2024,543309,2.008,58.826862292344536,0.2402972035608257,0,27.8,0
2024,543309,1.958,49.38961410789451,0.046053416467378525,0,28,0
2024,543309,1.968,55.357332407757625,0.18814314854569084,0,27.8,0
2024,543309,2.048,58.05987512843224,0.1700360465483823,0,28.6,0
2024,543309,2.006,58.52129421187248,0.34856784139441555,0,27.2,0
2024,543309,2.047,57.558893153409194,0.1565951589105106,0,29.9,0
2024,543309,1.936,54.42532573971069,0.12482828255908548,0,28.5,0
2024,543309,2.133,51.80144993061126,0.017440790661075508,0,28.1,0
2024,543309,2.008,59.063324499113875,0.23123310493191632,1,29.3,0
2024,543309,2.003,48.21588571321546,0.018896871862239865,0,28.2,0
2024,543309,1.955,56.7381674858083,0.11035039256513474,0,30.4,0
2024,543309,1.952,58.368130336373625,0.1783634684398712,0,29.9,0
2024,543309,2.007,57.89695088232542,0.29719216940290377,0,28.1,0
2024,543309,1.991,55.33121726965641,0.143598389492505,0,28.2,0
2024,543309,1.998,59.10068467234117,0.36322305831289936,0,28.2,0
2024,543309,2.038,59.24118419488419,0.3229686511945635,0,28.7,0
2024,543309,2.028,60.26474213027868,0.5215294826891528,1,27.4,0
2024,543309,2.168,52.995067384326255,0.04683718279739197,0,28.4,0
2024,543309,2.039,60.83232098873904,0.3330239814104529,1,29,0
2024,543309,1.957,57.655542845474244,0.4303425221086645,1,26.5,0
2024,543309,1.956,59.07335157317854,0.268435997440252,1,29.1,0
2024,543309,2.129,58.41052610128602,0.3947507252787459,0,26.9,0
2024,543309,2.012,59.534561206462115,0.3072532943753643,1,29.1,0
2024,543309,1.946,53.72434628363305,0.10825823605896849,0,28.4,0
2024,543309,2.074,57.57442005523056,0.19006006165667194,0,28.6,0
2024,543309,1.984,59.04225052983853,0.4280136188480648,1,26.9,0
2024,543309,1.997,56.09920828944901,0.17080888092078472,0,28.5,0
2024,543309,2.387,65.54287201578137,0.6089009203850215,0,29.5,0
2024,543309,1.957,60.40969686283595,0.7351217764905953,0,28.6,1
2024,543510,1.868,55.061436013103254,0.12874392476001525,1,28.8,0
2024,543510,2.044,58.3633665763147,0.22967397425261826,0,28.4,0
2024,543510,2.055,53.87828611916873,0.0974819041327286,0,28.1,0
2024,543510,2.009,60.2321318082837,0.36967084682454227,1,28.3,0
2024,543510,2.042,56.814094874021826,0.14046883182733727,0,28,0
2024,543510,2.046,56.04043646578326,0.1484369131724833,0,27.1,0
2024,543510,2.143,65.66920121948796,0.7885816592057756,1,28,0
2024,543510,1.952,58.08628289926086,0.38350111267746045,1,27.5,0
2024,543510,1.982,58.2403204187342,0.33013044844899325,1,28,0
2024,543510,2.066,64.24566029407453,0.6862120087682907,0,28.3,0
2024,543510,2.094,64.32192128863231,0.7406162904832551,0,27.5,0
2024,543510,1.833,57.65906090445161,0.6364086232217964,1,28,1
2024,543510,2.105,56.52350947366455,0.09336885736694382,0,28.5,0
2024,543510,1.932,50.584165080152346,0.043928711361673464,0,28,0
2024,543510,1.961,54.84158814004273,0.06544212162439497,0,29.7,0
2024,543510,1.942,52.422277788931744,0.0968225028241091,0,27.9,0
2024,543510,1.951,55.54423573658186,0.121135434486012,0,29.1,0
2024,543510,2.056,54.557510137418625,0.1093221863286199,0,28.4,0
2024,543510,1.931,59.208551382133145,0.31180008853874214,0,28.6,0
2024,543510,2.095,53.713277595900685,0.08774198315547684,0,28.8,0
2024,543510,1.943,57.700232842274964,0.32148357136169586,0,27.8,0
2024,543510,1.951,56.370683897792176,0.19016501895769117,0,28.2,0
2024,543510,1.893,55.99114448135311,0.13891761771520827,0,29.3,0
2024,543510,1.926,52.650587586043144,0.2084304527294348,0,29.4,1
2024,543510,2.035,58.9879042197602,0.2419663029231552,1,27.6,0
2024,543510,1.895,59.64433666742071,0.39379229888713446,0,28.3,0
2024,543510,1.935,57.18960875633249,0.576642972574259,1,28.3,1
2024,543510,1.944,52.78529704938044,0.09343707837250864,0,28.3,0
2024,543510,1.928,50.86573896286719,0.029999892858677813,0,28.4,0
2024,543510,1.963,53.74069847947769,0.07215291162190011,0,29.7,0
2024,543510,1.979,56.91717645984249,0.23295993663070594,0,28.4,0
2024,543510,1.991,53.16854033743846,0.11027761564872013,0,27.8,0
2024,543510,1.982,56.036503926717344,0.2540111648634132,0,27.6,0
2024,543510,1.971,54.78545483913011,0.06339867418651655,0,30.4,0
2024,543510,1.928,52.76434613638785,0.07566457628317763,0,28.4,0
2024,543877,1.944,58.614280346392626,0.2751534724319266,0,28.3,0
2024,543877,1.909,57.71460233925633,0.2126440703254967,0,28.9,0
2024,543877,1.947,54.987812143967204,0.3248703588104066,0,26.2,0
2024,543877,1.95,59.57599730831008,0.33223335028399587,1,28,0
2024,543877,1.928,56.920329700778254,0.21086419010495025,1,28.7,0
2024,543877,1.915,56.82869572884869,0.1397269653065631,0,29.6,0
2024,543877,2.064,60.102362605387356,0.3345294070956558,0,29.1,0
2024,543877,2.04,57.05482285877712,0.16903781124246747,0,29.1,0
2024,543877,2.033,59.806267939050315,0.3797157353739079,0,28.3,0
2024,543877,1.844,58.02126209910768,0.1467479866446089,1,30.4,0
2024,543877,1.914,54.509399827490824,0.08618285029013636,0,29.4,0
2024,543877,1.885,55.35876741170214,0.24474218959280258,0,27.1,0
2024,543877,1.965,56.3009638737126,0.08555313159229812,0,28.3,0
2024,543877,2.012,62.3883408194614,0.40372163805537153,0,29.7,0
2024,543877,1.97,57.432466068151214,0.3109761945030703,0,27.8,0
2024,543877,1.92,57.76956321249119,0.20435032381710846,0,29.3,0
2024,543877,1.965,58.90353226698664,0.30703904033355894,0,28.4,0
2024,543877,2.043,61.46661893857103,0.19928666622571442,1,29.5,0
2024,543877,1.981,57.3566714789272,0.4445743027858045,0,26.5,0
2024,543877,1.963,58.67598626604708,0.26064701304657356,1,29.1,0
2024,543877,1.974,56.64730385549805,0.08991013377150471,0,28.9,0
2024,543877,1.97,50.623135814506,0.06143925325793021,0,27.7,0
2024,543877,1.954,55.470564634144736,0.22272113222295517,1,27.4,0
2024,543877,1.872,54.903969821315044,0.10821215086412446,0,29.3,0
2024,543877,1.943,57.48600390314983,0.16617223460783775,0,29.5,0
2024,553869,1.818,54.8798859344165,0.1198736265079833,0,28.9,0
2024,553869,1.885,57.18785343548173,0.2923218778383508,0,27.6,0
2024,553869,2.047,64.09837721854932,0.5473831674346447,1,27.4,0
2024,553869,1.819,50.79764401583191,0.068066249161774,0,27.8,0
2024,553869,1.877,51.359823350647396,0.061686985301192904,0,27.8,0
2024,553869,1.895,58.12546013969014,0.31375970043093704,1,28.2,0
2024,553869,1.842,52.883967118181864,0.04285592438742117,0,29.9,0
2024,553869,1.818,48.50323785908707,0.08311327714359959,0,25.9,0
2024,553869,1.874,53.14950264909613,0.04672501445504407,0,30,0
2024,553869,2,60.0043795045897,0.21393208255745563,0,29.9,0
2024,553869,1.88,57.60439970947111,0.3182438887978853,1,27.8,0
2024,553869,1.898,57.7052367843921,0.3284091407096908,0,27.8,0
2024,553869,1.974,61.5023931266359,0.645408157028398,0,26.7,0
2024,553869,1.891,57.24471355722842,0.10593981844788215,1,29.1,0
2024,553869,1.933,52.55824820977594,0.045652217484347606,0,27.9,0
2024,553869,1.904,56.76422925142446,0.12063830380383501,0,30.1,0
2024,553869,1.862,56.60206305717149,0.11255380469799625,0,29.9,0
2024,553869,1.933,56.71350152982691,0.23120522785111353,1,27.6,0
2024,553869,1.987,59.5538354284408,0.4549661072623935,1,26.8,0
2024,553869,1.928,53.138232828867054,0.07705016519964275,0,28.9,0
2024,553869,2.028,61.73384405412091,0.5655696445380103,0,27.8,0
2024,553869,1.889,57.2528988818251,0.18441295466037977,0,28.6,0
2024,553869,1.879,48.33655007184953,0.03567704427015437,0,27.8,0
2024,553869,1.905,55.12771631223326,0.12061229871174056,1,28.9,0
2024,553869,1.907,52.749426634335244,0.03990488774914833,0,28.2,0
2024,553869,2.003,57.09199657126399,0.10716843740979162,0,30.1,0
2024,553869,1.969,55.95073039302303,0.1259224596773158,0,29.4,0
2024,553869,1.79,56.65951079194757,0.17117848449758782,1,29,0
2024,553869,1.857,54.21346631981316,0.12464513976946301,1,28.5,0
2024,553869,1.837,55.662327951408294,0.1565348272014323,1,28.7,0
2024,553869,1.856,54.488511524055816,0.04920771573364475,0,29.9,0
2024,553882,1.994,56.09125757472518,0.1931645184408243,0,28.4,0
2024,553882,1.988,56.25878137375841,0.18221354506143722,0,28.7,0
2024,553882,1.988,56.29533823875743,0.18368997249376576,0,28.7,0
2024,553882,1.945,54.96830864288248,0.15004374403793477,0,28.3,0
2024,553882,1.986,58.069929869936004,0.2292621502219193,0,29.1,0
2024,553882,2.201,41.17948257625429,0.008563813394498373,0,26.7,0
2024,553882,1.972,58.14561853458084,0.14810810061752192,0,29.7,0
2024,553882,1.956,53.57328436513138,0.1068714041238222,0,28.4,0
2024,553882,2.021,53.59572248477038,0.07278738912329487,0,28.2,0
2024,553882,2.007,62.019442026662645,0.6854523583394726,1,27.1,0
2024,553882,2.121,61.16390674275867,0.5706678845368859,0,27.6,0
2024,553882,2.087,59.39302114963718,0.35859952428098923,0,28.4,0
2024,553882,2.188,55.306286903900514,0.06442900289546337,0,27.6,0
2024,553882,2.159,55.06163774138343,0.18551453384607963,0,27.9,0
2024,553882,1.983,54.908392018188046,0.14272824489391595,0,28.3,0
2024,553882,2.013,54.81137161563272,0.23606190302066388,0,26.6,0
2024,553882,2.087,56.960127729187256,0.17178562030440395,0,27.7,0
2024,571912,1.943,56.94821603192757,0.14891666501204762,0,28.5,0
2024,571912,1.943,56.41764207218396,0.14078408880246138,0,29.4,0
2024,571912,1.963,56.025178175488236,0.060974185617701605,0,29.3,0
2024,571912,1.919,59.34937393585021,0.2164952672324848,0,29.3,0
2024,571912,1.952,57.09891475815121,0.19495558390962198,0,28.4,0
2024,571912,1.895,58.57782974073312,0.23259227402407004,0,29.1,0
2024,571912,1.998,59.4550005881766,0.3445144773186882,1,27.9,0
2024,571912,1.952,59.97828010524548,0.4446976298824614,0,28,0
2024,571912,1.931,59.15369087361624,0.33916138462376216,0,28.5,0
2024,571912,2.017,63.231084482515904,0.4972905749076687,1,29.3,0
2024,571912,1.996,59.73308785620618,0.4941732912162115,1,27.3,0
2024,571912,2.045,58.90943858258082,0.38334434375699133,0,27.4,0
2024,571912,1.851,58.61867061244902,0.6635460294674828,0,28.3,1
2024,571912,1.956,58.21685942715476,0.2041319044038173,0,29.5,0
2024,571912,2.064,64.29663528638567,0.7903819585105605,1,27.2,0
2024,571912,1.934,55.43981175224264,0.15812870893182868,0,28.6,0
2024,571912,1.964,57.90227250921687,0.21551603716363835,0,29.2,0
2024,571912,1.987,59.582788933792145,0.20297776828511285,1,28.6,0
2024,571912,1.891,57.78043054601368,0.1766948983927428,1,29.5,0
2024,571912,2.042,55.60229659155434,0.11755102605978693,0,28.2,0
2024,571912,1.995,57.331595779562356,0.1594267524488603,0,29.1,0
2024,571912,1.863,59.59714258588679,0.6916915276667874,0,28.6,1
2024,571912,2.065,56.111388105375084,0.13256341897958657,1,28.6,0
2024,571912,1.974,57.66715717882618,0.24156655007902633,0,27.5,0
2024,571912,2.065,60.24484345248777,0.11207060832952133,0,30,0
2024,571912,1.859,48.25352222821573,0.0765555501953533,0,25.9,0
2024,571912,2.018,59.31089340796387,0.001764591492229628,0,29.7,0
2024,575929,1.841,57.919339776624916,0.20427119015513948,1,29.1,0
2024,575929,1.868,58.066902883825165,0.3180136874022659,0,28,0
2024,575929,1.907,57.36648566404192,0.245397695773768,0,28.4,0
2024,575929,1.946,55.267941835024445,0.15447652036224355,0,27.7,0
2024,575929,2.287,56.950315477862084,0.2839834877895318,0,27.8,0
2024,575929,1.887,51.96895494618961,0.06278528995743475,0,28.7,0
2024,575929,1.891,57.7698206261781,0.2822992036962006,0,27.8,0
2024,575929,1.969,59.60787641322166,0.25262459379225266,1,29.1,0
2024,575929,2.038,62.038608819583274,0.6148437853720986,1,27.7,0
2024,575929,1.815,49.95255655570644,0.03616871767715165,0,29,0
2024,575929,1.973,53.03324498958702,0.196641136712498,1,26.5,0
2024,575929,1.872,62.03566380495788,0.24162268223040684,0,29.6,0
2024,575929,1.885,53.970237857828906,0.17535489889432382,0,27.4,0
2024,575929,1.871,55.207822570074825,0.14237990278315718,0,28.4,0
2024,575929,1.914,53.10942236798073,0.09431550442289306,0,28.2,0
2024,575929,1.891,58.01241984992326,0.21608802812294667,1,28.8,0
2024,575929,2.282,56.51115206520705,0.10759005797996783,0,28.6,0
2024,575929,1.966,49.06794610170731,0.03166766020475878,0,28.8,0
2024,575929,1.949,57.96511738038296,0.2029186112526323,0,29,0
2024,575929,2.04,57.69925737488006,0.18976504495004656,0,28.3,0
2024,575929,2.147,57.20187553504331,0.13415736862973154,0,29,0
2024,575929,2.121,51.437216150355404,0.024810675289567433,0,30,0
2024,575929,2.023,58.80092839639783,0.13429706441590708,0,29.3,0
2024,575929,1.953,54.17376042507214,0.06627579393143718,0,29.6,0
2024,575929,2.026,58.99555733989889,0.09900277581075397,1,28.8,0
2024,575929,1.983,57.909957199812816,0.309225119242546,0,28,0
2024,592200,1.98,54.66241093631858,0.1721732467653479,0,27.3,0
2024,592200,2.073,61.301407100668726,0.5992803968490833,0,27.3,0
2024,592200,1.944,54.90647423547174,0.19128410403138313,0,27.5,0
2024,592200,1.885,55.60298451217745,0.15767212479105722,1,28.3,0
2024,592200,1.993,56.396192263164885,0.12332956198159085,0,28.6,0
2024,592200,2.047,53.922060677102465,0.16755864469974208,0,27.5,0
2024,592200,1.982,59.19399172694424,0.36382570741213216,0,27.1,0
2024,592200,2.064,57.94370800502595,0.13120366606499134,0,28.9,0
2024,592200,1.932,50.00052709437277,0.06509015364995481,0,27.4,0
2024,592200,2.07,56.54121101190756,0.14502990521095885,0,28.3,0
2024,592200,1.948,56.861720940097854,0.2097034750306537,0,27.9,0
2024,592200,2.043,52.398719143789734,0.09676618070962886,0,27.4,0
2024,592200,2.093,56.748791725284015,0.08872014258755918,0,29.6,0
2024,592200,1.885,58.71456299209643,0.23152461211612993,1,29.5,0
2024,592200,1.955,57.94560153475013,0.2113907467864466,0,29.3,0
2024,592200,2.023,58.49305094043891,0.11317405790026067,0,29.5,0
2024,592200,1.992,55.512376024252255,0.1560283578494382,0,28.1,0
2024,592200,1.93,56.199618753099365,0.18328646425806314,0,28.6,0
2024,592200,2.01,53.602391710063536,0.08220235354009783,0,28.6,0
2024,592200,1.911,56.84459075898184,0.4498159589750813,0,26.2,0
2024,592200,2.033,58.34107728674493,0.1678252686263243,0,29.6,0
2024,592200,1.979,58.52058490849799,0.23084915546455595,0,28.8,0
2024,592200,1.965,53.48918005550948,0.09216270733691537,0,28.1,0
2024,592200,1.968,53.37937080434118,0.142256395344552,0,27.6,0
2024,592200,2.325,65.21090588421383,0.5666416926514513,0,29.9,0
2024,592200,2.045,58.98015246870285,0.1727364163105072,0,29.9,0
2024,592200,1.927,54.389454963043505,0.1131428495948402,0,28.6,0
2024,592200,2.035,59.6488360468115,0.3817829022688545,1,27.6,0
2024,592200,1.992,57.6811898211033,0.13217449976385715,0,29.7,0
2024,592663,1.824,56.572563914164405,0.12050164791878269,0,28.7,0
2024,592663,1.764,57.24016043840244,0.21712238552872581,0,28.4,0
2024,592663,1.864,56.976078726418976,0.11818415238945736,1,29.8,0
2024,592663,2.114,65.56787126361884,0.5055137084038205,1,27.8,0
2024,592663,1.893,58.42778733842146,0.21030850032213388,0,29.6,0
2024,592663,1.833,51.5453049440716,0.04513072563977573,0,28.2,0
2024,592663,1.781,54.96273413387893,0.1466037769972956,0,28.5,0
2024,592663,1.777,54.793509991310806,0.13527678892947564,1,28.6,0
2024,592663,1.861,57.59283680331738,0.1602542855484725,0,28.6,0
2024,592663,1.879,54.64490354803538,0.1395983106203221,1,27.2,0
2024,592663,1.894,53.89321822817491,0.04637695767698101,0,29.7,0
2024,592663,1.75,56.029799225071464,0.2881207017570409,1,27.2,0
2024,592663,1.849,51.60172826719177,0.08737802234167621,1,26.7,0
2024,592663,1.829,58.07944051247936,0.19018964932553992,0,29.2,0
2024,592663,1.882,62.57763697248801,0.6110232162343467,1,27.9,0
2024,592663,1.868,59.78953284744953,0.692086248202383,0,25.8,0
2024,592663,1.899,56.16325950144657,0.03626560951770685,0,29.9,0
2024,592663,1.844,60.20411276385162,0.2879789568597323,0,29.7,0
2024,592663,1.845,59.30739705189014,0.31627392542578175,0,28.1,0
2024,592663,1.818,54.96436015742539,0.1315580865507477,1,28.1,0
2024,592663,1.827,57.44548874780679,0.13205925819617603,1,29.7,0
2024,592663,1.872,55.99306874154595,0.146939970227026,0,28.4,0
2024,592663,1.809,54.774912166531166,0.1993541133210158,1,27.3,0
2024,592663,1.804,56.869950465668296,0.2800803485476345,1,27.8,0
2024,592663,1.842,58.31641162032875,0.21519089253044996,0,29.1,0
2024,592663,1.824,52.544726297014634,0.04592724207578187,0,29.5,0
2024,592663,1.817,54.70928243419247,0.08567941253598232,0,28.1,0
2024,592663,1.838,55.475656659568706,0.10114252684974999,0,28,0
2024,592663,1.846,55.977163170812055,0.15444584471401707,0,28.4,0
2024,592663,1.814,58.69086966580842,0.130362565209757,0,30.1,0
2024,592663,1.812,46.52090625244696,0.04000843229623972,0,25.9,0
2024,592663,1.783,56.20599906270816,0.1086777235325086,0,29.5,0
2024,592663,1.815,58.562058450616206,0.13344046030323634,0,29.3,0
2024,592663,1.807,54.696889653511604,0.13924981965997543,0,28.5,0
2024,592663,1.792,57.194486597893565,0.34485437688252046,0,27.2,0
2024,592663,1.836,59.278092360227596,0.40931095598970324,1,27.8,0
2024,592663,2.008,58.79552608343876,0.18860166188873334,0,29.3,0
2024,595978,1.909,53.71423746522768,0.06837127289421345,0,28.8,0
2024,595978,1.921,53.773538109354455,0.12873974734285898,1,27.8,0
2024,595978,1.844,55.86417525312708,0.10012899103624812,1,28.5,0
2024,595978,2.013,51.91388791473496,0.04228909664219479,0,28,0
2024,595978,1.81,58.1752948015587,0.10354876307874833,1,30.1,0
2024,595978,1.918,59.401537805819174,0.3821044491939737,1,27.8,0
2024,595978,1.874,54.2508338990683,0.05331623301354095,0,29.2,0
2024,595978,1.892,54.96977501239935,0.15673917579865748,0,27.9,0
2024,595978,1.883,56.91958488427197,0.11205333768356689,1,29.7,0
2024,595978,2.41,67.58408268397818,0.8933341721476312,1,26.8,0
2024,595978,1.921,61.8783491817054,0.4398101057213675,0,28.1,0
2024,595978,1.903,54.306841757287636,0.11218821594417634,0,27.9,0
2024,595978,1.991,55.08497401733508,0.1566061803262689,0,28.3,0
2024,595978,1.879,57.15931160034339,0.16881922091189508,0,28.8,0
2024,595978,2.112,60.103537794279205,0.2654168692750764,0,29.9,0
2024,595978,1.873,55.70183291203454,0.13810158837954387,0,28.5,0
2024,595978,1.924,58.42898391434793,0.14849125152888434,0,30.4,0
2024,596117,1.936,54.50065953451099,0.21600979133318393,0,27.1,0
2024,596117,2.017,58.595169907585145,0.26149120028102973,1,28.4,0
2024,596117,1.748,56.696569539425326,0.21422388509832432,0,28.5,0
2024,596117,1.91,52.40825690432865,0.02095989841739872,0,28.3,0
2024,596117,1.927,57.4396396885187,0.2675074165625372,1,28.3,0
2024,596117,1.908,54.938314054888316,0.061648364460828164,0,28.6,0
2024,596117,1.903,58.70112773025888,0.2452087516788078,0,28.8,0
2024,596117,1.91,59.3918792250139,0.2650462225804003,1,29.2,0
2024,596117,1.77,51.05120722469938,0.03415673303100745,0,29.2,0
2024,596117,1.888,56.18601257157941,0.0991140255078598,0,28,0
2024,596117,1.891,54.51481751510102,0.0905196939530102,0,29.1,0
2024,596117,1.779,53.93903006854172,0.14014446631436525,1,28,0
2024,596117,1.761,53.83849969907056,0.10040720622595149,1,28,0
2024,596117,1.901,53.412929673306905,0.14379712294811633,1,27.4,0
2024,596117,1.869,54.988287521317226,0.13264573107843397,0,28.2,0
2024,596117,2.013,50.53149096338931,0.050106845345157525,0,28,0
2024,596117,1.885,57.80523636205709,0.3209115272116713,0,27.8,0
2024,596117,1.885,55.12749405007886,0.152217905164816,0,28.5,0
2024,596117,1.867,54.87819637837618,0.060839102934116256,0,30.1,0
2024,596117,1.879,55.91788004468346,0.3758115951174007,1,26,0
2024,596117,1.81,48.9565754026996,0.04877409539714352,0,27.3,0
2024,596117,1.876,55.728942575223975,0.11250513504565998,0,28.6,0
2024,596142,1.752,53.04015629274456,0.14809490197979558,1,27.3,0
2024,596142,1.862,56.294509234368284,0.0724788188571717,0,29.3,0
2024,596142,1.992,60.75326780719431,0.24303068650620815,0,30.4,0
2024,596142,1.928,58.43981846374062,0.12017877686428095,0,29.9,0
2024,596142,1.939,57.74967088473933,0.09979471880437688,0,29.4,0
2024,596142,1.959,59.32398688205872,0.32114130604325314,0,28.1,0
2024,596142,1.962,59.259322928565076,0.23647962423316138,0,28.9,0
2024,596142,1.899,56.3038113285183,0.22056419675335512,0,28.2,0
2024,596142,1.917,48.28048540526559,0.022516333706865215,0,27.8,0
2024,596142,1.892,56.156505860915,0.2053899071850255,1,28.1,0
2024,596142,2.072,62.9370334824261,0.818439897107528,1,25.9,0
2024,596142,2.355,56.24881877797619,0.23211661820111057,0,27.3,0
2024,596142,2.276,59.539318832300985,0.37887507236687357,0,28.3,0
2024,596142,1.863,57.05197448645057,0.1893943869435701,0,28.7,0
2024,596142,1.913,58.23277054504579,0.2639338627836513,1,28.6,0
2024,596142,1.908,56.70548132011298,0.2715717254620629,1,27.8,0
2024,596142,2.025,57.39021149373008,0.11833279123105031,0,28.9,0
2024,596142,1.848,56.90416585299188,0.19545697938632328,0,28.5,0
2024,596142,1.907,55.545292795340565,0.1625123011809579,0,28.6,0
2024,596142,2.004,56.57283743589534,0.06567452514978785,0,30.1,0
2024,605131,2.023,57.54034801969523,0.3313751785376251,0,27.6,0
2024,605131,2.193,60.16482085646549,0.35514207329324554,0,28.7,0
2024,605131,2.17,66.62660044364826,0.5659199220582205,1,29.6,0
2024,605131,1.937,58.2753615263534,0.2574179948114454,0,28.9,0
2024,605131,1.948,54.09390501109101,0.1412292375448028,0,28.1,0
2024,605131,1.965,57.29554100212844,0.16044584460303665,0,29.6,0
2024,605131,2.084,55.571717718960144,0.21144020954032944,0,26.8,0
2024,605131,1.911,58.00825561940774,0.32788802614240486,0,27.8,0
2024,605131,1.955,54.45659785997974,0.14627289813399763,0,27.8,0
2024,605131,2.01,58.45251069769449,0.19764131877818913,0,29.6,0
2024,605131,2.183,58.27350624553114,0.13699570275078402,0,28.5,0
2024,605131,2.052,55.585391289729905,0.1241101150146786,0,28.5,0
2024,605131,1.912,55.96228132207016,0.178180185263989,0,28.3,0
2024,605131,1.86,51.20863346062742,0.028622779463428366,0,29.9,0
2024,605131,1.937,57.28033188434886,0.357840292456323,0,27.2,0
2024,605131,2.019,57.383593097987166,0.23366027225316965,0,28.6,0
2024,605131,1.983,54.51144873988338,0.12426119008000042,0,28,0
2024,605131,1.964,55.367745440421444,0.1392690458767205,0,28.8,0
2024,605131,1.909,55.211202875920186,0.11851128920640451,0,29.2,0
2024,605131,1.992,58.338103162472926,0.2311103030139021,0,28.3,0
2024,605131,1.967,54.60628232678989,0.08837290441059614,0,29.6,0
2024,605131,1.881,55.51077771337374,0.0994565350048369,0,29.7,0
2024,605131,2.099,56.70411032156754,0.37546999355168936,0,26.3,0
2024,605131,2.003,62.084644979895174,0.6183264969087878,1,26.9,0
2024,605131,2.004,59.07271989380828,0.19048483731829594,0,29.1,0
2024,605170,2.027,57.23458906743007,0.4149018656107147,1,26.7,0
2024,605170,1.935,55.675391596739374,0.1784089512732522,0,28.2,0
2024,605170,2.018,56.36681961156891,0.16922557738314956,0,28,0
2024,605170,1.937,55.74839894562118,0.3223211976344583,1,26.3,0
2024,605170,1.982,56.860072899834506,0.21550339079205205,1,28.4,0
2024,605170,2.073,52.02298766780533,0.03478191921170575,0,28.2,0
2024,605170,1.927,52.120469342236575,0.16561501180701726,0,26.2,0
2024,605170,2.008,59.7179324166496,0.3463185421322636,0,28.7,0
2024,605170,2.008,58.00223196975949,0.3521410122522113,1,27.5,0
2024,605170,2.021,50.210234509463085,0.02721181972985144,0,29.2,0
2024,605170,2.079,55.418076499813274,0.13732384182996307,0,27.5,0
2024,605170,2.048,62.351014085212654,0.34193540814894285,0,29.6,0
2024,605170,1.941,60.44581655308338,0.311415756310918,1,29,0
2024,605170,2.026,58.250169895665344,0.31139166323223477,0,28.3,0
2024,605170,2.167,53.75993918966925,0.0996339754057969,0,25.8,0
2024,605170,2.047,55.96601062108164,0.12198426952537833,0,29.4,0
2024,605170,2.008,55.21257857887565,0.10566487466978705,0,29.5,0
2024,605170,1.929,52.205511782020935,0.10789150963275872,0,27.3,0
2024,605170,2.028,58.333254765065526,0.4382084843097161,0,27.1,0
2024,605170,2.016,57.07994007492627,0.20777680999874618,1,26.7,0
2024,605170,1.982,59.11171240372286,0.4466170440300375,1,27.5,0
2024,605170,2.17,58.5573441146709,0.07977771685861763,0,27.6,0
2024,605170,1.985,58.4484022254126,0.18761657665306236,1,28.8,0
2024,605170,2.064,58.36649545392007,0.15059077740553964,0,29.3,0
2024,605170,1.977,53.81670040429251,0.14082811668799156,0,27.8,0
2024,605170,2.005,49.459659964419465,0.032222923213937806,0,28,0
2024,605170,1.983,58.092521100595356,0.4498018099584299,0,26.9,0
2024,605170,1.984,50.56848088431524,0.037579367395296624,0,29.1,0
2024,605170,1.959,58.03879037500162,0.18882255972674722,1,29.7,0
2024,605170,2.103,54.320066169274675,0.10962233457722433,0,28.9,0
2024,605170,2.049,60.86844619716774,0.6095639396305295,1,27.1,0
2024,605170,2.01,58.55373171525407,0.29091538520207505,0,28,0
2024,605170,2.082,54.16593087342884,0.07191122762895291,0,27.9,0
2024,605170,2.207,58.973851599535564,0.12621835399172923,0,30.4,0
2024,605170,1.978,58.715066845316585,0.18032665783798632,0,29.6,0
2024,607732,1.933,53.80705245851398,0.18183083044184434,0,26.4,0
2024,607732,1.933,55.85563388477005,0.1332098304720324,0,29.3,0
2024,607732,2.024,51.95583120811671,0.14364709010795546,0,25.9,0
2024,607732,2.025,59.48843516515283,0.2828409162614519,0,28.2,0
2024,607732,1.943,57.31648164696813,0.2265479009891621,0,28.1,0
2024,607732,1.915,55.40646855435767,0.15253476046144232,0,28.3,0
2024,607732,1.91,57.831753143202405,0.0656074609635671,0,29.9,0
2024,607732,2.115,57.0075609402225,0.1713843225188502,0,27.7,0
2024,607732,1.938,56.24133314874997,0.1914449105207673,0,28.4,0
2024,607732,1.882,54.46755041797168,0.29933012797053626,0,25.9,0
2024,607732,1.87,54.16695998465971,0.13274262399612816,0,28.3,0
2024,607732,1.852,58.80600102949895,0.22783705991876813,1,29.4,0
2024,607732,1.962,51.386271822670714,0.06358080957637342,0,28.4,0
2024,607732,1.984,57.798256983840176,0.15283652586359608,0,29.5,0
2024,607732,1.908,58.68201148844981,0.17053040976743808,1,29.9,0
2024,607732,2.017,54.79531000283826,0.19498872442476184,0,27.3,0
2024,607732,1.964,54.670292731604924,0.07130571486992544,0,28.8,0
2024,607732,1.89,56.94507253920334,0.04730328632396201,0,30,0
2024,607732,1.927,56.08503825399922,0.2653149064796655,0,27.4,0
2024,607732,1.92,54.28670359383973,0.11775497275195582,0,28,0
2024,607732,2.047,60.20395545724396,0.3232420773233311,0,28.6,0
2024,607732,1.977,61.91920303027079,0.29069267050581704,1,28.5,0
2024,607732,1.956,55.10319548601285,0.17501547055194613,0,28,0
2024,607732,1.928,55.30114429036049,0.08748955929061727,0,30,0
2024,607732,1.943,56.94651936232238,0.29792544305573326,0,27.1,0
2024,607732,2.02,59.16558662720726,0.35623042404162614,0,26.9,0
2024,607732,1.935,52.09868325472086,0.13011270589342974,1,25.8,0
2024,607732,1.898,58.34514593547258,0.2919025446852682,0,27.5,0
2024,607732,1.959,60.63259835359946,0.16190434546382143,1,29.3,0
2024,607732,1.999,54.298761022843145,0.059909611196758916,0,29.9,0
2024,607732,2.013,55.60571713586219,0.10955109800428359,0,28.3,0
2024,607732,1.936,53.584404811287705,0.13515717706819388,0,27.9,0
2024,607732,1.922,55.87871192708409,0.11949466967275077,0,28.9,0
2024,607732,1.929,59.910478460174645,0.14944430945852208,1,29.6,0
2024,607732,1.914,56.635505160779736,0.1839074135725729,0,28.2,0
2024,607732,1.923,56.96228511900291,0.19514532004108268,1,28.8,0
2024,607732,2.094,56.0584871745961,0.2831980935234877,0,26.7,0
2024,607732,1.96,50.99231438545288,0.04876587387452929,0,28.6,0
2024,607732,1.949,57.30832894116303,0.21554043228559325,0,28.8,0
2024,608348,1.922,58.14837541655104,0.22177794645743576,0,28.6,0
2024,608348,1.88,54.868730904671025,0.05675724942965829,0,28.4,0
2024,608348,1.941,56.657747406669884,0.14175692387619454,0,29.3,0
2024,608348,1.955,57.82051186331736,0.16882478169808318,0,28.4,0
2024,608348,1.874,59.295607457482596,0.21570840345957645,0,29.6,0
2024,608348,1.913,57.46016279300034,0.14189894881345622,0,28.8,0
2024,608348,1.956,56.81308374575829,0.21598900991111514,0,28.4,0
2024,608348,1.914,56.59365928852819,0.2078487217149406,0,28,0
2024,608348,2.033,60.14866662996154,0.5364032385883891,1,27.2,0
2024,608348,1.955,57.81015715577358,0.17713978717188683,1,28.2,0
2024,608348,1.996,62.39601632916337,0.25177301010184144,1,29.9,0
2024,608348,1.952,56.96365791101971,0.2034349885663109,1,28.5,0
2024,608348,1.883,57.95475497134811,0.1748322886296872,1,29.3,0
2024,608348,1.954,57.45678110253716,0.19073807265636641,0,29.1,0
2024,608348,1.961,57.09897092812567,0.17829911934252013,0,28.8,0
2024,608348,2.035,61.10510383186754,0.53978527952144,1,27.8,0
2024,608348,1.982,58.79346038388509,0.30979087119906035,1,28.4,0
2024,608348,1.935,54.87759681122701,0.08234905030509165,1,28.7,0
2024,608348,2.085,58.888681100908315,0.5102735973692484,0,26.2,0
2024,608348,1.958,62.06405487866501,0.552567681043059,1,28.2,0
2024,608348,1.975,59.5081720831168,0.36311585869116425,1,28.5,0
2024,608348,1.97,39.0653631224091,0.002773640720130802,0,28.2,0
2024,608348,1.888,52.55126166691221,0.06553682976015354,0,28.9,0
2024,608348,1.906,54.099612166148496,0.22352590265978342,1,26.8,0
2024,608348,2.175,62.100641063515226,0.4004938923327533,1,28.4,0
2024,608348,1.877,57.259261961812165,0.07337439404055729,0,28.9,0
2024,608348,1.988,58.472971391662725,0.32053793912766604,1,28.3,0
2024,608348,1.997,56.93076905374059,0.2187660827230217,0,28,0
2024,608348,2.453,66.1519844707151,0.567209324589105,0,30.4,0
2024,608348,1.92,53.90754736430536,0.08308270694030545,0,28,0
2024,608348,1.936,57.9011944703591,0.19862094525991472,1,29.4,0
2024,608348,1.896,58.60978609912413,0.2059096271956725,0,29.1,0
2024,608348,1.969,58.389554215380855,0.3158784926908319,0,28.3,0
2024,608348,1.946,59.119548446635406,0.23192054563196626,1,29.3,0
2024,608348,2.008,57.421091962339425,0.2453725032466177,0,28.5,0
2024,608348,1.895,56.62751204739721,0.15022775572589214,0,29.3,0
2024,608348,1.932,57.54983364051533,0.3397931232466541,0,27.3,0
2024,608348,2.043,59.81478065149603,0.6218176313347474,0,26.4,0
2024,608348,1.917,56.14626294391733,0.13855409015816597,0,28.9,0
2024,608348,2.009,55.04227907774871,0.15076098328238713,0,27.2,0
2024,608348,2.062,57.19566309457894,0.19781535035845949,0,27.7,0
2024,608348,1.919,54.850583112747636,0.11752897829685202,1,29,0
2024,608348,1.941,47.64029726535461,0.013861993080675383,0,29.4,0
2024,608348,1.962,56.72262999418849,0.18805795277650672,0,28.9,0
2024,608348,1.878,54.089115463376686,0.10421757374914915,0,28.9,0
2024,608348,2.053,60.515878163779995,0.6906380939178096,0,26.2,0
2024,608348,1.888,56.66658166230466,0.12386112813902982,0,29.4,0
2024,620443,1.836,54.62421351273811,0.1316326445972313,1,28.5,0
2024,620443,1.887,57.90655428428585,0.34786125766268866,1,27.7,0
2024,620443,1.911,59.56882984385451,0.28605947213836425,0,29.3,0
2024,620443,1.896,53.00178983915083,0.06997620682367812,0,28.1,0
2024,620443,1.862,59.88861108885501,0.2829951390746159,1,29.5,0
2024,620443,1.906,59.934813157963035,0.598062311296713,1,26.4,0
2024,620443,1.839,61.83393488377327,0.43212843229357606,1,28.7,0
2024,620443,1.955,61.37094996135989,0.34167040055029224,1,29.3,0
2024,620443,1.849,55.72838751571337,0.09397014460515289,0,30.2,0
2024,620443,1.86,54.37407063076362,0.09110745761108505,0,28.7,0
2024,620443,1.854,60.007507683425715,0.21175481404696714,1,29.6,0
2024,620443,1.833,58.29497839147197,0.23275431894324072,1,28.6,0
2024,620443,1.836,56.4839939239118,0.12329699045977481,0,28.6,0
2024,620443,1.822,57.954944973948585,0.2919903269058494,1,28.3,0
2024,620443,1.887,57.16471353112755,0.41237223286099156,1,25.9,0
2024,620443,1.829,57.28464144376111,0.38991307295401023,1,25.9,0
2024,620443,1.858,56.70787505395992,0.2485391858379693,0,27.9,0
2024,621512,1.874,52.15748449764827,0.03609000749864181,0,29.9,0
2024,621512,1.884,59.53364794310868,0.22625736658285603,1,30,0
2024,621512,1.95,53.32753804690823,0.0945826865999489,1,28.4,0
2024,621512,1.95,45.65170070880228,0.015256832146234953,0,26.5,0
2024,621512,1.947,51.12685231896988,0.027417493176307435,0,29.9,0
2024,621512,1.909,61.474359185384806,0.35182738811344555,0,29.7,0
2024,621512,1.984,58.611642634053084,0.15208937770887246,0,28.6,0
2024,621512,1.923,61.16136555324623,0.3200618228405774,0,29.3,0
2024,621512,1.951,55.8501706466422,0.17346892721683835,0,28.6,0
2024,621512,1.883,51.36181037697604,0.04614439926358663,0,29.1,0
2024,621512,1.964,58.85838551100628,0.25485069379079756,0,28.4,0
2024,621512,1.877,55.42942317226975,0.1448911566983934,1,28.2,0
2024,621512,1.865,55.902995634166935,0.2509630437199434,1,27.5,0
2024,621512,1.951,55.521081033813765,0.21813918861244286,0,26.9,0
2024,621512,1.893,57.17579461312995,0.16123835248506596,0,29,0
2024,621512,2.18,49.98593412124331,0.03335825362714895,0,27.7,0
2024,621512,1.866,54.861896631127884,0.08006501011627085,1,29.5,0
2024,621512,1.904,60.85850974382018,0.35921029639584373,1,29.3,0
2024,621512,1.976,56.79665100969559,0.16858600538239518,0,28.5,0
2024,621512,1.912,58.50660721231265,0.39129820392899545,1,27.6,0
2024,621512,1.905,54.72213699199143,0.11891434062893791,0,28.3,0
2024,621512,2.013,55.66886842370456,0.09735130645857412,0,28.2,0
2024,621512,1.939,59.40421251764613,0.42391709737542066,1,27.1,0
2024,621512,1.834,52.674022226525466,0.07966686017426837,0,28.6,0
2024,624431,2.082,53.25588676079869,0.15338516244171724,0,27.3,0
2024,624431,1.968,57.17159758448458,0.16802656559048723,1,29.5,0
2024,624431,2.167,60.49222555233665,0.17674555349828022,0,29.6,0
2024,624431,2.009,56.269701420316274,0.2745927448714169,0,27,0
2024,624431,2.144,61.526892877559554,0.3369719574361847,0,29.4,0
2024,624431,2.047,56.71410221818817,0.4895419155939929,1,25.8,0
2024,624431,2.049,60.4347703157831,0.38893347504109466,0,28.3,0
2024,624431,2.051,58.99945489223182,0.27386961188119013,0,29.1,0
2024,624431,2.091,50.77757195627543,0.04467459690628538,0,28.4,0
2024,624431,2.138,57.47244875753309,0.13115609876153997,0,29.4,0
2024,624431,2.029,55.30822792573297,0.3003721189335614,0,26.6,0
2024,624431,2.043,58.62843332637397,0.30452527002378904,0,28.4,0
2024,624431,2.048,53.99133256551541,0.08701775201243968,0,28.6,0
2024,624431,2.158,64.14238963508295,0.7214053783641391,0,27.4,0
2024,624431,2.002,58.65675000311855,0.39837259520043633,0,27.6,0
2024,624431,2.006,58.549985532016635,0.26222121454690533,0,29,0
2024,624431,2.111,53.284634695446385,0.05802119280047084,0,28.7,0
2024,624431,2.117,65.01524835750038,0.907595070127979,1,25.8,0
2024,624431,2.157,53.835487511725724,0.03582051118879818,0,28.2,0
2024,624431,2.08,57.500216016184346,0.15787539444813153,1,28.3,0
2024,624431,2.114,54.25940219231214,0.07028458807622283,0,26.8,0
2024,624431,2.075,59.30929906784352,0.30492705334241577,0,28.1,0
2024,624431,2.079,58.49293342090413,0.236811401818304,0,28.6,0
2024,624431,1.937,52.47309881024465,0.13046563253396937,0,27.1,0
2024,624431,2.027,60.99412365632395,0.31518819721209484,0,29.1,0
2024,624431,2.047,58.805220172640226,0.23777802381937874,0,28.1,0
2024,624431,2.1,61.38709616665814,0.2477420504079929,0,30,0
2024,624431,2.005,50.259863130982836,0.028006783221862723,0,29.1,0
2024,624431,2.05,56.245842262466056,0.32262907839562976,0,27,0
2024,624431,2.087,64.42597298883805,0.5142714095168262,0,29,0
2024,624431,2.048,48.75665830343269,0.03632860569241245,0,27.9,0
2024,624431,2.038,59.65151182005375,0.41493740165298865,0,28.1,0
2024,624431,2.024,55.24473426757271,0.34511023809595903,1,26,0
2024,624431,2.119,58.81991320665325,0.3510143096224825,1,27,0
2024,624431,2.151,52.13078856294328,0.06409347857848381,0,28,0
2024,624431,2.038,55.28862450505713,0.15678774441389595,0,28.5,0
2024,624431,2.069,55.438697645948295,0.1488512008329701,0,28.7,0
2024,624512,2.021,53.22068469207671,0.07036564971942134,0,28.5,0
2024,624512,1.933,56.08487926906597,0.18793041401643504,0,28,0
2024,624512,1.889,59.438810175204935,0.27639425963402614,1,29.3,0
2024,624512,1.997,57.93060355456538,0.20641047802397114,0,28.2,0
2024,624512,2.04,57.05152234379495,0.2138034189873615,0,27.1,0
2024,624512,1.959,59.458457786490804,0.518699464763348,0,27.1,0
2024,624512,1.989,57.250328556897855,0.18427791917084424,0,28.5,0
2024,624512,2.196,67.10710557521514,0.7842538108311692,1,28.6,0
2024,624512,1.999,55.28194678383871,0.07487086404949896,0,29.4,0
2024,624512,1.931,59.26592290308496,0.18965252636768434,1,29.7,0
2024,624512,2.007,60.06131589393561,0.33767256726062017,1,28.3,0
2024,624512,1.866,58.09536470073834,0.2922604527903783,1,28.4,0
2024,624512,1.873,55.57179242600991,0.13943880572881648,0,29,0
2024,624512,2.079,57.194965046173266,0.35743402076250486,0,27,0
2024,641680,2.028,55.23251818773149,0.30030016120923503,1,26.4,0
2024,641680,1.981,60.40519202501408,0.13792025588376836,0,29.6,0
2024,641680,2.002,61.871548365913476,0.4589711414264186,0,29,0
2024,641680,2.049,64.2250886565531,0.7097381426694231,1,27.9,0
2024,641680,1.951,56.41478920169984,0.17302003953805098,0,28.6,0
2024,641680,1.939,56.16353482599541,0.16199027648118533,0,29,0
2024,641680,1.994,58.78902688229257,0.23897168728413035,1,28.1,0
2024,641680,1.946,56.50777395899421,0.13595975379346326,0,28.9,0
2024,641680,1.94,55.00224595729269,0.1321225579211083,0,28.7,0
2024,641680,1.985,53.069972585857315,0.09549935010717137,0,28.5,0
2024,641680,2.136,57.909902488285496,0.2407041084601641,0,28.9,0
2024,641680,1.924,55.265577781749485,0.08988828401712819,0,29.5,0
2024,641680,1.924,56.30262946284472,0.2212943307466988,0,27.6,0
2024,641680,1.979,55.23211456142391,0.09923203435281111,0,29.4,0
2024,641680,1.898,51.69484514735864,0.0637791821748329,0,28.3,0
2024,641680,2.029,56.89755729579731,0.2316886168221477,0,27.7,0
2024,641680,1.972,54.669923733558306,0.05884950824829827,0,28.4,0
2024,641680,1.947,57.25815498485905,0.2677809206722366,0,28.1,0
2024,641680,2.354,54.67483692252166,0.05132181521737269,0,28.8,0
2024,641680,2.004,59.07388105845207,0.3504765139972744,0,28,0
2024,641680,1.969,58.269822299063755,0.3425327328721918,0,28,0
2024,641680,1.979,54.79065327854701,0.10020778373738531,0,28.4,0
2024,641680,1.924,53.280137908792646,0.05473184130659796,0,29.6,0
2024,641680,1.947,51.23133903009903,0.0399069097910353,0,29.5,0
2024,641680,1.923,57.109553329920594,0.21098844460278626,0,28.8,0
2024,641680,1.932,57.65509207827174,0.2529992258850525,0,28.6,0
2024,641680,1.925,55.467222386986506,0.17669537818508618,0,28,0
2024,641680,1.949,58.97254221988293,0.3331617698404679,0,28.5,0
2024,641680,1.952,55.75386034390901,0.11928883569812272,0,29.5,0
2024,641680,1.958,55.81128527532587,0.0917573550328797,0,28,0
2024,641680,1.97,56.53656643761802,0.18296929256665276,0,28.7,0
2024,641680,1.904,55.26114650996887,0.17134157998494864,1,28,0
2024,641680,1.968,51.35550132597127,0.04244532755724295,0,28.6,0
2024,641680,1.943,54.061463424629295,0.08579317234859737,0,28.9,0
2024,641680,1.921,53.85708178404415,0.09861666338467792,0,28.9,0
2024,641680,1.969,58.25353305108983,0.21674620428577948,0,28.5,0
2024,641680,1.96,58.129389719718354,0.24096951730957122,0,28.4,0
2024,641680,1.887,57.698984832942955,0.3989946996637276,0,30.3,1
2024,641680,1.984,59.00597936924828,0.18448508917309142,0,29.5,0
2024,641680,1.917,54.199478541451136,0.12321631898015345,0,27.7,0
2024,641680,2.037,62.52773964042715,0.6501156901330847,1,27.7,0
2024,641680,1.93,58.81225331451362,0.3020474739457183,0,28.7,0
2024,641680,1.959,58.87299576661736,0.29594486912246104,0,28.7,0
2024,641680,1.991,58.88512335016469,0.3801475655397642,0,28,0
2024,641680,1.952,58.13740725374121,0.18231602319794452,0,29.4,0
2024,641680,1.938,51.503925097900755,0.06688856865697215,0,28.4,0
2024,641680,1.972,56.20681284551165,0.20131455955630687,0,27.8,0
2024,641680,1.975,59.255745096893065,0.2970498554411458,1,28.9,0
2024,641680,1.916,55.473215480376886,0.08639942798573606,1,29.6,0
2024,641680,1.906,56.93062822606105,0.20463595189473213,0,28.8,0
2024,641680,1.949,56.417118415217836,0.26752707215735294,0,27.2,0
2024,641680,1.934,58.66108739556935,0.40548837775197144,1,27.6,0
2024,641680,2.042,56.89730246696503,0.1531897552694979,0,28.3,0
2024,641680,1.967,58.008614073631904,0.16692887021885638,0,29.5,0
2024,641680,2.414,62.891422311717164,0.5212998585565705,0,28.9,0
2024,641680,2.008,60.92217566081308,0.30766711240642336,0,29.3,0
2024,641680,1.942,55.23740754622967,0.08919203375932758,0,30,0
2024,641680,2.042,59.765726840278866,0.27642632452772603,0,28.6,0
2024,641680,2.006,53.544021273313696,0.17928524461954717,0,25.8,0
2024,641680,1.974,60.64297828523964,0.4076094954213985,0,28,0
2024,641680,1.921,55.944592865859796,0.19354426718407328,0,28.2,0
2024,641680,1.97,60.418312429188184,0.3115677541896155,1,28.6,0
2024,641680,1.938,49.2119611301455,0.029958833505666475,0,28.2,0
2024,642020,2.02,60.07394167622953,0.26432827260003067,0,28.5,0
2024,642020,1.872,55.243544134295185,0.18854125952855097,0,28,0
2024,642020,1.997,59.67393332571844,0.34367054145129067,1,28,0
2024,642020,2.022,58.565154375371975,0.2270562959886896,0,27.8,0
2024,642020,2.844,69.04581549705686,0.9191856750042319,0,27.2,0
2024,642020,2.043,57.7687594062989,0.24162893452820247,0,28.3,0
2024,642020,1.912,58.45314963506411,0.16456709617108004,1,28.7,0
2024,642020,1.955,55.68440580704496,0.08305664395318935,0,29.1,0
2024,642020,1.931,61.88306014620136,0.42550498618654126,1,29.3,0
2024,642020,1.924,57.68627117561704,0.21702266884442087,0,28.5,0
2024,642020,1.908,55.0694235001404,0.13647870609870114,0,28.2,0
2024,642020,1.995,61.40266781796689,0.5044986493412458,1,27.5,0
2024,642020,1.917,57.759140964314255,0.27345556198796156,0,28.3,0
2024,642020,2.042,60.41098871017758,0.3395542848778455,0,27.5,0
2024,642020,1.965,57.133477836156885,0.4668959201309194,0,26.2,0
2024,642136,2.1,59.059515744473984,0.2702477994295551,0,29.1,0
2024,642136,1.985,57.006029012835256,0.29380955889701527,0,27.3,0
2024,642136,2.02,60.80081040194308,0.32089730844176656,0,28.9,0
2024,642136,2.039,59.839306170197155,0.11874387005627161,0,29.4,0
2024,642136,2.649,65.45180604250855,0.7122447205327838,0,28.7,0
2024,642136,2.026,57.24754833819122,0.2144802931309825,0,28.8,0
2024,642136,1.962,54.81716928312143,0.1685438258881321,0,28,0
2024,642136,1.938,61.241888581025854,0.3061122835048483,1,29.1,0
2024,642136,2.107,60.3713147612403,0.49574401840437093,0,27.8,0
2024,642136,2.085,58.63593828477412,0.17334260882976543,0,29.2,0
2024,642136,1.982,63.435706278927185,0.4058109359266568,1,29.3,0
2024,642136,1.981,60.69334878005663,0.3824460379421434,1,28.8,0
2024,642136,1.949,54.72879254260643,0.144043477899036,0,28.4,0
2024,642136,2.01,61.80834566734177,0.5162390057936846,0,28.4,0
2024,642136,2.025,59.635345557752565,0.3842527976493517,0,28.3,0
2024,643376,1.988,50.44050196692571,0.06823550245646806,0,27.7,0
2024,643376,2.025,58.106805449376665,0.2615067475624621,0,28.3,0
2024,643376,1.989,55.72338564471843,0.06259011847026008,0,27.4,0
2024,643376,2.108,53.11077649198333,0.0433394694423604,0,29.4,0
2024,643376,2.017,60.02142207531989,0.36044030231565916,0,28.3,0
2024,643376,2.05,58.786769926609075,0.1512076404364917,0,28.9,0
2024,643376,1.946,57.320545356741285,0.2304038306635355,0,28.3,0
2024,643376,1.999,57.98256115000679,0.35726909040318605,0,27.6,0
2024,643376,1.973,55.95679737567595,0.06514276482881384,0,29.7,0
2024,643376,2.059,56.97745327223825,0.1962975350794233,0,28.7,0
2024,643376,1.915,52.58414273775179,0.059745437790661465,0,29.3,0
2024,643376,1.903,56.47401136778219,0.21632629425012875,0,28.1,0
2024,643376,1.907,53.3741953418215,0.10630255569276534,0,28.4,0
2024,643376,1.928,60.400358492171975,0.25082746006422185,0,29.5,0
2024,643376,2.026,60.8061176988953,0.3006995475151962,1,28.1,0
2024,643376,1.9,54.86785281686192,0.29674085084177826,1,26.4,0
2024,643376,2.015,52.296440025294686,0.05092565924380872,0,29.5,0
2024,643376,1.955,58.17796686145018,0.2384245025298274,0,29,0
2024,643376,1.929,52.56812052415924,0.0264166912755277,0,30.4,0
2024,643376,1.911,50.70154159811321,0.06285701903985755,0,28,0
2024,643376,2.078,57.984693285967694,0.3897877991465913,0,27.3,0
2024,643376,2.034,57.31970759727827,0.16973155825714126,0,29.3,0
2024,643376,1.991,58.33651395320959,0.3960602522215561,0,27.5,0
2024,643376,1.959,57.135921067488844,0.21752292124287298,0,28,0
2024,643376,1.954,57.71042329100426,0.17995532521076554,0,27.4,0
2024,643376,1.966,54.7045324406766,0.14468029776416017,0,28.2,0
2024,643376,1.986,54.22289927955054,0.09898081400364926,0,28.6,0
2024,643376,2.079,55.419967633887204,0.08776628534646094,0,28.6,0
2024,643376,1.987,52.19575515768945,0.10233548705855919,0,27.7,0
2024,643376,1.962,51.65607375812499,0.047549698720457896,0,28,0
2024,643376,1.918,50.39929960164974,0.04463055959073062,0,28.6,0
2024,643376,1.985,53.62296831541696,0.13123273061251398,1,27.6,0
2024,643376,2.065,58.55531661818452,0.3426406281643221,0,27.7,0
2024,643376,1.914,58.461851234150906,0.30300005821782716,0,28.5,0
2024,643376,1.999,55.27884554359236,0.060917412673976386,0,28.9,0
2024,643376,1.987,55.0716576076688,0.15324959499444044,0,28.4,0
2024,644433,1.937,57.310738969689424,0.09264958172389147,0,28.4,0
2024,644433,1.979,55.7537682838293,0.12087711204117939,0,28.9,0
2024,644433,1.942,54.094895086403646,0.13471053759344914,0,27.9,0
2024,644433,1.871,57.138317242443165,0.18003087270934004,1,28.3,0
2024,644433,1.914,55.44100636839141,0.2518343163859137,1,26.7,0
2024,644433,1.983,52.81094928901059,0.08891694384737962,0,27.1,0
2024,644433,1.89,58.08527898904725,0.21383219074109366,0,28.5,0
2024,644433,1.873,57.68366864434388,0.15130937117859292,1,29.2,0
2024,645305,1.925,57.47354300590089,0.11997828547331849,0,28.9,0
2024,645305,1.852,55.6728940338325,0.10949678756976754,0,29.5,0
2024,645305,2.442,64.60829532639262,0.7193926140468843,0,28,0
2024,645305,2.005,60.39549788585829,0.14325510557102158,0,30,0
2024,645305,1.908,57.94896393245008,0.15227584603809016,1,29.7,0
2024,645305,1.987,49.22075572198714,0.047277759824173614,0,27.8,0
2024,645305,1.915,57.34258291473186,0.10969809882052685,0,30,0
2024,645305,2.047,60.384883769508676,0.702292375995192,1,26,0
2024,645305,1.821,57.37091855284046,0.19078596259152206,1,29.2,0
2024,645305,1.977,61.81304787074098,0.5834848720081138,0,27.6,0
2024,645305,1.877,53.692656216378424,0.08272683720531995,0,27.6,0
2024,645305,2.046,60.55182142059261,0.32748391161278745,1,28.9,0
2024,645305,1.911,58.890564277485325,0.24489996059831484,0,28.5,0
2024,645305,1.87,60.41116770373445,0.3968490014292412,1,28.7,0
2024,645305,1.857,56.93414252919567,0.09229479400213451,0,28.7,0
2024,650907,1.924,55.82670780980939,0.26878513405978194,0,27.3,0
2024,650907,1.908,55.43040325544477,0.2084910353791993,0,27.8,0
2024,650907,2.027,56.61265661859818,0.10214526238972943,0,29.1,0
2024,650907,1.887,54.033826649764634,0.1150635998253532,0,28,0
2024,650907,1.951,57.06550299727688,0.25446477026153513,0,28,0
2024,650907,2.054,54.62240443682927,0.18903117199947075,0,27.6,0
2024,656577,2.198,57.61227616200218,0.2399238018324211,0,28.6,0
2024,656577,2.872,66.74174065182332,0.9067747104366041,0,26.7,0
2024,656577,1.909,55.508780355922255,0.11481111747031716,1,29,0
2024,656577,1.867,52.62860742091452,0.08197735294368479,0,28.5,0
2024,656577,1.88,57.578275421886346,0.2724576242808687,1,27.6,0
2024,656577,1.914,53.23426681216256,0.05603745050889136,0,28.5,0
2024,656577,1.77,55.76743329875136,0.08815822688347502,0,29.8,0
2024,656577,2.007,58.94618424182575,0.238686207762702,0,28.7,0
2024,656577,2.032,49.30201060231177,0.01986540605085616,0,28,0
2024,656577,2.265,59.34206958681505,0.4650303314605495,0,27.1,0
2024,656577,2.019,43.79049339696967,0.018853660527195622,0,26.4,0
2024,656577,1.847,56.18603635557647,0.10119704511026921,0,29.9,0
2024,656577,2.195,58.86575671051467,0.2645685574637676,0,29,0
2024,656577,1.841,54.17188944909902,0.0832094658174691,0,28.8,0
2024,656577,2.072,53.25595509829192,0.12219109308116739,0,27.9,0
2024,656577,1.825,54.899673854801954,0.14580395206632105,0,28.5,0
2024,656577,1.807,59.69824863070513,0.2921825419586984,1,29.3,0
2024,656577,1.925,54.39820240820425,0.1672381935132165,0,27.5,0
2024,656577,2.253,62.69768882806964,0.5675318495549989,0,26.9,0
2024,656577,1.865,55.116610108291546,0.09681636469613511,0,29.5,0
2024,656577,1.898,57.82521953011601,0.25361164994724844,1,28.1,0
2024,657136,1.96,57.07936497511476,0.3093917376132331,0,27.6,0
2024,657136,1.97,53.298927272657714,0.12646752559980798,1,27.3,0
2024,657136,1.876,59.156911625199385,0.3487272495976668,1,28.4,0
2024,657136,1.873,59.63757184227264,0.38805663238255145,1,28.3,0
2024,657136,1.889,58.200657494005966,0.34276521911003804,1,27.8,0
2024,657136,1.862,56.922466517892985,0.13992190677635138,0,29.5,0
2024,657136,1.931,59.36954300647757,0.28130828987265477,0,28.7,0
2024,657136,1.901,58.543948815961855,0.19687127704097807,0,29.6,0
2024,657136,1.963,57.06520657547993,0.27118718906301353,0,27.4,0
2024,657136,1.933,54.306270404465124,0.08383466353784809,0,27.2,0
2024,657136,1.924,56.254829590201055,0.10788729600435745,0,28.4,0
2024,657136,1.929,60.349836677074386,0.435251760320909,1,28.3,0
2024,657136,2.278,62.99914929221642,0.5108271015438783,0,28.5,0
2024,657136,2.15,60.70567241377771,0.43850156097170545,0,28.5,0
2024,657136,2.038,60.50912154030436,0.37755295655480525,0,,0
2024,657136,1.858,54.99337445446308,0.06425929130916883,0,29.5,0
2024,657136,1.927,56.09267212641257,0.19026230120148552,0,28.5,0
2024,657136,1.86,56.79635733025649,0.12485907815002428,0,30.1,0
2024,657136,1.952,57.95110737788386,0.25198798683644824,1,28.6,0
2024,657136,1.966,59.59431843790997,0.10327252443851043,0,29.9,0
2024,657136,1.822,55.6507257411629,0.24189972381435543,0,27.5,0
2024,657136,1.911,54.848475796431444,0.17153847596777663,0,28,0
2024,657136,1.892,57.67725773958716,0.2450503952240175,0,28.3,0
2024,657136,1.932,57.834749804938106,0.24992996995060834,1,28.3,0
2024,657136,1.948,57.41535284286557,0.28552900385457897,0,27.8,0
2024,657136,2.062,56.775556953571986,0.09762833178259618,0,28.5,0
2024,657136,1.962,57.02910400323475,0.2578422165079018,0,28.1,0
2024,657136,2.08,57.257225230733944,0.1327986321868883,0,27.1,0
2024,657136,1.908,54.64613228740891,0.04948426505843357,0,28.8,0
2024,657136,1.891,57.954581466280125,0.2354417857781559,1,28.6,0
2024,657136,1.884,54.376721924897154,0.1527565385404654,0,28,0
2024,657136,2.003,59.544129273635754,0.25668832442480716,0,29.5,0
2024,657136,1.936,50.1513993109081,0.037869749653517845,0,27.6,0
2024,657136,1.848,57.511489459158845,0.1725208062342006,1,29.6,0
2024,657136,1.991,58.504357296796265,0.2837445940058744,0,28.3,0
2024,657136,1.941,58.014475840911395,0.14897499880373424,0,29.1,0
2024,657136,1.962,61.674300615321044,0.3899758876213005,1,29.5,0
2024,657136,2.026,55.79843037323857,0.14691879087608337,0,27.6,0
2024,657136,1.905,56.73825778350824,0.22433579937327566,0,28.4,0
2024,657136,1.851,55.04903308771909,0.14640788969582694,0,28.5,0
2024,660688,2.038,57.737504361784325,0.22112229099469927,0,28.1,0
2024,660688,2.097,57.20252785380959,0.04671582488725384,0,29.9,0
2024,660688,2.084,62.34530539977978,0.602510180978224,0,27.7,0
2024,660688,2.165,57.860286389344296,0.10385624886046033,0,29.9,0
2024,660688,2.007,59.218984970592224,0.14241243182821178,1,29.6,0
2024,660688,1.917,54.85034793209665,0.23471866251138337,0,27.1,0
2024,660688,2.039,59.956038908785054,0.2949077599460393,0,29.3,0
2024,660688,2.04,59.10541155588515,0.2560939237802759,1,28.6,0
2024,660688,2.077,64.06246619200597,0.7304939549346796,1,27.6,0
2024,660688,2.01,55.928666287764926,0.17944779251271611,0,27.6,0
2024,660688,1.962,53.45065401333994,0.0919981733390053,0,28.8,0
2024,660688,1.965,56.862109444441536,0.17034493360544836,1,28.6,0
2024,660688,1.994,57.79920734944637,0.28614566277267334,1,28.3,0
2024,660688,1.992,57.643452452104526,0.27343205963079575,0,27.1,0
2024,660688,2.07,56.384556953151765,0.14635454266873016,0,28.8,0
2024,660688,2.123,52.108547784975855,0.0728302444627658,0,28.3,0
2024,660688,2.113,53.65181679141947,0.09328351914455808,0,28.9,0
2024,660688,2.017,56.71481101690732,0.10592152157606134,0,29.9,0
2024,660688,1.932,57.870554935113816,0.13613287466706894,1,28.7,0
2024,660688,2.036,59.52447378544388,0.12678152836219655,0,30.3,0
2024,660688,1.991,61.308768598455686,0.3036850822538505,1,29.9,0
2024,660688,2.051,52.69847246978779,0.03926696564323571,0,28.4,0
2024,660688,2.07,57.74640412584208,0.26488976931911506,0,27.7,0
2024,660688,2.027,57.624045257530966,0.18111348428848695,0,29.2,0
2024,660688,2.094,54.2965202708161,0.12228768303785302,0,28.3,0
2024,660688,2.162,56.738190507923555,0.10345054490640404,0,28.1,0
2024,660688,2.057,60.24252731010317,0.24138600653402606,0,28.7,0
2024,660688,2.098,57.23789552020604,0.15961730754655867,0,28.2,0
2024,660688,2.231,55.74270794037911,0.08989604354127956,1,29.1,0
2024,660688,2.001,59.472044768785274,0.20447631257870166,0,29.6,0
2024,660688,1.971,54.67505624592442,0.13800946219524515,0,28.1,0
2024,660688,2.03,62.97205800433992,0.36959628256310767,0,30,0
2024,660688,2.153,58.7213775909326,0.18039098533415335,0,28.6,0
2024,660688,2.2,55.99182160426677,0.1226728643393182,0,29.4,0
2024,660688,2.367,62.274310621525935,0.5833502279633838,0,27.6,0
2024,660688,2.007,54.93836641909067,0.18365462060126012,0,27.3,0
2024,660688,2.076,55.730188035233354,0.16076551033665934,0,28.1,0
2024,660688,2.152,58.26891954422688,0.21753886727704427,0,29.4,0
2024,660688,1.995,56.333410007508185,0.13459926012509874,0,28.6,0
2024,660688,2.089,58.486095893690695,0.18459816270526933,0,27.5,0
2024,660688,2.784,63.773375672957954,0.7516794213390502,0,26.9,0
2024,660688,1.958,56.62201562609308,0.09715023722092472,0,30.4,0
2024,660688,1.993,56.909552190762,0.18612295937531534,0,28.1,0
2024,660688,2.001,54.39363905494269,0.192855913282156,0,27.4,0
2024,660688,2.296,65.24600467222928,0.7098670205854567,1,28.6,0
2024,660688,2.075,56.78680304676785,0.07976942395180335,0,29.6,0
2024,660688,2.002,59.708383036632924,0.258167180569682,0,29.7,0
2024,660688,2.087,55.58156043556901,0.09219838956286353,0,28.1,0
2024,660688,1.988,56.94136327487425,0.1346981005170199,0,30,0
2024,660688,2.055,54.77449909074299,0.10982424149427997,0,29.1,0
2024,660688,1.97,58.4178986534351,0.1853338607897684,0,29.9,0
2024,660688,2.011,58.801049754719166,0.198969490746343,0,29.7,0
2024,660688,2.166,52.97707241574574,0.11324443620519414,0,26.9,0
2024,660688,2.195,55.07877918735126,0.11197736983030274,0,28,0
2024,660688,2.033,55.6732781590322,0.10667824664809006,0,29.2,0
2024,660688,1.982,58.317248503965786,0.13831761045802457,0,29.9,0
2024,661388,1.876,54.16500711634011,0.2543741568809838,0,26.4,0
2024,661388,1.937,59.265570317660284,0.31090153336025056,0,28.4,0
2024,661388,2,52.09900567926615,0.03048731236629153,0,29.6,0
2024,661388,1.953,61.331857763947276,0.5509564261297134,0,27.9,0
2024,661388,1.983,58.31184030132676,0.31272115901455894,1,28.3,0
2024,661388,1.987,62.300993782472105,0.3844262015460105,0,29.6,0
2024,661388,1.877,56.11490041339913,0.13781082228599437,0,28.8,0
2024,661388,1.869,57.06081432446773,0.20359110827492022,0,28.2,0
2024,661388,2.043,62.402024755074834,0.2374497587135186,1,29.3,0
2024,661388,2.055,56.24302174988675,0.16313799398209203,0,28.2,0
2024,661388,1.888,56.57016634392465,0.11026945859947689,0,29.7,0
2024,661388,2.38,58.57672396532621,0.152026075098235,0,28,0
2024,661388,2.035,57.25570852535036,0.2009209972500982,0,26.7,0
2024,661388,1.936,53.41166613855224,0.05385471640200171,0,28.6,0
2024,661388,2.056,53.33447805002463,0.121749124376411,0,27.9,0
2024,661388,1.997,50.98831872562987,0.06009292923243208,0,27.7,0
2024,661388,1.907,57.05288004079508,0.2816043522824622,0,27.5,0
2024,661388,1.832,57.69677222966134,0.19968815511155869,1,29.3,0
2024,661388,2.139,61.81616778941992,0.41953679207652195,0,28.1,0
2024,661388,1.997,58.47715954758456,0.0969223803028196,0,29.1,0
2024,661388,1.854,57.05079075736273,0.2312149836358777,1,27.8,0
2024,661388,1.947,52.04900762289425,0.06986902668630751,0,28.4,0
2024,661388,1.942,55.87700782159163,0.15374868879804177,0,28.5,0
2024,661388,1.879,56.792655872936024,0.10674909167298938,0,30.4,0
2024,661388,1.94,57.68074156633669,0.22106818066154393,0,29,0
2024,661388,2.067,60.35430756315014,0.4852824806484169,0,27.9,0
2024,661388,1.96,60.52994082674051,0.5872956289211495,0,26.9,0
2024,661388,1.932,60.89496652265217,0.3997360926312319,1,27.9,0
2024,661388,1.95,55.72707933932385,0.12969183087903666,1,28.4,0
2024,661388,1.859,55.225369013681714,0.15086585199714142,1,28.4,0
2024,661388,1.985,55.938990803719626,0.15547820052714534,0,28.6,0
2024,661388,1.949,55.9136179829043,0.10853462477552739,0,29.3,0
2024,661388,1.93,57.59206438288546,0.35216914864937365,0,27.5,0
2024,661388,1.937,60.88583192891244,0.49000888289753153,0,27.7,0
2024,661388,2.093,56.70677472601184,0.22772897904328748,0,27.1,0
2024,661388,1.944,54.897890456496945,0.12434996849266085,0,28.3,0
2024,661388,2.069,53.71991332794333,0.0942653676265412,0,28.2,0
2024,661388,1.885,56.694901735441476,0.2748830985517056,0,27.6,0
2024,661388,1.902,57.345853019382545,0.11872251153865365,1,30.1,0
2024,661388,1.946,57.84091119815007,0.15122461352960412,1,30.2,0
2024,661388,1.939,58.171514187348,0.2550663949819275,0,28.6,0
2024,661388,1.935,52.977654306175644,0.17710786434285852,0,26.7,0
2024,661388,1.859,57.00209324526712,0.13269047265754397,0,30,0
2024,661388,1.957,59.56220655617239,0.18568765944029797,1,29,0
2024,661388,1.944,55.33187027781011,0.13685149620791623,0,27.8,0
2024,661388,1.918,55.79181568936392,0.08739213696455543,0,30,0
2024,661388,1.969,55.96287440679295,0.10688009229540286,0,27.9,0
2024,661388,1.928,54.82800324137813,0.11245302786118151,0,29.1,0
2024,661388,1.979,52.47922736077711,0.13222430444261954,0,26.4,0
2024,661531,1.914,54.47761617282873,0.10715911389909612,0,28.5,0
2024,661531,1.994,59.60527907904583,0.17764324164888548,1,29.3,0
2024,661531,1.9,57.948169929438585,0.3722022394425131,1,27.5,0
2024,661531,1.931,57.9445840307721,0.24096514765137436,0,28.4,0
2024,661531,2.137,55.48374678363984,0.11109552252156107,0,28,0
2024,661531,1.926,55.333451555916106,0.139662384384955,0,28.2,0
2024,663698,2.097,65.57740821778076,0.6834012576369631,0,28,0
2024,663698,1.936,58.58854556736713,0.19025632481083463,1,29.3,0
2024,663698,2.245,55.11741509545683,0.11762942108158392,0,28,0
2024,663698,2.012,59.86727058765563,0.6452197764386607,1,25.6,0
2024,663698,1.898,57.59175952046781,0.22560260595794254,1,28.5,0
2024,663698,1.972,61.10766499098808,0.3440321041105893,0,29.6,0
2024,663698,1.907,60.13751772644228,0.26098239251486066,0,29.9,0
2024,663698,1.922,55.816213865039686,0.25519198346062666,1,26.7,0
2024,663698,1.874,57.062180030847045,0.20819853933974175,0,28,0
2024,663698,2.028,53.549903731422226,0.06828645504540494,0,28.5,0
2024,663698,1.937,51.34555728313818,0.12386110396131471,0,26.7,0
2024,663698,1.894,56.61668835659878,0.10594609807494933,0,30,0
2024,663698,2.22,57.17296670160667,0.36330211588359906,0,26.7,0
2024,663698,1.931,54.921020117817754,0.08719290800894693,0,29.3,0
2024,663698,2.192,58.916909900653344,0.34885052634050795,0,27.3,0
2024,663698,1.854,54.338325177275614,0.19809880904613605,0,26.7,0
2024,663698,1.841,58.28204037512485,0.4271988986969617,0,27.2,0
2024,663698,2.616,70.12034898084701,0.808906899728808,0,29.6,0
2024,663698,2.085,59.34230244806049,0.2753176288608324,0,28.7,0
2024,663698,1.89,54.92179402714737,0.1629485254065143,1,28.1,0
2024,663698,1.917,54.325486583504095,0.09469340395276349,0,29.2,0
2024,663698,2.176,61.05599067548764,0.5555120447498872,0,27,0
2024,663698,2.383,63.77450413353995,0.5137849657572482,0,28.4,0
2024,663698,1.899,56.156947001178885,0.1916856428242701,1,28,0
2024,663698,2.002,62.31021492943128,0.48475135299400135,1,28.6,0
2024,663698,1.925,58.06065402138118,0.2627438997498128,1,28.1,0
2024,663698,2.068,53.089256876312085,0.11420623787473753,0,27.9,0
2024,663698,1.916,58.9337296032275,0.2674417914125834,0,29.1,0
2024,663698,1.987,56.36295480134486,0.2343737863144704,0,28,0
2024,663698,2.093,57.71793321504071,0.15566040735438968,0,29,0
2024,663728,1.839,52.41595998100327,0.0862553071270754,0,28,0
2024,663728,1.929,57.484330304974435,0.2704906508808535,1,28.1,0
2024,663728,1.923,56.51217628009456,0.240981538302257,0,28,0
2024,663728,1.969,59.013420886359285,0.40740801911741936,1,26.9,0
2024,663728,1.939,59.78995150063888,0.4785405959898744,1,27.6,0
2024,663728,1.989,61.96824104036726,0.503273043368688,1,28,0
2024,663728,1.867,57.44213583936661,0.24745034309343758,1,28.5,0
2024,663728,2.094,56.93137172497241,0.2817399278126621,0,27.2,0
2024,663728,1.98,58.09670570225488,0.11229744885900278,0,29.2,0
2024,663728,1.975,60.46201678535441,0.1709263285025243,0,29.3,0
2024,663728,1.885,51.628382734818764,0.07175088046558382,0,28,0
2024,663728,1.999,54.96735281934182,0.14329141621485042,0,28,0
2024,663728,1.935,54.74572568575706,0.23029347448209744,0,26.2,0
2024,663728,1.958,59.27281493030325,0.21208093540590447,0,27.9,0
2024,663728,1.972,61.86111906616505,0.5423104753180473,0,,0
2024,663728,1.953,55.02225162958091,0.11413530721179026,0,29.2,0
2024,663728,1.9,55.77457564755933,0.24008991275917735,1,27.6,0
2024,663728,1.98,58.19219149935468,0.15292115847235851,0,29.3,0
2024,663728,1.949,60.96394655521537,0.2502281844223914,1,30,0
2024,663728,1.955,55.78458564816941,0.10597571809086699,0,27.7,0
2024,663728,1.965,59.21342467387781,0.36702226774002705,1,28.3,0
2024,663728,1.971,58.802318152132706,0.3634866311984072,0,27.7,0
2024,663728,1.976,56.58374020886439,0.14745057013125143,1,29.5,0
2024,663728,1.95,56.92486225626425,0.2529431859648612,1,28,0
2024,663728,1.924,52.991883838929176,0.06917067509796881,0,29.3,0
2024,663728,1.842,53.8012406767062,0.07776892931501588,0,28.8,0
2024,663728,2.002,57.70508089338298,0.18308729763744816,0,29.2,0
2024,663728,1.905,58.65466381803168,0.30731779283879834,0,28.5,0
2024,663728,1.98,56.392497529725084,0.1832738921134307,0,28.2,0
2024,663728,1.915,58.006461355935976,0.30879271664451635,1,27.5,0
2024,663728,2.054,61.858272138338066,0.7476046322880641,0,26.4,0
2024,663728,1.864,55.46258741277964,0.11655514336199711,0,29.1,0
2024,663728,1.892,57.42212343764298,0.24621375905593892,1,28.5,0
2024,663728,1.976,57.61390754599759,0.26932358232542736,0,27.7,0
2024,663728,1.965,55.38717367395652,0.17982670698613867,1,27.6,0
2024,663728,1.895,56.47685184002026,0.17786015992855184,0,28.5,0
2024,663728,1.89,50.18716452131899,0.0792624936303721,0,27,0
2024,663728,2.033,58.936998104731664,0.31813701090096597,1,28.5,0
2024,663728,1.9,55.09255193432346,0.1237349821790076,0,28.4,0
2024,663728,1.96,59.79127558668458,0.3184946644702045,0,29.1,0
2024,663728,1.933,52.95828313707598,0.08684186961455663,0,28.7,0
2024,663728,1.957,56.99429698543388,0.22844920972958935,0,28.4,0
2024,663728,1.987,53.64877473136144,0.08274166337026188,0,27.5,0
2024,663728,2.006,59.330627579429645,0.37814963058743817,1,28.2,0
2024,663728,2.017,56.7026179035413,0.18088850302258744,0,28.1,0
2024,663728,1.987,53.47897019536606,0.18951501411629557,0,25.9,0
2024,663728,1.923,55.62407763524303,0.0940052375526456,0,30,0
2024,663728,1.919,53.52446063531724,0.04352362421904723,0,30.1,0
2024,663728,1.961,60.46506764352402,0.340276085708652,0,29,0
2024,663728,1.949,62.430775779441035,0.5067158412678568,1,28.4,0
2024,663728,1.919,61.07463612413769,0.6150603423436971,0,27.2,0
2024,663728,1.993,58.88598750798715,0.2980544532094396,1,28.8,0
2024,663728,1.977,55.502966152690476,0.12437339590800754,0,28.7,0
2024,663728,1.922,55.32802240056972,0.14725102161546308,1,28.2,0
2024,663728,1.889,57.88661719662557,0.24963111885834072,0,28.7,0
2024,663728,1.91,56.26917072102647,0.09349174217544859,0,29.5,0
2024,663728,1.876,57.10493515587127,0.22624524784856226,0,28.6,0
2024,663728,2.037,60.54525135442489,0.4017105641193908,0,28.2,0
2024,663728,1.958,57.532897974324584,0.2641029726969981,0,28,0
2024,663728,2.046,55.54689011074007,0.1250420757352968,0,28,0
2024,663728,1.95,54.536118438788044,0.18103358223951174,1,27.6,0
2024,663728,1.981,61.94111329429593,0.5200669984853307,1,28.5,0
2024,663728,1.928,54.03971377070192,0.20919910161125205,0,26.9,0
2024,663728,1.969,57.951591394627776,0.24886278881669946,0,28.8,0
2024,663728,1.936,54.49202806008143,0.1157205013284557,0,28.9,0
2024,663728,1.951,62.87447601857514,0.5993433553756919,0,28.3,0
2024,663743,1.795,49.76065711504544,0.05069406301641091,0,27.8,0
2024,663743,2.039,56.843128069891556,0.26785950206038767,0,27.2,0
2024,663743,1.956,57.620712482854024,0.14656627581284157,0,30,0
2024,663743,1.828,54.354004730766995,0.1452385763674102,1,27.8,0
2024,663743,1.851,55.15909230614352,0.1844664137709073,1,28,0
2024,663743,1.93,58.49834909802599,0.41118097547662524,0,27.1,0
2024,663743,1.885,56.53792061266533,0.18089709112391716,0,28.3,0
2024,663743,1.918,58.59478975697087,0.27313525110910747,0,28.4,0
2024,663743,2.02,56.09572098510551,0.36890421170335674,0,26.4,0
2024,663743,1.969,59.49190030573788,0.22999692850206116,1,29.9,0
2024,663743,1.89,56.24947207945761,0.3072281565426327,1,27.1,0
2024,663743,2.159,63.29253548129982,0.22004002338118003,0,29.4,0
2024,663743,1.993,55.69190971313532,0.18682786803616178,0,27.7,0
2024,663743,1.941,56.02006390657532,0.1696615968485642,0,28.6,0
2024,663743,1.988,56.15180869066417,0.3899279624432182,0,26.3,0
2024,663743,1.997,56.09347893658675,0.11706216785417238,0,28.7,0
2024,663743,2,58.351866445013904,0.20054957795429862,0,29.7,0
2024,663743,1.866,53.86142324671997,0.05280503146740642,0,29.6,0
2024,663743,1.956,59.7229515266759,0.4773859956176675,1,26.9,0
2024,663743,1.939,57.17203914322606,0.1639212128663151,1,27.5,0
2024,663743,1.866,55.52408780532258,0.1244582096534249,0,29.2,0
2024,663743,1.93,48.01364905887163,0.016777887191785423,0,28.7,0
2024,663743,1.869,58.72611968588392,0.2559058207542336,1,28.3,0
2024,663743,1.985,55.474783765279795,0.09864903721996099,0,28.8,0
2024,663743,1.983,57.6329186098452,0.15426078233008916,0,27.8,0
2024,663743,1.947,56.91213593465391,0.17052113343625513,0,28.7,0
2024,663743,1.896,56.51580330456731,0.15948446408527064,1,28.6,0
2024,663743,1.992,61.30975879661638,0.3377261991599188,0,28.7,0
2024,663743,1.814,53.16133559198208,0.06433958646424119,0,29.6,0
2024,663743,1.921,59.35196138861655,0.21839910623953862,1,29.6,0
2024,663743,1.959,58.86029181831776,0.15620549964024652,0,29.6,0
2024,663743,2.001,51.295952597885574,0.04542215112928777,0,28.3,0
2024,663743,1.941,56.089269232292104,0.25126442640876184,0,27.1,0
2024,663743,1.823,56.70836805296475,0.16706152646990055,0,28.4,0
2024,663743,1.925,59.038385851104024,0.13289944427966374,0,30,0
2024,663743,1.882,54.99660050401879,0.1369819130916212,1,27.5,0
2024,663743,1.866,49.70896120867922,0.031113319512352088,0,29.3,0
2024,663743,1.952,54.25243138584039,0.08703205919990295,0,28.1,0
2024,663743,1.863,52.085588930623175,0.13305370719523124,0,26.4,0
2024,663743,1.967,54.82985253564533,0.14181139584185937,0,28.5,0
2024,663743,1.873,58.35708306457795,0.22907271594465484,1,28.7,0
2024,663743,1.988,61.145546736074856,0.32832191534492544,1,28.3,0
2024,663743,1.925,56.93228143975596,0.09628474646640094,0,28.6,0
2024,663743,2.627,70.93811757426623,0.8342534003253579,0,30,0
2024,663743,1.973,62.302060344643536,0.5009275610754393,0,28.2,0
2024,663743,1.835,60.26847664711348,0.2735721792671352,1,28.1,0
2024,663743,2.048,61.1424167231272,0.2577518876179062,0,29.9,0
2024,663743,1.838,57.76098458021725,0.20461738223786355,1,29.2,0
2024,663743,1.906,56.341819338656165,0.25375584443464233,1,27.7,0
2024,663743,1.871,54.36977111723506,0.12452642564482798,0,28.6,0
2024,663743,2.088,53.97669013139344,0.07350696396866051,0,28,0
2024,663743,1.95,56.320114398182774,0.14792914457002082,0,28.5,0
2024,663886,1.99,48.50403459364969,0.056778333675411206,0,26.7,0
2024,663886,2.061,60.536251668312715,0.22732199467569664,0,29.3,0
2024,663886,2.109,58.66649135107159,0.13087772069816545,0,29.5,0
2024,663886,1.977,55.734826162465374,0.10739809893519038,0,29.5,0
2024,663886,2.074,60.339139736861675,0.47408887233834707,0,27.3,0
2024,663886,1.93,57.40879638697426,0.32263806197282796,1,27.6,0
2024,663886,1.969,58.438101398076995,0.19128346421270284,0,29.3,0
2024,663886,2.102,59.412801212618525,0.46676973792884857,0,27.4,0
2024,663886,1.964,53.70788612710655,0.08500545607224698,1,28.6,0
2024,663886,1.973,58.49138973297646,0.2878351776962587,0,28.5,0
2024,663886,2.055,51.02473984476125,0.06870926931220396,0,26.4,0
2024,663886,1.948,58.2913581445705,0.15895544027542305,0,29.7,0
2024,663886,2.04,54.17812341574403,0.08460343196443947,0,28.4,0
2024,663886,2.217,55.94609669483017,0.12376630874434058,0,29.6,0
2024,663886,2.145,54.28457879662713,0.10088649363599257,0,29.1,0
2024,663886,1.99,58.41983026053554,0.24866514281456908,1,27.8,0
2024,663886,2.142,55.012790497366126,0.03337544377936929,0,30.2,0
2024,663886,2.011,56.0854876017344,0.11420464639296772,0,28.8,0
2024,663886,2.126,55.01602539079571,0.09494583820090849,0,29.7,0
2024,663886,2.052,55.77408561711219,0.12810964951149081,0,28.8,0
2024,663886,2.029,58.055793988513415,0.1269854132485488,0,30.1,0
2024,663886,2.036,61.17964455304379,0.42607593918391107,1,28.1,0
2024,663886,2.039,60.42053996433128,0.42088448814005264,0,28.3,0
2024,663886,2.011,53.65704649461874,0.08664716262454944,0,28.4,0
2024,663886,2.171,56.42899304480298,0.10736877927109649,0,27.6,0
2024,663886,2.007,56.36465169704785,0.18919625135637255,0,28.6,0
2024,663886,1.96,56.15688638160078,0.0981560537814158,0,29.7,0
2024,663886,2.018,55.338427853292565,0.1156502608582072,0,28.5,0
2024,663886,2.315,67.16735703802784,0.5752569441514699,0,28,0
2024,663886,1.954,56.34764781343528,0.1070795829688562,0,30,0
2024,663886,1.963,57.65827992850571,0.25204138838558265,1,28.6,0
2024,663886,1.976,58.9833625222112,0.2425633309458425,0,28.6,0
2024,663886,1.976,58.48276695928722,0.16279969214278214,0,29.4,0
2024,663886,1.953,52.19746634281481,0.03845106769892511,0,29.6,0
2024,663886,2.063,57.23569929198098,0.10237326062745834,0,29.3,0
2024,663886,1.948,58.8862291073175,0.46584288809871516,1,26.7,0
2024,663886,1.999,55.38986278002623,0.10989687435538287,0,29.1,0
2024,663886,2.037,55.75578189502126,0.1372310081472435,0,28.6,0
2024,663886,1.901,52.76071885439625,0.07624411691341972,0,28.9,0
2024,663886,1.933,57.78756982544873,0.20438506319715027,0,29.3,0
2024,663886,2.009,56.22947782184908,0.24956696970848863,0,26.6,0
2024,663886,2.121,54.245869875363645,0.08857894805478839,0,28.4,0
2024,663886,1.95,60.12463793964094,0.26946717066849873,1,29.5,0
2024,663886,2.057,58.68841619551252,0.21823980731813594,0,28.4,0
2024,663886,1.966,55.542146316267235,0.11109861506150571,0,29.1,0
2024,663886,1.977,56.27413135849142,0.1316871750102202,0,28.6,0
2024,663886,2.035,54.088828202704015,0.06651452532920314,0,29.5,0
2024,663886,1.924,56.30234579269076,0.16657921247661128,0,28.4,0
2024,663886,2.006,57.03430936817651,0.23606844768182986,0,28.2,0
2024,663886,1.916,57.62813107507138,0.3634827834797149,1,27.3,0
2024,663886,1.988,55.81944036113504,0.11140573358832907,0,28.5,0
2024,663886,2.016,55.54167184162658,0.2013069194139427,0,27.5,0
2024,663886,2.009,57.24348944177813,0.17453233087595807,0,29.4,0
2024,663886,1.91,59.78542980859142,0.4070292667469331,1,28.2,0
2024,663886,2.038,61.91396173468248,0.5822757146388668,0,27.8,0
2024,663886,2.001,57.94444482084208,0.26768829008133405,1,28.6,0
2024,663886,1.967,57.1457542605797,0.17291253522008537,1,29.1,0
2024,663886,1.996,58.95768907178603,0.21993601813895772,0,29.1,0
2024,663886,2.072,63.03651795526862,0.4026911006467471,1,29.9,0
2024,663886,1.924,54.79402774541176,0.07825200923024063,0,29.5,0
2024,664874,2.022,57.21443359447582,0.25324402179164496,0,28.3,0
2024,664874,1.954,58.42783169302091,0.25733251127463985,1,29,0
2024,664874,2.025,58.86580793128851,0.2461901678137688,0,28.9,0
2024,664874,1.937,54.88489496334514,0.1543423980670885,0,28.2,0
2024,664874,2.009,58.84983772007842,0.4015690506187702,1,27.5,0
2024,664874,1.947,58.44382165457167,0.29508077313208503,1,28,0
2024,664874,1.967,58.02931916213012,0.15505655517794692,0,28.7,0
2024,664874,1.903,55.22931013258351,0.21578403235872737,0,27.4,0
2024,664874,2.006,58.01635965825813,0.11172437643518365,0,30.1,0
2024,664874,1.939,56.586097381855524,0.13403442904664922,0,29.1,0
2024,665561,1.962,58.476357084877165,0.30588294710147046,0,28.4,0
2024,665561,1.751,53.3918787866837,0.09934170076021522,0,28.6,0
2024,665561,1.832,55.3585312867239,0.0742061517872309,1,28.4,0
2024,665561,1.92,57.98136174502777,0.11158026060626358,1,28.6,0
2024,665561,1.952,64.89695072140415,0.6162228568234106,1,28.4,0
2024,665561,1.801,55.32055084847105,0.08828397861497875,0,29.9,0
2024,665804,2.03,50.71705180039631,0.08106139261512801,0,26.4,0
2024,665804,2.03,58.494033210672605,0.28000067011080465,0,28.5,0
2024,665804,2.062,58.46946454445534,0.283592627941155,0,28,0
2024,665804,1.993,57.28887591684759,0.20904478429037784,0,28.9,0
2024,665804,2.075,55.29132599372098,0.08581338960697651,0,28.9,0
2024,665804,1.96,55.14442858116706,0.07398589491553993,0,29.9,0
2024,665804,2.245,62.29890401691705,0.5191642579009792,1,27.9,0
2024,665804,2.092,55.540358671840096,0.10411575554049263,0,29.5,0
2024,665804,2.017,58.28764810855338,0.19443388904020142,0,29.1,0
2024,665804,2.035,55.94489509210428,0.18826402478438006,0,,0
2024,665804,2.066,61.593639844070566,0.612335589761793,0,27.5,0
2024,665804,2.12,58.64645079030081,0.22997344696972774,1,27.8,0
2024,665804,1.956,56.4397021854028,0.12025920902046516,0,29.9,0
2024,665804,1.976,55.04895647026954,0.11310534570297069,0,28.2,0
2024,665804,1.959,51.75122629881898,0.0744213911572813,0,,0
2024,665804,2.146,57.55508900624205,0.24007437869392922,0,28.1,0
2024,665804,1.973,57.04670294664488,0.29847479436281615,1,27.7,0
2024,665804,2.054,54.67318517233531,0.14273838033791228,0,28.4,0
2024,665804,1.979,55.950905484613884,0.12483062398698799,0,29,0
2024,665804,1.961,55.707058728279584,0.1748280795700493,0,28,0
2024,665804,2.259,62.90264770618012,0.8375891702656646,1,25.6,0
2024,665804,2.123,55.760154746023666,0.12206385158661767,0,28.2,0
2024,665804,2.08,55.37900013424906,0.051780524648875934,0,29,0
2024,665804,1.975,56.70836921994312,0.23934981380994372,0,27.5,0
2024,665804,2.139,57.63876252276299,0.20367284199488134,0,27.5,0
2024,665804,1.979,58.795355393530464,0.3513154149091844,0,28.2,0
2024,665804,1.975,55.78505831345752,0.12910533199904392,0,28.4,0
2024,665804,2.057,56.979257689472796,0.14932536245269065,0,28.6,0
2024,665804,2.011,57.33293195810385,0.25017645566472224,1,27.8,0
2024,665804,1.942,55.014860937692404,0.14801952940939483,0,28.2,0
2024,665804,2.045,60.092881175982,0.19932200638230954,0,29.7,0
2024,665804,2.025,54.8215528014553,0.13470760305270577,0,28.6,0
2024,665804,2.053,59.944748000012765,0.5542980069524043,1,26.9,0
2024,665804,2.003,56.14543532742576,0.2343484278002647,0,27.6,0
2024,665804,1.957,58.80976199321604,0.1879478913602425,1,29.6,0
2024,665804,1.985,60.49952422303325,0.3674507353801239,1,29,0
2024,665804,2.05,57.97484109215621,0.3544719425623052,0,27.4,0
2024,665804,1.978,58.70801722267375,0.24587970491769465,0,29.1,0
2024,665804,1.998,58.041657213133014,0.1850733084505527,0,29,0
2024,665804,2.085,58.50584188864577,0.24806236292220132,0,28.7,0
2024,665804,1.959,57.16045667692874,0.25081614048213746,0,28.3,0
2024,665804,2.038,56.52446347099784,0.131697452439601,0,29.3,0
2024,665804,2.046,55.918810138567125,0.2400838368730381,0,27.7,0
2024,665804,2.312,57.52828693928639,0.22051427280141536,0,28.8,0
2024,665804,2.062,52.60995150533649,0.031683275266657505,0,28.4,0
2024,665804,1.979,54.23591929699569,0.13825695271974653,0,27.4,0
2024,665804,1.932,51.670536020424976,0.0598449894009365,0,28.7,0
2024,665804,2.005,53.370106742911595,0.05430813972955082,0,28.7,0
2024,666023,1.934,56.0108499775155,0.08744536851203996,0,29.3,0
2024,666023,1.849,56.02675906713222,0.1834673241475084,1,28.5,0
2024,666023,1.819,54.605548943437995,0.10523594720685586,1,27.6,0
2024,666023,1.871,62.30987127021622,0.551524457368274,1,27.9,0
2024,666023,1.806,61.83144053471475,0.7165364638203422,1,29.6,1
2024,666023,1.803,60.8639601600127,0.3237243471832152,1,29.3,0
2024,666023,1.859,61.01934937575094,0.3423623366866772,1,29.4,0
2024,666023,1.879,58.73769273256788,0.3614922478245257,1,28,0
2024,666023,1.839,53.33839608107292,0.14902953704928043,1,26.8,0
2024,666023,2.161,60.34309786652895,0.44259093914030656,0,28.2,0
2024,666023,1.861,58.310247063236865,0.33880565257263373,1,27.1,0
2024,666023,1.846,59.044758380687234,0.2770275517951661,1,28.9,0
2024,666023,1.88,58.11096471083854,0.22498012691673633,0,28.8,0
2024,666023,1.843,57.0367910277705,0.1870270992422901,1,28.6,0
2024,666023,1.832,58.27630768958929,0.2951932146232048,1,28,0
2024,666023,1.893,62.38410764706501,0.4902417074105308,1,28.3,0
2024,666023,1.955,56.4263929802681,0.1750288182476226,0,28.6,0
2024,666023,1.919,53.96267225089548,0.07082430154382453,0,28.5,0
2024,666023,1.778,57.85476302842218,0.15693343060613665,0,30.1,0
2024,666023,1.912,60.55671076087216,0.3203844195803419,1,29.4,0
2024,666023,1.857,54.15604242855172,0.0891758370228418,0,28,0
2024,666163,2.011,55.05556333893781,0.17200748209571753,0,27.5,0
2024,666163,1.911,52.6159062188324,0.07002885908610416,0,27.9,0
2024,666163,1.947,59.37547538530045,0.35926501516006376,1,28.1,0
2024,666163,1.841,49.61451638036861,0.04796434238579148,0,27.9,0
2024,666163,2.026,56.9691499539388,0.1754329327596008,0,28.6,0
2024,666163,1.811,56.10457368307671,0.14748354690905416,1,29.2,0
2024,666163,1.96,59.009783881471215,0.23377652063962245,0,27.3,0
2024,666163,2.041,49.25435623462717,0.017285293367754275,0,28.8,0
2024,666163,2.617,69.54688802691466,0.8992094395724941,0,28.3,0
2024,666163,1.912,50.36485207550396,0.02050362950132758,0,28.8,0
2024,666163,1.987,54.137443775131004,0.15919874920652982,0,27.1,0
2024,666163,1.905,51.174537466929614,0.02414414986386559,0,29,0
2024,666163,1.988,53.388663221169864,0.07889953295916449,0,28.3,0
2024,666163,1.845,52.42931482351163,0.06403279749587668,0,28.4,0
2024,666163,1.878,55.67780512871686,0.12642047032983586,1,29.4,0
2024,666163,1.84,53.564325239417315,0.17358076353541022,0,26.6,0
2024,666163,2.093,55.63078218730216,0.25853332339349877,0,25.7,0
2024,666163,1.801,54.568508964304655,0.19881282270653095,0,26.8,0
2024,666163,1.94,53.55857907517145,0.07246675835531036,0,26.7,0
2024,666163,1.813,55.1984281916732,0.17348179083229814,1,28.1,0
2024,666163,1.86,57.448659870117304,0.1203732541374139,0,30.1,0
2024,666163,1.897,58.115594389340245,0.18963206640578492,0,27.8,0
2024,666163,1.808,58.16970475475173,0.22535480562353982,1,29.1,0
2024,666163,1.871,58.9719641480945,0.21290968786148398,0,29.6,0
2024,666163,1.847,54.04327582473246,0.09832759394100377,0,28.5,0
2024,666163,1.997,56.410949857050014,0.18211471694724263,0,28.6,0
2024,666163,1.866,60.44322872752014,0.3057241569455108,1,29.2,0
2024,666163,2.048,55.9167269734512,0.11244020373184802,0,29.1,0
2024,666163,1.896,57.523817586165585,0.29250457960387527,0,28,0
2024,666163,1.88,58.083016018861564,0.4130559689893734,1,27.2,0
2024,666163,1.932,55.70588347795347,0.3257261968497191,0,26,0
2024,666163,1.988,54.08526130493865,0.16421685889421403,0,26.2,0
2024,666163,1.929,60.70939364533715,0.4486813816577558,0,28.1,0
2024,666163,1.893,54.71350618667603,0.1489679660450844,0,28,0
2024,666163,1.838,51.08835237226998,0.03544635784369579,0,29.9,0
2024,666163,1.981,69.29711187871624,0.8648106709303386,1,28.8,0
2024,666163,1.833,59.36494869371613,0.2530718986664589,0,29.6,0
2024,666163,1.893,53.32143702543863,0.07534431127431057,0,28.1,0
2024,666163,1.85,54.78872799985931,0.09548175454783173,0,29.3,0
2024,666163,2.248,65.52895652378085,0.5388333221228223,0,29.6,0
2024,666163,1.951,62.07870249166272,0.5882603383393693,0,27.8,0
2024,666310,2.114,61.801462086820756,0.5228722009835992,0,28.1,0
2024,666310,1.904,54.533119256556795,0.09611513249850895,0,29.3,0
2024,666310,1.847,58.24444316108055,0.28598887346964874,0,28.5,0
2024,666310,1.927,60.38642560849433,0.4190813612576877,1,28.4,0
2024,666310,1.914,55.713526687866164,0.14455350263055,0,28.8,0
2024,666310,2.01,58.2975400956659,0.15153852968634682,0,27.8,0
2024,666310,2.165,64.98191708350292,0.7649530987811086,1,27.9,0
2024,666310,1.991,53.766088810019205,0.046511470770276175,0,29.1,0
2024,666310,1.946,57.5149086839,0.27826035336914134,0,28.1,0
2024,666310,1.826,52.907852123459854,0.06490783650568793,0,28.8,0
2024,666310,2.003,59.21718479747195,0.32318887074169506,0,28.4,0
2024,666310,2.011,56.04600258435624,0.13701539919546082,0,28,0
2024,666310,1.993,59.892197584062416,0.4112513894085324,1,27.6,0
2024,666310,1.969,54.22187187990064,0.3196937605235952,1,25.7,0
2024,666310,2.089,56.26434440317209,0.08435989347425277,0,29.4,0
2024,666310,1.993,59.22746513782848,0.4016599282222525,0,28,0
2024,666310,1.901,54.55513245148855,0.14256392358750353,0,28.3,0
2024,666310,2.05,59.69158186405341,0.16418885715657708,0,30.4,0
2024,666310,1.898,58.0402212432282,0.18804898910117177,1,29.7,0
2024,666310,2.004,56.25209104332381,0.13344481859561327,0,29.3,0
2024,666310,1.922,56.373494723018545,0.22467097016342472,0,27.8,0
2024,666310,1.886,59.626053503392924,0.3051185575759059,0,28.6,0
2024,666310,1.881,56.58918732485419,0.21742532653158747,0,27.5,0
2024,666310,1.899,56.92036158359396,0.2391874975549228,0,27.5,0
2024,666310,1.963,59.41292378841569,0.22790158016349044,1,28.8,0
2024,666310,2.098,59.226791297534035,0.2756125617619151,1,27.8,0
2024,666310,1.949,54.660677048845464,0.1074221653889044,0,29.1,0
2024,666310,1.938,57.23086256661383,0.24619827359910051,1,28.4,0
2024,666310,1.992,55.00350692271201,0.10751597190251244,0,27.8,0
2024,666310,1.986,54.903206630449475,0.07519850199214147,0,29.7,0
2024,666310,1.985,55.16344463642606,0.1149305285230572,0,28.5,0
2024,666310,1.935,55.602471817463446,0.08986495472332467,0,30.1,0
2024,666310,1.878,56.73406118710452,0.3387155876248664,0,27.1,0
2024,666310,1.947,59.114100062688394,0.3697929974589127,1,28,0
2024,666310,1.961,57.31893612837018,0.2515646242941671,0,28.4,0
2024,666310,1.977,59.62023705151844,0.3321668150926213,0,28.6,0
2024,666310,1.868,53.700230398893666,0.10878820215616702,0,28.3,0
2024,668670,1.83,57.05415751378707,0.1345708743837428,1,29.3,0
2024,668670,2.105,56.15694992290151,0.057801957441724706,0,28.5,0
2024,668670,1.962,54.06494689922767,0.15415520518427403,0,27.1,0
2024,668670,1.989,61.05922416958515,0.655426352772325,0,26.7,0
2024,668670,1.956,59.67036243466462,0.2953037556921538,1,28.8,0
2024,668670,1.92,57.28305183616843,0.19939031856195666,0,28.6,0
2024,668670,1.843,55.0247299397108,0.13610286985650552,0,27.9,0
2024,668670,1.994,57.49067049860849,0.127365253717654,0,28.8,0
2024,668670,2.371,61.03664605189511,0.44033478510444696,0,27.7,0
2024,668670,2.017,61.846319218669485,0.7356789317410105,1,25.9,0
2024,668670,1.846,53.860957649604075,0.0730386028903966,0,29,0
2024,668670,1.839,50.11864757757848,0.04482679794406168,0,28.3,0
2024,668670,2.03,55.985621496241144,0.1192313131997597,1,26.6,0
2024,668670,1.887,57.59568711732858,0.20061091499859815,1,28.4,0
2024,668670,1.927,59.51452063056191,0.16963622961494682,0,28.7,0
2024,668670,1.897,58.681974704804155,0.32417170186558314,0,28.3,0
2024,668670,1.842,54.11521896905261,0.19172994855220946,0,27.2,0
2024,668670,1.788,52.563701547743,0.05161556469945602,0,29.1,0
2024,668670,1.875,55.6769375749175,0.25648298771143424,1,27.3,0
2024,668670,1.854,54.92615022693167,0.13719417340235907,1,28.5,0
2024,668670,2.006,63.37250399050833,0.7345916318250244,1,26.7,0
2024,668670,1.892,56.537202003725334,0.14970398959094044,0,28.8,0
2024,668670,1.866,58.59445910896244,0.3193030478969563,1,28.4,0
2024,668670,1.909,54.63691447902513,0.12055604953091831,0,28,0
2024,668670,1.845,57.48359847616563,0.3843485027306965,1,26.9,0
2024,668670,1.932,60.55118143330186,0.4311310761886491,0,28.2,0
2024,668670,2.021,61.501908631661614,0.8524819318350066,0,24.6,0
2024,668670,1.901,57.59671473456607,0.2651575722128204,0,28.4,0
2024,668670,1.92,59.981039742102155,0.5294832172309143,0,30.4,1
2024,668832,2.106,58.11512272176943,0.33310232134072376,1,27.7,0
2024,668832,2.021,58.09494471601148,0.2314225714783515,0,28.8,0
2024,668832,1.932,53.32423814751688,0.07722577915675893,0,28.6,0
2024,668832,1.999,57.991213356739316,0.34304981666768264,1,27.7,0
2024,668832,1.932,56.73222967531113,0.20300865911986785,0,28.5,0
2024,668832,2.063,51.26985736900882,0.09211887989625905,0,26.6,0
2024,668832,1.979,56.34686253130453,0.08971007026225933,0,30.1,0
2024,668832,1.966,52.989755796133004,0.07364683591528111,0,28,0
2024,668832,2.056,60.58017629097208,0.6187113927125332,1,26.9,0
2024,668832,1.996,56.339555750402425,0.1275748576251744,0,29.7,0
2024,668832,1.946,58.4905545691137,0.2404821892513923,0,28.5,0
2024,668832,2.693,67.92219794424612,0.7651809513906123,0,28.7,0
2024,668832,2,57.834773677074764,0.2747450458940854,0,27.8,0
2024,668832,2.085,56.3181310953223,0.1754470817005604,0,28.6,0
2024,668832,1.962,54.84798027675255,0.22058022699025268,0,26.6,0
2024,668832,2.048,57.32306060108816,0.17917103109676022,1,29.4,0
2024,668832,2.07,50.231167506933915,0.043646108218747905,0,27.9,0
2024,668939,1.898,55.96901722069822,0.10675786434423679,0,29,0
2024,668939,1.965,52.78999275402086,0.1552601517670863,0,27,0
2024,668939,1.886,51.290992466402166,0.022524099764701773,0,29.1,0
2024,668939,1.904,54.937443266329595,0.14114706966299087,0,28.6,0
2024,668939,2.159,61.36586166084574,0.6214500513467948,1,27.3,0
2024,668939,1.918,53.37091907647801,0.1424588169648662,0,27.3,0
2024,668939,1.956,56.404825165863116,0.13124262606796297,1,28.1,0
2024,668939,1.948,50.49223883340596,0.025493871666907125,0,28.4,0
2024,668939,2.049,52.834430260500895,0.1995017956229454,0,26.1,0
2024,668939,1.937,56.36879158382824,0.2136754570982899,1,28.3,0
2024,668939,1.897,58.65186009485287,0.1690684944275164,1,29.7,0
2024,668939,2.005,60.54715920435262,0.4800400668672586,1,27.4,0
2024,668939,2.066,61.60606653993988,0.8508986913225867,1,24.9,0
2024,668939,1.882,54.76934533627609,0.14946294180089692,0,27.8,0
2024,668939,2.001,59.91006189009142,0.17562270949805878,1,28.8,0
2024,668939,1.925,53.27087778287576,0.053566421378813324,0,28.7,0
2024,668939,1.979,55.266610708278584,0.27742998254137174,0,26.8,0
2024,668939,1.974,55.75488412859361,0.14002057820141997,0,27.8,0
2024,668939,1.908,52.61399404786329,0.21893325817549206,0,25.9,0
2024,668939,1.9,58.64804087905091,0.3698777129937508,1,27.5,0
2024,668939,1.851,55.88686668817712,0.24707580554887307,0,27.5,0
2024,668939,1.95,59.28469266974919,0.33983503691835937,0,28.6,0
2024,668939,1.925,55.31003351628692,0.09727182423092104,0,29,0
2024,668939,1.931,50.53680100058132,0.03950463814257541,0,28.8,0
2024,668939,1.883,51.488053045320925,0.06247536024284911,0,28,0
2024,668939,1.915,54.126130882575886,0.16738112466023217,0,27.1,0
2024,668939,1.897,59.04290930476471,0.4220280147910776,0,27.5,0
2024,668939,2.078,54.141447243229884,0.10177567457054457,0,27.8,0
2024,668939,2.147,55.937863638972146,0.10831657472839569,1,28.3,0
2024,668939,1.899,54.77394190398296,0.10538621622467562,0,28.5,0
2024,668939,2.019,60.86822372249611,0.359854476887578,0,29.3,0
2024,668939,1.903,59.09852648335236,0.5042495066189349,1,26.6,0
2024,668939,1.964,54.0081874837337,0.06875478468236942,0,29.4,0
2024,668939,1.896,56.534410452782524,0.1408886829148685,0,28.6,0
2024,668939,1.939,53.0650990346471,0.021306885557297442,0,29.4,0
2024,668939,1.965,58.570472096378786,0.27489462700987716,0,28.1,0
2024,668939,2.12,58.79617505354082,0.23752639525636238,0,29.4,0
2024,668939,1.848,52.290953567142964,0.13131708432307956,0,27.1,0
2024,668939,1.891,55.36677062746726,0.27478250689914296,0,26.8,0
2024,668939,1.943,54.06499632630577,0.11497737758521055,0,28.6,0
2024,668939,1.976,53.54440994234803,0.09214321904296721,0,27.5,0
2024,668939,1.928,59.269859492474836,0.3354592672992285,1,28.5,0
2024,668939,1.916,58.54613026767839,0.17712150758154976,1,30.1,0
2024,668939,1.863,56.280710875088296,0.3997117050644611,1,25.4,0
2024,668939,2.202,60.37428485977824,0.3265868242272589,0,28.3,0
2024,668939,2.068,51.47345262948339,0.045862312375003086,0,28.1,0
2024,668939,1.886,55.204944417407994,0.18268387193408173,0,27.7,0
2024,668939,1.887,46.20496281652157,0.032463922299331475,0,26.4,0
2024,668939,2.052,54.83160714044106,0.08091544670081405,0,27.8,0
2024,668939,1.995,52.303654055795015,0.05278725628451261,0,26.9,0
2024,668939,1.935,60.50788247776519,0.10304176888482675,0,30.4,0
2024,668939,1.925,54.11383913316878,0.13187481741258475,0,27.8,0
2024,669127,1.859,49.31107175669386,0.03675683902229562,0,28.6,0
2024,669127,2.001,57.60399200455451,0.2562822710334982,0,28.5,0
2024,669127,1.791,57.85964575746321,0.5227269477262466,1,25.5,0
2024,669127,1.822,57.89822372751694,0.39119108971397276,1,27.2,0
2024,669127,1.929,58.35377273763011,0.4782114495541949,1,26.8,0
2024,669127,1.895,58.990034730360634,0.2141568136141869,0,29.3,0
2024,669127,1.893,57.74738054111027,0.220092386728416,0,28.9,0
2024,669127,1.838,52.09536128384431,0.03737924242750339,0,30.1,0
2024,669127,1.913,55.377727811125524,0.1373800918727783,0,28.1,0
2024,669127,1.936,52.48872245444925,0.2560720240781393,0,25.4,0
2024,669127,1.945,51.98462767436552,0.059865066070083225,1,28.3,0
2024,669127,1.898,58.904460968092714,0.36517467507413504,0,28.1,0
2024,669127,1.849,53.09447215289897,0.09410996762142675,0,28.2,0
2024,669127,1.831,52.240636524486106,0.04854403029235261,0,29.1,0
2024,669127,1.816,56.56204598859941,0.23610092127927962,0,28.1,0
2024,669127,1.88,57.95491685596966,0.2619034376805899,0,28,0
2024,669127,1.948,61.15905914226668,0.2599193395106284,1,29.9,0
2024,669127,1.888,51.63420665893382,0.08785809662709425,0,27.7,0
2024,669127,1.84,52.55377765309513,0.07349517066280477,0,28.1,0
2024,669127,1.929,56.515196877163696,0.24549860382545557,0,28,0
2024,669127,1.907,61.494374071170476,0.3918456287694626,0,28.6,0
2024,669127,1.886,53.79876790886023,0.039305156778833665,0,28.9,0
2024,669127,1.923,56.79153943485353,0.12145476324890005,0,29.1,0
2024,669127,1.963,57.72791897408278,0.11123638292384179,0,30.1,0
2024,669127,1.967,60.55891703397197,0.28619415392452113,1,28.3,0
2024,669127,1.874,58.719341061782224,0.24212099677327398,1,29.3,0
2024,669127,1.796,51.91678655207933,0.051318558376427195,0,29,0
2024,669127,2.052,58.093295774501975,0.17901240909353153,0,29.4,0
2024,669127,1.884,58.77332975492344,0.24034834331349492,0,28.7,0
2024,669127,1.924,57.137960647857994,0.25792482270047606,0,28.2,0
2024,669127,1.919,57.8072651390465,0.2989083734632345,1,27.9,0
2024,669127,1.936,53.260796444861015,0.04872829868205825,0,28.2,0
2024,669127,1.809,53.239364676037326,0.07017085612689282,0,28.4,0
2024,669127,1.93,60.782936270957215,0.16882565854921222,1,29.7,0
2024,669127,2.605,69.84708424549676,0.8641719498348823,1,28.6,0
2024,669127,1.892,62.801225293000414,0.498899021692877,0,29.1,0
2024,669127,1.794,61.06666125048324,0.8062804028373386,1,28.1,1
2024,669127,1.81,55.83290297864841,0.1873602086486159,0,28.2,0
2024,669127,1.891,56.5685613816689,0.21204616779152435,1,27.7,0
2024,669127,1.833,55.94652684405799,0.1174300087542778,1,28.5,0
2024,669127,1.842,57.38880903781394,0.25522741274317756,1,27.5,0
2024,669127,1.979,55.712975667805686,0.1373464228034888,0,28.9,0
2024,669127,1.901,58.83505128041261,0.29887708314230776,0,28.2,0
2024,669127,1.882,55.65275868777952,0.05601079253397268,0,29.3,0
2024,669127,1.992,56.1726957542762,0.11336067300844675,0,29.3,0
2024,669127,1.873,58.365005846505355,0.20379113405646734,1,29.3,0
2024,669127,1.991,54.162129655772866,0.06392880337314327,0,29.2,0
2024,669127,1.915,54.35086391732129,0.09180894834321504,0,28.8,0
2024,669127,1.794,57.8069458584876,0.21916061030035203,1,28.9,0
2024,669127,1.907,50.597214999881494,0.04052271000870169,0,28.5,0
2024,669127,1.919,55.95088185958275,0.10054704064344762,0,28.8,0
2024,669127,1.97,58.020044168476375,0.2301285457097209,0,27.6,0
2024,669127,1.883,54.66092694595477,0.19389827949698837,0,27.3,0
2024,669127,2.059,58.75538569935671,0.1368595875451295,0,28.1,0
2024,669127,1.905,52.722597090814006,0.08501769881114737,0,27.6,0
2024,669127,1.79,57.36723335970342,0.29006432238793856,0,27.8,0
2024,669127,1.947,51.53638509238926,0.02231008288236976,0,29.1,0
2024,669127,1.98,51.353684133462394,0.0647600968695232,0,27.6,0
2024,669127,1.968,50.667407870783286,0.025690810375301236,0,28.7,0
2024,669127,1.879,58.563454321570134,0.1597571956200157,1,29.4,0
2024,669127,1.822,54.927953451499285,0.10884277355221407,0,28.7,0
2024,669127,1.972,57.51702694406135,0.23173959895978163,1,27.6,0
2024,669127,1.982,60.12650575231945,0.3430977131104266,1,27.8,0
2024,669127,1.833,56.163081615521236,0.2068196214354512,0,28.1,0
2024,669127,1.929,56.02841322664579,0.11572824616528955,0,29.5,0
2024,669127,2.055,60.357921784454696,0.544128463403412,1,25.9,0
2024,669134,2.005,57.037233249189875,0.2960171255860652,0,27.7,0
2024,669134,1.898,56.99206105176714,0.14405290775722607,0,29.5,0
2024,669134,1.963,58.18364647528018,0.3081358166304401,0,27.7,0
2024,669134,1.953,52.599261132367324,0.0662435898949296,0,28.3,0
2024,669134,1.911,49.289453497762004,0.04301753957653481,0,27.7,0
2024,669134,1.942,53.7507941094485,0.08365189742422578,0,28.2,0
2024,669134,2.013,56.05091932043201,0.13878890614343464,0,28.1,0
2024,669134,1.9,57.03305935461063,0.10498602501502173,0,29.5,0
2024,669134,1.884,57.492076159538755,0.1348779167221829,0,29.5,0
2024,669134,1.935,57.23460111049135,0.2970768836166122,0,27.5,0
2024,669134,1.891,54.41242305032498,0.07663547777183272,0,29.9,0
2024,669134,1.997,60.670986022709094,0.22790811921766957,1,29.3,0
2024,669134,2.125,57.20949004453613,0.1172403093822691,0,28.9,0
2024,669134,1.955,53.56089112696723,0.05574274358902104,0,28.4,0
2024,669134,2.026,58.18079303410429,0.10618554555779205,0,30.2,0
2024,669134,1.992,59.240839482405526,0.4281812037320692,1,27.6,0
2024,669134,1.998,59.25340727985185,0.17786340518416419,0,29.3,0
2024,669134,1.942,60.56372380460343,0.5316996879717365,0,27.6,0
2024,669134,1.926,47.344686611184834,0.011829369802973028,0,29,0
2024,669134,1.86,53.96239440877532,0.13783022095605252,0,28,0
2024,669134,2.187,59.80819605075913,0.31817740039519155,0,28.8,0
2024,669134,1.91,50.11689399520404,0.07288918558638788,0,27.2,0
2024,669134,2.545,66.93780745574702,0.8176306393617295,0,28.3,0
2024,669134,1.985,59.766478422638905,0.3005402360157506,0,29.1,0
2024,669221,1.982,50.606219344779966,0.0721059358719921,0,26,0
2024,669221,1.91,58.20039625831238,0.329551445184403,0,27.1,0
2024,669221,1.968,60.401039034677886,0.20312045501678103,1,29.3,0
2024,669221,1.931,48.03978454709171,0.0184077567054506,0,28.4,0
2024,669221,1.882,54.48701188753047,0.08005238149968527,0,29.1,0
2024,669221,1.952,60.98633700093961,0.3548223831152266,1,29,0
2024,669221,1.87,57.47727112692727,0.25527775945737213,0,28.3,0
2024,669221,1.903,55.85869964100001,0.11769085166517625,0,28.4,0
2024,669221,1.976,54.90511661937706,0.1220893671699342,0,28.6,0
2024,669221,1.916,59.16170409243629,0.2237902340593135,0,28.9,0
2024,669221,1.995,59.02874187359923,0.10452506341342324,1,28.5,0
2024,669221,1.865,53.97606917287538,0.15046591587369032,1,27.7,0
2024,669221,2.07,53.42958238597994,0.1047615831851002,0,27.4,0
2024,669221,1.996,53.51233901309962,0.05046296481378219,0,30,0
2024,669221,1.873,56.53204193243892,0.17760963875107796,0,28.9,0
2024,669221,1.955,61.09779897018381,0.23045190550380573,0,29.6,0
2024,669221,1.892,57.06522703408396,0.15867000998703362,0,29.5,0
2024,669221,2.012,50.72882488973374,0.027931068909743756,0,28.1,0
2024,669221,1.907,57.605692158511424,0.19635502316719095,0,29.3,0
2024,669221,1.954,59.47639037226793,0.29768149020428175,0,28.2,0
2024,669221,1.961,53.1114692400943,0.09526441075262103,0,28.5,0
2024,669221,1.972,59.706320162419885,0.22617431749873937,0,28.7,0
2024,669221,1.916,51.73769369253967,0.1484262309696845,0,25.9,0
2024,669221,1.881,56.658337257668926,0.22764689868971105,0,28.2,0
2024,669221,1.954,54.80753729626651,0.05750062232435132,0,29.3,0
2024,669221,1.923,59.41187595969676,0.22404468448403247,0,29.6,0
2024,669221,1.993,54.35430965030748,0.19427343904181563,0,26.4,0
2024,669221,1.98,57.623447284595976,0.2782189465343625,0,27.6,0
2024,669221,1.886,56.304371881792534,0.2533685675512263,0,27.6,0
2024,669221,1.987,55.363696601400484,0.11398939425738382,0,28.9,0
2024,669221,1.988,62.58377468919946,0.5148191848516539,1,28.8,0
2024,669221,1.835,56.092600831607164,0.11827627987664725,0,29.1,0
2024,669221,1.888,54.9822698504314,0.06040327605139322,0,29.5,0
2024,669221,1.894,56.26162537348413,0.07195597724866126,0,29.9,0
2024,669221,1.93,59.34118332676791,0.3214109402156386,0,28.6,0
2024,669224,2.004,55.1080759096825,0.11262511392725298,0,28.6,0
2024,669224,2.093,56.20842085571411,0.17867298214287142,0,27.6,0
2024,669224,1.925,58.78540750114361,0.30175281086641337,1,28.5,0
2024,669224,1.897,57.583182092459445,0.2484595329413399,0,28.2,0
2024,669224,2.055,52.390757055049484,0.07650710519620264,0,28.1,0
2024,669224,2.003,58.328188264796154,0.3668992746552751,0,27.6,0
2024,669224,1.944,60.402425913143304,0.2972309293682088,0,29.6,0
2024,669224,2.065,50.68154465015757,0.10935703447774942,0,26.6,0
2024,669224,1.959,58.55144894939949,0.1808773873958493,1,29.3,0
2024,669224,1.91,54.19649485173802,0.06939947715098685,0,28.4,0
2024,669224,1.981,58.88470181580896,0.2253400601020679,1,28.4,0
2024,669224,2.205,61.10089408034401,0.2369349948799246,0,29.3,0
2024,669224,1.914,56.96361914113286,0.21798977258537278,1,28.6,0
2024,669224,1.97,54.56165471000071,0.06084120261098037,0,27.8,0
2024,669224,1.923,58.75066042726255,0.3337062106403851,0,27.8,0
2024,669224,1.999,62.66486217175262,0.3870233053136925,1,29.7,0
2024,669224,1.955,55.389425080158844,0.16791791148800678,0,28.4,0
2024,669224,1.977,60.495412860457385,0.2971881351248916,1,29.7,0
2024,669224,1.909,55.56612217402165,0.16052240984702226,0,27.9,0
2024,669224,1.929,55.864981031679676,0.18017991987575985,0,28.5,0
2024,669224,1.96,60.58930089890452,0.2934059011382329,1,28.5,0
2024,669224,1.936,59.77538051340461,0.32815788268624774,1,28.3,0
2024,669224,2.04,55.768076777988306,0.07199758322304563,0,29.5,0
2024,669224,2.098,54.360203611145515,0.04579082354735375,0,28.2,0
2024,669224,1.971,55.613975728140595,0.08974176601236433,0,28.3,0
2024,669224,1.891,57.50224425284424,0.2379101355207197,0,28.5,0
2024,669224,2.035,63.43722605234461,0.4676829813240074,1,28.6,0
2024,669224,1.971,56.27800719875268,0.18471537383127637,0,28,0
2024,669224,1.914,55.63978184940234,0.1437610048340544,0,29,0
2024,669224,2.061,56.23653469181472,0.202258408340372,0,27.8,0
2024,669224,1.962,57.616059685549175,0.19341056723730182,1,28.7,0
2024,669224,2.08,65.86494328940174,0.7772103417260041,1,27.6,0
2024,669224,2.031,51.24316165699745,0.027270571629027667,0,28.8,0
2024,669224,1.866,59.21282039974311,0.28974605618155214,0,29.1,0
2024,669224,1.968,55.16498740185544,0.16040529766228917,0,28,0
2024,669224,2.594,66.08428310047455,0.86224898491792,0,27.2,0
2024,669224,1.969,54.494576126222164,0.03588166268673375,0,29.6,0
2024,669224,1.906,55.286484613083495,0.09474778682261793,0,28.5,0
2024,669224,1.912,56.859890127024485,0.20330803054964697,0,28.7,0
2024,669224,2.016,60.49851956829731,0.159275027848943,0,30,0
2024,669224,1.97,55.44492124410893,0.11557434908860521,0,28.4,0
2024,669224,2.019,57.48059947903134,0.2450360495437675,0,27.3,0
2024,669224,1.973,51.07628339242299,0.042861063130961614,0,28.4,0
2024,669224,1.984,51.708026203365264,0.08335228567999944,0,28,0
2024,669257,2.08,57.816844836217086,0.22484490048672093,0,28,0
2024,669257,2.026,55.147975955340726,0.15682111212344066,0,27.8,0
2024,669257,1.94,60.04503019303029,0.333089071747956,1,28,0
2024,669257,1.937,60.87357869312039,0.287230559554444,1,29.9,0
2024,669257,1.924,53.86203583419346,0.15633067902389308,1,26.8,0
2024,669257,2.036,57.34455916947713,0.12894017773573455,0,28.6,0
2024,669257,1.937,50.685071051065044,0.04401866236842009,0,28.6,0
2024,669257,2.017,60.69933644644755,0.516950440635898,1,27.3,0
2024,669257,1.924,54.73501008483139,0.15107480762328318,0,28.2,0
2024,669257,1.924,61.04062161190467,0.3218542382534552,1,29.7,0
2024,669257,1.871,47.4227588279597,0.011990130973832164,0,30.2,0
2024,669257,1.826,51.44938416086163,0.18788862772830844,0,25.6,0
2024,669257,2.047,59.55708629989493,0.22694701727355424,0,29,0
2024,669257,1.968,53.24126280406146,0.039921914838362445,0,29.9,0
2024,669257,1.972,49.95950170483306,0.11708867715022529,0,25.5,0
2024,669257,2.076,61.520712978115434,0.3228542397071775,0,28.8,0
2024,669257,2.358,56.52591816379571,0.13727576554533807,0,28.3,0
2024,669257,2.04,48.92531194793095,0.011449726580368328,0,29.9,0
2024,669257,1.955,57.611826194183934,0.3035410109765332,1,28,0
2024,669257,1.881,57.5390251832333,0.3052374959428195,1,27.9,0
2024,669257,1.841,55.28404095391102,0.09716466696369562,0,29.8,0
2024,669257,1.952,53.41881503184374,0.07290125253403255,0,27.8,0
2024,669257,1.966,57.91979954713861,0.12722882997412396,0,28.4,0
2024,669257,1.945,59.713975272865596,0.24255039832700562,0,29.2,0
2024,669257,1.834,58.18224693329689,0.21703552659632092,0,29.3,0
2024,669257,1.946,60.41808342386914,0.3682586640594692,1,29,0
2024,669257,1.905,59.5172658284089,0.28613620555616115,0,29.1,0
2024,669257,1.904,57.33285556935996,0.1036782485016975,0,28.6,0
2024,669257,1.861,57.88639107744217,0.2137144189141495,1,28.6,0
2024,669257,1.883,51.74932764200733,0.0999429332186971,0,26.9,0
2024,669257,1.857,55.427493433927964,0.13922349024547445,1,28.6,0
2024,669257,1.926,54.568850962604785,0.11914499888825462,0,28.2,0
2024,669257,1.914,56.550596332470796,0.14029830570930904,0,29.1,0
2024,669257,1.864,56.39765641219017,0.1996902295962988,0,28.4,0
2024,669257,1.88,55.38191431647239,0.12702741982271049,1,28.4,0
2024,669257,2.099,58.67805966896007,0.12032830119017221,0,29.9,0
2024,669257,1.964,55.30405777968988,0.108896363541831,1,28.3,0
2024,669257,1.942,59.26078675338855,0.2603068387859632,1,29.2,0
2024,669257,1.89,54.190575488158345,0.10714859823702548,0,28.9,0
2024,669257,1.911,58.03417175303782,0.19004111449258834,0,29,0
2024,669257,1.863,58.66806989596123,0.26113639965655633,1,29.1,0
2024,669257,1.888,49.2173839737026,0.038187247687412475,0,28.3,0
2024,669257,1.886,52.10411932499845,0.028018173583151614,0,30.1,0
2024,669257,1.887,57.68307179460737,0.17505336733230634,0,29.1,0
2024,669257,1.842,55.061351264899415,0.19264509938343863,1,27.8,0
2024,669257,2.025,59.186801334870495,0.3196936470856139,1,28.1,0
2024,669257,1.895,56.15613576843387,0.2154189812050179,1,27.7,0
2024,669257,1.915,54.87739259415141,0.16071658618009665,1,28.1,0
2024,669257,1.884,57.284026893741036,0.12326243450949828,0,30.4,0
2024,669257,2.025,62.19983897531441,0.2965984479691571,0,29.3,0
2024,669257,1.984,57.190508101926945,0.2716950015320314,1,27.8,0
2024,669257,1.958,56.974549347010644,0.15542032344963724,0,29.6,0
2024,669257,1.915,50.39447310444402,0.04505959143307404,0,28.3,0
2024,669257,1.974,57.81073409065349,0.3222455262107914,0,27.1,0
2024,669257,1.876,57.5379228976612,0.2432842873032817,1,28,0
2024,669257,1.919,59.65974361588653,0.355260184232078,1,27.8,0
2024,671056,1.979,53.804958725017336,0.13994284093545958,0,27.9,0
2024,671056,1.968,58.516776733269886,0.17983688033453513,0,29.7,0
2024,671056,2.001,55.30560462275571,0.1549096403510811,0,28.5,0
2024,671056,2.03,58.36343194154241,0.12167293493394642,0,28.4,0
2024,671056,1.951,53.09312114416609,0.03275227772583539,0,27.9,0
2024,671056,1.999,58.13160253113773,0.23814697324032733,0,28.4,0
2024,671056,2.009,52.43840129443346,0.0555225670474714,0,28,0
2024,671056,2.025,57.37809456400986,0.1736054530532519,0,28.5,0
2024,671056,2.091,54.981574246730915,0.05685078867381506,0,28.7,0
2024,671056,1.974,53.706811289124495,0.041904481542892814,0,29.5,0
2024,671056,1.957,58.64624527776779,0.1989013962408753,0,28.7,0
2024,671056,2.156,61.642620660941205,0.32630425826026555,0,29.3,0
2024,671056,1.987,56.32675843483782,0.24378327974588598,0,27.8,0
2024,671056,1.922,55.78583774360628,0.14658859124615778,0,29,0
2024,671056,1.969,54.311240667896826,0.04884024653094826,0,30.2,0
2024,671056,1.962,58.336824829038925,0.15283775995387539,0,29.5,0
2024,671056,2.04,58.12460807246863,0.18627963764386626,0,29.5,0
2024,671056,1.885,56.73465691778722,0.18317842807889537,0,28.4,0
2024,671056,2.043,55.441380629479866,0.18871020746468442,0,27.8,0
2024,671056,2.016,59.253672960749576,0.30223407896411,0,28.9,0
2024,671056,2.1,64.20298393065437,0.8008747849666417,1,26.8,0
2024,671056,1.898,50.938574963282456,0.06799199033863884,0,27.4,0
2024,671056,1.988,56.42891990787815,0.27795619969316593,0,27.2,0
2024,671056,1.954,55.83572704602197,0.12608846205703358,0,28.2,0
2024,671056,1.922,55.0148055825147,0.24681498381076897,0,26.9,0
2024,671056,1.971,57.914070412172414,0.25081975114758764,1,28,0
2024,672275,1.784,55.74685314689724,0.17658891259730966,0,27.9,0
2024,672275,1.886,58.791602643387215,0.2601547311078767,1,28.6,0
2024,672275,1.972,55.52330120305339,0.16435210430893038,0,28.1,0
2024,672275,1.783,55.868049784969024,0.12974257450722057,1,28.8,0
2024,672275,1.752,61.38269431232034,0.6450743736731838,1,27.1,0
2024,672275,1.801,60.67560947323986,0.2497681561926394,1,29.6,0
2024,672275,1.836,58.35504461712312,0.3751477240199565,1,27,0
2024,672275,1.812,56.08680881653709,0.2543904356820691,0,26.7,0
2024,672275,1.952,54.00623343021063,0.2038094522388391,0,25.6,0
2024,672275,1.853,58.17737502906571,0.40782493303217177,1,27.3,0
2024,672275,1.858,59.76691785585108,0.2521020792684334,1,29.6,0
2024,672275,1.801,58.46970458194995,0.24266678715405324,1,29.2,0
2024,672275,1.854,58.540966208136865,0.1954472977694228,1,29.9,0
2024,672275,1.897,53.85623210679063,0.31899466050334263,0,25.6,0
2024,672275,1.908,45.11658510853842,0.03645709416182659,0,25.7,0
2024,672275,1.791,55.13616541357771,0.11317832478429184,1,28.8,0
2024,672275,1.904,57.600485728304236,0.19822269718159494,0,29.1,0
2024,672275,1.845,56.071079704762916,0.20580215267703503,1,27.4,0
2024,672275,1.791,52.59376587421977,0.042102056903439135,0,29.7,0
2024,672275,1.916,53.81399849367136,0.11285363239845006,0,28.4,0
2024,672275,1.892,56.57487125955972,0.08042498201593991,0,28.7,0
2024,672275,1.894,60.87032191346636,0.34584613177042384,1,28.6,0
2024,672275,1.822,55.298388734989736,0.19173673985103293,0,27.9,0
2024,672275,1.776,51.4290280267004,0.06445925160900079,0,28.2,0
2024,672275,1.867,54.050550860554125,0.0844193010543339,0,28.7,0
2024,672275,1.843,52.59043604114527,0.11088467260784733,1,27.8,0
2024,672275,1.792,56.35780941348594,0.09517546613178042,0,29.9,0
2024,672275,1.82,56.21415110990053,0.08876638371407891,0,29.3,0
2024,672275,1.814,46.23888731618861,0.031245814752944363,0,26.9,0
2024,672275,1.908,57.75813368289781,0.25729020523865515,0,28.5,0
2024,672275,1.858,55.22881535607395,0.1321492788452606,0,28.3,0
2024,672275,1.84,58.36776283742236,0.2806589111750857,0,28.1,0
2024,672275,1.946,48.05370256066925,0.00762654966717618,0,30,0
2024,672275,1.826,58.0688068762524,0.16502006475335637,1,30.1,0
2024,672275,1.878,58.01237535765602,0.33070087120419356,0,27.9,0
2024,672275,1.798,56.80366395127784,0.19940380305285207,1,28.2,0
2024,672275,1.74,52.274134656036985,0.17785153048004027,0,26.3,0
2024,672275,1.881,52.88140836111157,0.0992026399279162,0,27.7,0
2024,672275,1.749,54.880200441408796,0.07907783342399072,0,29.8,0
2024,672275,1.805,54.76820203491582,0.05370203533317243,0,29.9,0
2024,672275,1.799,55.590302481264374,0.08594545247660457,0,29.2,0
2024,672275,1.795,52.999779021527985,0.09370106626218165,1,28.3,0
2024,672275,1.845,56.61099122674776,0.07145389037113405,1,30,0
2024,672275,1.877,53.56517140334215,0.04123634817288877,0,28.5,0
2024,672275,1.951,58.701722951020116,0.12483818640995482,0,28.8,0
2024,672275,1.84,51.677765659695304,0.05462152852173936,0,28.7,0
2024,672275,1.818,59.01765259681378,0.4325248224958681,0,27.5,0
2024,672275,1.988,55.2751057050588,0.04192971539309547,0,28.6,0
2024,672275,1.853,57.392419125703505,0.1902749749178039,1,28.6,0
2024,672275,1.762,56.06830766251517,0.1369343332219502,1,28.8,0
2024,672275,1.912,57.07483876933952,0.1586207610486245,0,28.7,0
2024,672275,1.897,53.502489500543405,0.06659106571720179,0,29.6,0
2024,672275,1.783,55.21216238344592,0.10902613549742059,0,28.6,0
2024,672275,1.748,56.73212156491379,0.25270027182269517,0,27.9,0
2024,672386,2.019,56.979129708627845,0.18285586949621352,1,27.5,0
2024,672386,1.962,60.50185157208136,0.3670186846495494,1,29,0
2024,672386,2.022,57.41793517112198,0.17199728446006235,0,28.9,0
2024,672386,1.966,51.57240547671871,0.05363766483283104,0,28.3,0
2024,672386,1.995,56.88105214419127,0.21809549484138474,1,28.2,0
2024,672386,2.036,55.81859781285083,0.05943221128634107,0,29.7,0
2024,672386,1.941,57.518068727796745,0.2285937374388014,1,28.6,0
2024,672386,2.005,61.24648317894104,0.6621024247871903,1,26.9,0
2024,672386,1.996,47.804693614784036,0.02730302631804963,0,28,0
2024,672386,1.941,59.847435656444645,0.32716675991316513,1,28.3,0
2024,672386,1.963,56.71887217457553,0.20480983244315157,0,28.5,0
2024,672386,1.951,58.48220091957916,0.39380412921978913,0,27.6,0
2024,672386,2,62.25172546239219,0.49760458418994075,1,28.8,0
2024,672386,1.98,56.197197233541274,0.10475161124193032,0,28.9,0
2024,672386,1.944,56.997323067542524,0.1401485688220684,0,29.9,0
2024,672386,2.047,60.802770699234145,0.41900518189411784,0,28,0
2024,672386,1.897,56.59531240095775,0.23467658358460727,1,28,0
2024,672386,1.968,54.610897947810635,0.11041135410413022,0,28.8,0
2024,672386,1.952,59.66795704604722,0.5640468625168752,1,26.6,0
2024,672386,1.983,54.53895769648416,0.0976628684643724,0,28.4,0
2024,672386,2.046,60.927544769122136,0.5190193388417412,1,27.5,0
2024,672386,1.957,53.47959820846625,0.07824881948124225,0,29,0
2024,672386,1.973,58.41361159719879,0.23185202902311486,0,29,0
2024,672386,1.992,56.82795237901281,0.1239014436931161,0,30.1,0
2024,672386,1.904,47.31315566590263,0.061629183103679916,0,25.7,0
2024,672386,2.288,61.446112464962034,0.4473426147439796,0,27.6,0
2024,672386,2.017,58.736239056345006,0.25248542606302365,0,28.5,0
2024,672386,2.036,58.74477714054333,0.30740094435167226,1,28.4,0
2024,672386,1.915,58.523881943620765,0.3264799478656761,0,28.3,0
2024,672386,1.93,56.0915973047519,0.2161354352217964,1,27.3,0
2024,672386,1.968,57.73999778439612,0.248898239487648,1,27.6,0
2024,672386,2.106,60.171143531635366,0.46278320118615635,1,28,0
2024,672386,1.909,55.214727410070665,0.15310363419377826,0,28.3,0
2024,672386,2.071,59.30781905661077,0.3237495766020043,0,28.1,0
2024,672386,2.106,58.007660433175566,0.35981099127762867,0,27.2,0
2024,672386,1.948,58.02992934087033,0.09608607001890247,0,30.1,0
2024,672386,1.951,57.70480470325443,0.23804368657136993,1,28.8,0
2024,672386,1.911,58.365132165709426,0.4130128418525545,1,27.4,0
2024,672386,2.078,52.97980956294121,0.07431201481180559,0,28.5,0
2024,672386,2.035,58.491151497015956,0.17638599903658708,0,29.4,0
2024,672386,1.939,58.81800755962545,0.24783497102215865,1,29,0
2024,672386,2.037,54.624311572121975,0.2598600860603042,0,26.4,0
2024,672386,2.056,52.24296729685396,0.11648977001460288,0,27,0
2024,672386,2.106,51.220733613808214,0.03512370304191949,0,28.5,0
2024,672386,1.991,58.04816511783902,0.18578619865219478,0,27.9,0
2024,672386,1.997,57.94475032814629,0.2607201976777394,0,27.9,0
2024,672386,2.034,60.22362681368197,0.39715644825193036,1,28.5,0
2024,672386,1.897,52.52523358658215,0.1251036211610559,0,27.3,0
2024,672386,1.965,60.96834659316445,0.2173897702715685,1,30.4,0
2024,672386,1.997,52.682200412122874,0.10464731283321281,0,28,0
2024,672515,1.93,58.298138876661135,0.12354373697901223,0,28.9,0
2024,672515,1.888,58.17188699477259,0.19730022861656105,1,29.4,0
2024,672515,1.916,53.68194487793264,0.05736507795568393,0,29.1,0
2024,672515,1.94,55.57929791463585,0.0530053556016467,0,29.1,0
2024,672515,1.852,54.599074685761046,0.06398336355692341,0,29.6,0
2024,672515,1.861,57.209507314153576,0.1227554774881001,1,29.7,0
2024,672515,1.8,51.85067351771509,0.059833367169796654,0,28.6,0
2024,672515,1.761,56.20285363000749,0.11300784686676998,1,29.5,0
2024,672515,1.895,56.97356129625793,0.20485479849605553,1,28.1,0
2024,672515,1.862,56.131548293022284,0.1545066651589,0,29,0
2024,672515,1.847,57.83839108903626,0.17944365113400232,0,29.5,0
2024,672515,1.898,59.24606149060352,0.16146902817741088,0,28.7,0
2024,672515,1.847,57.7251988306993,0.24553878471657412,0,27.8,0
2024,672515,1.861,54.34785689124144,0.07983793534680741,0,28.6,0
2024,672515,1.972,57.04441308402627,0.1621036510222852,0,28.2,0
2024,672515,1.863,50.92363484791848,0.08409199921179367,0,27,0
2024,672515,1.92,50.43571710262272,0.02686168010410811,0,28.3,0
2024,672515,1.779,54.49292614895911,0.12784787760035668,1,28.6,0
2024,672515,1.835,57.57197780701204,0.11324754745603062,0,29.5,0
2024,672515,1.879,52.88263766348403,0.0900898765519686,0,27.9,0
2024,672515,1.812,58.79387702480012,0.31223178068748064,0,28.6,0
2024,672515,1.936,57.372416446868904,0.2905738972932286,1,28,0
2024,672515,2.22,62.978884103215925,0.598576168072378,1,27.8,0
2024,673237,1.955,54.576717605847534,0.06736610508936179,0,29.3,0
2024,673237,2.057,58.57484045942554,0.28078938323770114,0,28.6,0
2024,673237,1.929,56.068321726739505,0.14225231295164478,1,28.3,0
2024,673237,1.892,56.25067219059975,0.1820180824650826,1,28.6,0
2024,673237,1.875,60.9089368002585,0.4140706631104207,1,28.6,0
2024,673237,2.031,61.949008308777145,0.49885187352374966,0,28.5,0
2024,673237,1.907,57.19336372817682,0.37038997323608147,0,27.1,0
2024,673237,2.228,52.76403342564307,0.06197446221174778,0,27.8,0
2024,673237,1.958,61.27282688922292,0.3108047957651639,1,29.9,0
2024,673237,2.033,53.5641609370873,0.10172972292772925,0,28.3,0
2024,673237,2.184,61.94547375473847,0.317012694331033,0,30,0
2024,673237,1.962,53.96888096785175,0.0428561470007216,0,29.4,0
2024,673237,1.942,58.345848210217014,0.32663653314092495,1,27.9,0
2024,673237,1.829,54.58137416311808,0.17382789905062013,0,27.8,0
2024,673237,1.888,55.47106317926056,0.16514408846147507,1,28.5,0
2024,673237,2.053,58.388301496159386,0.351275930958811,0,26.9,0
2024,673237,1.957,54.74230472163919,0.09641504363055343,0,28,0
2024,673237,1.983,60.63853439098936,0.4183691478719396,0,27.6,0
2024,673237,2,56.41565583382206,0.10869120934286257,0,28.6,0
2024,673237,1.972,54.59982428142788,0.12958952024646528,0,27.9,0
2024,673237,1.911,57.41811948407036,0.16189919409895168,1,28.1,0
2024,673237,1.89,57.31418709167667,0.21336493129616527,0,28.8,0
2024,673237,2.129,58.04382117304752,0.3579401676117345,0,27.7,0
2024,673237,1.854,57.07264761375298,0.17665006516128257,0,29.1,0
2024,673237,1.882,55.8156633265347,0.17902817751267827,0,28.4,0
2024,673237,1.886,57.20481733531509,0.2609481813399894,1,27.9,0
2024,673237,1.957,54.07605648345208,0.10343233131432537,0,27.6,0
2024,673237,1.915,50.470137959225625,0.034311562441627315,0,27.6,0
2024,673237,1.889,58.52611892729714,0.37135243387332023,0,27.6,0
2024,673237,2.237,66.25276872303763,0.7396341968271546,0,28.7,0
2024,673237,2.074,58.71995412810911,0.2676015144981783,0,28.5,0
2024,673237,1.972,51.461146735243176,0.058265563583742186,0,27.3,0
2024,673237,1.975,58.84176115467421,0.26054758661916755,1,28.3,0
2024,673237,1.817,55.00193544658607,0.15888592472093116,1,28.3,0
2024,673237,1.882,56.57840024313144,0.19680794220860717,0,28.7,0
2024,673237,1.917,59.744699918494184,0.34188020997319796,1,28.2,0
2024,673237,1.948,57.32635742289456,0.2976898139391042,0,27.9,0
2024,673237,2.03,57.29428866416022,0.09884178694460383,0,28.2,0
2024,673237,1.955,50.584451848623424,0.06968468315721812,0,27.5,0
2024,673237,2.017,61.47541163506058,0.5600699535949655,0,27.9,0
2024,673237,1.937,55.03100700479843,0.09122901178035543,0,28.5,0
2024,673237,1.891,55.09815719280914,0.1657620387617634,1,28.2,0
2024,673237,1.862,57.71493739095568,0.37938967053858436,1,27.2,0
2024,673237,1.96,52.95535150937841,0.12466987215254675,0,27.7,0
2024,673237,2.005,62.49514793663463,0.5850671538270625,1,27.8,0
2024,673237,1.963,51.795302560276525,0.14953421944960063,0,26.4,0
2024,673237,1.925,56.43643494511421,0.21400038277389774,0,28.1,0
2024,673237,1.929,59.67346115120816,0.22413862805451437,0,29.4,0
2024,673237,1.862,49.49384494810154,0.04899608351732084,0,27.8,0
2024,673237,2.023,63.4649546155816,0.7038685515459697,1,27.7,0
2024,673237,1.985,50.9249827369334,0.05652852700386197,0,28.2,0
2024,673237,1.994,51.926172977319446,0.0387848445582073,0,29.4,0
2024,673237,2.051,54.39752453098831,0.11667664940582755,0,26.5,0
2024,673237,1.891,46.80376261564374,0.03221500638244921,0,27.2,0
2024,673237,2.004,63.75699172788837,0.3875799554000272,0,30,0
2024,673237,2.025,45.98618637904476,0.032085365357557835,0,26.6,0
2024,673237,2.023,57.37057472803052,0.18862275042545087,0,28.7,0
2024,673237,1.969,56.3102510234892,0.20048728936519977,0,28,0
2024,673237,2.023,57.427775296018346,0.2937798777140006,0,28,0
2024,673237,2.089,60.410016367372165,0.12065437231861043,0,29.3,0
2024,673237,1.868,56.02665090060485,0.22174753882007842,1,28,0
2024,673237,2.031,59.2817530749298,0.2942232122041131,0,28.8,0
2024,673237,1.899,59.49449561220928,0.3401570896444939,0,28.7,0
2024,673237,1.951,55.98246862747849,0.10638826852096357,1,28.4,0
2024,673237,1.944,55.53702445538552,0.233568661576986,0,27.5,0
2024,673237,1.927,51.43597785363033,0.10060092938318371,0,27.3,0
2024,673237,1.964,56.38871583460557,0.2723662867790812,0,27.6,0
2024,673237,1.926,53.32966538790353,0.05088375700095058,0,28,0
2024,673237,1.957,59.10965798992772,0.20438232882333324,0,29,0
2024,673237,1.953,56.361120902338925,0.18308202105609428,0,28.2,0
2024,673237,1.816,55.20750645532332,0.1529733952333651,1,28.4,0
2024,680728,1.999,57.385763763756515,0.22512237191493398,0,28.5,0
2024,680728,2.183,62.29572420058235,0.37490588151058074,1,28.7,0
2024,680728,2.03,59.2780307532117,0.41397012671982547,0,27.9,0
2024,680728,2.061,59.324880989615764,0.15788076094022274,0,29.7,0
2024,680728,2.076,56.41447912966823,0.15399441026486485,0,28.6,0
2024,680728,2.016,53.865369474611356,0.06509607943471214,0,28.5,0
2024,680728,2.039,58.61805811935531,0.176319350781075,0,29.9,0
2024,680728,2.051,55.011362047431525,0.12420863205118245,0,28.4,0
2024,680728,1.937,55.17835462460332,0.11282291838272909,0,29.4,0
2024,680728,1.976,52.80078702081778,0.07115902809399213,0,28.2,0
2024,680728,2.132,57.74154959016894,0.10369204908691516,0,29.1,0
2024,680728,2.006,52.18312158226246,0.060145095168202635,0,28.8,0
2024,680728,1.968,59.31583754679452,0.26013007336423655,0,29.5,0
2024,680777,1.919,57.582387677858655,0.22782597412305883,0,28.6,0
2024,680777,1.879,56.07901814426202,0.14809575022951071,1,29.1,0
2024,680777,1.948,54.557550206923466,0.10992588608298093,0,28.6,0
2024,680777,1.902,57.38860415788709,0.1959737365687433,0,28.7,0
2024,680777,1.836,57.62718934481575,0.3231970712457674,1,27.8,0
2024,680777,1.911,61.52338410863392,0.3577995078789947,1,29.6,0
2024,680777,2.072,50.1703412796817,0.083228975707942,0,26.7,0
2024,680777,1.933,54.68923453034973,0.1262161995355172,0,28.5,0
2024,680777,1.891,54.1799449371624,0.09865948826374993,0,28.6,0
2024,680777,1.987,55.47354173808759,0.16002188159536193,0,28.6,0
2024,680777,1.873,56.56002462702079,0.4476393401197159,1,25.9,0
2024,680777,1.89,51.80957234481504,0.0835980806834541,0,27.8,0
2024,680777,1.873,52.31455359350168,0.05686480047638459,0,29,0
2024,680777,1.999,57.425745664279596,0.16357883754598673,0,29.5,0
2024,680777,1.886,60.030672462068885,0.34285391797749903,1,29,0
2024,680777,1.91,57.681244488394505,0.3241360017378364,1,27.8,0
2024,680777,2,56.38590202794545,0.12292690692784962,0,28.9,0
2024,680777,1.9,53.75378827863438,0.12891196525089657,0,27.5,0
2024,680777,1.863,54.069395172136126,0.0560635380674673,0,30.1,0
2024,680777,1.995,57.680127076055285,0.2949599132920485,0,28,0
2024,680777,1.95,58.940881006380124,0.28995074187313297,0,28.5,0
2024,680777,1.933,55.010241962787326,0.1548076359112789,0,28.4,0
2024,680777,1.965,55.18845175678089,0.18396208527177949,0,27.3,0
2024,680777,2.106,58.96201184560134,0.33829072247988146,0,27.1,0
2024,680777,1.998,58.47525976226074,0.2247803199402499,0,29.3,0
2024,680777,1.849,57.676028910275384,0.3944056997379055,0,26.6,0
2024,680777,1.841,55.470937796983726,0.15339943235891093,1,28.4,0
2024,680777,1.948,56.07820217114359,0.10668141652993055,0,30.1,0
2024,680777,1.981,58.336106223451836,0.31360091583613137,0,28.3,0
2024,680777,1.872,59.176335151681734,0.29685050429684584,1,28.7,0
2024,680777,1.973,57.34624154618743,0.16789680713536997,0,27.6,0
2024,680777,2.074,58.30920259110467,0.23764518244011082,0,27.9,0
2024,680777,1.916,57.31470324162281,0.23506966110734193,0,28.6,0
2024,680777,1.887,56.364744116613004,0.14283755368682402,1,28.9,0
2024,680777,1.878,57.86166879803695,0.2105380123927509,1,29,0
2024,680777,1.908,56.74197961918161,0.3161992174206481,1,27.1,0
2024,680777,1.828,55.06343545773289,0.11760245155989324,0,29.1,0
2024,680777,2.015,57.312284575664094,0.14266705765040466,0,29.7,0
2024,680779,1.901,58.982022410083246,0.23417080951009192,0,28.9,0
2024,680779,1.99,60.25210288406569,0.17122749962409511,1,29.9,0
2024,680779,1.77,47.89697551659356,0.03995739969727176,0,27.4,0
2024,680779,1.752,56.49983502610421,0.26224481743596634,1,27.8,0
2024,680779,1.944,56.15213569276806,0.2869014250656296,0,27.3,0
2024,680779,1.888,58.27108725789521,0.0820842511834869,0,29,0
2024,680779,1.798,56.307100000084375,0.11253572132042304,0,29.7,0
2024,680779,1.851,56.250163226682886,0.3443414773023599,0,26,0
2024,680779,1.788,52.326414129370036,0.07196456434375126,0,28.7,0
2024,681351,2.18,53.147285145526126,0.124210675570077,0,27.7,0
2024,681351,1.952,55.64224601356646,0.10541033651265219,0,29,0
2024,681351,1.932,55.9079062809966,0.21651701145246133,1,27.9,0
2024,681351,2.066,62.32282036522349,0.4316555617150633,0,28.8,0
2024,681351,2.358,61.35008002134289,0.2985209062381918,0,29.2,0
2024,681351,2.171,57.282008223728106,0.1428277186364278,0,28.9,0
2024,681351,2.168,56.843960214968924,0.14051394216885368,0,29.6,0
2024,681351,1.937,61.685982157329605,0.6040847419203512,1,27.3,0
2024,681351,2.034,59.8187177167436,0.5168113617088794,0,26.9,0
2024,681351,1.956,56.13238098230858,0.07038256695978905,0,29.5,0
2024,681351,1.955,60.992569276351304,0.3823279775759139,1,28.4,0
2024,681351,2.593,70.14971940285568,0.8251123670639859,0,29.6,0
2024,681351,2.057,55.21291315126473,0.10150780395892073,0,28.9,0
2024,681351,1.99,57.694835945539545,0.13501306515126602,0,30.4,0
2024,681351,1.955,58.74541570603699,0.19598508030797523,0,28.3,0
2024,681351,2.025,60.739626302006506,0.24919710525022648,0,29.5,0
2024,681351,2.036,54.32862114263527,0.06975038548633196,0,28.7,0
2024,681351,1.961,58.60534044868477,0.2799618240782701,1,27.9,0
2024,681351,1.923,50.203451941670664,0.06919508376110253,0,27.4,0
2024,681351,1.908,57.02184145059415,0.25784115824096426,1,27.7,0
2024,681351,1.969,55.97928411017377,0.1793794842663206,0,28.5,0
2024,681351,1.965,60.984235343497176,0.357026146626535,1,28.3,0
2024,681351,1.931,53.27857669586802,0.09453191749169934,0,28,0
2024,681351,1.956,61.40895955539655,0.6009611135432067,1,27.4,0
2024,681351,1.959,56.83182304294703,0.12553747729773382,0,27.5,0
2024,681351,2.022,53.70830773758419,0.07904940091475476,0,28.8,0
2024,681351,2.156,58.36640658129747,0.2479362248395866,0,28.3,0
2024,681351,2.199,59.11575320315243,0.19956956138381535,0,30.1,0
2024,681351,2.062,61.48634355815349,0.45983491198191634,0,28.7,0
2024,681351,1.993,55.6819592253485,0.18690703708888928,0,28.1,0
2024,681351,1.963,53.20489042765469,0.13984089718696263,0,27.4,0
2024,681351,2,53.75731939206842,0.08126759862908016,0,27.5,0
2024,681351,1.901,55.43636745672897,0.15888951392030798,0,28.4,0
2024,681351,1.885,55.365894179641586,0.13263351216669686,0,29,0
2024,681351,1.999,59.56878816732055,0.28497476802522703,1,29,0
2024,681351,1.877,57.042780705992655,0.17297076885272467,0,29.1,0
2024,681351,2.143,60.899626957101354,0.15672826989230768,0,30.4,0
2024,681351,2.05,63.126673596711306,0.7042173861368797,1,27.5,0
2024,681351,1.977,55.474906001978695,0.07138547700731984,0,28.8,0
2024,681351,2.207,57.007254136723596,0.279212725876942,0,27.3,0
2024,681351,1.966,55.06163057825802,0.06904570568989392,0,30.1,0
2024,681351,1.916,57.84690876701223,0.17070689374600004,0,29.1,0
2024,681351,2.004,58.28504826362074,0.13804619686813757,1,29,0
2024,681351,1.983,59.67896988799236,0.383756336163213,1,28.4,0
2024,681351,1.951,57.174729240295285,0.1596735132055333,1,28.4,0
2024,681351,2.012,52.43100578557313,0.03948846101983678,0,28.1,0
2024,681351,2.033,60.501909751914766,0.21845225182348973,0,30,0
2024,681351,1.9,58.5699264163633,0.20482825705564475,0,28.3,0
2024,681351,1.964,58.52754387524342,0.30425493430680445,1,28.2,0
2024,681351,2.005,58.52212179693392,0.2112812735107823,0,29.4,0
2024,681351,2.018,57.77139349374971,0.15178926471720988,0,28.4,0
2024,681351,2.034,61.66353120895283,0.35656554714036415,0,29.6,0
2024,681351,1.992,57.35153376072199,0.14319439923296493,0,27.2,0
2024,681351,2.001,56.056249047785904,0.0643429511084752,0,30,0
2024,681351,2.322,48.531976918119724,0.01764396568525701,0,28,0
2024,681351,1.998,63.13306662828559,0.4051998479475026,1,28.9,0
2024,681351,2.024,62.64435540170977,0.4772767276287073,1,28.8,0
2024,682626,1.96,55.30094007200309,0.0676103202277618,0,29.3,0
2024,682626,1.863,55.553881849376445,0.16156780870650722,0,28.6,0
2024,682626,1.937,53.33286474172111,0.11331120114294173,0,27.6,0
2024,682626,1.984,57.21173262217409,0.13908721519156853,0,28.5,0
2024,682626,1.868,53.711950812092525,0.08740530576209385,0,29,0
2024,682626,1.87,56.28578269190284,0.19218056005562786,1,27.9,0
2024,682626,2.064,56.9415454464374,0.2688869819079792,0,27.2,0
2024,682626,1.867,52.22769929668595,0.0590347675689207,0,28.6,0
2024,682626,1.876,49.93946301176252,0.041431855414405805,0,27.9,0
2024,682626,1.897,53.53875561227167,0.0831960007912781,0,28.8,0
2024,682626,1.91,50.9869521438733,0.03162143171205612,0,29.3,0
2024,682626,2.022,59.01734681160374,0.198578073848482,0,29.7,0
2024,682626,1.873,54.127492528022806,0.086447272645016,0,29.4,0
2024,682626,1.937,58.89007559187288,0.36950319075418436,0,28.1,0
2024,682626,2.04,51.68632389255915,0.04698295147834242,0,29.1,0
2024,682626,1.91,56.558201631515125,0.17938940596130604,0,27.8,0
2024,682626,1.99,51.96354247108541,0.0751131481653791,0,27.8,0
2024,682626,1.925,59.623204768870764,0.43717528592251864,1,27.9,0
2024,682626,1.828,57.474082060731824,0.24028430680084178,1,28.2,0
2024,682626,1.934,61.452738049099324,0.5177691867114288,1,27.9,0
2024,682626,1.79,47.89959912481261,0.01407019595216205,0,30.2,0
2024,682626,1.897,53.85079353647881,0.08374436905535583,0,28.6,0
2024,682626,1.924,55.36421660534676,0.1542424958905539,0,28.6,0
2024,682626,2.073,57.794582567512265,0.21613506008424102,0,28.1,0
2024,682626,1.891,57.178842762272566,0.1554259304721064,0,29.6,0
2024,682626,1.93,55.30590078354914,0.09579384531528136,0,29.7,0
2024,682626,1.935,54.59048938786639,0.12759857238188213,0,28,0
2024,682626,1.92,54.86239770728667,0.20579771161467908,0,27.5,0
2024,682626,2.026,57.41005180779363,0.17813091799541902,0,28.4,0
2024,682626,1.867,55.22064554739063,0.1752905593009937,0,27.9,0
2024,682626,1.833,58.149915504785376,0.16312508836787742,0,29.9,0
2024,682626,1.85,52.20200394773977,0.1516670700831223,1,26.7,0
2024,682626,1.899,52.97325330250925,0.02305463287871313,1,30,0
2024,682626,1.911,54.41628007263581,0.08686565952343743,0,28.8,0
2024,686452,1.939,59.26919049732193,0.189428889814157,1,30.2,0
2024,686452,1.907,57.849645723060505,0.29990011977338915,1,27.9,0
2024,686452,1.99,60.18125207528501,0.4087782745825047,0,28.3,0
2024,686452,1.992,54.90760350253221,0.08451502212875944,0,27.8,0
2024,686452,1.936,56.59137253508621,0.13833099097563464,0,28.5,0
2024,686452,2.04,56.69582040651895,0.10770780902431391,0,28.3,0
2024,686452,1.873,55.547664024404654,0.12359404484685979,0,28.5,0
2024,686452,1.989,54.61652318163959,0.13573027876568752,0,27.8,0
2024,686452,1.917,58.04829004995088,0.23200282916264095,1,29.1,0
2024,686452,1.914,56.998496516632144,0.1805564991541417,0,28.6,0
2024,686452,1.928,55.62054598735325,0.13548545804431272,1,28.2,0
2024,686452,1.882,55.9279589467305,0.19043193832441044,0,28.3,0
2024,686482,1.857,50.71444314061845,0.052278632947879364,0,28.4,0
2024,686482,1.885,53.26143239028927,0.06947051266548482,0,29,0
2024,686482,1.866,54.37800537123556,0.0934574680152023,0,28.4,0
2024,686482,1.895,57.792601110712106,0.16661297366738775,1,28.6,0
2024,686482,1.877,51.159021832521596,0.022734747354447093,1,29.6,0
2024,686482,1.847,58.723546554601555,0.25897742082178915,1,29,0
2024,686676,1.779,53.087530956777904,0.06401133144914067,0,28.8,0
2024,686676,1.832,56.92217479785251,0.23284575166933144,1,28.4,0
2024,686676,1.906,65.57261237472298,0.5342715358269704,1,30.1,0
2024,686676,1.791,55.69270000053713,0.11942166609436251,0,29.5,0
2024,686676,1.872,59.07124718630191,0.2493299667670036,0,29,0
2024,686676,1.907,59.26042587925135,0.3918366770461122,1,27.6,0
2024,686676,1.848,58.42145810267425,0.17705580711380983,0,30,0
2024,686676,1.776,55.112699854414025,0.06906458369745828,0,30,0
2024,686676,1.881,52.16914822118417,0.08528695227655907,0,27.5,0
2024,686676,1.851,56.058215728114426,0.20529650721807216,0,28,0
2024,686676,1.799,60.1138297158672,0.35103044747853185,1,28.9,0
2024,686676,1.86,56.508955728251514,0.12127476155903628,0,29.4,0
2024,686676,1.904,62.46454049920059,0.4964012369177747,0,28.2,0
2024,686676,1.88,55.072210366906965,0.11619574271277669,0,28.3,0
2024,686676,1.917,58.58697188938995,0.2008900517973454,0,28.5,0
2024,686676,1.876,52.31647489486678,0.23894210554925316,0,25.4,0
2024,686676,1.861,58.024342094802336,0.15495973995914653,0,29.1,0
2024,686676,1.957,51.260911036647805,0.09619741668744665,0,27.3,0
2024,686676,1.803,60.567046220345794,0.23049270655262077,1,30.4,0
2024,686676,1.886,58.99227423193447,0.2245513254990798,0,28.4,0
2024,686676,1.832,60.341201609019215,0.3480281540292169,1,28.8,0
2024,686676,1.833,52.702011044192915,0.08457491432257584,0,28.3,0
2024,686676,1.916,54.56225926341705,0.16081045501081578,0,27.1,0
2024,686676,1.871,56.481616499765096,0.11391750166920214,0,28.9,0
2024,686676,1.784,58.05777564250856,0.23610607734091785,1,29,0
2024,686676,1.814,57.43734870204325,0.2118660603351978,1,29,0
2024,686676,1.807,57.48097601589681,0.2495415799934386,0,28.5,0
2024,686676,1.9,57.36893475192881,0.12783023147781164,1,28.6,0
2024,686676,1.787,56.82157095107767,0.1973335424712737,1,28.4,0
2024,686676,2.203,69.02579234107375,0.9461334939738788,1,25.7,0
2024,686676,1.778,54.91243376342374,0.12967781876691933,0,28.7,0
2024,686676,1.763,59.16634393251051,0.3855068083632563,1,28.1,0
2024,686676,1.822,57.44726352274971,0.1948329048664103,0,28.9,0
2024,686676,1.838,53.959634616880706,0.12176209654325823,0,27.8,0
2024,686676,1.888,54.888474493956835,0.09896858205313647,0,27.4,0
2024,686676,1.806,57.33062515088657,0.33112988605347765,1,27.3,0
2024,686676,1.861,60.82856354590143,0.45656030054219343,1,28.3,0
2024,686676,1.776,49.757045083753006,0.044750836038925025,0,27.8,0
2024,686676,1.825,60.435587658233864,0.3757188926552776,1,28.9,0
2024,686676,1.803,58.39372909337196,0.2142709146788827,1,29.1,0
2024,686676,1.866,53.149226307572214,0.08212575089862631,0,27.8,0
2024,686676,1.794,58.89817932723716,0.17915065078967138,1,30,0
2024,686676,1.915,55.682140459919765,0.173521203677543,0,27.5,0
2024,686780,1.982,53.02088142370658,0.18876132671991555,0,25.7,0
2024,686780,1.91,57.604668324835764,0.15353725885762903,0,28.6,0
2024,686780,1.924,51.16604816474396,0.06810018444397885,0,27.9,0
2024,686780,1.861,58.02049696219863,0.204196330624356,0,29.4,0
2024,686780,1.928,57.17011333990382,0.1519780854721053,0,29,0
2024,686780,1.789,59.80744884614414,0.6014792715734594,0,29.6,1
2024,686780,1.864,55.25864357702123,0.0918433623312977,1,28.1,0
2024,686780,2.492,65.69831505284174,0.6794153516188225,0,29.1,0
2024,686780,1.891,61.861524322014596,0.7180908003380257,1,29.6,1
2024,686780,1.854,61.44687640547259,0.7167487990228424,0,26.5,0
2024,686780,1.916,57.606660295552345,0.1876253928322375,0,29.1,0
2024,686780,2.112,64.59958458999763,0.5308585331411851,1,29.3,0
2024,686780,1.923,58.512349233741354,0.20245872361391506,0,28.2,0
2024,686780,1.938,58.93239040019514,0.08376237934924152,0,29.7,0
2024,686780,1.838,57.07257876613875,0.18918319347235565,0,28.6,0
2024,686780,1.943,54.97401920645669,0.20614045560265473,0,27.3,0
2024,686780,1.863,59.400330357399966,0.4771430891784371,1,27.3,0
2024,686780,1.881,60.41435696071385,0.40931708640360154,1,28.3,0
2024,686780,1.95,62.523320377630206,0.49021708715273427,1,28.6,0
2024,686780,1.858,55.2541229499825,0.09925005575316963,0,29.6,0
2024,686780,1.974,59.33671810711747,0.2967792576615376,0,29,0
2024,686780,1.943,53.503520679140614,0.02744361122118193,0,29.6,0
2024,686780,1.825,56.5540701103137,0.146569535329482,0,29.1,0
2024,686780,1.952,56.81709530666945,0.16926247558224866,0,29.1,0
2024,686780,1.85,57.25708293706497,0.24768453123183165,0,28.4,0
2024,686780,1.9,56.70475877605424,0.24428727237568687,0,28,0
2024,686780,1.939,59.40764449991889,0.20106179893496073,0,28.6,0
2024,686780,2.019,57.378671597461555,0.14131652824083044,0,30.1,0
2024,686780,1.883,54.64348626278104,0.14700809587866878,0,28.1,0
2024,686780,1.87,61.9589921329177,0.3652282796810794,1,29.3,0
2024,686780,1.833,58.550723665800916,0.2249054201557665,0,29.4,0
2024,686780,1.918,60.2464193627645,0.388936574998815,0,28.2,0
2024,686780,1.883,57.81800535069723,0.2148856904762323,0,29.1,0
2024,691011,1.942,53.574682803516716,0.05490853753439585,0,28.5,0
2024,691011,1.808,55.234869473039424,0.22676330101090286,0,27.3,0
2024,691011,1.967,52.97140834659163,0.05441652855414372,0,27.9,0
2024,691011,1.904,54.1298204918341,0.07096039738525324,0,29.6,0
2024,691011,1.863,57.65864529972863,0.23409770234670857,0,28.7,0
2024,691011,1.991,59.510302105883234,0.5301902565704035,1,30.1,1
2024,691011,2.091,60.29026103151857,0.3306629022642489,0,28,0
2024,691011,1.874,54.25408953557043,0.10711050032665846,0,28.8,0
2024,691011,2.08,52.76725530445719,0.07861430013771631,0,28,0
2024,691011,1.869,56.308938038067424,0.17574472763511584,0,28.8,0
2024,693307,1.782,50.325946021756785,0.02942686566255246,0,29.9,0
2024,693307,1.85,56.20363189006195,0.1755566181561304,0,28.8,0
2024,693307,1.89,60.44416333221286,0.49090565329668145,0,27.8,0
2024,693307,1.884,59.69503918227407,0.3742696741092285,1,28.1,0
2024,693307,1.928,57.570944278051954,0.14535144692150642,0,28.8,0
2024,693307,2.309,60.07903426799483,0.19580632068347156,0,30.4,0
2025,455117,1.981,56.202989962170555,0.18211948603447445,0,28.5,0
2025,455117,1.931,56.53478250728621,0.18539975705372166,0,29.2,0
2025,455117,1.961,63.33300622534526,0.5121509140835324,1,29.6,0
2025,455117,1.898,58.37502657222174,0.4620581462072651,1,27.2,0
2025,455117,1.972,59.8809000636709,0.20075297050620378,0,29.3,0
2025,455117,1.931,51.13911249557873,0.037438364816058015,0,30.1,0
2025,455117,1.955,60.32486826046472,0.663938629599199,0,26.7,0
2025,455117,1.984,58.76543007870338,0.3965387853774777,1,27.3,0
2025,455117,2.116,56.10366406016606,0.2051690667474243,0,27.2,0
2025,455117,1.995,54.92117374277748,0.03887666651883464,0,30.1,0
2025,455117,1.871,52.36304062018757,0.06178425595677065,0,29.6,0
2025,455117,2.454,67.70668803535828,0.8425554432688281,0,27.8,0
2025,455117,1.891,59.683647454644095,0.2826600640805577,0,29.1,0
2025,455117,2.04,59.48572567525119,0.26530236515270594,0,29.3,0
2025,455117,1.839,46.95090321982643,0.023571448188231245,0,28.4,0
2025,455117,1.987,57.34380512852497,0.2110724781207465,0,29.1,0
2025,455117,2.016,58.64820132399052,0.23057902124025803,0,29.1,0
2025,455117,2.025,53.95214883322617,0.09405751936153522,0,28,0
2025,455117,1.882,58.290607873761246,0.23385327780435303,0,29.1,0
2025,455117,1.962,52.80510809330596,0.13614482729237234,0,27.6,0
2025,455117,2.003,56.5217518274359,0.2516357029891541,0,28.1,0
2025,455117,1.979,60.392443884871625,0.45728393296734865,0,28.5,0
2025,455117,1.883,52.70275494283685,0.07159777484807288,0,29.3,0
2025,455117,1.892,56.015604898267625,0.09558409710550576,0,30,0
2025,455117,1.929,56.452084044528014,0.14981383789396976,0,28.8,0
2025,455117,1.98,55.132543155221704,0.21918294789153764,0,27.2,0
2025,455117,1.952,56.41864819924892,0.1648642480235277,0,29.3,0
2025,455117,1.957,57.42952531022751,0.26220431455307025,0,28,0
2025,455117,1.921,58.76368887099288,0.2900124655170172,0,29,0
2025,455117,2.16,63.15113861198673,0.7129394744435302,0,27.1,0
2025,518595,2.05,54.24470539805915,0.1382595594388344,0,27.6,0
2025,518595,1.966,55.81453579622118,0.15320463756635064,0,29.2,0
2025,518595,2.062,56.19502178780661,0.15023145234436566,0,28.6,0
2025,518595,1.915,58.12619565607455,0.24012047196616487,1,29.4,0
2025,518595,2.12,56.572134883897206,0.20289924546434757,0,27.6,0
2025,518595,2.014,63.16928844212658,0.47979478847737683,0,29.1,0
2025,518595,1.984,57.67230525543481,0.22278379470049853,0,29.3,0
2025,518595,1.97,60.596888170305036,0.40390738836591816,1,28.5,0
2025,518595,2.522,71.95165535913625,0.8622376457240704,1,29,0
2025,518595,1.946,55.564194419403066,0.24225870174536485,0,27.8,0
2025,518595,2.023,56.788826409203494,0.18518455679913046,1,28,0
2025,518595,1.942,59.0369071012605,0.3339191635747479,0,28.6,0
2025,518595,2.123,56.92668411831928,0.28817351779449635,0,28.1,0
2025,518595,2.151,55.77489500750064,0.19781104660351795,0,26.7,0
2025,518595,1.936,59.0516624002281,0.2591050252783836,1,28.8,0
2025,518595,1.938,55.73942291703266,0.180831964226351,0,28.2,0
2025,518595,2.051,63.070109350058935,0.7142376952741394,1,27.4,0
2025,518595,2.038,53.13882807693114,0.1537523111832259,0,25.5,0
2025,518595,1.997,57.623590897996,0.16239515236293148,0,30.2,0
2025,518595,2.01,55.28714811149905,0.11670275037868721,0,28.7,0
2025,518595,1.921,57.82976627050909,0.23517102086309497,1,28.7,0
2025,518595,1.963,54.65090630836624,0.11395591452576634,0,28.6,0
2025,518595,2.051,54.93850458743514,0.14448065912810099,0,28.3,0
2025,518595,1.967,53.894207623493884,0.07248193155496153,0,29.7,0
2025,518595,2.018,58.22618382976758,0.0921507086153544,0,29,0
2025,518595,2.069,57.05924551684742,0.09549831143087265,0,28.5,0
2025,518595,2.018,52.72614686237546,0.10423719523977489,0,27.6,0
2025,518595,2.037,56.02268380842784,0.12715903062102912,0,29.4,0
2025,518595,1.891,56.50765149401694,0.29221335305571916,0,27.8,0
2025,518595,1.916,55.72405301601121,0.12372447031156183,0,29.1,0
2025,518595,1.969,55.365393061666246,0.12074536320527735,0,29,0
2025,518595,2.008,53.02612923274462,0.07622201568255245,0,28,0
2025,518595,2.007,59.2523530536661,0.29052020268093054,0,29.3,0
2025,521692,1.917,54.64951396538033,0.11235374795103491,0,29,0
2025,521692,1.986,62.49595215841675,0.36607504110574696,1,29.5,0
2025,521692,1.926,59.483664915496966,0.3143270111551219,1,29,0
2025,521692,1.998,59.407354245528715,0.2548172858620795,0,28.1,0
2025,521692,2.008,64.52565110426798,0.6776677776067676,1,28.7,0
2025,521692,1.911,62.1261187598999,0.5973996556757988,1,28,0
2025,521692,1.917,59.24947227439793,0.3890240779499221,1,28.3,0
2025,521692,1.858,62.36307774164035,0.43512476749081164,0,29.8,0
2025,521692,1.945,53.08578097449674,0.0683793524214613,0,29,0
2025,521692,1.987,55.15236635966674,0.1284284168501724,0,29.4,0
2025,521692,1.908,56.020182807865716,0.14620145999357922,0,27.9,0
2025,521692,1.842,49.064229736569324,0.05906621364448532,0,27.5,0
2025,521692,1.881,59.89585511734225,0.47309356820215415,1,27.9,0
2025,521692,1.877,56.706113184319626,0.29476392947583585,1,27.9,0
2025,521692,1.899,57.41658863826027,0.28013022787887154,1,28.3,0
2025,542963,1.908,54.016461316416716,0.17081828453010525,0,27.9,0
2025,542963,1.915,50.63404943623258,0.07250571904795534,0,27.2,0
2025,542963,1.967,54.81233744457007,0.19572745744570827,0,27.6,0
2025,542963,1.839,55.08155567294777,0.10344524580621796,0,29.9,0
2025,542963,2.015,57.54552990838361,0.24512804327758123,0,28.9,0
2025,543309,2.115,56.48784403560976,0.1614027815884448,0,29,0
2025,543309,1.982,57.283920340859105,0.2751808666263493,0,28.1,0
2025,543309,2.479,65.47882835936825,0.7169050340319825,0,28.9,0
2025,543309,1.919,56.6184159308342,0.17131677524129083,0,29.3,0
2025,543309,2.029,57.16420460604596,0.07710583042442319,0,28.9,0
2025,543309,1.972,57.27165189463229,0.3943193686889275,0,27.2,0
2025,543309,2.042,56.481757240882615,0.1406038520247867,0,29.7,0
2025,543309,2.075,53.350241290533006,0.05129315131614909,0,29.5,0
2025,543309,2.01,55.00962299010912,0.12959210710125713,0,28.4,0
2025,543309,2.005,58.84453326427005,0.37287155891844354,0,28,0
2025,543309,1.903,55.30151840350772,0.11495522317522107,0,29.1,0
2025,543309,2.134,59.02909623287386,0.43628980956725116,0,27.2,0
2025,543309,1.949,58.084323576864,0.6030405612776133,1,25.4,0
2025,543309,2.065,56.24968536318537,0.05358468063514554,0,29.8,0
2025,543309,1.968,63.02371592280419,0.5166559873385436,1,28.9,0
2025,543309,1.963,59.37189920020237,0.4862497212175821,1,27.6,0
2025,543309,1.949,52.649594538380086,0.16757673755847785,0,27,0
2025,543309,2.023,55.05945281375864,0.07911719902292669,0,28,0
2025,543309,1.93,58.45470430977815,0.2524419715054022,1,29,0
2025,543309,2.085,51.49523274703968,0.05385666546404703,0,28.3,0
2025,543309,1.935,54.321319768279736,0.2558388221277623,0,26.9,0
2025,543309,2.007,54.737022842552285,0.30764661776996755,0,25.4,0
2025,543309,2.06,58.25501258229146,0.20483051797114804,0,29.4,0
2025,543309,2.175,55.09690875273619,0.06555431430405533,0,29.7,0
2025,543309,1.992,55.97107902700248,0.14896769785777375,0,28.3,0
2025,543309,1.958,54.911092235375285,0.3131963181508743,0,25.5,0
2025,543309,2.206,55.22579848887697,0.2057362341975481,0,27.9,0
2025,543309,1.927,55.42044975658578,0.1809722710522351,0,28,0
2025,543309,2.036,57.55497673618779,0.07014154791997089,0,29.9,0
2025,543309,1.928,58.22443930039396,0.3785257426215631,1,27.8,0
2025,543309,1.9,50.05856051262141,0.06737440851804379,0,27.8,0
2025,543309,1.992,57.01993159071613,0.2196501337466513,0,29,0
2025,543309,2.214,57.43885618041812,0.15167069063674923,0,30.2,0
2025,543309,1.988,63.23369119330445,0.6827440343336953,1,27.8,0
2025,543309,2.058,60.94890225105262,0.19373274513698696,0,28.6,0
2025,543309,2.053,56.001928783821995,0.3604927693658622,0,26.7,0
2025,543309,1.964,56.367410890117945,0.328665852771638,0,27.3,0
2025,543309,2.11,62.18066791206296,0.46898388780849093,1,28.5,0
2025,543309,1.971,58.193790884868335,0.3670083598484213,0,27.8,0
2025,543309,1.964,58.39336345590103,0.28512380719991687,0,28.3,0
2025,543309,2.063,50.06582534462062,0.04335301916230219,0,28.1,0
2025,543309,2.187,56.98666848326729,0.17293928256604385,0,28.6,0
2025,543592,2.008,54.94632978183038,0.07749870404567857,0,28.7,0
2025,543592,1.964,59.06209521745319,0.34374077433865896,0,28.8,0
2025,543592,1.897,56.866299977030906,0.1474009811219593,0,29,0
2025,543592,2.448,61.95143770173157,0.6072292367840043,0,27.9,0
2025,543877,2.008,57.908318347266324,0.2567541043810891,0,28.6,0
2025,543877,1.879,56.46120175074396,0.301755496839247,1,27.7,0
2025,543877,1.916,58.401207462742505,0.3371434077793602,0,28.4,0
2025,543877,1.934,58.2270702748603,0.23054586121820128,0,29.6,0
2025,543877,1.967,57.29194501643832,0.22214326878991594,0,28.8,0
2025,543877,1.895,57.53368495790896,0.666958384618221,0,28,1
2025,543877,1.946,54.50452197500395,0.17886115316099097,0,28,0
2025,543877,1.904,58.386075589320534,0.4161284663832022,1,27.7,0
2025,543877,1.934,58.623684632206256,0.25257957090418787,1,29.3,0
2025,543877,1.959,59.756941079005685,0.35392308513952225,0,29.1,0
2025,543877,1.88,54.26829299349428,0.13129860264982982,0,28.6,0
2025,543877,1.982,58.236521134748344,0.33462708061283464,0,28.4,0
2025,543877,1.84,54.563431191840564,0.16723174978395772,1,28.3,0
2025,543877,1.964,55.057570593273454,0.13032018950380325,0,29.3,0
2025,543877,1.983,58.48038630480981,0.4120092021564464,1,27.8,0
2025,543877,1.922,54.8380795300618,0.08265085477040708,0,27.9,0
2025,543877,2.513,67.57921091534817,0.8425765559722291,1,28.6,0
2025,543877,1.861,52.55376895487065,0.07063403156804252,0,29.4,0
2025,543877,1.941,57.121906655203155,0.1465405212395298,1,28.3,0
2025,543877,1.905,53.90857912392087,0.09274255177507183,0,29.5,0
2025,543877,1.934,54.09832532583718,0.08483340546799979,0,29.8,0
2025,543877,1.861,56.52177403430381,0.1429500008099649,0,29.4,0
2025,543877,1.823,50.99017444257965,0.04819288586163143,0,29.3,0
2025,543877,2.019,58.419134686092725,0.32807477357819864,1,28.5,0
2025,543877,1.976,59.444881136838525,0.30099440250463455,0,29.1,0
2025,543877,1.942,56.2633726644345,0.14246559667115974,0,28.6,0
2025,543877,1.871,58.14100580797499,0.2967455954686062,1,28.6,0
2025,543877,1.991,60.804175950480925,0.40968142285789316,1,29,0
2025,543877,1.941,60.38073570858783,0.38746049862165016,0,29.1,0
2025,543877,1.928,55.42840426758156,0.09321785301372203,0,30.4,0
2025,543877,2.043,58.97553383493742,0.21094196670213874,0,30.1,0
2025,543877,1.97,56.25367133513724,0.263216831613538,1,28,0
2025,543877,2.058,57.873591062656494,0.2715826632941474,0,28.5,0
2025,543877,2.01,60.093926192910104,0.2574206185094612,1,29.4,0
2025,543877,1.951,61.305115196551405,0.3922240387094784,1,29.6,0
2025,543877,1.969,59.22390423200879,0.3207980776815366,0,28,0
2025,553869,1.866,56.93074753634885,0.1330800887052171,0,29.6,0
2025,553869,1.886,49.462188160440334,0.045316435969967754,0,28.5,0
2025,553869,1.831,54.95300370788969,0.16001232576374672,0,28.6,0
2025,553869,1.889,55.433483090473715,0.12497848492866764,0,29.5,0
2025,553869,1.914,54.03772829050011,0.12173468094057242,0,28.6,0
2025,553869,1.931,55.71445522068017,0.2310361283450593,0,27.9,0
2025,553869,1.896,53.793147750030094,0.19392011570078405,0,26.7,0
2025,553869,1.946,59.03189007885947,0.33695697091853327,0,28.6,0
2025,553869,1.884,52.94861105045157,0.07853132117720905,0,28.6,0
2025,553869,1.982,60.57032809093458,0.5312623594446322,0,27.9,0
2025,553869,1.84,55.39688293677901,0.06075394796521893,0,29.6,0
2025,553869,1.889,57.83538676133258,0.2433184166417308,1,29.2,0
2025,553869,1.998,56.172993559012646,0.19673719273049559,0,28.6,0
2025,553869,1.947,56.64812056919658,0.13669921269799815,1,28.3,0
2025,553869,1.87,56.33169860548938,0.26768171878773017,1,28,0
2025,553869,1.838,51.46136428591385,0.060389675232466404,0,28.7,0
2025,553869,1.918,53.46173400232809,0.10245335701876013,1,27.9,0
2025,553869,1.905,54.22681878896745,0.12277497265264539,0,28.4,0
2025,553869,1.914,52.774875502938485,0.026962075853100106,0,30,0
2025,553869,1.858,54.45070990360616,0.18785544641816707,0,27.9,0
2025,553869,1.999,46.213617532706174,0.03780467066450278,0,26.6,0
2025,553869,2.075,65.01957996177947,0.848746238324115,1,26.9,0
2025,553869,1.858,53.98513268261946,0.10825862923538035,0,28.9,0
2025,553869,1.9,57.173573929108066,0.30476003708661636,0,28,0
2025,553869,1.912,54.535606548435226,0.1581260032659306,0,28.4,0
2025,592663,1.815,53.76564899856599,0.07356414788797838,0,29.6,0
2025,592663,1.863,53.96681265897625,0.10677873884127152,0,29.1,0
2025,592663,1.811,56.464654192280214,0.22424491394859727,1,28,0
2025,592663,1.852,53.3293915322376,0.10982597431136087,0,28.6,0
2025,592663,1.855,54.34044470985227,0.11006927164329737,0,28.2,0
2025,592663,1.875,56.93547320397172,0.19528040444951522,0,28.4,0
2025,592663,1.855,53.35728474820853,0.08053369834946582,1,29.1,0
2025,592663,1.797,54.458475291551366,0.1309724332917261,0,28.2,0
2025,592663,1.82,56.90266609681118,0.24494189671465616,1,28.6,0
2025,592663,1.841,54.577352437924944,0.13416588015554687,0,28.3,0
2025,592663,1.767,54.783023050371085,0.12936669288742003,1,29.1,0
2025,592663,1.914,54.54815406315445,0.1298053473122852,0,28.3,0
2025,592663,1.845,56.12416690014844,0.13971738597745456,0,28.6,0
2025,592663,1.8,58.13191040163427,0.2572046047344221,0,29,0
2025,592663,1.849,53.03303362459435,0.10193622823444952,0,27.9,0
2025,592663,1.822,55.12321951317531,0.1458434017690848,0,28.3,0
2025,592663,2.228,59.43973568076313,0.33569964173974426,0,29,0
2025,592663,1.783,55.69901867149638,0.1993971160582179,0,28.5,0
2025,592663,1.873,56.047843130616876,0.2228146849675912,1,28,0
2025,592663,1.878,54.64226030883957,0.0576783659654803,0,30.1,0
2025,592663,1.844,56.38149605727583,0.15458003027315667,1,29.6,0
2025,592663,1.96,54.66098692092084,0.1863843288737522,1,28,0
2025,592663,1.916,55.02412659423204,0.23074810733683548,1,27.6,0
2025,592663,1.836,58.30710862887901,0.26375420658142595,0,28.7,0
2025,592663,1.713,56.56501879281638,0.2019413502795407,0,28.9,0
2025,592663,1.797,53.69544716721291,0.10153720182835516,0,29.1,0
2025,592663,1.739,53.10883894290406,0.09050847081707608,1,29,0
2025,592663,1.927,58.57333114765163,0.38266280415510423,0,27.2,0
2025,592663,1.821,57.21797767929807,0.14356017955354675,0,28.7,0
2025,592663,1.79,57.17437785551141,0.2529148827611812,0,28.6,0
2025,592663,1.919,59.01570400627884,0.3899592994333335,1,28.1,0
2025,592663,1.858,59.48399217247186,0.27492973189640235,0,29.7,0
2025,592663,1.796,53.8294225563186,0.11948862458587504,1,28.7,0
2025,592663,2.018,59.40692378800988,0.2511512962497648,0,29.7,0
2025,592663,1.819,63.31653407843617,0.7107793171170433,1,27.9,0
2025,592663,1.838,54.39348908450081,0.07964311264989164,0,29.5,0
2025,592663,1.828,54.40915673563822,0.26175706817688915,0,26.9,0
2025,592663,1.858,59.518711859878316,0.5082587049061977,1,27,0
2025,592663,1.771,50.751777840474276,0.09664322607354237,1,26.9,0
2025,592663,1.824,59.235098654914445,0.29852020085109515,0,29.1,0
2025,592663,1.963,59.810835104169705,0.37536773521338135,1,28.3,0
2025,592663,1.833,58.87448770091823,0.20664650149241295,1,29,0
2025,592663,1.791,58.03693820960196,0.20021829606559588,1,29.3,0
2025,592663,1.813,54.527915083535866,0.37280156818963667,0,25.5,0
2025,592663,1.845,50.75787514112265,0.04226654163327493,0,28.8,0
2025,592663,1.878,53.65420873234454,0.09096790948040971,0,28.4,0
2025,595978,1.868,57.52873234995105,0.17708118617921453,0,28.9,0
2025,595978,1.957,56.25654871592924,0.14463546294459265,0,28.4,0
2025,595978,1.878,58.14683682606192,0.39678413235368826,0,27.2,0
2025,595978,1.843,56.00696850841837,0.2253641796215938,1,28.3,0
2025,595978,1.927,57.41275244542343,0.27386384780006556,1,28.4,0
2025,595978,1.951,52.79239456256109,0.1040667083359441,0,28.3,0
2025,595978,1.987,61.21768774027832,0.4440856300803003,0,29.1,0
2025,595978,1.917,58.11015030477617,0.2291849916965666,1,28.8,0
2025,595978,1.975,62.08110613720076,0.5870513992351445,1,28.3,0
2025,595978,1.965,52.37916015792501,0.06918624644965916,0,28.3,0
2025,595978,1.979,59.39671174734624,0.2995832371448224,1,27.2,0
2025,595978,1.941,58.38425381517762,0.19314686010767687,1,29.2,0
2025,595978,1.957,56.1052317120404,0.1522234710186119,1,28.8,0
2025,595978,1.942,59.087004980010256,0.35908214224973023,1,28.6,0
2025,595978,1.944,59.61657802437642,0.6244423796470702,1,26.6,0
2025,595978,1.909,54.581511914783675,0.26238862703412735,0,26.3,0
2025,595978,2.002,66.58878352209902,0.7047182629917957,1,29.6,0
2025,595978,1.886,53.55590241540932,0.11163484791796907,0,28.4,0
2025,595978,2.145,63.19574115632175,0.6023138197564121,1,28.6,0
2025,595978,1.92,55.675720691900466,0.15485921801062905,0,28.6,0
2025,595978,1.885,54.46243607907005,0.1505743588061931,1,28.3,0
2025,596142,1.906,58.42834003792675,0.24781299245675475,0,29.5,0
2025,596142,1.917,50.44094311382767,0.11691159203116903,0,26.4,0
2025,596142,1.945,55.412155466116026,0.12382373882918804,0,29.1,0
2025,596142,1.972,52.38443972640635,0.04887891134353998,0,27.7,0
2025,596142,2.034,59.953843457895815,0.16491830413062297,0,29.6,0
2025,596142,1.885,51.479944519487,0.06055006182684839,0,28.3,0
2025,596142,1.893,59.03219143091031,0.38059614833437533,0,28.4,0
2025,596142,1.787,56.98003955339946,0.58998723498195,1,28.4,1
2025,596142,1.837,53.3563274716545,0.1156181075961376,0,28.4,0
2025,605131,2.111,62.58396508954371,0.2852101518776602,0,29.7,0
2025,605131,2.155,57.464640393369365,0.34067294275875487,0,27.9,0
2025,605131,2.089,56.71285449129653,0.36768264641970994,0,27,0
2025,605131,2.028,56.00716618095102,0.1667087944163583,0,28.6,0
2025,605131,2.017,58.987875751741726,0.37741620498919276,0,27.9,0
2025,605131,2.25,62.982326991274476,0.5326179145410934,0,29.2,0
2025,605131,2.048,54.90457143570892,0.04537210571007946,0,29.7,0
2025,605131,2.168,63.0812472419763,0.5883573388814725,0,27.2,0
2025,605131,2.173,49.142704482888135,0.022037302467671854,0,27.9,0
2025,605170,2.071,50.42553238184969,0.06502422248745057,0,27.9,0
2025,605170,2.154,62.713456176407234,0.8184067729146094,1,25.9,0
2025,605170,2.128,61.42773698495851,0.6518737857924647,0,27.4,0
2025,605170,2.032,60.3519183786543,0.44798449182910866,0,28.5,0
2025,605170,2.184,57.22114890892925,0.19303841317384351,0,28.4,0
2025,605170,2.095,61.5817869056847,0.41006004021826997,1,29.1,0
2025,605170,1.998,55.06771066236197,0.17982418450332857,0,27.7,0
2025,605170,2.054,49.62545767163688,0.049115015664822056,0,28.4,0
2025,605170,2.018,55.660214518687965,0.10395202546219724,0,29.8,0
2025,605170,1.991,49.4420615838638,0.024762958336020203,0,29.2,0
2025,605170,2.041,61.652652418475384,0.4851573971160494,1,28.9,0
2025,605170,2.085,56.42988694702002,0.1810669637225856,0,29.2,0
2025,605170,1.999,57.74551599620284,0.3484904019435476,0,27.2,0
2025,605170,2.02,53.21172380220341,0.084026920209555,0,29,0
2025,605170,1.995,59.919839771914745,0.20370262959654123,1,30.4,0
2025,605170,2.099,54.51815939966712,0.15052550011128749,0,28.1,0
2025,605170,2.079,54.16961465657769,0.16201886008046162,0,28.1,0
2025,605170,2.013,52.90079437595112,0.045742649808251004,0,29.3,0
2025,605170,1.943,50.3326016838532,0.032250865330693025,0,30.1,0
2025,605170,2.018,57.77039912219015,0.27572543103609876,0,28.6,0
2025,605170,1.971,57.74553559111219,0.5560851241209499,0,28.6,1
2025,605170,1.98,50.315288783991754,0.03940913342971942,0,28.5,0
2025,605170,2.02,53.45306081193667,0.12814746197227256,0,28.3,0
2025,605170,2.029,55.91455065749479,0.20068106733553553,0,27.9,0
2025,605170,2.078,49.85371149740799,0.08448213384789441,0,26.9,0
2025,605170,2.114,54.67573737136166,0.21854233769838302,0,27.5,0
2025,605170,2.011,52.572973445262676,0.06560525950730865,0,28.3,0
2025,605170,2.084,58.197381942364764,0.27810565747924676,0,29,0
2025,606992,1.885,59.95036786141699,0.3357086081505467,0,29.2,0
2025,606992,1.826,62.37635079715857,0.4628683143573588,1,29.6,0
2025,606992,1.869,53.576352595818726,0.10267081739947659,0,28.4,0
2025,606992,1.905,51.735008496446575,0.06820253660566365,0,28.3,0
2025,606992,1.87,56.55785589178016,0.2314914451124657,1,28.5,0
2025,606992,1.864,54.61233675622834,0.09406506755471852,0,29.6,0
2025,606992,2.019,60.02006161785755,0.6136829112499289,1,26.8,0
2025,606992,1.839,56.467356862718766,0.17800462645653783,0,29.3,0
2025,607732,2.039,50.04619818767892,0.02318634381791802,0,28.9,0
2025,607732,2.031,60.5139319190225,0.4766688702524161,1,27.6,0
2025,607732,2.136,55.391690453217365,0.1882032493555334,0,28.1,0
2025,607732,2.133,53.27039180057669,0.03860810710422913,0,29.7,0
2025,607732,1.924,58.25168589274502,0.2239489780093782,0,29.3,0
2025,607732,2.008,55.2590166349958,0.05078600354160014,0,30.2,0
2025,607732,1.963,54.331539195766,0.10881595827422678,0,28.7,0
2025,607732,1.983,58.36657178669715,0.17054097498583906,0,29.8,0
2025,607732,1.986,58.303117573768176,0.19844559290206967,0,30.1,0
2025,607732,1.987,55.848767021637485,0.25692645768215305,0,26.9,0
2025,607732,2.01,56.2029031147913,0.1515695974752516,0,28.2,0
2025,607732,2.029,59.75868811326984,0.33130924119448624,1,29,0
2025,607732,2,57.17973126821759,0.003598272126012052,0,27.2,0
2025,607732,2.005,54.3933875487064,0.16060326398903865,0,28,0
2025,607732,1.99,56.726907267332884,0.23479873905473908,0,28.6,0
2025,607732,2.02,59.18014472505482,0.34785397539085716,0,26.7,0
2025,607732,1.971,57.08587222012679,0.1927731284669815,0,29.3,0
2025,607732,1.912,59.89682872227035,0.2952345848718565,0,29.6,0
2025,607732,2.121,55.50397816301317,0.08669400322920627,0,28.5,0
2025,607732,1.961,57.6436526790595,0.23324111265684588,0,28.6,0
2025,607732,1.948,59.18035599263398,0.30482096763351696,0,29.2,0
2025,607732,2.027,62.06284849239553,0.5443186356389147,1,28.5,0
2025,607732,1.983,54.8570370555831,0.13998002559207023,0,28.4,0
2025,607732,1.966,55.0499347351318,0.1340543803026585,0,28.5,0
2025,607732,2.117,59.24955251161593,0.4482176294657207,1,26.4,0
2025,607732,1.905,59.85631838217296,0.2337426858825308,0,30.4,0
2025,607732,1.991,53.72270784492986,0.1942649452317674,0,27.1,0
2025,607732,1.992,58.26500392815522,0.2236451915843472,0,29.7,0
2025,607732,1.948,55.612700941868,0.2609999778593495,0,26.9,0
2025,607732,1.885,57.23222841530302,0.14394295002362392,0,30,0
2025,607732,2.053,60.835308575847264,0.41401889040436035,0,29,0
2025,607732,1.969,60.01893819786045,0.515735071456367,1,27.6,0
2025,607732,2.033,55.59750077619275,0.16688292932411172,0,27.5,0
2025,607732,2.002,53.45317546155593,0.06870295147804534,1,28.4,0
2025,607732,1.885,53.29301037599269,0.04752170316148383,0,30.4,0
2025,608348,1.925,57.056799048088926,0.11739574752469024,0,28,0
2025,608348,1.877,58.75765569492108,0.2705065180956726,0,29,0
2025,608348,1.938,52.23412376417114,0.09606295268827147,0,27.5,0
2025,608348,2.166,59.909848126613156,0.26502562619412606,0,29,0
2025,608348,2.043,57.82228867520437,0.15582890520815884,0,29.8,0
2025,608348,1.836,53.91864342996668,0.11249209452431216,0,28.6,0
2025,608348,1.982,59.92476135789653,0.3930611887355657,1,28.2,0
2025,608348,1.805,54.38220161031035,0.08317749129985799,0,30.1,0
2025,608348,1.89,56.32822033178903,0.2423313220059746,0,28.3,0
2025,608348,2.04,60.50925354533581,0.6530201154690874,1,26.9,0
2025,608348,1.934,59.0741319614417,0.27290153811165696,1,28.6,0
2025,608348,1.923,56.51219740216755,0.16057096342747243,1,28.9,0
2025,608348,2.073,58.24818608849876,0.3068318812243493,1,28.5,0
2025,608348,1.92,57.321939671393444,0.21905652735512743,1,29.1,0
2025,608348,2.204,58.69015480166309,0.18366612799871987,0,29.2,0
2025,608348,1.959,58.356320206903625,0.1453513045934448,0,29.8,0
2025,608348,1.95,52.63609502214032,0.12174788652695342,0,27.9,0
2025,608348,1.92,56.582474463497775,0.2385740038201425,0,28.2,0
2025,608348,1.841,50.93585383414796,0.053444006469842015,0,28.8,0
2025,608348,2.043,55.3335566727833,0.06120205676971773,0,28.8,0
2025,608348,1.855,55.17763259236419,0.2676499034305661,1,27.3,0
2025,608348,1.938,55.84658186417956,0.27699681178695645,0,27.2,0
2025,608348,1.954,56.5753928862946,0.16558241448479857,0,28.8,0
2025,608348,2.05,54.82881307407298,0.12603601398818393,0,28.7,0
2025,608348,1.999,56.95095213811709,0.2254228540118558,0,28.9,0
2025,608348,1.92,55.138650453368236,0.15678428674051273,0,28.6,0
2025,608348,1.915,59.17018021264285,0.3011015786945631,1,29.2,0
2025,608348,2.058,60.732032252507125,0.41346084030810953,1,29.1,0
2025,608348,2.024,58.16595958301952,0.2129279018696232,1,28.8,0
2025,608348,1.932,56.51661213428427,0.1785324668243786,0,28.3,0
2025,608348,1.926,57.38436373436545,0.2516649481674817,1,28.4,0
2025,608348,1.934,59.12527711518957,0.4055199504140807,1,27.8,0
2025,608348,1.907,53.47055243873405,0.08647471633067196,0,28.3,0
2025,608348,1.872,55.02115301569749,0.13588643171436932,0,29,0
2025,608348,1.931,60.19700608389287,0.33107113432210483,1,29.6,0
2025,608348,1.867,58.387583157925015,0.31070403211356284,1,28.7,0
2025,608348,1.947,58.23536555116861,0.20641064074209328,0,29.8,0
2025,620443,2.111,56.374937383366856,0.08806732074015834,0,30,0
2025,620443,1.861,52.96708003056027,0.03649663810014924,1,28.6,0
2025,620443,1.786,50.23797859327829,0.026736270888379113,0,28.2,0
2025,620443,2.067,62.26509325238191,0.6270854934189692,1,28,0
2025,620443,1.827,55.655687584397924,0.1566560747126785,1,29,0
2025,620443,1.865,54.416136454687305,0.15534104494602347,1,28.4,0
2025,620443,1.806,54.727069378625565,0.2499276494106819,1,27.2,0
2025,620443,1.877,57.01035039760356,0.2452385067257281,1,28.4,0
2025,620443,1.866,59.67168758827496,0.3007562955554021,1,29.6,0
2025,620443,1.888,60.86151300778589,0.3157603460947743,1,29,0
2025,620443,1.893,59.61415912895475,0.16043671410495586,0,28.5,0
2025,620443,1.856,58.20852362325441,0.32294113690530485,1,28.5,0
2025,620443,1.819,53.63763813194859,0.08679219295729333,1,29.2,0
2025,620443,1.767,49.506562816123605,0.15806792262818004,0,28.6,1
2025,620443,1.847,54.15520712795601,0.15789319325319803,1,27.6,0
2025,620443,1.838,53.960806872905394,0.26609428280141273,0,26.5,0
2025,620443,1.779,54.7120559312883,0.15207746600559283,1,28.5,0
2025,620443,1.82,57.48130790526703,0.12139537727683333,0,30.1,0
2025,620443,1.857,58.2474822262721,0.3029778346190079,0,28.7,0
2025,620443,1.788,52.713874286364224,0.025671413377295383,1,30.4,0
2025,620443,1.782,52.82658265930584,0.09043138930280534,0,28.9,0
2025,620443,1.897,58.54155739301665,0.285390243685948,0,29.1,0
2025,620443,1.834,57.50159436789067,0.15461606360401448,1,29,0
2025,620443,1.823,53.98654062935583,0.1273154198571044,0,28.7,0
2025,620443,1.867,61.93776413758008,0.34778447189358125,1,29.9,0
2025,620443,1.874,56.44336858202907,0.21020910789703678,1,28.3,0
2025,620443,1.879,56.95961738016388,0.1994776911130614,0,29.2,0
2025,620443,2.108,64.94074862255154,0.5584299571759744,1,29.9,0
2025,623168,1.921,47.97939322526757,0.02960766482126663,0,27.5,0
2025,623168,1.944,55.03957964446979,0.10529988076471346,0,29,0
2025,623168,1.982,59.352268275071886,0.3776849623082505,1,27.9,0
2025,623168,1.934,56.963743640835716,0.18790788449231902,0,29.3,0
2025,623168,1.983,59.25497465589595,0.36575726691973887,1,28.1,0
2025,623168,1.893,56.33276825222547,0.21611619064850576,0,28.6,0
2025,623168,1.94,58.075885839582135,0.17117696606726077,0,30.4,0
2025,623168,1.89,56.79644738807847,0.23617580717179504,1,28.6,0
2025,623168,1.945,55.06783821670179,0.11263604548099773,0,28.2,0
2025,623168,1.87,56.48057660537008,0.2944307617720694,1,27.7,0
2025,623168,1.857,57.401447713572786,0.3169865349332939,1,28.1,0
2025,623168,1.851,56.22970111346321,0.16191961037191438,1,29.3,0
2025,623168,2.076,53.79958850379535,0.08901900047792596,0,29,0
2025,623168,1.987,56.17278767462561,0.12208814025778306,0,28.8,0
2025,623168,1.931,57.08805800716778,0.18807691533667836,0,28.3,0
2025,623168,2.09,63.82446478580935,0.6779202388744814,0,28,0
2025,623168,1.855,55.552859630625335,0.29131612741461405,1,27.2,0
2025,623168,1.871,51.09646530187104,0.06840087756792025,0,28.2,0
2025,623168,1.911,56.14317366294954,0.16528278197347357,0,29.3,0
2025,623168,1.902,56.30642229971079,0.24280421676814565,0,27.6,0
2025,623168,1.874,53.29099146827712,0.10080303972892225,0,28.7,0
2025,623168,1.879,49.78291377502373,0.029552897902872365,0,29,0
2025,623168,1.897,57.18021571319167,0.26346088941611234,1,28.5,0
2025,623168,1.893,56.8775944567038,0.1722695850560447,0,29.3,0
2025,623168,1.904,55.822677844739424,0.4101481104286289,1,26.2,0
2025,623168,1.905,53.04370732573912,0.07448887286929597,0,28.8,0
2025,623168,2.046,58.57668720944826,0.18326222569924522,0,28.1,0
2025,623168,1.959,56.322906716121516,0.19247504989986972,0,27.7,0
2025,623168,1.844,51.10857574977742,0.0368677995357531,0,30.1,0
2025,623168,1.971,57.08933895967676,0.24112226814809115,0,27.2,0
2025,623168,1.924,53.39109465611394,0.10442072093845592,0,27.9,0
2025,623168,1.84,54.71549864042926,0.4422304986645746,0,28.4,1
2025,623168,1.929,59.02773949756328,0.5037468182132837,1,27.2,0
2025,623168,1.833,50.34830430026912,0.0625798493792024,0,28.1,0
2025,623168,1.886,55.848351350447736,0.19035650877288046,0,28,0
2025,623168,1.828,53.52140261528414,0.1232900136504191,0,28,0
2025,624431,1.873,58.267236658936234,0.41225557751235614,1,27.7,0
2025,624431,2.054,52.773395202000316,0.13010057591196403,0,26.4,0
2025,624431,1.924,54.20190577541589,0.11401853589491093,0,28.4,0
2025,624431,2.018,62.58656807344752,0.4036250873937222,0,29.7,0
2025,624431,1.936,57.061239807615124,0.31159124499406016,0,27.9,0
2025,624431,1.962,55.75011809491094,0.22530095831835106,0,28.1,0
2025,624431,2.075,57.91826186757338,0.21688029756372268,0,28.6,0
2025,624431,1.922,57.692824075298795,0.4255504823595437,1,27.2,0
2025,624431,1.963,55.80077251507451,0.09192929073878361,0,30.2,0
2025,624431,2.041,56.22699624535465,0.1302311865188077,0,29.1,0
2025,624431,1.941,56.54543945301417,0.15306586328986876,0,28.6,0
2025,624431,2.019,56.97655453607545,0.14288802616518764,0,28.6,0
2025,624431,2.044,56.27356797801472,0.2865260931495917,0,26.9,0
2025,624431,2.042,53.38129020549472,0.08372439238195371,0,28.3,0
2025,624431,1.939,54.29074945731273,0.07051784238764926,0,30.1,0
2025,624431,1.989,54.55816096428652,0.14555831589027998,1,28.6,0
2025,624431,1.988,55.05515410872865,0.12950176112020956,0,28.6,0
2025,624431,1.984,58.05986019977393,0.33592713429560045,0,28.3,0
2025,624431,1.93,56.12861893004507,0.10420423968227899,0,30.1,0
2025,624431,1.936,52.80568551510761,0.15187111296696207,0,26.8,0
2025,624431,2.045,59.20795582886516,0.6100526365163121,0,26.5,0
2025,624431,2.097,51.55859234253313,0.04775166939237274,0,28.7,0
2025,624431,2.01,60.70955870208836,0.29053188475033664,1,29.6,0
2025,624431,1.958,59.401745978956576,0.22430443683481424,0,30.1,0
2025,624431,2.013,60.307466667095035,0.3989732803365231,0,28.4,0
2025,624431,1.988,55.68211571820035,0.06854891281055504,0,30.1,0
2025,624431,1.96,57.18230997714105,0.35302330209052507,0,27.2,0
2025,624431,1.981,59.175788611457335,0.4121674417642286,0,28.1,0
2025,624431,1.858,54.29593301846777,0.1469760456949109,0,28.5,0
2025,624431,1.91,54.13965207999596,0.14708553616946365,1,28.2,0
2025,624431,2.047,58.323910675861455,0.11112659055528953,0,29.9,0
2025,624431,1.98,56.1064294495509,0.26417371073434304,0,27.9,0
2025,624431,2.013,60.676821847517196,0.17621257441357535,0,29.1,0
2025,624431,2.057,57.66993223738433,0.15260332835423218,0,29.7,0
2025,624431,1.963,53.15180934272101,0.08287919880902729,0,29.3,0
2025,624431,2.011,55.94482618111833,0.12859898134573522,0,28.6,0
2025,624431,1.98,60.373766942511445,0.4286889633831505,1,28.1,0
2025,624431,2.077,62.27033875578931,0.4546731822866524,1,28,0
2025,624431,2.036,60.25713849443423,0.49744590582385995,1,28.1,0
2025,624431,1.903,55.32622846667259,0.1477086931670453,0,29,0
2025,624431,2.016,60.4540647247545,0.4117331047586984,1,28.4,0
2025,624431,1.997,61.57841469312591,0.5099010352726323,1,27.9,0
2025,624431,2.034,58.155026320734976,0.2953712601609008,0,28.3,0
2025,640902,1.945,60.49007079854418,0.724931125625421,0,29.1,1
2025,640902,2.014,60.237533957226034,0.31994371256727994,0,28.6,0
2025,640902,1.873,58.478586510498445,0.4806033592993142,0,27.1,0
2025,640902,1.89,54.87346323462078,0.5834423671848973,0,27.2,1
2025,640902,1.921,54.90964519849267,0.13500778180928336,0,27.9,0
2025,640902,1.858,58.73905746299003,0.40167664211593357,0,28,0
2025,640902,1.871,56.30258560959175,0.2111826320932557,0,28.7,0
2025,640902,1.837,53.578787866091574,0.07791908947829865,0,28.5,0
2025,640902,1.884,52.060730050509925,0.06938674566152143,0,28.4,0
2025,640902,2.002,58.342336695709136,0.3597054389950837,1,28.1,0
2025,641598,1.966,55.05084225787147,0.1404271073700569,0,29,0
2025,641598,1.942,58.45130971260113,0.3075337930509703,1,28.8,0
2025,641598,2.02,62.907749318766996,0.5265495888241107,0,29.3,0
2025,641598,2.01,53.17031594388679,0.1177855023182338,0,28.4,0
2025,641598,2.012,57.76746838818412,0.2927685732914585,0,28.5,0
2025,641598,2.041,54.189717712002874,0.09983596038794092,0,28.9,0
2025,641598,2.133,63.37473347241438,0.3440566753180862,0,29.8,0
2025,641598,2.023,58.80408570280112,0.31386639883621864,0,28.3,0
2025,641598,1.991,56.40309398537997,0.09597394289035327,0,30.4,0
2025,641598,2.03,62.274608451094636,0.46599550488558,1,28,0
2025,641598,1.988,50.28166487002203,0.05366757245756789,0,28.6,0
2025,641598,2.022,57.03398751483475,0.304095847866689,0,28,0
2025,641598,2.044,58.123350228545824,0.3595434725889037,1,28,0
2025,641598,1.94,58.726517728275965,0.2266301781347071,1,29.7,0
2025,641598,2.043,57.34363193197184,0.2596052831894106,0,27.7,0
2025,641598,2.127,60.10777325364499,0.40487325433221355,0,27.5,0
2025,641598,2.108,56.4906256344335,0.12066606360093633,0,28.4,0
2025,641598,2.041,59.895286954837175,0.36479364797000163,0,28.8,0
2025,641598,2.153,64.36904020178697,0.6648868176547417,0,28.9,0
2025,641598,2.082,61.91593086270602,0.5049013949465957,0,27.5,0
2025,641598,2.007,60.06795008450317,0.3898077959155703,0,28.1,0
2025,641598,2.076,63.881951578844316,0.6456244050492528,1,28.8,0
2025,641680,2.004,55.905786257082035,0.07350849536527815,0,30.4,0
2025,641680,2.096,56.447692927780906,0.0716165673433846,0,28.6,0
2025,641680,2.015,55.76336349436208,0.13565526269967412,0,29,0
2025,641680,1.998,53.32444941909124,0.08602845515689206,0,29.3,0
2025,641680,1.96,56.69713241575098,0.24763179192364757,0,28.4,0
2025,641680,1.98,56.3781766733165,0.27840298943689273,0,27.9,0
2025,641680,2.071,55.12739603411928,0.03725861176811966,1,29.6,0
2025,641680,1.976,53.00138824602132,0.06562787203106976,0,29,0
2025,641680,1.936,58.94168403988262,0.36824164855406305,1,28.5,0
2025,641680,2.024,55.46251407901027,0.07596484494144376,0,29.7,0
2025,641680,2.098,62.64502205553032,0.6075934317643872,1,26.9,0
2025,641680,2.007,56.70416876141558,0.28247287329343795,0,27.5,0
2025,641680,2.039,53.50557709975441,0.07656644913711608,0,28.1,0
2025,641680,2.037,55.33279252162134,0.10308182463472024,0,30.1,0
2025,641680,1.944,56.49112617050122,0.14545507843026415,0,29.9,0
2025,641680,2.243,66.81161066495139,0.7901317046005433,1,28.4,0
2025,641680,2.168,53.786333016078636,0.07601520126825062,0,27.5,0
2025,641680,2.019,54.954964080124306,0.20760227506226187,0,27.6,0
2025,641680,1.987,58.153853656068776,0.25368552108688974,1,29.2,0
2025,641680,1.978,52.82667857438284,0.11781587710804182,0,28.1,0
2025,641680,1.952,54.78956414530573,0.12641801024602928,0,28.5,0
2025,641680,1.955,55.852650823372734,0.26092646629307753,0,27.2,0
2025,641680,1.972,54.487101385503934,0.15072434305640184,0,28.3,0
2025,641680,2.048,57.174995127794894,0.30274767060524926,0,27.8,0
2025,641680,1.941,56.311504734522536,0.3168742795350875,0,27.4,0
2025,641680,1.996,59.38443818032354,0.3101900729734017,1,28.4,0
2025,641680,1.963,58.22908000084415,0.39873382352497444,1,27.6,0
2025,641680,2.04,57.68675201789054,0.30341875062357765,0,28.3,0
2025,641680,2.002,59.08958355183054,0.27336733388830586,0,28.7,0
2025,641680,2.008,58.292714419564724,0.2545062792561089,0,28.8,0
2025,641680,1.988,57.38424315618728,0.20989720239259269,0,28.4,0
2025,641680,2.026,54.480448449609796,0.10024854573336553,0,29.6,0
2025,641680,2.095,58.435971409641596,0.27907155542345974,0,29,0
2025,641680,2.01,55.30535697430279,0.2003263083907502,0,28,0
2025,641680,1.955,56.97884860375104,0.3122309477314138,0,27.9,0
2025,641680,2.059,55.40245424837188,0.1816784975024425,0,28.1,0
2025,641680,1.981,54.131067800074376,0.14678470528061935,0,28.4,0
2025,641680,1.912,56.0297699691181,0.16429634062917242,1,28.8,0
2025,641680,2.028,55.06077625645825,0.09230706426522066,0,28.9,0
2025,641680,1.973,56.940354663689,0.3633510134906057,1,27,0
2025,641680,1.946,55.53282929593823,0.18519124728048944,0,28.3,0
2025,642136,2.117,55.64163156756361,0.18476181550565304,0,28.3,0
2025,642136,1.897,59.541580442442495,0.2259978736354463,0,30.4,0
2025,642136,2.021,58.121744656133764,0.31691960334907926,0,28.5,0
2025,642136,1.894,56.71542001824741,0.24734149688406645,0,28.4,0
2025,642136,1.964,52.52435625016301,0.07442501199067124,0,28.4,0
2025,642136,2.071,53.653529216242845,0.07979821425003608,0,28.6,0
2025,642136,1.889,55.91359037309111,0.1477285412732186,0,28.6,0
2025,642136,1.976,59.039122671829034,0.3119538825901425,0,29,0
2025,642136,1.887,60.0629432462407,0.24240704858307363,0,30.4,0
2025,642136,2.053,59.04480852409145,0.20903833910673442,0,29,0
2025,642136,1.962,60.18230304559186,0.5348743360400761,0,27.7,0
2025,642136,2.063,58.47298997643102,0.3219035751251592,0,28.6,0
2025,642136,1.96,55.741821264887925,0.20118475641360223,0,28.5,0
2025,642136,2.114,55.92356294790715,0.16488357600995726,0,29.1,0
2025,642136,2.001,56.610901102115506,0.15986854717300364,0,28.4,0
2025,642136,2.071,54.331726292837914,0.07456437780490717,0,30.1,0
2025,642136,1.98,57.40528198136153,0.3463139047829474,0,27.3,0
2025,642136,2.004,58.65789531714374,0.28891615810383864,0,29.1,0
2025,642136,2.133,61.22303783661248,0.5057683725281211,1,26.9,0
2025,642136,2.015,54.402911074487086,0.08148460619067413,0,28.1,0
2025,642136,1.968,60.513189881354116,0.46894269301751695,1,28.4,0
2025,642136,2.08,58.81801234150174,0.2119955732391879,1,29.1,0
2025,642136,1.926,56.308839052374886,0.1894588137238705,0,29,0
2025,642136,1.994,54.73258511134847,0.1304722361771677,0,28.8,0
2025,642136,1.972,57.6716863519148,0.27540539618105203,1,28.4,0
2025,642136,1.998,55.941972030234425,0.14796815225615595,0,29.1,0
2025,642136,1.996,57.477327249123014,0.24562754446718602,0,28.2,0
2025,642136,1.871,57.38072280522608,0.24010220925622375,0,28.7,0
2025,642136,1.989,57.25187915151476,0.17659583692448022,0,29,0
2025,642136,2.018,59.88157136785284,0.39807805941683877,1,28.1,0
2025,642136,2.093,58.664532982622674,0.23227747938514853,0,28.3,0
2025,642136,1.995,57.8641712364953,0.2516992732557501,0,28.8,0
2025,642136,2.077,54.23355993196628,0.1657249551240416,0,28.1,0
2025,642136,2.035,59.58052007591117,0.2320976314203365,0,29.4,0
2025,642136,1.94,55.12502470276146,0.12112882555331765,1,28.7,0
2025,642136,1.922,57.265666317605394,0.23536880208999517,0,28.3,0
2025,642136,1.984,58.36674150496294,0.27932208040822526,1,28.6,0
2025,642851,1.931,59.86762579838947,0.24828513394971402,0,29.3,0
2025,642851,1.991,57.07170433195898,0.296511526850504,0,28.1,0
2025,642851,1.967,60.34847251973785,0.37029676202693407,1,29.3,0
2025,642851,1.886,43.91520897516983,0.013749858623624359,0,26.9,0
2025,642851,2.011,54.65503903765385,0.22462932041832218,0,26.6,0
2025,642851,1.979,56.636667227585356,0.2350276647800907,0,28,0
2025,642851,1.898,52.43313986005005,0.1021177164417797,0,28.3,0
2025,642851,1.963,55.42673127757706,0.14130442708905339,0,29.2,0
2025,642851,1.96,53.32770221263544,0.20266456563625032,1,26.9,0
2025,642851,1.915,56.830759902925614,0.2648107815747325,1,28,0
2025,642851,1.957,57.27038163509881,0.22423878315316925,1,28.1,0
2025,642851,2.084,52.58108441840703,0.14456094203748265,0,26.2,0
2025,642851,1.939,60.63958486724427,0.4545194341690643,1,27.7,0
2025,642851,1.849,53.18495829594505,0.394743797743635,0,27.9,1
2025,642851,1.951,58.973488297232265,0.3105825258605003,0,29,0
2025,642851,2.021,54.37164225835173,0.053132255743029023,0,28.6,0
2025,642851,2.088,64.17645951108112,0.42589034998478176,0,29.6,0
2025,642851,1.931,54.384015757808136,0.16013830894677392,0,28,0
2025,643376,1.946,53.40029356522682,0.10939044710871808,0,28.5,0
2025,643376,2.038,59.6548504220149,0.3588527460421899,0,28.8,0
2025,643376,2.039,58.43038318330203,0.1782542339567135,0,30.2,0
2025,643376,2.05,54.10701299066736,0.16705499991554526,0,28,0
2025,643376,1.913,58.62906800246277,0.45125358775546354,1,27.5,0
2025,643376,1.97,56.14447703701485,0.17833259221171424,0,29,0
2025,643376,2.012,57.851152581496365,0.23184358080631143,0,28.6,0
2025,643376,2.02,59.98851173726802,0.13873935883749272,1,28.5,0
2025,643376,2.057,57.6474550902308,0.13935472173488184,0,28.4,0
2025,643376,1.978,53.35385091947638,0.1598881432753273,0,27.6,0
2025,643376,2.04,58.90930418912982,0.39784721662726863,0,27.9,0
2025,643376,2.035,57.04567667751192,0.30176513945759414,0,28,0
2025,643376,1.966,54.85644641167507,0.07970855149789313,0,29.2,0
2025,643376,1.942,54.88839250596169,0.0948228595118353,0,29.1,0
2025,643376,1.991,52.23099658649622,0.04895436898603263,0,28.6,0
2025,643376,1.983,52.48566322981742,0.11619177422283339,0,26.7,0
2025,643376,1.948,55.49345662557963,0.11231196600678468,0,29,0
2025,643376,1.978,59.30752864999495,0.21370324033740312,0,29.9,0
2025,643376,2.09,61.88763391458841,0.6600897031153252,1,27.5,0
2025,643376,1.909,56.62029860791836,0.20667111883383188,1,28.9,0
2025,643376,2.002,58.85857350848654,0.35090680146076175,0,28.5,0
2025,643376,1.976,56.3080175953566,0.44538764476687837,0,26.2,0
2025,643376,2.06,61.70241811172624,0.7246951699167724,0,26.3,0
2025,643376,1.985,54.422293239391934,0.16313594289570307,0,27.4,0
2025,643376,2.136,61.32801509952845,0.17287611919030346,0,28.6,0
2025,643376,1.982,59.65449391213184,0.44439348991203437,1,28.1,0
2025,643376,1.997,59.326366435188135,0.11546901782177581,0,29.3,0
2025,643376,1.924,58.958093132573566,0.23791278543519886,0,29.5,0
2025,643376,2.054,55.117049432218856,0.07291295514480296,0,28.5,0
2025,643376,2.019,57.11815690405767,0.20549906337053636,0,28,0
2025,643376,1.963,59.030081779756706,0.205917478539953,1,30.4,0
2025,643376,1.993,60.24325710785682,0.658597818703492,1,26.7,0
2025,643376,2.075,57.95171309033295,0.2986799361076338,0,27.8,0
2025,643376,1.965,54.00320389721334,0.14066050065733912,0,28.2,0
2025,643376,2.04,53.83680951121586,0.1442204558067581,0,28.1,0
2025,643376,1.948,57.743951484816044,0.18688224993647745,0,28.6,0
2025,643376,1.994,58.17670008201099,0.2472641381788602,0,29.3,0
2025,643376,2.024,59.297009097562665,0.3105675977529015,0,28.4,0
2025,643376,1.934,53.61312542874767,0.15999359877401753,0,27.8,0
2025,643376,1.983,56.45281939269872,0.25309041012348493,1,27.9,0
2025,643376,1.932,52.066962356599184,0.12095439266077825,0,27.6,0
2025,643376,1.94,58.279070716555324,0.3084957732137245,0,27.9,0
2025,643376,1.963,58.33211117641721,0.25804806855332696,1,29.2,0
2025,643376,1.907,57.70298195394942,0.3372059593122224,0,28,0
2025,643376,2.321,58.96710669767488,0.10738693861182332,0,29.3,0
2025,643376,1.976,56.98325300648131,0.294877305203062,1,28,0
2025,643376,1.925,56.549144239924345,0.27574520448620526,0,28,0
2025,643376,1.991,58.23167334464028,0.25413963288170593,0,28.4,0
2025,643376,1.939,61.14232486686543,0.2931756374582696,0,30.4,0
2025,643376,2.051,58.59538630777827,0.1899752410184553,0,30,0
2025,643376,2.041,62.3281994836647,0.5089646259154891,0,29.1,0
2025,643376,1.953,57.514618060270266,0.314773057909006,0,27.9,0
2025,643376,2.05,59.754963464297205,0.3280937382094136,0,29.1,0
2025,643376,2.118,58.37222498226895,0.19945452798731722,0,29.3,0
2025,643376,1.938,55.7103923735521,0.24453268930088665,0,27.9,0
2025,643376,2,55.12875269727152,0.18207661385937746,0,27.9,0
2025,643376,1.902,47.3262092595383,0.024911359619796177,0,28.6,0
2025,645444,1.977,53.59029110136983,0.10304147460757111,0,28.4,0
2025,645444,1.989,58.46270714484311,0.26101934335356547,0,29.1,0
2025,645444,2.098,49.26680517664775,0.03224998481082795,0,27.9,0
2025,645444,2.01,58.94422900286242,0.2623988705859903,0,29.5,0
2025,645444,1.994,58.74342727771672,0.45971177994107193,1,27.5,0
2025,645444,2.01,57.81383275446902,0.15241754275318622,0,29.8,0
2025,645444,2.019,56.55549714338836,0.05931462550180977,0,30.1,0
2025,645444,1.984,57.707906496080746,0.19091088305717743,0,28.6,0
2025,645444,1.905,58.09785983817206,0.11873983786721203,0,28.3,0
2025,645444,1.971,56.36567291671269,0.34771361206717855,0,26.9,0
2025,645444,1.894,53.66101084814643,0.10313595590095369,1,28.4,0
2025,645444,2,54.29983370661042,0.12705937025488995,0,28.6,0
2025,645444,2.347,65.429459845852,0.861088940842246,1,26.7,0
2025,645444,2.084,59.457104103208266,0.2441677586209875,0,28.6,0
2025,645444,1.887,52.808059935697365,0.16475822993325978,1,26.6,0
2025,645444,1.924,49.35262424304686,0.055403081147167015,0,27,0
2025,645444,1.986,55.87929198858421,0.12176089879931838,0,27.7,0
2025,645444,1.941,59.193894324946896,0.2548017426261297,0,29.7,0
2025,645444,1.958,57.7588763310249,0.2671631376528666,0,28,0
2025,645444,1.95,57.9848532102323,0.16386555171243217,0,28,0
2025,645444,2.018,64.51678290581212,0.7284595600351195,1,28.2,0
2025,645444,2.076,61.16075244455863,0.24972817085356694,0,29.5,0
2025,645444,1.933,57.19184323108623,0.22479620563493244,0,28.7,0
2025,650968,2.061,56.89904811998243,0.2291128615470428,0,28.6,0
2025,650968,1.96,58.5255811375787,0.3276474084997914,0,28.5,0
2025,650968,2.087,60.61590519008335,0.4458965456804843,1,28,0
2025,650968,2.019,59.04160385909201,0.3239018498858338,1,29,0
2025,650968,1.93,58.631659796666334,0.28063420933816674,0,28.6,0
2025,650968,1.892,58.099482369041276,0.7045976631040577,1,27.9,1
2025,650968,1.909,55.94906644385727,0.24257838005904453,0,27.6,0
2025,650968,1.983,49.59119557696239,0.07941621588989657,0,26.9,0
2025,650968,1.989,62.87098758851846,0.44881966075197466,0,29.1,0
2025,650968,1.959,55.68748890231698,0.1493847270430397,0,28.5,0
2025,650968,1.922,51.85606039758047,0.13297030291418294,0,27.2,0
2025,650968,1.913,53.14804031728277,0.11636607088671198,1,28.4,0
2025,650968,2.137,62.03839917337695,0.5886703823520711,0,28.1,0
2025,650968,1.961,58.1559453536372,0.22693106937786256,0,29.6,0
2025,650968,1.948,52.21215135837185,0.12907888978136234,0,26.8,0
2025,650968,2.061,58.57210160444537,0.2847549673044098,0,29.1,0
2025,650968,2.019,54.565741534220734,0.14798498379637626,0,28.3,0
2025,650968,1.931,54.37228492053922,0.11755119654754753,0,28,0
2025,650968,2.003,52.971199920846885,0.08499445029398553,1,28.3,0
2025,650968,2.148,56.80790973409195,0.21464332090867275,0,27.5,0
2025,650968,1.963,59.441120457166136,0.37789726965197207,0,28.6,0
2025,656180,1.955,58.43879913349988,0.3090765292941207,1,28.2,0
2025,656180,1.893,57.65949781567639,0.19070830815758577,1,29.2,0
2025,656180,2.067,57.61374537724011,0.31206949158293124,1,28,0
2025,656180,1.974,56.951424277456645,0.11009035652858758,0,29.1,0
2025,656180,1.879,55.27434551355174,0.17363036864253567,0,28.6,0
2025,656180,2.549,73.45181164648923,0.9339579246485329,1,29.6,0
2025,656180,1.874,55.67940769239106,0.12643127059098996,1,29.3,0
2025,656180,1.982,57.96451758193146,0.17907505750108352,0,27.5,0
2025,656180,2.019,68.71993436141744,0.9383962934400627,1,26.7,0
2025,656180,1.9,57.318879020557056,0.17198706085833523,0,29.9,0
2025,656180,1.947,58.325561994311194,0.20800712543972294,0,28.6,0
2025,656180,1.913,57.47721447114436,0.1602794832358327,0,27.5,0
2025,656180,1.867,59.15364786356525,0.35002446157150596,1,28.8,0
2025,656180,1.886,60.780841218446604,0.3969301584266702,0,28.6,0
2025,656180,1.976,61.020066266098155,0.31046221119860257,1,29.3,0
2025,656180,1.842,51.20725234199766,0.04450395326031602,0,29.7,0
2025,656180,1.946,58.70592190816949,0.24065960800189026,0,29.7,0
2025,656180,2.027,55.775357493723185,0.107316146168278,0,30.2,0
2025,656180,1.952,59.23542925489887,0.3157871339730371,0,29.1,0
2025,656180,1.873,60.00877504467824,0.2841856204698914,1,29.4,0
2025,656180,1.941,55.941011296321406,0.2567816975513413,0,26.4,0
2025,656180,1.859,57.510706736961986,0.27606303552945166,0,28.6,0
2025,656180,1.87,52.52196640090956,0.04617649489331836,0,30.2,0
2025,656180,1.897,57.55830558614699,0.4762732775785988,1,26.7,0
2025,656180,1.942,58.925227279371306,0.34564007155806503,0,28.5,0
2025,656180,1.929,50.78162425377035,0.0967582109324289,0,27.1,0
2025,656180,1.917,58.67705706431753,0.16805995849324576,0,29.2,0
2025,656180,1.937,53.80443569470662,0.08514983119292277,1,29.6,0
2025,656180,1.865,60.10210959177887,0.36690430422698195,0,29.1,0
2025,656180,1.908,59.312838001821646,0.4857660998112709,1,27.6,0
2025,656180,2.043,56.53656718472018,0.1552439452441394,0,28.3,0
2025,656180,1.891,60.45061176874628,0.3855385201534476,1,29,0
2025,656180,2.037,56.94868364707009,0.4389962653297294,1,26.4,0
2025,656180,1.873,53.432012587783156,0.08058103343081559,0,28.8,0
2025,656577,2.011,57.056471895355955,0.19843948998187824,1,28.6,0
2025,656577,1.921,61.29155569167588,0.5939701679217396,1,26.7,0
2025,656577,1.807,49.459216469931256,0.03977231400163885,0,28.3,0
2025,656577,1.978,55.17133605106309,0.09514744332370122,0,28,0
2025,656577,1.874,56.029889684184404,0.13424160960441237,0,28.4,0
2025,656577,1.832,64.19590317146631,0.5601536935878128,1,29.1,0
2025,656577,1.797,56.46177087881543,0.27165815151953343,1,28,0
2025,656577,2.015,59.246265983167596,0.43525647447597915,1,28,0
2025,656577,1.873,53.78868097689081,0.18685122108001725,0,27.3,0
2025,656577,1.809,57.034310386055076,0.2603349376877694,0,28.5,0
2025,656577,1.911,53.391735040498865,0.05059646153406236,0,29.3,0
2025,656577,1.884,49.99965913801525,0.05078220091219398,0,26.8,0
2025,656577,1.801,53.098140228297275,0.09287619996062822,0,29,0
2025,656577,1.874,51.73545960622133,0.15519809914603824,0,26.5,0
2025,656577,1.943,56.72125102886336,0.09326702129820628,1,28.6,0
2025,657136,1.939,57.94836138873404,0.2336715761473394,0,29.2,0
2025,657136,1.87,57.315046984046596,0.3593610834200614,0,27.6,0
2025,657136,1.924,51.501081229216624,0.07915568758653156,1,27,0
2025,657136,1.964,58.26934968864782,0.2349368734107857,0,28.7,0
2025,657136,1.992,57.92099768242023,0.3680235479512488,1,27.6,0
2025,657136,1.891,54.637107349598004,0.07779729052960603,1,28.8,0
2025,657136,1.938,56.15560877981307,0.1967609718203726,1,28.2,0
2025,657136,1.904,56.85059507458112,0.1272419451121548,0,30.4,0
2025,657136,1.881,54.05476770200358,0.15634119036302213,0,28,0
2025,657136,1.975,58.22790637369744,0.28832806672844236,0,28.3,0
2025,657136,1.987,60.57078738365081,0.4814733646221542,1,27.9,0
2025,657136,1.942,59.366015149240326,0.6563220095391519,0,26.2,0
2025,657136,2.069,51.031563803634114,0.09564894410302525,0,26.3,0
2025,657136,1.967,62.31098569739292,0.45303109045963097,0,29.6,0
2025,657136,1.906,55.540581162363566,0.1874485949499007,0,28.5,0
2025,657136,1.939,57.69037959773861,0.15483723492677093,0,30.1,0
2025,657136,2.036,59.201139946622426,0.3147801204218763,0,28,0
2025,657136,1.963,57.3582714703487,0.1630698971149892,0,29,0
2025,657136,2.017,55.664296214515474,0.26717090569006136,0,27.6,0
2025,657136,1.962,55.04769686021465,0.27183192946241186,0,26.2,0
2025,657136,1.985,55.21605403128024,0.057924170088178774,0,29.7,0
2025,657136,1.966,53.19628180398516,0.15529136734380902,0,27.6,0
2025,657136,2.026,58.29135702451699,0.2894181163693047,0,28.1,0
2025,657136,1.977,51.895124714518644,0.09715756887794551,0,26.7,0
2025,657136,2.01,58.18935441581018,0.2662931146150576,1,27.6,0
2025,657136,2.005,56.17347482598544,0.15004779104226684,0,28.8,0
2025,657136,1.931,53.46639150180689,0.14473752726643743,0,27.6,0
2025,657136,1.98,55.742640906218135,0.20720538658019189,0,28,0
2025,657136,2.01,50.36908276768722,0.06786240954783565,0,27.9,0
2025,660688,1.995,59.688428572366945,0.4132297559973477,1,28.5,0
2025,660688,1.911,58.13238469271157,0.44031972048312834,0,27.3,0
2025,660688,1.917,58.81037988736109,0.29637686634878946,1,29.1,0
2025,660688,1.855,58.106981003361824,0.5576217737116872,0,29.4,1
2025,660688,1.937,47.65376196233384,0.08548612854834714,0,25.5,0
2025,660688,1.923,59.51767778900407,0.4217290412428388,1,28.1,0
2025,660688,1.97,57.03134693899657,0.19367201789036534,0,29.4,0
2025,660688,1.931,57.45679416743481,0.13948705303829617,0,28.5,0
2025,660688,1.984,53.756388899884776,0.053965072445191865,0,30.1,0
2025,660688,2.002,55.69459681202612,0.14381566692030434,0,28.5,0
2025,660688,1.968,54.31114476365447,0.1854781796115448,0,27.2,0
2025,660688,2.1,56.023386909470304,0.24155399423231105,0,27.7,0
2025,660688,2.176,62.37181024475854,0.6614166994232105,1,27.8,0
2025,660688,2.11,63.47473395989855,0.6043537555008162,1,28.2,0
2025,660688,1.989,58.97345142132825,0.26230617701583886,1,29.1,0
2025,660688,2.075,50.826740555637144,0.044798148504723585,0,28.4,0
2025,660688,2.106,59.26628394436759,0.3567514411255822,0,28.8,0
2025,660688,1.995,59.793401133400025,0.3518430911710615,1,28.6,0
2025,660688,2.218,67.68582368391512,0.700267517500589,0,29.9,0
2025,660688,1.923,57.0418040693243,0.15229835881909004,0,30,0
2025,660688,1.955,53.43318727434771,0.1931971581338601,0,26.6,0
2025,660688,1.929,55.985336700517706,0.23621931263457085,0,28.1,0
2025,660688,2.039,54.92756567996911,0.0593025561266212,0,29,0
2025,660688,2.099,63.05355435100413,0.3392785461983477,0,30.1,0
2025,660688,2.088,60.07869701522609,0.23868358591796746,0,27.6,0
2025,660688,1.889,58.86180958564145,0.3206816537826678,1,28.9,0
2025,660688,2.048,55.78729017036243,0.20881618234500873,1,28.4,0
2025,660688,1.947,53.85073647037186,0.07875371882647694,0,29,0
2025,660688,1.954,57.397429510949195,0.1754855732624393,0,28.9,0
2025,660688,1.938,57.10299948730026,0.1766508898222402,0,29.7,0
2025,660688,2.014,59.251267043631,0.38721742364404776,1,28.3,0
2025,660688,1.883,54.148919913085926,0.2788883758157887,1,26.5,0
2025,660688,2.002,58.39678358632295,0.2796636194981382,0,29,0
2025,660688,1.974,58.9384980839789,0.3652207610725037,0,28.5,0
2025,660688,1.94,57.93393717783559,0.23021292959283196,0,28.8,0
2025,660688,2.02,52.733838674448286,0.11255326249805506,0,27.9,0
2025,660688,2.63,65.50103408817891,0.45316043745429446,0,29.8,0
2025,660688,1.966,51.135414032787345,0.045357032602703795,0,28.9,0
2025,660688,1.98,57.117470389659914,0.19453035029656973,0,28.4,0
2025,660688,2.032,59.759707143370214,0.3355660794855992,0,28.6,0
2025,660688,2.031,57.789892411091635,0.24479940142369191,1,28.8,0
2025,661388,1.896,58.91680312521103,0.36583280117760786,0,28.5,0
2025,661388,1.937,48.380800584096285,0.05586847443929029,0,26.8,0
2025,661388,1.92,57.28444677024901,0.25077946634056003,0,28.2,0
2025,661388,1.983,60.336335137514475,0.5922442642847289,1,27.2,0
2025,661388,1.945,55.20251337207369,0.1898100519190935,0,28.3,0
2025,661388,1.86,55.885792957180406,0.13762037179416386,0,29.6,0
2025,661388,1.933,55.5616939192486,0.25295845926251265,1,27.2,0
2025,661388,1.917,57.10982692330828,0.281262464021825,1,28.2,0
2025,661388,2.057,55.073324195046894,0.2264329904407293,0,27.7,0
2025,661388,1.925,57.64275169062786,0.22969600763014067,0,29.1,0
2025,661388,1.815,58.17715689832422,0.18392968598354484,0,30.1,0
2025,661388,1.878,54.88511462761768,0.13230393531970344,0,28,0
2025,661388,1.884,56.17208986720949,0.21601481794491595,1,28.4,0
2025,661388,1.937,60.873888875760926,0.3212372427709662,1,29.7,0
2025,661388,1.869,56.70297580880158,0.12731155840275687,0,30.1,0
2025,661388,1.97,55.02485373525844,0.13660667356593573,0,27.6,0
2025,661388,1.922,61.65458121652934,0.4853739171821338,0,29,0
2025,661388,1.997,56.60841062980243,0.09840477595196882,0,30.2,0
2025,661388,1.964,61.2688562609786,0.4996515324003992,1,28,0
2025,661388,1.896,58.971430396384626,0.24906926093445358,1,29.8,0
2025,661388,1.871,55.27679653415563,0.1510763175118366,0,28.5,0
2025,661388,1.903,62.19227188927861,0.40622629598202,0,29.6,0
2025,661388,1.928,57.05467624816951,0.33487695177289084,0,27.6,0
2025,661388,1.877,52.41910862334003,0.08328602609943012,0,28.7,0
2025,661388,2.207,57.377684457020905,0.1675618328534721,0,29.5,0
2025,661388,1.938,55.496424033488125,0.15944111929059906,0,28.4,0
2025,661388,1.817,52.98363979704684,0.0813305420999033,0,28.6,0
2025,661388,2.426,66.86804186987766,0.8047870596750053,0,27.7,0
2025,661388,2.015,58.67687988899186,0.5429804745354276,1,26.8,0
2025,661388,1.997,56.305415406344835,0.09119124316765585,0,28.1,0
2025,661388,2.142,63.39082628794805,0.5491865181400012,1,27.5,0
2025,661388,1.905,60.351449620066845,0.6188388187587582,1,27.1,0
2025,661388,1.906,55.790510353967385,0.11162875894223226,0,30,0
2025,661388,1.977,60.44715510389018,0.35820488138192524,1,28.6,0
2025,661388,2.043,54.13316778285978,0.08099065828087103,0,28.3,0
2025,661388,2.05,61.58580869399391,0.6444195717939287,1,27.5,0
2025,661388,1.911,57.58572619706164,0.16962795605511513,0,30.1,0
2025,661388,2.014,60.34814215136724,0.38743282017048175,1,28.6,0
2025,661388,1.89,58.840065841932635,0.3060698119058985,1,29,0
2025,661388,1.904,59.452093179257076,0.27710965203479737,1,29.7,0
2025,663698,1.885,57.210402709258375,0.31361484622319713,1,27.6,0
2025,663698,1.919,57.424880142241086,0.3349237845659254,1,27.7,0
2025,663698,1.935,53.726161699494035,0.1655796931370049,0,27.3,0
2025,663698,2.032,56.18139691464018,0.14432917033574277,0,28.6,0
2025,663698,2.083,60.452540448188564,0.2840967750816046,0,29.3,0
2025,663698,1.973,54.57997848901944,0.10125782990268194,0,29,0
2025,663698,1.926,55.270254930027484,0.09632338003024618,0,29.4,0
2025,663698,1.97,60.126037195854515,0.331245717364192,1,29.2,0
2025,663698,2.17,57.39125100619793,0.2026756400323505,0,29.3,0
2025,663698,2.044,57.29161695121371,0.207377444954096,0,29.3,0
2025,663698,1.91,56.313606695878974,0.13717886300931875,0,29.4,0
2025,663698,2.065,54.01670206682667,0.08335141373511888,0,28.1,0
2025,663698,1.921,55.18682391956448,0.24152979557927118,0,27.4,0
2025,663698,2.116,55.07565864252088,0.1868885602031797,0,27.5,0
2025,663698,1.957,58.96031844201773,0.28915213809369944,0,29.3,0
2025,663698,1.977,57.869918698358845,0.2903236041841045,0,27.9,0
2025,663698,1.836,56.124596074794745,0.18211626293437447,1,29,0
2025,663698,2.083,57.10709782706803,0.11292436805616919,0,29.5,0
2025,663698,1.893,54.169769936370656,0.16336043869286082,0,28.1,0
2025,663698,1.933,56.54739596754095,0.12211576562417978,0,30.1,0
2025,663698,2.202,64.77591326071692,0.8144320735329962,1,27,0
2025,663698,2.015,57.456344935572815,0.11257539996668064,0,29.5,0
2025,663698,2.141,54.66786227350463,0.06233608334207539,0,28.6,0
2025,663698,1.937,60.448398934012644,0.3168107035961762,0,28.8,0
2025,663698,1.898,53.34713004019081,0.12039627441435222,0,28.3,0
2025,663698,1.975,57.67307306350347,0.27014887618490513,1,28.3,0
2025,663698,1.976,56.200808144738026,0.2525421982349287,1,28.1,0
2025,663698,1.969,58.03623228373156,0.22949354102215438,0,28.9,0
2025,663698,2.128,53.16039080684977,0.05756314926597481,0,29.1,0
2025,663698,1.857,57.57156104150064,0.24392322223717977,1,29,0
2025,663698,2.141,55.483229167064856,0.262395827855786,0,27.5,0
2025,663698,1.929,58.34969380344002,0.4225339980087894,1,27.6,0
2025,663698,2.23,59.60651721195496,0.5231592717542416,1,27.3,0
2025,663698,2.057,64.46409203265202,0.6520278291647718,0,29,0
2025,663698,1.94,59.44314028068571,0.34921467462407624,1,28.9,0
2025,663698,1.875,54.74253577440705,0.10948972920382523,0,28.6,0
2025,663698,2.006,57.226459049043854,0.2919286559895573,0,27.6,0
2025,663728,1.919,52.29719057310586,0.10438739356397456,0,28.1,0
2025,663728,1.954,60.003396172781635,0.31212415748491384,1,29.1,0
2025,663728,1.916,51.613813994135754,0.06528979204711283,0,29,0
2025,663728,1.935,56.35448834551083,0.13744057113525882,0,29.8,0
2025,663728,2.529,68.68750560542921,0.8899380304427752,1,26.9,0
2025,663728,2,55.1702402445608,0.23609512824324463,0,27.6,0
2025,663728,1.941,60.26343800986074,0.48658791682593416,1,28.2,0
2025,663728,1.938,53.80716526263636,0.2026491515757555,0,27.2,0
2025,663728,2.024,55.88328254243576,0.21567207147045386,0,27.8,0
2025,663728,1.92,56.688007559190346,0.21594604437871012,1,28.6,0
2025,663728,2.011,58.13502066352954,0.3735273373441761,1,27.8,0
2025,663728,1.951,53.51486826143342,0.15560506331737928,0,27.2,0
2025,663728,2.012,54.44188553823722,0.11931804137109701,0,28.3,0
2025,663728,1.968,58.50122904810587,0.5574204456867936,0,26,0
2025,663728,1.933,56.73014735048833,0.37800700226544537,1,26.7,0
2025,663728,1.928,55.481355899573366,0.1345246101277161,0,29.3,0
2025,663728,2.016,58.25984200756063,0.4649711186586034,0,27.2,0
2025,663728,2.049,54.43273741722402,0.10043832994625075,0,27.9,0
2025,663728,2.09,57.985804003471706,0.18539961354757115,1,27.2,0
2025,663728,2.112,57.759779320216644,0.2924683904852638,0,27.9,0
2025,663728,1.965,55.872482827947266,0.1848723693986733,0,28.2,0
2025,663728,1.933,60.227363286592535,0.5973480976143588,1,27.2,0
2025,663728,2.027,56.126892433418085,0.2656047301020403,0,27.9,0
2025,663728,2.004,51.613265676725355,0.07648116574389201,0,28,0
2025,663728,1.95,59.23172410457529,0.4324474434006104,0,27.9,0
2025,663728,1.904,53.01701332802203,0.17734928569846892,0,26.9,0
2025,663728,1.964,56.05877913843859,0.08618745698886698,0,30.1,0
2025,663728,2.02,52.54877176404168,0.09724387333806402,0,28,0
2025,663728,2.038,61.63480220979673,0.4016131236258564,1,28.5,0
2025,663728,1.951,51.12585444402173,0.07858166934350376,0,27.3,0
2025,663728,1.939,56.680136907679326,0.18429274425809364,0,29.3,0
2025,663728,1.967,51.47858510459704,0.038431650101991364,0,30.1,0
2025,663728,1.995,62.98832109020052,0.5473587771978764,1,29.2,0
2025,663728,1.988,61.89644106907674,0.43279934125979597,1,29.6,0
2025,663728,1.977,57.05620587884119,0.4008728830790497,0,26.7,0
2025,663728,1.96,59.00475539180794,0.25862322447875385,0,29.6,0
2025,663728,2.001,59.77108262983511,0.38098765728247264,1,28,0
2025,663728,1.966,51.71672515456918,0.1660938436478163,0,26.5,0
2025,663728,1.946,54.438736967816645,0.1286053311073567,0,28.8,0
2025,663728,1.946,51.04798365041029,0.0665897086909658,0,27.7,0
2025,663728,2.047,54.501025512236154,0.17954873061148133,0,26.6,0
2025,663728,1.958,56.44838741096454,0.21570825324386084,1,28.7,0
2025,663728,1.999,61.29687762217365,0.4404889282776599,1,28.8,0
2025,663728,1.909,52.621480239516906,0.07328339485971276,0,28.9,0
2025,663728,1.982,52.303596377405476,0.08422243480107933,0,28.7,0
2025,663728,1.975,58.82521638234725,0.3278040284661817,0,28.6,0
2025,663728,1.932,56.546033114479634,0.27272893723115704,0,28,0
2025,663728,1.903,57.57728445753041,0.29687738432330324,1,28.4,0
2025,663728,1.948,56.40633450173778,0.16255644243650783,1,29.1,0
2025,663728,1.981,57.73791277708135,0.38903573207402836,0,27.6,0
2025,663728,1.955,54.09477960400386,0.1609242472366619,0,28,0
2025,663743,1.803,56.204849297993185,0.19174900150872284,1,28.7,0
2025,663743,1.897,52.62488861573399,0.12445388228691592,0,27.9,0
2025,663743,1.876,56.337690794872024,0.3019670163168749,1,27.6,0
2025,663743,1.927,50.890340344354705,0.05796535233601482,0,27.3,0
2025,663743,2.087,57.141893492014496,0.2990210377457113,0,27.8,0
2025,663743,1.904,58.64697494076165,0.34444070414429245,0,28.5,0
2025,663743,1.888,57.686429135740276,0.2116240211672858,0,29.1,0
2025,663743,1.951,54.65503608272584,0.07944682308910156,0,29.6,0
2025,663743,1.984,55.092593900701644,0.11978813987907676,0,28.7,0
2025,663743,1.964,56.24045845592649,0.23063621549785043,0,27.9,0
2025,663743,1.934,54.55433823569373,0.09274057602106511,0,27.4,0
2025,663743,1.893,53.91462042781328,0.08058719371425703,0,28.6,0
2025,663743,2.046,64.50259699216812,0.6509789401594864,0,29.1,0
2025,663743,2.015,51.23867225056334,0.1093844690666662,0,27.3,0
2025,663743,1.815,55.104466151013234,0.1497205439058058,0,28.1,0
2025,663743,1.927,58.35115025279195,0.29677193377568656,1,28.1,0
2025,663743,1.841,55.13872870126718,0.14420461933193818,0,28.8,0
2025,663743,1.98,53.14306851151286,0.11805571328982949,0,28,0
2025,663743,1.889,55.108359608844175,0.18528781581282436,1,28.1,0
2025,663743,2.021,55.031420375428915,0.10624976584734935,0,27.9,0
2025,663743,1.921,54.704492183198724,0.08549292647264663,0,29.5,0
2025,663743,2.506,65.39504528074693,0.6016864468049855,0,29,0
2025,663743,1.864,54.805663062343356,0.18031106018762133,0,28.2,0
2025,663743,1.925,53.583252131404436,0.08103333821242188,0,29.7,0
2025,663743,1.862,54.37375980846999,0.1525411021195516,0,27.2,0
2025,663743,1.945,57.73830596948141,0.22897534570570954,0,29.1,0
2025,663743,1.915,56.311715465590034,0.2558755812672178,0,28,0
2025,663743,2.007,55.888031740504374,0.2739435979529688,1,27.5,0
2025,663743,2.002,58.66150408868848,0.16702861093914242,0,28.3,0
2025,663743,1.881,53.85040066082968,0.1019296751410539,0,28.6,0
2025,663743,1.931,60.18101679932975,0.2536363189466758,1,29.9,0
2025,663743,1.914,56.50802664557068,0.1639258332853093,0,28.5,0
2025,663743,2.066,55.91418352961535,0.08349363969608131,0,28.6,0
2025,663743,1.881,51.554675919717376,0.11272370165114083,0,27.2,0
2025,663743,1.899,56.867744774206614,0.20052725655169218,0,28.5,0
2025,663743,2.004,61.51949455658661,0.2852019644105191,0,29.8,0
2025,663743,1.861,56.52865097309451,0.21434051616511562,0,27.2,0
2025,663743,1.97,59.295990487180234,0.235308282542323,0,29.7,0
2025,663743,1.849,52.61572232327236,0.05279362779468871,0,29.8,0
2025,663743,1.914,52.90506057979363,0.10755930967644255,0,28.4,0
2025,663886,2.029,60.118312125768675,0.320453380123285,0,28.1,0
2025,663886,2.069,50.63226550830687,0.046037113067139125,0,27.7,0
2025,663886,1.945,54.442751053642326,0.19783888732102492,0,27.1,0
2025,663886,1.868,52.32817728161583,0.05197133775670836,0,29.8,0
2025,663886,2.001,54.41565396348517,0.0877517015715838,0,29.7,0
2025,663886,2.031,58.57207899115444,0.20636007162981115,0,28.9,0
2025,663886,2.01,55.49661551837757,0.09350554567890033,0,28.6,0
2025,663886,2.087,55.36524913445894,0.11459078130275148,0,28.2,0
2025,663886,2.023,58.10246051437009,0.3195765236848944,1,28.1,0
2025,663886,2.006,56.16631089087784,0.19349177026164702,0,27.9,0
2025,663886,1.914,55.18267476832561,0.17967514076514823,1,28.3,0
2025,663886,2.006,61.21814819027573,0.5119709262573854,1,28.5,0
2025,663886,2.056,59.59220867883931,0.14934450232100602,0,29.3,0
2025,663886,1.98,59.43823657590264,0.2891778849849124,0,29.3,0
2025,663886,1.889,54.51563275006639,0.2045826473773797,1,27.5,0
2025,663886,2.011,54.786843277893695,0.11964824398045969,0,27.2,0
2025,663886,1.998,57.98464317646115,0.17117870591209647,0,29.6,0
2025,663886,1.968,55.822785515701845,0.21181151207369064,0,28.3,0
2025,663886,1.964,56.56963178508983,0.2424111001526864,0,27.9,0
2025,663886,1.974,51.893571336101424,0.07988162687644772,0,28.1,0
2025,663886,2.008,57.52981045847471,0.4261639917675967,1,26.9,0
2025,663886,1.987,55.35108372077872,0.08344681515523301,0,29.4,0
2025,663886,1.927,48.94585139089989,0.06947752930600591,0,26.8,0
2025,663886,2.043,55.43806176932237,0.0766646211812019,0,27.8,0
2025,663886,2,56.459902414237746,0.1815399161225925,0,28.6,0
2025,663886,1.917,57.2469140144213,0.3863686595474288,0,26.9,0
2025,663886,1.928,58.4267488000529,0.3252158194661999,1,28.6,0
2025,663886,2.03,59.09321350692683,0.5172079418427942,1,27.1,0
2025,663886,1.939,51.452002069868726,0.02902633176382594,0,26.3,0
2025,663886,2.065,55.125272701371124,0.18619910105605156,0,28.1,0
2025,663886,1.979,57.69132682155626,0.239503179865217,0,28.6,0
2025,663886,1.987,58.75530865117473,0.28427840722997944,0,29.2,0
2025,663886,2.006,60.2374468572014,0.5957313540424883,1,27.2,0
2025,665561,1.944,57.32464603331869,0.185833481518739,1,27.3,0
2025,665561,1.865,54.378014614347975,0.2025804641420059,0,26.9,0
2025,665561,1.898,58.073568998409705,0.283923986080678,0,28,0
2025,665561,1.951,59.19559204271892,0.3528321815064029,1,28.6,0
2025,665561,1.933,54.033555361053864,0.2566081229027838,0,26.7,0
2025,665561,1.956,58.727580157276016,0.17218482601274238,0,29.5,0
2025,665561,1.837,49.23372085792127,0.02504443496208368,0,28,0
2025,665561,1.844,55.44828807739101,0.08706523799464413,0,30.4,0
2025,665561,1.796,56.659980698195824,0.2309114323253004,0,28.6,0
2025,665561,1.874,51.69005606217001,0.10036636563220004,0,26.9,0
2025,665561,1.929,58.28298139615731,0.2290313065247408,0,28.8,0
2025,665561,1.898,54.343186003875424,0.10850914499056973,1,28.8,0
2025,665561,1.892,55.700053097858735,0.27774452210586464,1,27.2,0
2025,665561,1.863,57.16753930012018,0.12549157302168376,1,29.1,0
2025,665561,1.8,51.36345638016491,0.14966536036698835,0,26.2,0
2025,665561,1.854,56.01685900924418,0.27942142976098777,0,27.6,0
2025,665561,1.891,60.57469993251565,0.5063838538566512,1,27.9,0
2025,665561,1.83,53.34482044329031,0.1353589213590661,1,28.1,0
2025,665561,1.843,55.807071919618735,0.2108388285507882,0,28,0
2025,665561,1.951,62.79894833014974,0.4656940182732014,0,29.1,0
2025,665561,1.83,56.32340811659241,0.2660734960108866,1,27.3,0
2025,665561,1.878,59.36040878550344,0.1895544954122911,1,29,0
2025,665561,1.907,55.52108754251472,0.2510381950373862,0,26.2,0
2025,665804,2.065,60.39113461661534,0.4471525828094617,1,27.9,0
2025,665804,1.973,58.327793777971536,0.24772733628094062,1,29.1,0
2025,665804,1.972,54.472892949709376,0.07508519425313206,0,28.4,0
2025,665804,2.011,60.168218434104055,0.2640664079136632,1,30.2,0
2025,665804,1.907,56.97853933484475,0.1372909952452974,0,29.9,0
2025,665804,1.931,61.00871315081601,0.36631840206183236,0,29.6,0
2025,665804,1.991,53.016410118995346,0.08799945290197814,0,28.3,0
2025,665861,2.002,55.50273372632482,0.23252860212280765,0,27.1,0
2025,665861,1.86,54.84258990479445,0.2660287331141947,0,26.2,0
2025,665861,1.933,61.617891368615915,0.4631682671739473,1,29,0
2025,665861,1.976,57.30754209466046,0.13617801798229243,0,30.1,0
2025,665861,1.894,61.159632307343834,0.4795105551327358,1,28.7,0
2025,665861,1.909,59.5117712871004,0.33917613073387454,0,29,0
2025,665966,1.958,52.54555342072159,0.05605242919040126,0,28.5,0
2025,665966,2.092,60.44173598103008,0.4128919693381504,0,28.9,0
2025,665966,1.838,53.266253050716514,0.12849013562718564,1,27.8,0
2025,665966,1.988,55.36257700893866,0.1485937546860936,0,29.1,0
2025,665966,1.851,58.40329183061952,0.3235725208579007,0,28.6,0
2025,665966,1.913,52.673502194228675,0.06888940181363241,0,27.1,0
2025,665966,1.853,55.16328166282367,0.08687732214430938,0,29.7,0
2025,665966,1.96,57.468276660922406,0.3786859769767009,0,27.5,0
2025,665966,1.953,55.14365925375108,0.11708494554413629,0,27.5,0
2025,665966,1.899,55.79968458526621,0.1783163069510133,1,27.6,0
2025,665966,1.991,54.07795784883066,0.14044007228407895,0,27.7,0
2025,665966,1.791,51.01077521122234,0.23144003667978938,0,28.4,1
2025,665966,1.87,53.91755065866886,0.03638989798931966,0,30.4,0
2025,665966,1.883,56.81221887327975,0.1863454039792441,1,28.6,0
2025,665966,1.99,59.30076507744052,0.2377505178843685,0,28.7,0
2025,665966,1.916,56.99413721681991,0.2086359107011156,0,27.7,0
2025,665966,2.014,55.70632317766092,0.1352191016807604,0,28.9,0
2025,665966,1.962,56.92124848837289,0.16544348115430715,1,29.2,0
2025,665966,1.858,55.7052429671283,0.17887375985950021,1,28.3,0
2025,665966,1.9,52.20126644720807,0.025131709327095988,0,28.4,0
2025,665966,1.844,54.801198624624924,0.08130719501312068,0,30.1,0
2025,665966,1.88,49.86896491393436,0.051462500734326594,0,28.4,0
2025,665966,1.85,59.227077952486894,0.26693783627338297,0,29.6,0
2025,665966,1.982,54.42973888925125,0.052325270694369076,0,29.5,0
2025,665966,1.893,60.86776195446907,0.5364020637328544,1,28.1,0
2025,665966,1.822,53.65431380935468,0.12177791548625116,0,28.6,0
2025,665966,2.013,61.14765481740404,0.645803467061471,1,27.3,0
2025,665966,1.869,52.621459112724416,0.07869282439176391,0,28.6,0
2025,665966,1.857,55.89289376445376,0.20036650570017708,0,28.6,0
2025,665966,1.855,53.72921857644427,0.09045981553981239,0,29.2,0
2025,665966,1.897,58.816331844242725,0.302329507681297,1,28.6,0
2025,665966,1.858,56.94217595797571,0.26107539974661226,1,28.3,0
2025,665966,1.957,59.31861202416478,0.1741658931977821,0,30.1,0
2025,665966,1.941,56.117604859778204,0.21687898617272858,0,27.9,0
2025,665966,1.91,55.978416052698584,0.132862268719445,0,28.7,0
2025,665966,1.938,55.17616088285936,0.1286048593536811,0,28.8,0
2025,665966,1.901,47.669899244510674,0.05828641778455163,0,26.5,0
2025,665966,1.895,56.40299304705983,0.1566511944375016,1,28.6,0
2025,665966,1.91,57.51333946526069,0.26781727478196726,1,27.9,0
2025,665966,1.863,48.777647960029405,0.170286012475185,0,24.6,0
2025,665966,1.867,57.53192958210789,0.2678742537877723,0,28.6,0
2025,665966,1.923,55.47553029828189,0.15945536701857912,0,29,0
2025,665966,1.93,59.90876009216041,0.29987220900238737,1,28,0
2025,665966,1.835,50.956698156733985,0.06868606919210331,0,27.8,0
2025,665966,1.891,52.96020299544482,0.07952931911984928,0,29.2,0
2025,665966,1.996,55.44306583664783,0.17917428972501878,0,28.6,0
2025,665966,2.109,58.137991010762455,0.1703661010521653,0,28.8,0
2025,665966,1.866,54.19353394147729,0.1625142537583739,0,27.3,0
2025,665966,1.822,54.312312390304825,0.15214871780490447,1,27.8,0
2025,665966,1.851,48.113882974341,0.04641934789888611,0,27.5,0
2025,665966,1.894,56.302671685021444,0.22465273617501774,1,28.5,0
2025,665966,1.844,56.57302134971213,0.14766493096918146,1,29.9,0
2025,665966,1.917,57.09086452948404,0.12030095359859388,0,30.1,0
2025,665966,2.027,54.69679401714292,0.022875767949830136,0,28.5,0
2025,665966,1.936,61.08176777194824,0.455695403515812,1,28.3,0
2025,665966,1.975,55.79311840534449,0.1182391957145243,1,26.5,0
2025,665966,1.953,53.574438594284366,0.05596564605949378,0,28.4,0
2025,666023,1.799,48.60534423820901,0.07008049760783859,0,26.8,0
2025,666023,1.902,56.83556409998534,0.18612804000442673,1,29.4,0
2025,666023,1.889,61.15891851582358,0.38736414342941455,0,29.4,0
2025,666023,1.957,54.37191851781576,0.26253291706231113,0,26.6,0
2025,666023,1.928,54.94543616480034,0.1459183024282015,1,28.8,0
2025,666023,1.869,56.08273776677418,0.21431093108974372,0,28.5,0
2025,666023,1.822,57.42385589722088,0.20343287077578356,1,28.6,0
2025,666023,2.389,57.77255821044446,0.25101980616855335,0,28.5,0
2025,666023,1.878,56.04570816943486,0.13060285132018976,0,28.6,0
2025,666023,1.894,60.18268829290358,0.41728025273914504,0,28.5,0
2025,666023,1.973,52.25890312314535,0.07879470125080178,0,28.8,0
2025,666023,1.793,52.328274426000384,0.12040366831814882,0,27.5,0
2025,666023,1.813,56.077097059816985,0.12849943713799977,0,29.9,0
2025,666023,1.843,49.330974772424575,0.06866389295466427,0,27.3,0
2025,666023,1.868,52.57430955437683,0.05713678971749257,0,29.4,0
2025,666023,1.8,58.51518018985037,0.19931107422100425,0,30.1,0
2025,666023,1.829,53.299137361516166,0.10349432680263858,0,28.6,0
2025,666023,1.977,57.99552590304986,0.11363327686604466,0,30.1,0
2025,666023,1.962,54.05391155218375,0.17835768568752491,0,27.6,0
2025,666023,1.849,56.068493929654,0.24456827074892531,1,28.1,0
2025,666023,1.793,56.34722936100712,0.2452799557159004,1,28.2,0
2025,666023,1.825,54.84123249122937,0.2570689749599962,0,27.2,0
2025,666023,1.831,56.68421701586419,0.14931005327333355,0,29.5,0
2025,666023,1.899,56.520751454718635,0.21082263146753483,1,27.4,0
2025,666023,1.903,53.43599722776253,0.06973542816350554,0,29,0
2025,666023,1.887,56.44331785154889,0.05344480134969026,0,29.6,0
2025,666023,1.954,64.7863941717958,0.527746339788714,1,29.5,0
2025,666023,1.925,52.5642320615379,0.12398880679901388,1,26.5,0
2025,666023,1.95,56.66080972245466,0.31886296751938126,0,26.8,0
2025,666023,1.942,59.988500659237644,0.512254718534281,0,27.2,0
2025,666023,1.853,50.66761782993228,0.0456967278770314,0,29.3,0
2025,666163,1.953,55.09125030530826,0.19123697309444854,0,28.2,0
2025,666163,1.964,53.05466268768173,0.08453345176993139,0,28,0
2025,666163,1.908,55.54205281362896,0.14816670448546,0,28.4,0
2025,666163,1.98,52.49262548411703,0.1755809936904745,0,25.7,0
2025,666163,1.925,56.05650605450116,0.2023881210177383,0,28.6,0
2025,666163,1.893,57.13281258892239,0.20887068616545038,0,29.2,0
2025,666163,1.882,58.13540344118586,0.25452674081700494,1,28.6,0
2025,666163,1.946,55.42615735722555,0.22152783095587206,0,28,0
2025,666163,2.07,58.304252021244366,0.3226073865620841,1,28.1,0
2025,666163,2.535,64.54407507101449,0.7612259973483916,0,27.2,0
2025,666163,1.893,56.77830579056163,0.545801232437654,1,25.5,0
2025,666163,1.981,53.81233042424085,0.050506601117096254,0,29.2,0
2025,666163,1.851,55.365697426200924,0.15357495224366172,1,28.3,0
2025,666163,1.993,61.13319277735747,0.39489283052149,0,29.1,0
2025,666163,1.893,55.67104224134946,0.20207183414620006,1,28.2,0
2025,666163,2.06,54.732209797418626,0.19821840538106722,0,27.9,0
2025,666163,1.973,56.9898497341721,0.15947604276100213,0,29.1,0
2025,666163,1.989,55.61631583532803,0.08387590054487849,0,28.6,0
2025,668670,1.838,55.34373659066344,0.10435985876859807,0,29.4,0
2025,668670,2.003,56.07223342833434,0.17681078937389472,0,28.3,0
2025,668670,1.989,56.948944966738104,0.1759104334717629,0,28.2,0
2025,668670,1.847,52.10113068440413,0.07959287611938133,0,28,0
2025,668670,1.813,59.455224624434486,0.28928011871224907,0,29.6,0
2025,668670,1.826,49.608434721479135,0.057597037211533426,0,28,0
2025,668670,1.873,56.12690186781894,0.2827296090781297,1,27.1,0
2025,668670,1.972,55.783325613680425,0.11385139641367613,0,28.5,0
2025,668670,2.027,57.98041577134859,0.21146332257642017,0,28.1,0
2025,668670,2.273,56.30783952415553,0.15277555579728913,0,28.7,0
2025,668670,2.031,60.83998154104181,0.42741312829678507,0,29,0
2025,668670,2.37,63.560925667815475,0.7331142702001816,0,27.6,0
2025,668670,1.847,54.59798117155475,0.1615323754310537,0,28.3,0
2025,668670,1.952,59.493670112939746,0.15571459443850938,0,30.1,0
2025,668670,1.894,58.46408760909418,0.37949421720124493,0,28.1,0
2025,668670,1.828,53.238245037651545,0.13311186384709447,0,28,0
2025,668670,1.905,58.849547253490336,0.33045037415460465,1,28.8,0
2025,668670,1.927,59.81152454945789,0.3657246590426409,1,29,0
2025,668670,1.841,56.49100223456179,0.13462583172370826,0,30.1,0
2025,668670,1.889,56.12806082630976,0.1827882989882863,1,28.8,0
2025,668800,1.962,58.21378906136974,0.23632163231474823,0,29.5,0
2025,668800,2.243,58.63885531658735,0.3442749981019759,0,28.4,0
2025,668800,2.004,57.7507965023688,0.21035006539068532,0,28.3,0
2025,668800,1.943,57.453692322763274,0.37081906298597345,0,27.6,0
2025,668800,2.004,57.70645927754082,0.22040972198703024,0,29.1,0
2025,668800,1.901,50.47585906675078,0.08794049232474806,0,26.8,0
2025,668800,1.983,55.35162826705355,0.1805073230791468,0,27.9,0
2025,668800,2.053,53.943625613618494,0.07033263826367242,0,27.6,0
2025,668800,1.977,60.15496357793971,0.19397523744659712,1,27.8,0
2025,668800,2.048,59.6494319375648,0.17825109411103626,1,29.6,0
2025,668800,1.929,58.9965660037234,0.3846740440683598,1,26.2,0
2025,668800,1.974,59.94668184013726,0.31254698050649937,0,29.2,0
2025,668939,1.889,57.526723735226106,0.40687324812159265,1,27.3,0
2025,668939,1.928,52.21349450899524,0.09108402818337329,0,28.3,0
2025,668939,1.961,60.83237018297143,0.5761898860082332,1,27.7,0
2025,668939,1.827,55.66014798937987,0.05356533281574861,0,29.6,0
2025,668939,1.943,57.887088093187,0.21410789575849176,0,28.3,0
2025,668939,1.926,58.849908963460294,0.13356951182026022,0,29.4,0
2025,668939,1.955,58.736145530159526,0.344190647217838,0,27.9,0
2025,668939,1.862,56.64478814669167,0.4335142492198595,0,29.7,1
2025,668939,1.991,58.72134077943275,0.2842859518065636,0,28.4,0
2025,668939,1.872,58.89526526953349,0.2932809902400727,1,29.2,0
2025,668939,1.946,57.441436999889746,0.2903941321149643,0,28.4,0
2025,668939,1.914,51.22252323740692,0.06783527765390386,0,28.1,0
2025,668939,1.975,60.98828357785235,0.3978088629176207,1,29.4,0
2025,668939,1.807,47.374301418451154,0.041555836065300486,0,27.3,0
2025,668939,1.835,57.505853802232686,0.20837179436562162,0,29.4,0
2025,668939,1.905,60.39267535489706,0.4990590875645621,1,28,0
2025,668939,1.821,57.986132653972604,0.26041395148102714,0,28.4,0
2025,668939,1.862,53.497679385962535,0.08375292858735696,0,28.9,0
2025,668939,1.853,59.367730354164316,0.2883920339405289,0,29.4,0
2025,668939,2.448,64.25204151943885,0.8470575205932044,1,25.1,0
2025,668939,1.975,55.44694997541191,0.15560540044296933,0,29,0
2025,668939,1.897,53.673281006120064,0.09192857284211481,0,27.5,0
2025,668939,1.825,54.76843644913427,0.11658859209125229,0,29.2,0
2025,668939,1.917,58.87474573350794,0.6260875993802942,1,26.2,0
2025,668939,1.999,56.96058586403299,0.27479088891113945,0,26.6,0
2025,668939,2.359,68.48714012591971,0.7096951959748595,0,29.6,0
2025,668939,1.805,55.6210488668002,0.10249986702491988,1,29.6,0
2025,668939,1.915,53.69786818889385,0.09497693371145531,0,29.2,0
2025,669087,1.932,53.19901093760648,0.044306337588219426,0,29.5,0
2025,669087,2.051,52.988718109149374,0.14530665187738206,0,27.1,0
2025,669087,1.973,51.815766367525285,0.034994094202135374,0,30,0
2025,669087,1.932,55.88332638660586,0.29620504414694754,1,27.4,0
2025,669087,1.93,54.44338909114163,0.24020358713980022,0,27.1,0
2025,669087,1.964,59.474627751701284,0.2716988239491071,0,29.7,0
2025,669087,2.114,59.250910362241186,0.26591900912052824,0,29.7,0
2025,669087,1.953,56.711553518483655,0.09633894355028551,0,29.7,0
2025,669087,1.96,53.065467874599065,0.09710755006139711,0,28.2,0
2025,669127,1.814,54.65061299527347,0.168862562685252,0,28.1,0
2025,669127,1.903,54.82680319382074,0.16385041690731286,0,27.7,0
2025,669127,1.959,58.163482933604314,0.30754546767923047,1,27.9,0
2025,669127,1.806,59.3678192232521,0.3841029833589442,0,28.6,0
2025,669127,1.833,58.141212986400035,0.3111117033540634,1,28,0
2025,669127,1.915,56.068494159640736,0.10932134429085069,0,29.4,0
2025,669127,1.856,57.95332459260503,0.17604069325761004,0,30.2,0
2025,669127,1.964,57.70034601698626,0.35334136619034656,0,27.7,0
2025,669127,1.861,56.3371388300019,0.16373517535295543,0,29.4,0
2025,669127,1.864,56.61233322910171,0.33288320870309834,0,26.9,0
2025,669127,1.787,52.62626721699728,0.07380859980146529,0,28.6,0
2025,669127,1.795,57.366325585033124,0.215904687758825,1,29,0
2025,669127,1.931,54.1300792336977,0.05784310676076485,0,28.5,0
2025,669127,1.904,58.38558510848887,0.19184436687219203,0,29.6,0
2025,669127,1.886,57.97453127751927,0.17920463731553715,0,29.1,0
2025,669127,1.927,53.387904229404356,0.07379788430252716,0,28.4,0
2025,669127,1.912,55.98541897348427,0.22871444628715273,0,28.1,0
2025,669127,1.852,53.03523055999955,0.04744485235257589,0,29,0
2025,669127,1.99,55.34917552908726,0.0729883322665,0,29.9,0
2025,669127,1.84,60.09612571684399,0.36701966078210324,0,28.7,0
2025,669127,1.897,57.89182625738549,0.3359843233930887,1,27.4,0
2025,669127,1.847,54.74442976222652,0.06413602452009325,1,29.2,0
2025,669127,1.902,58.810709898711295,0.21109156940207358,1,28.6,0
2025,669127,1.823,55.96229741414129,0.14820093231900475,0,29.1,0
2025,669127,1.756,53.24516988022533,0.2235113264860533,1,26.6,0
2025,669127,1.879,53.20714945245165,0.10343194532391427,0,28.5,0
2025,669127,1.932,61.01340931917287,0.5717096256891365,1,27,0
2025,669127,1.903,55.39333991474972,0.13239189618238523,0,29,0
2025,669127,1.869,55.02312105552354,0.28233088191017447,0,26.2,0
2025,669127,1.873,56.68481554475716,0.1289538126043799,0,29.7,0
2025,669127,1.82,56.102311918412276,0.11849875924098881,0,29.5,0
2025,669127,1.978,59.85206628539343,0.26151080349608724,0,28.3,0
2025,669127,1.854,53.180904532861774,0.07347292027537057,0,28.5,0
2025,669127,1.921,54.35561066323394,0.06127922265181506,0,29.4,0
2025,669127,1.784,46.996791583603326,0.016766161045015302,0,29.4,0
2025,669127,1.87,55.976724426958135,0.2107297375039805,1,27.5,0
2025,669127,1.839,57.68961320598444,0.15453148772680106,0,29.8,0
2025,669127,1.876,55.45620315309654,0.10610246584643104,0,29.2,0
2025,669127,2.136,58.09939885397198,0.40585392864035125,0,27.1,0
2025,669127,1.895,52.00114638162511,0.07543770091318558,0,27.6,0
2025,669127,1.825,53.50203624789633,0.08784241382927076,0,29.1,0
2025,669127,1.894,55.509635169770476,0.16238818111062275,0,28.8,0
2025,669127,1.961,64.56226743792972,0.6015277924405554,0,29.2,0
2025,669127,1.897,56.98027992343072,0.19931843628568352,0,28.4,0
2025,669127,1.973,59.39865903718935,0.3021869963839579,1,27.8,0
2025,669127,1.795,52.989576538684396,0.10574152291008468,0,28.3,0
2025,669127,1.883,64.52279473782498,0.594255707336235,0,29.6,0
2025,669127,1.902,57.54744426341395,0.18691012297569648,0,29,0
2025,669127,1.862,55.51845416650974,0.11448720624476888,0,29.6,0
2025,669127,1.856,59.16611427927056,0.3899021268435526,1,28.4,0
2025,669127,1.885,58.91168687837959,0.11257176662807007,1,29,0
2025,669127,1.943,58.40150276562985,0.4263753508436413,0,27.6,0
2025,669127,1.922,57.69043743709449,0.15766270277067132,1,29.9,0
2025,669127,1.847,51.87705293189946,0.03614176520288736,0,30.2,0
2025,669127,1.912,57.18020626694857,0.365136544267529,0,26.7,0
2025,669127,1.912,56.63823952208371,0.15196233944224652,0,29.8,0
2025,669127,1.957,51.9437538566763,0.06167617392045683,0,26.2,0
2025,669127,1.824,58.87464028498115,0.3539732119031838,1,28.6,0
2025,669127,1.906,50.47318986344844,0.03180981237591398,0,29.1,0
2025,669127,1.89,54.08292600629209,0.16891309013601644,0,27,0
2025,669224,1.954,56.838019792647096,0.2905647130846849,1,28,0
2025,669224,2.014,55.49403631496807,0.07933029310976063,0,27.9,0
2025,669224,1.963,57.14633033866006,0.2577175067183951,0,28.1,0
2025,669224,1.896,59.629879106197585,0.35665384794679833,1,29,0
2025,669224,1.862,57.1746800274784,0.18467628303442862,1,29.6,0
2025,669224,2.032,47.146881998635045,0.01690586616794173,0,28.8,0
2025,669224,1.922,54.09341691088211,0.13749200459233804,0,28,0
2025,669224,1.845,55.4277117278935,0.16386897484991747,0,28.1,0
2025,669224,2.105,61.28957974241031,0.5957284644240673,0,27.8,0
2025,669224,2.091,61.498386808648476,0.4329652151356223,0,28.1,0
2025,669224,2.019,56.614849323066785,0.27818567969942076,0,27.8,0
2025,669224,1.907,54.508726300854136,0.13296028690238895,0,28.7,0
2025,669224,2.021,55.9312247711841,0.16942626653537046,0,28.5,0
2025,669224,2.019,60.07877488185463,0.48533726817382056,1,27.2,0
2025,669224,2.021,57.894484422715294,0.1322831364332417,0,29.6,0
2025,669224,2.013,53.12092454751364,0.10707423687557273,0,28.3,0
2025,669224,1.975,60.39250763879702,0.4975568791930756,1,27.9,0
2025,669224,1.98,58.859562322661795,0.2992751524385369,0,27.5,0
2025,669224,1.913,60.075431696823834,0.3171634726851306,0,29.6,0
2025,669224,1.959,55.984169613552346,0.12751564198225163,0,29.1,0
2025,669224,1.873,51.71843785230704,0.03365029158813729,1,29.7,0
2025,669224,1.985,53.03351381977227,0.050397067254971124,0,29.8,0
2025,669224,1.987,57.09427156551002,0.26247121357978,0,27.2,0
2025,669224,2.865,68.63031724186345,0.8962698994853902,0,27,0
2025,669224,1.963,56.45120075032154,0.14310351259368778,0,29.1,0
2025,669224,1.817,53.16191615603977,0.09718727852956033,1,28.8,0
2025,669224,2.045,60.53651623258322,0.5313472396539957,1,27.8,0
2025,669224,2.061,59.06008274813583,0.21734352301343746,0,30.1,0
2025,669224,1.831,52.83050800275857,0.12231629025357942,0,28,0
2025,669224,1.872,53.940432365218385,0.24274712563625125,1,26.7,0
2025,669224,2.039,57.45130346541882,0.1730432823040488,0,29.9,0
2025,669224,1.886,55.29375396220525,0.1797651751819747,0,28.5,0
2025,669224,2.095,63.70456056302122,0.8709433875447395,1,25.9,0
2025,669224,1.923,53.49167222588764,0.0730750584691789,0,28.3,0
2025,669224,2.035,57.4921848522497,0.24721972543121776,1,27.5,0
2025,669224,1.896,58.02078796623965,0.26300527562170684,0,29,0
2025,669224,2.015,55.04505270796459,0.18786772049630857,0,27.8,0
2025,669224,1.885,54.49846052686031,0.2234872682444365,0,27.2,0
2025,669224,1.979,57.64246531607088,0.1500595262131216,0,29.5,0
2025,669224,1.909,51.54495770272623,0.09477229116570093,0,27.8,0
2025,669257,1.862,58.19260069021739,0.3780295215516081,1,27.1,0
2025,669257,1.882,58.4389410196615,0.3249789172238592,1,28.1,0
2025,669257,2.083,62.164412758152764,0.621793930537383,1,26.5,0
2025,669257,1.945,58.7170897621145,0.18831331264005732,1,28.9,0
2025,669257,2.017,52.76066816691986,0.08302051325211386,0,28.4,0
2025,669257,1.924,54.81385143524805,0.08293710360830243,0,28.1,0
2025,669257,1.895,59.53698823847287,0.402030299622397,1,28.4,0
2025,669257,1.913,56.87355797065612,0.2322253121575013,0,28.6,0
2025,669257,2.058,51.24795350698275,0.06448640476305875,0,26.7,0
2025,669257,1.983,54.31573385787488,0.10161320181069328,0,29.5,0
2025,669257,1.921,54.55969848600437,0.08993306903838452,0,29.3,0
2025,669257,1.967,58.82418067209331,0.2561359437460717,0,29.2,0
2025,669257,1.955,55.0713560742806,0.15315710352359452,0,27.9,0
2025,669257,2.028,54.844687462529734,0.29823691575917777,0,26.2,0
2025,669257,2.053,55.88399051083357,0.16192276260399127,0,28.4,0
2025,669257,1.854,45.55056513233523,0.009544959936363192,0,29.5,0
2025,669257,1.89,60.903917083465636,0.3989799169210568,0,29.1,0
2025,669257,1.947,55.70136269251369,0.0744912773374341,0,29,0
2025,669257,1.893,60.077461499730866,0.42699883134338423,1,28.4,0
2025,669257,1.967,60.96364519686081,0.45357963684294017,1,28.4,0
2025,669257,1.944,52.14445353463707,0.07980226023349885,0,27.6,0
2025,669257,1.957,59.231741972577396,0.15354905541641828,0,29.2,0
2025,669257,1.829,53.54705676777685,0.10929967379150159,1,27.9,0
2025,669257,2.146,60.55066171344185,0.38918777869032317,0,28.4,0
2025,669257,1.896,53.929327929028865,0.08092291276793935,0,28.7,0
2025,669257,1.844,50.691684890035575,0.05095636870406489,0,28.4,0
2025,669257,1.941,60.42856214830624,0.6242405228446422,1,27.1,0
2025,669257,2.055,52.45265160037062,0.06503478422621962,0,27.5,0
2025,669257,1.92,58.56177645370291,0.29654915089758205,1,28.4,0
2025,669257,1.865,52.90801806158813,0.10924430809113181,0,27.8,0
2025,669257,1.841,59.32943649180678,0.2379572108366014,1,29.9,0
2025,669257,1.931,53.56236729418398,0.09970354650521022,0,28.6,0
2025,669257,1.854,52.54124582891157,0.09737797270972569,0,28.4,0
2025,669257,1.793,48.84102535955788,0.03411782525555416,0,28.9,0
2025,669257,1.952,56.00763943989468,0.3383416649413852,0,26.5,0
2025,669257,1.849,51.661183434048056,0.09642223458375569,0,27.3,0
2025,669257,1.989,57.08968911819466,0.18789057061626407,0,28.8,0
2025,669257,1.965,56.48767953736607,0.14821401806118312,0,29.8,0
2025,669257,1.999,57.31012418662144,0.139029283313349,1,29.2,0
2025,669257,1.927,54.20216219921353,0.2213611179957911,0,26.9,0
2025,669257,1.982,54.65084407177737,0.11580716857551503,0,28.6,0
2025,669257,2.048,55.44301729221198,0.19592378580134026,0,27.9,0
2025,669257,1.89,58.71256696426545,0.29525509948830325,1,29,0
2025,669257,1.953,52.53407351862175,0.0772856586884484,0,28.3,0
2025,669257,1.975,50.06871739046145,0.03944821032872396,0,28.6,0
2025,669257,1.953,52.680879027798575,0.09012755125521334,0,28.2,0
2025,669257,1.937,54.54378381283453,0.1737100981541972,0,27.7,0
2025,671056,2.012,50.68884600777291,0.039589502280545,0,29.3,0
2025,671056,1.942,51.06879033222578,0.07551729843058462,0,28.1,0
2025,671056,2.027,59.56183433550895,0.3240208355594671,0,29.1,0
2025,671056,1.967,52.857239708528894,0.15933653222041733,0,27.2,0
2025,671056,1.991,55.767511371769636,0.276306253257412,0,27.2,0
2025,671056,2.044,55.99076217423448,0.3253383556333643,0,26.5,0
2025,672275,1.825,57.89862385622612,0.15320066616997655,1,30.4,0
2025,672275,1.792,51.49382253183489,0.06804417413963963,0,28.3,0
2025,672275,1.911,56.12558355990799,0.31135268584091436,1,26.6,0
2025,672275,1.87,59.84129437852345,0.35312709408811377,1,29,0
2025,672275,1.802,52.45507228350691,0.15569739869475455,1,26.9,0
2025,672275,1.802,39.512525415033956,0.0029451050810426448,0,26.8,0
2025,672275,1.915,59.10542445800791,0.35267506251111064,1,28.6,0
2025,672275,1.838,47.594905947677205,0.07154563433124413,0,25.7,0
2025,672275,1.868,57.16688651009637,0.1414211380472092,0,30.1,0
2025,672275,1.857,54.89532809502204,0.14611366635199724,1,28,0
2025,672275,1.934,63.39947766885496,0.8882572745722925,0,25.1,0
2025,672275,1.847,56.821730384580164,0.3612896586123552,1,27,0
2025,672275,1.917,57.50625014395085,0.2492138256628858,1,28.9,0
2025,672275,1.86,53.11671061112477,0.09499477375543214,0,28.7,0
2025,672275,2.017,61.24218259652133,0.4487916701450847,1,29,0
2025,672275,1.931,52.652832310028565,0.030604501905548132,0,28.5,0
2025,672275,1.783,52.09001536923477,0.07737122220273263,0,28.8,0
2025,672275,1.955,60.023304636125644,0.32879995344205853,0,27.2,0
2025,672275,1.822,53.69588517617436,0.07390182769157495,0,28.8,0
2025,672275,1.785,53.39058777333178,0.055998577166612246,1,29.5,0
2025,672275,1.824,56.151803924992095,0.19376186090586744,0,28.8,0
2025,672275,1.93,60.133740662478104,0.5009846566858303,1,28,0
2025,672275,1.887,53.59709626847621,0.2073226002368539,0,26.5,0
2025,672275,1.896,56.49079494897831,0.14370944801046032,0,29.3,0
2025,672275,1.771,55.90048797052774,0.10488442113173647,0,29.6,0
2025,672275,1.888,60.448238362317205,0.3746422878837153,0,29.3,0
2025,672275,1.804,53.4714172075955,0.07173093709166396,0,29.9,0
2025,672275,1.811,52.83122556155413,0.09903379412880564,1,28.6,0
2025,672275,1.754,47.84267080472879,0.018566369034627224,0,26.7,0
2025,672275,1.72,56.47152872558434,0.13125506838634834,1,30.1,0
2025,672275,1.816,56.1498400224553,0.1530855396417069,0,28.9,0
2025,672275,1.837,56.6500886122339,0.20754143841027348,1,28.3,0
2025,672275,1.86,55.416953224225246,0.12587902599300643,0,29.5,0
2025,672275,1.838,57.630997354352736,0.17230422045688445,0,29.3,0
2025,672275,1.915,59.024167962419305,0.49023383238903484,0,26.9,0
2025,672275,1.889,56.880154946648034,0.14830624830118777,0,29.2,0
2025,672275,1.843,55.24282851580233,0.11288150090918378,0,29.7,0
2025,672275,1.815,57.32075233292969,0.14430398589071702,1,30.2,0
2025,672275,1.889,53.26678197167078,0.08142558916443594,0,28.8,0
2025,673237,1.915,56.46547870501784,0.24597952630781345,1,27.1,0
2025,673237,1.953,55.96335227871474,0.1716004824695529,0,28,0
2025,673237,1.82,49.17746000628208,0.08278992801510857,0,26.7,0
2025,673237,2.006,54.97522808014657,0.21456949959218327,0,27.7,0
2025,673237,1.881,57.16807035350638,0.20237243598898355,1,28.6,0
2025,673237,2.5,62.22393751730217,0.5671304937097306,0,27.6,0
2025,673237,2.278,57.063597599194075,0.2910403989072878,0,28.1,0
2025,673237,1.826,53.30229898050185,0.15756485147224167,0,27.6,0
2025,673237,1.925,57.66086968960303,0.31194599471224466,1,27.6,0
2025,673237,1.928,55.57214562572546,0.13974623244970896,0,29,0
2025,673237,1.956,51.595928963682056,0.03715949136108367,0,30.1,0
2025,673237,2.143,52.22215179761171,0.1527374514341778,0,25.7,0
2025,673237,2.413,65.07112500014698,0.7660823305138222,0,27.6,0
2025,673237,1.813,54.55674547438091,0.17487172841099027,1,28.1,0
2025,673237,1.858,54.66120375529786,0.14696697921544433,0,28.4,0
2025,673237,2.121,58.5748041246608,0.16211037715007068,0,29.2,0
2025,673237,1.845,54.575591233580546,0.130008790942505,1,28.9,0
2025,673237,2.019,54.28786511007435,0.14862614228285254,0,28.3,0
2025,673237,2.031,61.05564551121141,0.5413914001355704,1,27.7,0
2025,673237,1.827,53.618938562918444,0.21686451093261597,1,26.7,0
2025,673237,2.063,52.89675709513807,0.06545848245450776,0,28.3,0
2025,673237,1.996,51.36534242049609,0.04009698996640669,0,29.5,0
2025,673237,1.885,59.32322974441767,0.28295472031169006,0,29.6,0
2025,673237,2.074,60.13657740034895,0.3361344271204308,1,28.1,0
2025,673237,1.94,52.35329750890037,0.036266456831348624,0,28.7,0
2025,673237,1.926,51.58246409704186,0.042026593719903804,0,30.1,0
2025,673237,1.911,52.86844095482927,0.1749277974193987,0,26.4,0
2025,673237,1.849,53.21156614056888,0.16426553753396644,1,27.5,0
2025,673237,1.935,58.14709772021263,0.31204995067381697,0,28.3,0
2025,673237,1.967,52.43589750452202,0.03833371898614935,0,29.1,0
2025,673237,1.933,56.94763602903383,0.21420630406883498,0,28.3,0
2025,673237,2.1,52.90635543596546,0.22690228398402013,0,26.1,0
2025,673237,1.98,54.89873660313559,0.1750509594564432,0,28.1,0
2025,673237,1.807,54.81153990905039,0.13550901809606786,1,28.9,0
2025,673237,1.885,57.172469218794056,0.3218720498584048,0,27.9,0
2025,673237,1.927,52.864132824504004,0.04721871074568804,0,29.4,0
2025,673237,1.893,57.067340011331424,0.22212425309326936,0,28.5,0
2025,673237,1.941,51.41314504462944,0.04527884217092216,0,29.3,0
2025,673237,1.937,56.388611856361464,0.1833028278207907,0,28.9,0
2025,673237,2.052,54.601305237587034,0.06546156887544635,0,29.4,0
2025,673237,2.131,50.969934015594255,0.04669042617431497,0,28.5,0
2025,673237,1.928,56.14291180469839,0.17579383006807273,0,28.6,0
2025,673237,1.937,56.35959885361832,0.10238854540578958,0,30.1,0
2025,673237,1.953,55.339280187512074,0.04593157343424105,0,28.9,0
2025,673237,1.877,57.58177704181192,0.2703328595033848,1,28.5,0
2025,673237,1.916,56.314871208050086,0.3282507478626018,0,27.1,0
2025,673237,1.926,54.55830365381872,0.09132825738483315,0,28.4,0
2025,673237,2.03,58.90398180536777,0.19374563714240833,0,28.2,0
2025,673237,1.884,55.730098032436594,0.1647705074388397,0,28.6,0
2025,673237,1.905,54.31578730250519,0.14434418223649487,0,28.5,0
2025,673237,1.9,57.55679967688416,0.16762146690161966,0,29.2,0
2025,673237,1.959,56.208027699552154,0.1271565082239555,0,29.2,0
2025,673237,1.983,50.15236810979887,0.09585970295246399,0,26.9,0
2025,673237,2.065,54.658262585938694,0.22873004967248867,0,25.5,0
2025,673237,1.875,53.380565020657166,0.13549076425800052,0,27.6,0
2025,673237,1.918,59.814521080143436,0.2595325125254626,1,28.4,0
2025,673237,2.055,56.2896052441435,0.12983148593810542,0,28.1,0
2025,673237,1.937,56.729812860304854,0.21255951114119687,0,28.9,0
2025,673237,1.887,55.43908862945666,0.0531117382253509,0,30.1,0
2025,673237,2.051,53.661710528408214,0.060261215812070675,0,28.6,0
2025,673237,1.807,58.61955117974301,0.3073686171126588,1,28.7,0
2025,673237,1.847,58.131127521223426,0.3284985990794212,0,28.4,0
2025,673237,1.811,53.56064493291808,0.11596700250895695,1,27.4,0
2025,673237,2.142,56.74870509672737,0.17386539523700073,0,27.2,0
2025,673237,1.954,56.70776199973339,0.07293931935457629,0,29.6,0
2025,673237,1.829,57.44676987244278,0.20036720293932558,0,28.7,0
2025,673237,1.991,57.416928445238675,0.32185389981033447,0,27.9,0
2025,673237,1.887,53.291714427507586,0.16637006787319683,1,27.5,0
2025,673237,1.955,53.20564709319318,0.11735903599782822,0,27.8,0
2025,680777,1.95,56.894361108589706,0.21278254446485326,0,28.5,0
2025,680777,1.992,55.273202325057895,0.10554081469502254,0,28.6,0
2025,680777,2.083,59.31179992075917,0.6207325738694768,1,26.5,0
2025,680777,1.99,58.77405249465478,0.3481286297139842,0,28.4,0
2025,680777,2.103,54.79086747048321,0.23554200528016433,0,27.2,0
2025,680777,1.898,56.883926553184764,0.13042308645921794,0,30.4,0
2025,680777,1.911,58.858577307867264,0.21102340827182028,1,30,0
2025,680777,2.007,63.246357728577266,0.7745947190529313,1,27.1,0
2025,680777,1.968,53.45497611453365,0.06799678085681778,0,29.8,0
2025,680777,1.911,55.24536845554567,0.17149961545116152,0,28.6,0
2025,680777,1.895,56.697067321383855,0.21858763449221327,1,28.8,0
2025,680777,2.568,66.04585752076322,0.6483086409179618,0,29,0
2025,680777,1.951,56.77273526856634,0.2449901347832678,0,28.1,0
2025,680777,2.127,56.58477049505736,0.12417965298074368,0,29.4,0
2025,680777,2.003,56.445126827887506,0.1089068542589825,0,29.4,0
2025,680777,1.97,57.589308684229444,0.32320596852771216,0,28,0
2025,680777,1.997,56.73675016620271,0.25507060470046367,0,28.3,0
2025,680777,1.871,52.633849421379985,0.1157444240738356,0,28.1,0
2025,680777,1.933,58.09278141159378,0.18935817964348095,0,29.6,0
2025,680777,2.007,56.01898874938491,0.21892513035463945,0,28.4,0
2025,680777,1.926,54.79169837580431,0.15396706951153558,0,28.6,0
2025,680777,1.951,62.72708684260739,0.47908059188253527,0,29.6,0
2025,680777,1.977,56.67678099107198,0.2470205630677399,0,28.4,0
2025,680777,1.947,59.27872091193703,0.22722352216418928,0,29.2,0
2025,680777,1.902,56.536613783753964,0.2285030027107668,0,28.1,0
2025,680777,1.936,60.689459526590205,0.44679241917448087,0,28.6,0
2025,680777,2.213,55.09078813926281,0.12034636341545162,0,27.2,0
2025,680777,2.017,59.378472082251285,0.48787007043144087,1,27.6,0
2025,680777,1.944,55.89288872690337,0.24693280167967496,0,27.6,0
2025,680777,2.198,63.53281444428934,0.44515364243182715,0,30.4,0
2025,680777,1.938,55.37630812802626,0.1938483429086565,1,28.2,0
2025,680777,2.027,57.93572030030181,0.11303592322469003,0,30.1,0
2025,680777,2.011,58.249600568811,0.2661761899375334,0,28.1,0
2025,680777,1.966,60.08521214106825,0.49152338681374946,1,27.6,0
2025,680779,2.005,61.37783786103521,0.5670847680162999,1,27.9,0
2025,680779,1.926,53.75567100737559,0.08382433477298316,0,29.7,0
2025,680779,1.809,54.848344296180855,0.14210326959740505,0,28.7,0
2025,680779,1.837,59.05571561270814,0.2912894476291151,1,29.3,0
2025,680779,1.865,55.43113186462712,0.11262343223968464,0,28.6,0
2025,680779,1.885,62.78920972073285,0.6030512433899474,1,28.6,0
2025,680779,1.813,53.78882089169821,0.09604039384348924,0,28.7,0
2025,680779,1.967,60.8130278232407,0.402467046894033,1,29,0
2025,680779,1.882,45.92947959119876,0.03458885239587435,0,26.8,0
2025,680779,1.839,53.10688050596962,0.0760555520637171,0,28.9,0
2025,680779,1.976,62.37311154705836,0.4172997336780084,1,29,0
2025,680779,1.903,53.24070946686688,0.08596328579651019,1,29.3,0
2025,680779,2.071,65.00874482133568,0.6470137977428594,1,29.4,0
2025,680779,1.828,59.44638236594538,0.2821574946582365,1,29.1,0
2025,680779,1.824,50.15534856091547,0.03503853427653086,0,29.7,0
2025,680779,1.905,57.16578939432206,0.1099637147200094,0,28,0
2025,680779,1.835,57.51737768373396,0.1755271648492388,1,29.7,0
2025,680779,1.759,54.95624796596202,0.13360873240042476,1,28.5,0
2025,680779,1.861,56.31277961782951,0.2205718780717216,1,27.9,0
2025,680779,1.858,57.095422339019784,0.10113872561428443,1,30.1,0
2025,680779,1.936,56.064385420798885,0.21894589601417672,0,28.4,0
2025,680779,1.913,58.878715586306434,0.4072443598789817,1,28.1,0
2025,680779,2.512,66.3919575197695,0.7028280978930875,0,28.2,0
2025,680779,1.945,58.206037931212514,0.23383234933368563,0,29,0
2025,680862,2.095,58.40028775199133,0.30026323198479465,0,27.7,0
2025,680862,1.975,53.31697292803144,0.10073488037924173,0,28.1,0
2025,680862,1.953,57.62907778073539,0.1852530562493691,0,29.7,0
2025,680862,2.038,54.83473315478917,0.24785905108163767,0,27.2,0
2025,680862,2.097,55.19549671563441,0.12206911629055585,0,29.5,0
2025,680862,1.956,59.546849887827776,0.30909508211669984,1,29.4,0
2025,680862,1.967,57.90828308002612,0.2307212880443497,1,28.8,0
2025,680862,1.901,59.17705043615336,0.2200606313555124,1,30,0
2025,680862,2.01,57.05469909752655,0.18611753286664126,0,28.4,0
2025,681351,1.893,59.724328770183284,0.21340015604668688,0,30.1,0
2025,681351,1.948,60.5687885182233,0.2571766722325394,1,30.4,0
2025,681351,2,54.31383841336076,0.19783121298618336,0,26.9,0
2025,681351,1.983,55.14553156922299,0.10657314025062765,0,29.9,0
2025,681351,2.011,57.053043688687936,0.21993248536065654,0,28.6,0
2025,681351,1.918,53.1344480349007,0.11178012788480433,0,28.5,0
2025,681351,2.002,53.112819361729144,0.08836414898869112,0,28.1,0
2025,681351,1.946,59.375959428427706,0.5149346410616608,1,26.6,0
2025,681351,2.075,46.30577424183013,0.03467047712623322,0,26.9,0
2025,681351,2.126,54.79920456065435,0.11893520770517756,0,28.3,0
2025,681351,2.019,54.86016056404762,0.11441267148062045,0,29.2,0
2025,681351,2.018,61.23702240619014,0.3461926691147664,0,28.4,0
2025,681351,2.017,58.15152714552891,0.2699574068369129,0,28.8,0
2025,681351,1.954,52.31254190954963,0.0725498469691699,0,28.5,0
2025,681351,2.06,55.45294750791069,0.24095363718509716,0,27.7,0
2025,681351,1.934,54.555838709114354,0.10733630916432779,0,28.6,0
2025,681351,2.03,54.95388164691488,0.083962166493431,0,28.3,0
2025,681351,2.016,50.969586203993416,0.07250436577801718,0,26.8,0
2025,681351,1.929,55.65550203369847,0.18835393977271972,0,28.1,0
2025,681351,1.953,54.58660363034234,0.06776579783953839,0,29.2,0
2025,681351,2.107,56.80966894844004,0.1076977659227997,0,29.9,0
2025,681351,2.038,54.92296476417919,0.2385729896066101,0,27.2,0
2025,681351,1.945,55.99544433105043,0.15794736768647766,0,28.7,0
2025,681351,1.947,58.87849450617611,0.3492336919540768,1,28.5,0
2025,681351,2.025,60.96860642140444,0.7209598101420095,1,26.5,0
2025,681351,1.911,55.51722116466511,0.14952305959867096,1,29.2,0
2025,681351,2.002,52.01384930093375,0.09251233220581313,0,28.3,0
2025,681351,1.977,58.33405585542159,0.27819242629503643,1,28.4,0
2025,681351,2.021,56.33839296143639,0.10288095875732206,0,28.8,0
2025,681351,1.921,61.26786452039072,0.47845685627241347,1,27.5,0
2025,681351,2.047,51.84234607671835,0.07879806388917954,0,28.4,0
2025,681351,2,59.8736009232202,0.3494790222866235,1,29.2,0
2025,681351,1.951,53.853909592707545,0.10742205287100956,0,28.6,0
2025,681351,1.979,49.48268068961707,0.03290376746563782,0,28.3,0
2025,681351,1.903,52.47963928932432,0.08388822572411438,0,28.6,0
2025,681351,2.022,55.76821823514334,0.19390606171650268,0,28.6,0
2025,681351,2.015,59.72273284235385,0.6156843913578647,0,29.8,1
2025,681351,1.854,54.06746781618428,0.1332251467621758,0,28.6,0
2025,681351,2.056,55.644744227688264,0.11511056072760062,0,28.7,0
2025,681351,1.993,56.57947221376799,0.16040342673932598,0,29.4,0
2025,681351,2.048,54.642195508227076,0.10669785450405365,0,28,0
2025,681351,2.056,60.76299045818329,0.38459208852639926,0,29.3,0
2025,681351,1.972,56.644792253631415,0.20194933398935588,0,28.8,0
2025,681351,2.011,56.0913876447727,0.20781448261452062,0,28.6,0
2025,681351,2.058,55.135173455528644,0.040576662913277314,0,29.2,0
2025,681351,2.032,57.816755621658835,0.15023583279806138,0,28.1,0
2025,681351,2.108,55.023384281013406,0.37165562246264083,0,25.5,0
2025,681508,1.905,53.97355871553028,0.16386535393558602,0,27.5,0
2025,681508,1.929,59.10568625095832,0.387196320074154,1,28.4,0
2025,681508,1.985,54.06861670085427,0.08364918258805637,0,28.4,0
2025,681508,1.998,59.956422517267,0.33769183738817077,0,28.4,0
2025,681508,2.118,59.35087447647768,0.2953148037162595,0,27.6,0
2025,681508,1.926,57.79613388168775,0.3410162288589599,0,28,0
2025,681508,2.331,66.37056002460743,0.7828532879855594,0,28,0
2025,681508,1.862,54.96647952769824,0.1678008945362411,0,27.9,0
2025,681508,1.898,58.80376966850147,0.3051643478295727,0,29,0
2025,681508,1.891,52.05221386712588,0.08449817179329668,0,27.5,0
2025,681508,2.045,54.90279702881065,0.06265706452934783,0,28.8,0
2025,681508,1.988,60.61270413765194,0.3136030010132832,0,28.6,0
2025,681508,1.946,56.61696418181443,0.17189052436686397,0,27.6,0
2025,681508,1.897,58.727385543057316,0.3238006246010935,1,28.2,0
2025,682626,1.852,52.70402290184832,0.08862547668200908,0,28.8,0
2025,682626,1.82,46.561983817503496,0.022194735099712558,0,28.4,0
2025,682626,1.864,56.750029816316776,0.23923938952073526,0,28.5,0
2025,682626,2.089,62.445333390409935,0.6978922536228379,1,27.2,0
2025,682626,1.834,59.8428776831085,0.43104745264300315,1,27.9,0
2025,682626,1.873,55.9616452646111,0.21256782189653198,0,27.3,0
2025,682626,1.854,61.01574901137528,0.6945119858399428,1,26.7,0
2025,682626,1.939,62.788306489396575,0.4974345705305786,1,29.2,0
2025,682626,1.881,58.99910217968784,0.359502330281689,1,28.6,0
2025,682626,1.857,58.69781805742179,0.23192886341970387,1,29.7,0
2025,682626,1.836,54.81159513932419,0.10943690752676398,0,28.5,0
2025,682626,1.803,58.912514930608936,0.2784000654185567,1,29.4,0
2025,682626,1.929,60.97442725543028,0.08072483850085323,1,27.4,0
2025,682626,1.779,55.26722290085637,0.3476489704250369,0,26.3,0
2025,682626,1.829,55.8614131092307,0.24379527092468034,1,28,0
2025,682626,1.881,52.646287137948015,0.04420181274327441,0,29,0
2025,682626,2.014,57.87736614035356,0.07649486927104852,0,28.7,0
2025,682626,1.896,54.42584956602626,0.0826280790026508,0,29.8,0
2025,682626,1.881,56.214597709262655,0.16697672324539278,0,29.2,0
2025,682626,2.156,63.7474172831047,0.8333175326259568,0,26.7,0
2025,682626,1.861,60.74406554367664,0.44625187952453044,1,28.2,0
2025,682626,1.934,59.86446891372671,0.351817635429361,1,29.2,0
2025,682626,2.025,56.039394584873584,0.10618938109383025,0,26.6,0
2025,682626,2.002,55.374735205936005,0.11058500297779045,0,29,0
2025,682626,1.807,56.80406598691796,0.3363198491842359,0,27.1,0
2025,682626,1.767,59.860568676218364,0.30094483334638483,0,29.7,0
2025,682626,2.303,60.67297107255665,0.40053299041013274,0,28.6,0
2025,682626,2.042,56.27691985467262,0.11445626236318167,0,29.1,0
2025,682626,1.817,52.72478797974872,0.08982769398291496,1,28.8,0
2025,682626,1.809,56.96309744262882,0.29275066615748824,0,28,0
2025,682626,1.83,51.623424111096696,0.12880442774279763,0,27.1,0
2025,682626,2.773,69.29140516986192,0.9538927062572394,0,26.9,0
2025,682626,1.922,53.581759015877786,0.10042393732372924,0,29,0
2025,682626,2.138,63.24306517091753,0.2649818146581816,0,29.4,0
2025,682663,1.943,56.56171470067131,0.17475068144240255,0,29,0
2025,682663,1.975,52.14269584544172,0.10473277555030189,0,26.8,0
2025,682663,2.003,55.99238136984535,0.2939783163706641,0,27.5,0
2025,682663,1.919,55.77877549941882,0.13683546379253547,0,29.6,0
2025,682663,1.971,55.45447246551383,0.15598834157396646,0,29,0
2025,682663,1.952,54.92727424868477,0.13174758231070333,0,29.1,0
2025,682663,2.03,56.664134814455174,0.1965039153798943,0,29,0
2025,682663,1.989,61.53637712448929,0.6015302247998456,0,27.9,0
2025,682663,1.862,55.11950644334723,0.2080121090631946,1,28,0
2025,682663,1.942,51.85043146462623,0.0754900887900117,0,28.1,0
2025,682663,1.912,51.353312737546986,0.09377442239374056,0,27.8,0
2025,682663,1.907,56.159480700326945,0.37393920969578825,0,26.7,0
2025,682663,2.104,60.26430286124846,0.5261083170306385,0,27,0
2025,682663,2.003,55.62127357686114,0.26994426642734687,0,26.8,0
2025,682663,1.923,55.249521111540595,0.1271363445056696,0,28.6,0
2025,682663,2.056,54.311733915974074,0.07863534451777035,0,28.2,0
2025,682663,1.978,60.672249886622815,0.4747841193759333,0,27.6,0
2025,682663,1.983,58.141154992463335,0.20786125419598872,1,28.2,0
2025,682663,2.012,61.20018314117727,0.524946015521431,1,28.4,0
2025,682663,2.072,62.22469600078319,0.677842545390324,0,26.9,0
2025,682663,1.985,60.82172079335464,0.49096968937893287,0,27.7,0
2025,682663,1.993,55.37282088794871,0.17082488012612138,0,28.7,0
2025,682663,2.093,57.762872391883896,0.13359783835443598,0,28.2,0
2025,682663,1.93,53.59227504630727,0.07331999699834557,0,28.6,0
2025,682663,1.893,53.4829887222551,0.19670289275711242,0,26.7,0
2025,682663,1.936,54.73495395364096,0.15923338960813355,0,26.8,0
2025,682663,2.009,57.087629392420915,0.25688763354130756,0,28.5,0
2025,682663,2.004,57.49550489342133,0.24433841422260916,0,28.9,0
2025,682663,2.37,62.185619765665614,0.534477675885985,0,28.4,0
2025,682663,1.974,53.40089095140308,0.13259041564499552,0,28.2,0
2025,682663,1.982,57.25930231222984,0.18392332390269156,0,29.6,0
2025,682663,1.994,59.967132124011805,0.5620115984958108,0,27.1,0
2025,682663,2.018,54.6403095228762,0.15128742589430166,1,28.4,0
2025,682663,2.071,58.08880863041073,0.4502164485945056,0,27.2,0
2025,682663,2.07,58.28841792070547,0.13666744179916832,0,29.3,0
2025,682663,2.011,52.87319262224923,0.08640495211438114,0,28.4,0
2025,682663,1.987,61.38014809327469,0.5694688594688686,1,28.1,0
2025,682663,1.953,52.595034084760634,0.0837197204240137,0,28.5,0
2025,682663,1.926,54.77346996917207,0.16152707821690707,0,28.4,0
2025,682663,2.009,52.130273079802066,0.08244721643533173,0,28.6,0
2025,682663,2.006,54.95902081200345,0.21968999771434988,0,27.5,0
2025,682663,1.975,57.130212877031376,0.3026826672877424,1,28,0
2025,682663,1.954,53.51528398788421,0.09938122161296055,0,28.6,0
2025,682663,2.045,54.240399113248,0.1634534049847497,0,26.7,0
2025,682663,1.898,55.4890648140341,0.18093708130609343,0,28.6,0
2025,682663,2.142,65.62666505245927,0.9173279108077098,1,25.5,0
2025,682663,1.992,58.436585108527844,0.2701417182488713,1,29.2,0
2025,682663,1.999,52.3589573986687,0.24033370214205452,0,25.1,0
2025,686452,1.859,56.75993562629402,0.2834003701212186,1,28,0
2025,686452,1.884,57.74781443036705,0.19155119329912612,0,29.6,0
2025,686452,1.934,60.31876394247424,0.27582852843054007,0,28.6,0
2025,686452,1.896,59.14725788850085,0.2748351139022539,0,29,0
2025,686452,1.858,56.29498113470413,0.12928501461211062,0,30.1,0
2025,686452,1.909,54.575275069797975,0.12255745272502465,0,28.5,0
2025,686780,1.883,53.493619259243964,0.08343237408634513,0,28.6,0
2025,686780,1.987,58.510067655001876,0.24047462140701736,1,28.7,0
2025,686780,1.919,59.26990674401116,0.258837318539412,0,29.7,0
2025,686780,1.89,57.72572947788218,0.22623300184905568,1,28.5,0
2025,686780,2.595,64.79180493095693,0.7401656868215275,0,28,0
2025,686780,1.891,56.43581864919771,0.22435371266512713,0,27.9,0
2025,686780,1.923,61.92478847453958,0.44413411276448234,1,29.1,0
2025,686780,1.891,56.7507106430003,0.2060092299572451,0,29,0
2025,686780,1.862,58.44149919593261,0.2023473680784578,1,29.5,0
2025,686780,1.838,57.94509005746556,0.2807214309699408,0,28.7,0
2025,686780,1.962,59.32616224027602,0.33894056522817895,1,29,0
2025,686780,2.087,61.65063643739784,0.2738599524001999,0,30.4,0
2025,686780,1.949,61.03063890778415,0.4601790994445519,1,28.6,0
2025,686780,1.956,59.65503914513155,0.36088008565419943,1,28.4,0
2025,686780,1.895,55.88867562036754,0.17454090220932897,0,28.6,0
2025,686780,1.906,56.69407047119738,0.2075092767813996,1,28.5,0
2025,686780,2.014,60.22958207254808,0.5495629086280029,0,27.3,0
2025,686780,1.875,51.98458750210295,0.06089809152607857,0,28.8,0
2025,686780,1.876,56.043964563739166,0.19215579448567627,0,27.5,0
2025,686780,1.806,52.42126623973844,0.04992495019162065,0,30.2,0
2025,686780,1.893,56.94841094930414,0.23284760645593752,1,28.8,0
2025,686780,1.982,60.13227850943783,0.4048112287544603,1,27.2,0
2025,686780,1.991,56.0712526396533,0.20659357434913544,0,28.6,0
2025,686780,1.964,58.58754016056171,0.5041707374331537,1,26.4,0
2025,686780,1.937,51.88506864103763,0.13290295634826246,0,27.1,0
2025,686780,1.983,52.58391640063999,0.09782382404810874,0,27.4,0
2025,686780,1.952,59.256092014457955,0.494883296724166,0,27.2,0
2025,686780,1.896,57.67212758155386,0.3253635469550719,1,27.6,0
2025,686780,2.027,58.49059276682349,0.16324841104079374,0,29.3,0
2025,686780,1.959,55.11002639651426,0.1401801042517912,0,28.5,0
2025,686780,1.941,62.152522517010354,0.6568899881042518,1,27.4,0
2025,686780,1.904,58.3118636449071,0.2946840851788885,1,28.6,0
2025,686780,1.932,52.18134860386001,0.0637143030964199,0,28.4,0
2025,686780,1.854,59.083196973175866,0.348370496069804,0,28.6,0
2025,686780,1.919,54.47878697487157,0.13275508961302535,1,28.7,0
2025,686780,2.072,59.985670041466285,0.31682059125325984,0,28.4,0
2025,686780,1.997,56.33739243745248,0.22636542257029418,0,28.4,0
2025,686780,1.87,57.98376980457919,0.16936894912582764,0,29.8,0
2025,686780,1.924,56.1450119512723,0.0582122755988207,0,29.7,0
2025,686780,1.896,58.931913496362895,0.3990588332365386,0,28,0
2025,686780,1.899,54.55454570239593,0.16416696218592736,0,28.3,0
2025,686780,1.911,58.29800019991429,0.18676644851386134,1,28.7,0
2025,686780,1.937,57.59740504148091,0.3194605597221422,1,28,0
2025,686780,1.875,53.72432515375094,0.10729230065649804,0,28.5,0
2025,686780,1.89,54.91609401894286,0.12168021040194556,0,29,0
2025,686780,2.28,63.081790705011,0.6155060847955296,1,28.5,0
2025,686948,2.027,57.450178121106454,0.2621590449269174,0,27.3,0
2025,686948,2.096,53.72417796424058,0.12222532175805768,0,27.9,0
2025,686948,1.96,58.98014820127611,0.26992098800511544,0,28.5,0
2025,686948,1.953,58.294274671243514,0.43008733023629153,1,27,0
2025,686948,2.006,55.10806589803234,0.10848391645275338,0,28.2,0
2025,686948,1.958,56.08302611527146,0.11555431446902792,0,28.4,0
2025,686948,1.973,49.29003760614039,0.025746782709128117,0,28.2,0
2025,686948,2.113,61.54020462553344,0.42130933054589204,0,27.6,0
2025,686948,1.855,57.854732123215804,0.1998310230530119,1,29.3,0
2025,686948,1.957,56.90787138877581,0.21903712024801353,0,28.5,0
2025,686948,1.87,57.1817673315059,0.21070371068314117,0,28.6,0
2025,686948,1.968,53.08683024522387,0.11635161954643729,0,28.3,0
2025,686948,1.938,53.88281093296672,0.10237176539840699,0,28.4,0
2025,686948,1.972,55.70353059875483,0.2975247907028632,0,27.1,0
2025,686948,1.956,57.618876142199,0.1196315249140511,0,29.6,0
2025,686948,1.935,48.97945876365847,0.07993605422304978,0,26.5,0
2025,686948,1.884,56.255276699911626,0.1456322185603508,0,28.3,0
2025,686948,1.942,59.45833932024815,0.3759475550845083,0,28.6,0
2025,686948,1.858,56.796063242266236,0.14423016842744504,0,30.1,0
2025,686948,1.853,51.97523298630121,0.06486190428940325,0,27.8,0
2025,686948,1.943,52.23257516108806,0.10856049266198788,0,28,0
2025,686948,1.949,56.98027340925383,0.2747929962080278,0,28.3,0
2025,686948,1.88,53.678654289334844,0.08944486719539155,0,28.8,0
2025,686948,1.938,58.30535928068546,0.17865585052889152,1,28.7,0
2025,686948,1.928,60.51474168349158,0.33610350134653677,1,29.7,0
2025,686948,1.841,54.750942586900486,0.07285747795863441,0,30.4,0
2025,686948,1.944,58.41024920174558,0.1624876645797359,0,29,0
2025,686948,1.923,60.507731647166736,0.3212804260877538,0,29.2,0
2025,686948,1.879,55.331380678207886,0.09935257398423955,0,29.9,0
2025,686948,1.981,54.43412900519766,0.0876760271878857,0,28.6,0
2025,686948,1.964,54.5974899077428,0.10413494379304135,0,28.2,0
2025,686948,1.856,55.33042321141902,0.11582352318071727,0,29,0
2025,686948,1.881,58.033886941888255,0.1992331236399624,1,29.3,0
2025,686948,1.947,56.85140315271352,0.25335776331335663,0,28.4,0
2025,686948,2.092,54.10970908601804,0.13518324471993043,0,28.6,0
2025,686948,1.845,54.80310605230439,0.15215132564745654,0,28.6,0
2025,686948,2.055,53.71692003409571,0.14738118636160466,0,26.8,0
2025,686948,2.032,60.20450156107111,0.2289817638293646,1,29.9,0
2025,686948,1.893,52.51248887865455,0.039315435239641226,0,30.2,0
2025,686948,1.968,55.28243453819657,0.05728635852862453,0,29.7,0
2025,686948,1.903,56.56210539085593,0.1458132866840114,0,29.4,0
2025,686948,1.945,49.688771457947894,0.03053795114032608,0,28.9,0
2025,686948,2.134,64.86663224511747,0.8226824256369829,0,27.2,0
2025,686948,1.89,57.74914954143185,0.20689520460100988,1,28.7,0
2025,686948,1.987,57.02894730951577,0.2215444347344276,1,26.6,0
2025,686948,1.877,50.740714940651664,0.048347752069168665,0,27.8,0
2025,686948,1.935,53.814937081813326,0.1209534390649739,0,28.1,0
2025,686948,2.317,59.522643391670464,0.5909504279855741,0,26.5,0
2025,686948,1.865,57.06475489468292,0.22265302342087898,1,29,0
2025,686948,1.997,51.53515989357644,0.09475172693025781,0,27.8,0
2025,686948,1.987,56.66768991079143,0.21043040328755325,0,28.4,0
2025,686948,2.082,56.525847495269616,0.2356971453831271,0,28.5,0
2025,686948,1.819,60.00139826857275,0.40283242525721574,1,28.6,0
2025,686948,1.909,56.955320372573055,0.1805706335746636,0,28.6,0
2025,686948,1.863,54.973948839449335,0.1110708373818331,0,29.7,0
2025,686948,2.011,59.009422582382406,0.5250528559292383,1,26.4,0
2025,686948,1.914,50.839669928717974,0.018782364074721936,0,29.7,0
2025,686948,1.98,54.44009263309167,0.09383420776582832,0,28.6,0
2025,687221,1.841,50.87295670078437,0.07052978584356487,0,28.3,0
2025,687221,1.871,52.77197437501179,0.07313930229527074,0,29.4,0
2025,687221,1.978,56.83445263040041,0.1341481167448253,1,28.4,0
2025,687221,1.979,56.64157746624589,0.2816451315993912,0,28,0
2025,687221,1.922,54.07442045108286,0.08713382124391815,0,28,0
2025,687221,1.958,57.994009040060284,0.2586622132236386,0,28.5,0
2025,687221,1.88,50.77033990033291,0.04182541842527506,1,29.6,0
2025,687221,1.938,57.14963620495091,0.1118921818194111,0,29.6,0
2025,687221,2.003,60.63575112226761,0.5499975335653365,1,27.6,0
2025,687221,1.945,56.897349945318595,0.21816691635896973,1,27.8,0
2025,687221,1.934,51.09538673350494,0.05064033033639621,0,28.6,0
2025,687221,1.932,53.32488801560195,0.1377752014982978,0,27.8,0
2025,687221,1.911,59.20578046985143,0.5330346255995856,1,26.9,0
2025,687221,1.967,54.75393603164936,0.1289244575704832,0,29,0
2025,689414,1.981,53.381731138999335,0.08843718576169644,0,28.6,0
2025,689414,2.007,53.0185102332196,0.07306789487916356,0,28.6,0
2025,689414,1.917,54.17088621662145,0.20479080465490201,0,27.4,0
2025,689414,2.055,50.99087160809613,0.02807925775232891,0,29.3,0
2025,689414,1.942,56.61230833238837,0.12032571215365345,0,30.1,0
2025,689414,1.882,51.8230794789809,0.12121717060161019,0,27.4,0
2025,689414,1.984,51.60715967716213,0.038845867324270575,0,28.2,0
2025,689414,2.029,60.61580659095518,0.36274989403538854,1,28.9,0
2025,689414,1.995,55.73608204639699,0.16427694538963242,0,27.8,0
2025,689414,2.081,57.11077012190134,0.17646607788480737,0,28.6,0
2025,689414,2.01,50.4727076257075,0.0393038186639387,0,28.9,0
2025,689414,2.144,62.2908806603044,0.718716793921164,1,27.1,0
2025,689414,1.939,47.47942972399604,0.028560311374663257,0,28.4,0
2025,689414,1.908,54.20447195845161,0.11881418904350616,0,28.8,0
2025,689414,2.027,62.4318521020035,0.5221341890939785,0,29.1,0
2025,689414,1.908,53.730221301213774,0.1629021565664703,0,27.8,0
2025,689414,1.998,59.99676710354777,0.27223543656871524,0,30.1,0
2025,689414,1.933,56.67249227771849,0.2555364975724604,0,28.2,0
2025,689414,2.019,58.87466740229676,0.2491700902689613,1,29.2,0
2025,689414,2.073,57.9820021513501,0.22699631477625473,0,28,0
2025,689414,1.932,55.07341097676688,0.14495388705092688,0,28.2,0
2025,689414,3,70.36519852273217,0.807597389730414,0,29.6,0
2025,689414,1.896,60.71137024365973,0.3306572745930196,0,29.9,0
2025,689414,1.993,61.32516183846195,0.6138365748735332,0,27.7,0
2025,689414,1.927,50.877074292530644,0.047804569334952536,0,28.6,0
2025,689414,1.891,59.12987595466303,0.3984056508768113,0,28.3,0
2025,689414,2.027,61.69301960627693,0.5648058739521185,1,28.3,0
2025,689414,2.005,54.326497401451874,0.14482278441610022,0,28.2,0
2025,689414,2.009,55.35712476120792,0.07659526370860127,0,27.8,0
2025,689414,1.975,53.08745854044039,0.12037823814893579,0,28.1,0
2025,689414,1.885,53.61264009604287,0.10885406146584803,0,28.9,0
2025,689414,1.888,56.06718384669512,0.2482744887216116,1,27.9,0
2025,689414,1.948,57.33987268951807,0.2613278835573312,1,28.6,0
2025,689414,2.132,53.006164376696276,0.0674732704018262,0,29.8,0
2025,689414,1.984,58.837358816540906,0.18779453122875228,0,30,0
2025,689414,2.868,68.32524954278985,0.8684899637371574,0,26.7,0
2025,690924,2.306,65.39920326284023,0.6765608875836462,1,28.7,0
2025,690924,2.039,60.83460894144151,0.44662789648013407,0,27.9,0
2025,690924,1.939,53.56151191328398,0.06722353864842746,0,28.4,0
2025,690924,1.958,54.12539184125428,0.0943100788340397,0,28.6,0
2025,690924,1.945,54.75949592510578,0.17669123717251703,0,28.2,0
2025,690924,1.906,57.68002856338068,0.1364555898507763,1,29,0
2025,690924,1.849,55.25265371767144,0.10747399038127002,0,28.8,0
2025,690924,1.943,59.10316859327054,0.25944069373182466,1,29.6,0
2025,690924,1.932,55.04349587834449,0.09639617524572246,0,29.6,0
2025,690924,1.899,58.20903280402546,0.22723075051693592,0,29.1,0
2025,690924,1.938,55.35223768496362,0.5267731738238817,0,28,1
2025,690924,1.874,56.24012904760057,0.1531305704084526,0,28.8,0
2025,690924,2.679,66.5429340531443,0.8986484827874722,0,26.5,0
2025,690924,2.039,60.514107079284045,0.7033821566263747,1,26.4,0
2025,691019,1.96,52.90476390945761,0.1297119947602744,0,25.5,0
2025,691019,1.92,56.55412922497213,0.2433587305009712,0,28.4,0
2025,691019,2.02,57.1497878377749,0.3123764775786792,0,27.5,0
2025,691019,2.085,56.790778374292884,0.29382692452481507,0,27.2,0
2025,691019,1.948,54.345907442945304,0.12831815652053818,0,28.5,0
2025,691019,1.974,58.672632419607865,0.34301606535376694,0,27.7,0
2025,691019,1.94,53.47231788962532,0.07462262632705886,0,28.4,0
2025,691019,2.095,58.4081224624199,0.3192639520765335,0,28,0
2025,691019,2.053,62.300091503875464,0.37150468866988484,0,30.4,0
2025,691019,1.867,58.49400013315449,0.482136637107791,0,27.1,0
2025,691019,1.942,51.144938579184874,0.08869876059194834,0,25.5,0
2025,691019,1.969,60.815395907278415,0.46218543685922786,1,27.2,0
2025,691019,1.943,51.53861627044369,0.07561100234847377,0,28.5,0
2025,691019,2.046,52.71554717009674,0.065366829112654,0,27.9,0
2025,691019,1.798,55.69483093993465,0.2776019479098443,1,27.5,0
2025,691019,1.938,59.20288942913405,0.19004065685958255,0,29.6,0
2025,691019,1.956,57.52806749780942,0.2177463910398712,1,28.4,0
2025,691019,1.93,53.343791368686325,0.10638787134979198,0,28,0
2025,691019,1.959,56.02127237751769,0.06836188858061297,0,29.1,0
2025,691019,1.905,57.92950644888975,0.3846100037238602,1,27.6,0
2025,691019,1.881,58.75057686802446,0.28713121320680624,1,29.2,0
2025,691019,1.927,56.35144901757115,0.25316304250036453,0,26.7,0
2025,691019,1.973,60.05316151179926,0.4047909308855166,1,28.6,0
2025,691019,1.959,57.50185359891417,0.605435383178547,1,25.4,0
2025,691019,2.088,56.96816694871636,0.29814468261910304,0,26.9,0
2025,691019,1.958,55.67029734352755,0.16692414074157713,0,28,0
2025,691019,1.881,55.87448550419096,0.23522765987287486,0,28,0
2025,691019,1.954,58.52933589360639,0.3124555280986147,0,28.6,0
2025,691019,1.951,56.4758130040869,0.35822801293979695,0,26.7,0
2025,693307,1.853,57.87982096195533,0.3020870542581334,0,28.5,0
2025,693307,2.022,59.85516410030713,0.47289526904635787,1,27.2,0
2025,693307,1.944,59.668302378645855,0.5164904834917611,0,27.6,0
2025,693307,1.87,55.765532980316074,0.1778320099055951,0,28.8,0
2025,693307,1.978,59.57657528155774,0.29718324407104496,0,29.4,0
2025,693307,1.966,58.84584549924827,0.13707451249475489,1,29.3,0
2025,693307,2.102,58.2376260959324,0.22199441350770152,0,28.8,0
2025,693307,1.784,51.87317761506615,0.079432589463721,0,28.4,0
2025,693307,1.858,57.07754516276426,0.21162727775323015,1,29,0
2025,693307,1.908,62.1052524685354,0.3930790133508824,0,29,0
2025,693307,1.811,55.30292094854227,0.20775962800356637,0,28,0
2025,693307,1.933,61.027220310372286,0.6034102328111227,1,27.6,0
2025,693307,1.888,56.51087848723668,0.04242497605088815,0,29.3,0
2025,693307,1.941,55.80352841990982,0.17089184324517406,0,28.4,0
2025,693307,1.979,56.809887878754246,0.3743154672308058,1,27.1,0
2025,693307,2.29,61.35354803640293,0.44924701294009883,0,28.7,0
2025,693307,2.123,61.57609639817938,0.3933405095787141,0,27.9,0
2025,693307,1.872,54.82015659616816,0.18637946424538682,0,27.1,0
2025,693307,1.924,55.774031680165436,0.169595179252461,0,29,0
2025,693307,1.83,51.37786470959029,0.09943047793659303,0,27.1,0
2025,693307,1.9,55.992594707643136,0.16545736295890912,0,28,0
2025,693307,1.937,57.091739267624206,0.11355008022633263,0,30.1,0
2025,693307,1.954,56.607825708714515,0.13976899395442566,0,29.8,0
2025,693307,1.909,55.7824573342218,0.06368803027155501,0,29.6,0
2025,693307,2.022,63.61311797511547,0.6673263141854641,0,28.4,0
2025,693307,1.947,53.51057346223327,0.08001816393082302,0,28.3,0
2025,693307,1.948,59.78768262557479,0.3779804981847163,1,28.8,0
2025,693307,1.974,60.18680661449945,0.1550610742202038,0,29.7,0
2025,693307,1.96,53.79713296030252,0.05609118632690073,1,28.5,0
2025,693307,1.919,56.65789287404009,0.1974899340236447,0,29.1,0
2025,693307,1.915,56.73125571304582,0.10841630551333375,0,30.1,0
2025,693307,2.081,57.362430186449984,0.2383142018769131,0,28.9,0
2025,693307,2.033,59.931596150322605,0.5623406052242065,0,27.2,0
2025,693307,1.873,57.241159794759206,0.1362193311574363,0,30.1,0
2025,693307,1.913,49.10752798084694,0.04695991574096406,0,26.9,0
2025,693307,1.86,52.33367846088969,0.06842461010871063,0,28.6,0
2025,693307,1.826,53.27619017541767,0.10980785587401203,0,28.6,0
2025,693307,2.155,59.613423202637875,0.19667435022615662,0,30.1,0
2025,693307,2.035,58.79656184581647,0.3831778774939082,1,27.4,0
2025,693307,2.11,54.15610721563887,0.127509364398449,0,28.8,0
2025,693307,1.953,47.16474196490613,0.03318921756387121,0,26.8,0
2025,693307,1.873,55.4213805654736,0.19740766474625776,1,28.1,0
2025,693307,1.912,57.75415093873874,0.23062241543839346,0,29.3,0
2025,693307,1.928,57.17329215391324,0.2755239399126065,0,28.4,0
2025,693307,1.929,59.61967774451681,0.47429721692730514,1,27.2,0
2025,693307,1.93,52.65447715356719,0.05643028792879325,1,28,0
2025,693307,1.943,61.40171406302132,0.6391044738295825,1,26.9,0
2025,693307,1.894,54.29406057740506,0.18798822385594927,0,27.8,0
2025,693307,1.956,56.856840214861805,0.1520906740718112,0,29.1,0
2025,693307,1.91,58.85039940614487,0.39069396014458296,1,28.1,0
2025,693307,1.874,60.08824208016909,0.20058207711461024,1,30.4,0
2025,693307,1.86,52.62946833589403,0.04698536819921533,0,28.7,0
2025,693307,1.892,57.360757123605495,0.14708772294038763,1,29,0
2025,693307,1.987,59.385949667363505,0.3828635504786182,0,28.5,0
2025,693307,1.822,55.061554769714746,0.1317624869240088,1,28.8,0
2025,693307,2.022,60.851347883102655,0.6184985888349382,1,27.2,0
2025,693307,1.984,57.440379564174975,0.2729067525803086,1,28.6,0
2025,694212,1.919,56.19379151875868,0.2070960881006557,1,28.3,0
2025,694212,1.862,61.01046252913996,0.2584543578983147,1,29.4,0
2025,694212,1.861,49.48429844076727,0.053783430438858484,0,28.1,0
2025,694212,1.964,54.814069311302575,0.07779681397385842,0,29.4,0
2025,694212,1.909,56.61357017715009,0.21533946161635303,1,28.7,0
2025,694212,1.889,56.47546607057392,0.08789484879201565,0,29.3,0
2025,694212,1.985,57.47298878339846,0.1726635577611415,0,29.6,0
2025,694212,2.07,61.04265741540289,0.527596058618321,0,28.2,0
2025,696100,1.888,48.514532524645894,0.051175253235984784,0,27.1,0
2025,696100,1.878,51.59060104662792,0.045704461691766306,0,29.5,0
2025,696100,2.033,56.46057996230164,0.31946402482230224,0,27.5,0
2025,696100,1.963,57.667375839834406,0.2423104857619011,0,28.9,0
2025,696100,1.998,58.445598789564485,0.2946489861779459,1,28.2,0
2025,696100,2.208,55.18096418464423,0.6563401433826417,0,26.7,1
2025,696100,1.919,57.91383451807049,0.28912377165791014,1,28.6,0
2025,696100,1.965,54.85347402683536,0.2530605173312784,0,27.2,0
2025,696100,1.954,57.57508765371783,0.3008815010488421,0,27.9,0
2025,696100,1.984,59.76868296306188,0.15305153700824264,0,28.7,0
2025,696100,1.9,55.79558055996531,0.09779206849602859,0,29.4,0
2025,696100,1.967,58.70300018091223,0.2719747620816309,0,29,0
2025,696100,1.858,56.8212087037813,0.20772881252922112,0,29,0
2025,696100,1.847,57.9609575666627,0.28538536031613515,1,28.6,0
2025,696100,1.972,63.20239107530918,0.6168980508413017,0,28.7,0
2025,696100,1.877,58.71201350610956,0.36242321787192333,0,28.3,0
2025,696100,1.957,40.79664736749058,0.01301978580036329,0,25.7,0
2025,696100,1.867,57.854781923386824,0.28728226237495524,1,28,0
2025,696100,2.009,59.4936172904663,0.313686692034113,0,29.3,0
2025,696100,1.898,62.29392021145353,0.555529735054233,1,28.4,0
2025,696100,2.144,53.73014179436869,0.061844622089124876,0,28.7,0
2025,696100,1.957,50.69480621409279,0.040570609052989724,0,27.9,0
2025,696100,1.936,55.01850167976969,0.18453890264518047,1,28,0
2025,696100,1.95,59.08547526844338,0.3724944628678048,1,28,0
2025,696100,1.974,58.178854892426834,0.493147772231878,0,26.9,0
2025,696100,1.865,52.78798637268722,0.20404618460554158,0,26.4,0
2025,696100,1.881,54.130091902691774,0.096793231933118,0,28.2,0
2025,696100,2.005,53.220596412910865,0.1382110402373035,1,27.8,0
2025,696100,2.085,58.810593803135674,0.19307614745910062,0,29.9,0
2025,696100,1.905,58.3711619705748,0.38567488904302555,1,27.9,0
2025,696100,1.928,57.897175448760905,0.24754230240097194,0,29,0
2025,696100,1.835,54.372555506514466,0.25053344753597173,0,26.7,0
2025,696100,1.926,55.043170319150505,0.07381273053157059,1,29.6,0
2025,696100,1.907,55.58616791740141,0.286785666386084,0,27.1,0
2025,696100,1.902,57.1178243049185,0.1529805814683556,0,29.7,0
2025,696100,2.031,56.42141880069648,0.10223659456589484,0,28.6,0
2025,696100,2.015,54.269305046191676,0.0696147411593897,0,29.9,0
2025,696100,1.966,53.960435867389464,0.181875076193162,0,27.6,0
2025,696100,1.95,58.33632387542709,0.24437519713267014,0,28.6,0
2025,700250,2.076,56.77005984987043,0.26467958574054773,1,27.7,0
2025,700250,2.132,55.03214931251468,0.06485449294912214,0,28.7,0
2025,700250,2.083,55.694791357367905,0.16719316510037868,0,28,0
2025,700250,2.006,55.16726012311227,0.14087735755160619,0,28.5,0
2025,700250,1.983,55.35899072888415,0.1389698693234186,0,29.2,0
2025,700250,1.955,55.145946501560985,0.11010768620199889,0,29.7,0
2025,700250,2.143,55.18892973267701,0.19060217211164224,0,27.8,0
2025,700250,2.054,58.15865113797117,0.26471200825996927,0,28.9,0
2025,700250,2.071,58.0226572243,0.20808276621783658,0,29.7,0
2025,700337,1.904,54.63428797883839,0.11502349469391496,0,28.8,0
2025,700337,1.861,57.2273824373206,0.22034468579285837,0,28.2,0
2025,700337,1.84,52.03036395500069,0.061354323501811296,0,28.8,0
2025,700337,1.926,57.998337647743455,0.1856968069390174,0,30.1,0
2025,700337,1.91,62.22229654096829,0.637224139515276,1,27.8,0
2025,700337,1.873,53.1813316250099,0.07499917320923824,0,29.6,0
2025,700337,1.904,57.659846483706644,0.21407029014197482,1,28,0
2025,700337,1.923,57.45719766662178,0.3592333123333771,0,27.6,0
2025,700337,2.204,66.44345050431085,0.44813377836083457,0,30.4,0
2025,700337,2.039,65.90943751149788,0.8756391405054211,1,27.1,0
2025,700337,2.334,60.011291305643304,0.40124590560902884,0,28.7,0
2025,700337,1.824,54.82785856161565,0.14543581424426427,0,28.8,0
2025,700337,2.012,55.26173062515397,0.13602730221405815,0,28.7,0
2025,700337,1.891,52.448778804577756,0.08728645625529996,0,28,0
2025,700337,1.908,59.63632572464218,0.34526385592305014,0,29.1,0
2025,700337,1.892,57.07730237586798,0.17262570068247635,0,29.7,0
2025,700337,1.979,53.21940949803196,0.07782601077574873,0,28.4,0
2025,700337,2.063,56.322803041552376,0.1410374967033519,0,28.8,0
2025,700337,1.982,56.80456207034397,0.21947374099393935,0,28.6,0
2025,700337,1.935,59.193010890374104,0.3018327582405086,0,28.8,0
2025,700337,1.853,55.9640321186762,0.11819051439878944,0,30.1,0
2025,700337,1.886,55.85636873466008,0.2313963747077598,0,28.1,0
2025,700337,2.012,55.566992190282356,0.13762773862999994,0,28.3,0
2025,700337,1.92,55.72727530985723,0.27939383948149177,1,26.9,0
2025,700337,2.058,61.62570497615363,0.5489561013250458,1,27,0
2025,700337,1.976,61.3668920158255,0.3414904251572141,1,29.1,0
2025,700337,1.934,58.407365556043466,0.22379395158258192,0,29.6,0
2025,700337,1.872,51.38140011302929,0.05034882354562556,0,29.5,0
2025,700337,2.04,59.55518108931061,0.17741097572744652,0,28.4,0
2025,700337,1.952,57.143976651539255,0.25069003028422104,0,28.6,0
2025,700337,2.001,60.184723412368676,0.439653724013839,1,28.5,0
2025,700337,1.895,55.759887142028994,0.16730219225388598,0,29,0
2025,700337,1.928,56.18023274162666,0.2849175157255106,0,27.1,0
2025,700337,1.89,55.74573671733338,0.17764192469451043,0,28.7,0
2025,700337,1.977,56.16664165148396,0.18109434826073106,0,29,0
2025,700337,1.928,59.989771865704746,0.29563586615791393,0,28.7,0
2025,700337,1.91,59.599914694190325,0.42039857911329287,1,28.4,0
2025,700337,1.8,55.378774636732835,0.18602838489568665,1,28.4,0
2025,700337,1.918,55.125817576259195,0.16316687616418105,0,28.6,0
2025,700337,1.88,57.69708834789626,0.2728266175321523,0,28.5,0
2025,700337,1.91,57.1945459821551,0.3588534319420889,0,27.5,0
