season,runner_id,catcher_id,pop_time,pop_n,sprint_speed,caught
2024,680700,455117,1.97,17,27.9,0
2024,668227,553882,2.04,18,28.1,0
2024,676609,553882,2.04,18,28.3,0
2024,676694,663728,1.95,70,28.9,0
2024,676475,668939,1.96,55,25.5,0
2024,666624,686676,1.85,46,27.3,0
2024,668885,656577,1.96,26,28.3,0
2024,671218,669221,1.95,39,27.9,0
2024,666464,693307,1.94,8,26.9,0
2024,665862,660688,2.06,57,28.6,0
2024,646240,669224,1.98,45,26.5,0
2024,700242,673237,1.97,73,28.1,0
2025,607208,665804,1.98,7,30.3,1
2025,660271,682663,1.99,53,28.0,1
2025,647304,663698,1.99,39,24.4,0
2025,680757,687221,1.93,15,27.3,1
2025,657041,642851,1.96,19,29.3,0
2025,691176,592663,1.86,50,28.7,0
2025,664059,592663,1.86,50,28.9,1
2025,695734,668800,2.0,13,29.1,0
2025,665862,650968,2.0,24,27.6,0
2025,596115,656577,1.9,18,28.6,0
2025,665161,696100,1.95,45,29.6,0
2025,676694,543309,2.03,45,28.2,0
2025,680718,669224,1.97,42,27.7,0
2025,695681,673237,1.95,72,28.4,0
2021,608070,606988,1.96,9,28.1,0
2021,663757,605131,2.06,21,28.8,0
2021,643217,467092,2.01,12,27.6,0
2021,658668,607732,2.03,29,29.2,0
2021,663757,663886,1.97,22,28.8,1
2021,662139,543592,2.01,18,28.4,0
2021,519203,680777,2.03,34,25.2,0
2022,669289,543309,1.95,22,27.0,0
2022,669397,595978,1.95,39,27.7,0
2022,643396,521692,1.99,18,28.4,1
2022,642456,606992,1.95,29,28.5,0
2022,543829,621512,1.96,30,28.4,0
2022,673357,669257,1.93,32,27.9,0
2022,663993,595978,1.95,39,27.1,1
2022,623912,624431,1.99,29,28.1,1
2022,663697,621512,1.96,30,27.7,1
2022,666969,669221,1.89,33,27.9,0
2022,621439,641680,1.99,46,29.1,0
2023,624414,641511,1.99,27,27.7,0
2023,671739,668800,2.01,33,28.8,0
2023,663538,542194,1.87,39,28.5,0
2023,671221,669257,1.91,56,28.7,0
2023,670770,660688,2.06,64,28.3,0
2023,681082,642336,1.95,24,28.8,0
2023,680777,691016,1.97,8,26.5,0
2023,656716,543228,1.99,45,28.5,0
2023,609280,660688,2.06,64,27.7,0
2023,668715,668670,1.95,30,28.4,0
2023,657041,518595,1.97,39,29.3,0
2023,592885,672515,1.9,33,28.1,0
2024,660162,595978,1.94,19,26.8,0
2024,643289,518595,1.98,37,27.3,0
2024,668939,660688,2.06,57,26.6,0
2024,678882,672386,2.0,55,28.8,0
2024,671277,686780,1.93,39,27.2,1
2024,680474,543510,1.98,38,27.8,0
2024,682829,608348,1.97,51,30.0,0
2024,673357,518735,2.09,31,28.8,0
2024,595281,669127,1.91,70,28.7,1
2024,573262,669127,1.91,70,27.2,1
2024,687401,666310,1.97,38,28.7,0
2024,596115,686482,1.87,6,28.1,0
2024,676609,657136,1.95,46,28.3,0
2024,682622,665804,2.04,50,28.8,1
2025,694384,671056,2.0,6,26.0,0
2025,692225,623168,1.92,38,27.2,1
2025,694671,605131,2.11,11,28.9,0
2025,682829,668939,1.94,29,29.1,0
2025,641343,668939,1.94,29,27.1,0
2025,666139,673237,1.95,72,28.1,0
2025,693304,605170,2.05,28,28.9,1
2025,681082,608348,1.95,39,28.8,1
2025,668227,543877,1.94,39,27.7,1
2025,669450,645444,2.0,25,28.3,0
2025,596146,665966,1.92,63,27.0,0
2025,681082,543309,2.03,45,28.8,0
2021,595879,607732,2.03,29,28.5,0
2021,642708,620443,2.0,9,29.5,0
2021,571980,621512,1.94,16,27.7,0
2021,607680,656180,1.98,13,27.6,0
2021,609275,664874,2.04,13,28.4,0
2022,502054,553882,2.01,23,27.9,0
2022,571980,553882,2.01,23,27.8,1
2022,595281,672386,1.99,27,29.2,0
2022,666969,642336,1.95,24,27.9,0
2022,670032,664874,1.97,14,27.7,0
2022,668731,518735,2.09,29,28.9,0
2022,643396,596142,1.93,29,28.4,0
2023,676480,592663,1.83,50,27.5,1
2023,664761,663886,2.01,36,26.6,1
2023,656775,518735,2.08,69,28.0,0
2023,547180,669257,1.91,56,27.6,0
2023,543807,592663,1.83,50,27.8,0
2023,656716,666310,1.94,44,28.5,0
2023,621035,672515,1.9,33,28.3,0
2023,682622,608348,1.96,23,29.1,1
2023,605141,669134,1.97,10,27.2,0
2024,664983,665804,2.04,50,29.8,0
2024,606192,643376,1.99,38,28.6,0
2024,545361,543877,1.96,32,28.9,1
2024,686676,575929,1.97,29,27.6,1
2024,668885,657136,1.95,46,28.3,0
2024,676914,455117,1.97,17,27.2,0
2024,665489,518735,2.09,31,27.2,0
2024,670042,686676,1.85,46,28.9,1
2024,694388,668939,1.96,55,28.8,0
2024,665833,686780,1.93,39,28.8,0
2024,682829,669224,1.98,45,30.0,0
2024,607208,669257,1.94,57,29.6,0
2024,502671,666163,1.92,47,26.3,0
2024,605137,645305,1.96,18,25.4,1
2024,669394,680728,2.04,13,27.9,0
2024,682829,661388,1.96,58,30.0,1
2024,687597,543510,1.98,38,28.6,0
2024,656716,657136,1.95,46,28.4,0
2024,681082,663743,1.93,60,29.1,1
2024,695578,518735,2.09,31,28.7,0
2025,676059,693307,1.94,60,29.0,1
2025,672580,666163,1.96,19,27.9,0
2025,667670,641598,2.04,23,27.5,0
2025,667472,700337,1.95,46,28.4,0
2025,664702,669127,1.89,67,29.4,0
2023,571912,608348,1.96,23,26.0,1
2025,578428,682663,1.99,53,27.8,0
2025,691781,624431,2.0,47,27.8,0
2025,663330,673237,1.95,72,28.1,0
2025,665862,691019,1.96,31,27.6,0
2021,666969,435559,1.99,26,28.4,1
2021,621439,641680,1.99,25,29.9,0
2021,673490,543510,2.01,35,28.4,0
2021,650489,545358,2.02,25,28.7,0
2021,680776,606992,1.94,21,29.3,0
2021,664023,553869,1.95,20,27.7,0
2021,502671,606988,1.96,9,26.3,0
2021,592885,457763,2.0,26,28.3,1
2021,643524,553882,2.0,47,26.2,0
2022,623205,518735,2.09,29,29.1,0
2022,518692,592663,1.82,44,26.9,0
2022,641313,664731,2.03,15,28.4,0
2022,663538,605170,2.01,34,29.1,0
2022,657041,661388,1.97,18,29.4,0
2022,656495,518595,1.99,36,28.8,0
2023,660821,543228,1.99,45,27.5,0
2023,592663,682626,1.94,57,28.6,1
2023,624428,663728,1.96,66,26.5,0
2023,665487,660688,2.06,64,29.3,0
2023,677551,673237,1.9,35,27.5,0
2023,669707,682626,1.94,57,28.4,0
2023,608671,543877,1.95,35,29.0,0
2023,669242,669134,1.97,10,28.8,0
2023,607208,607732,1.97,41,30.3,0
2023,663757,455117,1.93,55,27.7,0
2023,677941,666310,1.94,44,29.2,0
2023,682998,665804,1.98,17,30.1,0
2023,672580,673237,1.9,35,28.2,0
2023,641658,682626,1.94,57,29.8,0
2023,681546,553869,1.93,51,28.9,1
2023,660670,543228,1.99,45,28.0,0
2024,665742,595978,1.94,19,26.8,1
2024,680757,669127,1.91,70,27.1,0
2024,672640,521692,2.01,24,28.7,0
2024,680757,543510,1.98,38,27.1,0
2024,669127,642136,2.01,15,27.8,0
2024,682829,624431,2.07,44,30.0,0
2024,663624,669224,1.98,45,27.6,0
2024,678009,624431,2.07,44,29.3,0
2024,572191,663886,2.02,64,28.5,0
2024,664770,682626,1.92,37,27.0,0
2024,669911,605131,2.0,27,27.4,0
2025,670224,686948,1.95,63,28.3,0
2025,665487,696100,1.95,45,28.6,0
2025,641355,665966,1.92,63,28.2,0
2025,656775,682663,1.99,53,28.4,0
2025,665833,543877,1.94,39,29.2,0
2025,518692,680777,1.98,34,25.6,0
2025,672356,543592,2.07,5,27.0,0
2025,680574,608348,1.95,39,29.2,0
2025,606466,543309,2.03,45,26.6,0
2025,663656,663698,1.99,39,26.5,0
2025,683002,673237,1.95,72,28.5,0
2025,702332,669257,1.94,53,28.1,0
2021,664058,605244,1.94,7,27.6,0
2021,664040,600474,1.97,23,27.6,0
2021,645277,663886,1.97,22,28.4,0
2021,596115,425877,1.91,24,28.6,0
2021,624503,641470,2.02,30,27.8,1
2022,677594,455117,1.92,40,29.7,1
2022,607208,645444,1.94,11,30.3,1
2022,595281,680777,1.98,25,29.2,1
2022,595281,657709,2.08,21,29.2,0
2022,656775,542194,1.89,19,28.5,0
2022,665926,606992,1.95,29,29.3,0
2022,647304,595751,1.89,16,25.3,0
2022,664913,620443,2.0,20,27.8,1
2022,668731,680777,1.98,25,28.9,0
2023,682928,553869,1.93,51,28.6,1
2023,678225,642851,1.91,23,29.7,0
2023,643396,542194,1.87,39,27.7,1
2023,680776,663728,1.96,66,29.5,0
2023,650489,605131,2.01,29,28.6,0
2023,677951,668939,1.91,51,30.5,0
2023,673548,672275,1.87,51,28.5,1
2023,650489,543510,2.01,25,28.6,0
2023,516782,605131,2.01,29,27.1,0
2023,680869,455117,1.93,55,29.0,1
2023,641856,521692,1.98,26,27.1,0
2023,641933,669127,1.9,68,28.5,0
2023,696285,605170,2.06,31,30.0,0
2024,691026,542194,1.9,29,28.8,1
2024,677951,455117,1.97,17,30.5,0
2024,656555,663698,2.0,35,25.3,0
2024,676059,669224,1.98,45,29.0,1
2024,660688,518595,1.98,37,25.0,0
2024,680700,669127,1.91,70,27.9,0
2024,657041,518595,1.98,37,29.3,0
2024,676801,620443,1.87,19,28.7,1
2024,673490,595978,1.94,19,28.3,0
2024,666139,669224,1.98,45,28.4,1
2024,682829,660688,2.06,57,30.0,0
2024,669004,642020,1.97,15,27.8,1
2024,665926,608348,1.97,51,28.9,0
2024,682829,663698,2.0,35,30.0,0
2024,670764,669134,1.97,25,27.8,0
2024,665862,663728,1.95,70,28.6,0
2024,694362,518595,1.98,37,29.3,0
2024,656775,672275,1.85,58,28.3,0
2025,681082,660688,2.0,42,28.8,0
2025,621493,669224,1.97,42,27.3,0
2025,650489,641598,2.04,23,28.2,0
2025,666969,680777,1.98,34,27.0,0
2025,686475,656180,1.93,35,28.9,0
2025,596019,682663,1.99,53,27.4,0
2025,691718,686948,1.95,63,29.5,0
2021,646240,620443,2.0,9,27.1,0
2021,595777,608348,1.98,21,26.2,0
2021,593160,666163,1.92,8,28.6,0
2021,663647,444489,1.94,21,27.8,1
2021,592192,543592,2.01,18,27.8,1
2021,596103,669257,1.96,56,28.4,0
2021,668731,518735,2.06,29,28.8,0
2022,622761,642336,1.95,24,30.1,0
2022,405395,664850,2.05,7,22.7,0
2022,677594,641680,1.99,46,29.7,0
2022,519058,608348,1.98,39,25.1,0
2022,543305,642336,1.95,24,27.9,0
2022,623205,521692,1.99,18,29.1,0
2022,677950,543592,2.01,36,29.3,0
2022,592206,543592,2.01,36,27.7,1
2022,593160,519390,2.12,7,28.6,0
2022,677594,455117,1.92,40,29.7,1
2022,669004,571466,1.99,38,27.8,0
2022,666969,455117,1.92,40,27.9,0
2022,668731,663728,1.99,47,28.9,0
2023,671277,669221,1.9,53,27.2,1
2023,677551,592200,1.99,13,27.5,1
2023,573262,607732,1.97,41,27.0,1
2023,658668,506702,1.96,11,28.6,0
2023,621550,607732,1.97,41,27.7,0
2023,572191,595956,1.97,30,28.7,0
2023,542932,665804,1.98,17,29.3,0
2023,657557,605131,2.01,29,26.8,0
2023,630105,663743,2.01,44,28.3,0
2023,663757,595956,1.97,30,27.7,0
2023,641313,669127,1.9,68,27.2,0
2023,668227,518595,1.97,39,28.4,0
2023,676724,543309,1.98,43,28.5,0
2023,663656,641680,1.97,57,26.6,0
2023,682928,669127,1.9,68,28.6,1
2023,686668,650907,1.87,11,29.9,0
2023,682998,641680,1.97,57,30.1,0
2023,543807,660688,2.06,64,27.8,0
2023,666969,663728,1.96,66,27.3,1
2023,645277,592663,1.83,50,27.6,1
2023,592663,669221,1.9,53,28.6,1
2023,666969,672515,1.9,33,27.3,0
2024,606192,672275,1.85,58,28.6,1
2024,666969,673237,1.97,73,26.8,0
2024,687263,521692,2.01,24,28.2,0
2024,679032,542194,1.9,29,30.1,0
2024,592885,608348,1.97,51,28.5,0
2024,680718,666310,1.97,38,28.0,0
2024,592626,543877,1.96,32,25.5,1
2024,657041,575929,1.97,29,29.3,0
2024,680757,543309,2.02,44,27.1,0
2024,672642,608348,1.97,51,28.9,0
2024,596019,663743,1.93,60,27.6,0
2024,666624,673237,1.97,73,27.3,1
2024,691718,518735,2.09,31,30.0,0
2024,641584,673237,1.97,73,28.3,0
2024,668930,518735,2.09,31,29.3,0
2024,682829,542194,1.9,29,30.0,0
2025,701538,686948,1.95,63,28.5,1
2025,680776,666163,1.96,19,29.1,0
2025,665750,518595,2.0,33,28.8,0
2025,668930,693307,1.94,60,28.9,0
2025,670224,669224,1.97,42,28.3,0
2025,672724,663886,1.99,35,29.2,0
2025,592885,620443,1.87,29,28.2,1
2025,607208,672275,1.86,44,30.3,0
2025,683011,682663,1.99,53,28.3,0
2025,645277,624431,2.0,47,27.2,0
2025,805300,686948,1.95,63,28.1,0
2025,656716,620443,1.87,29,28.3,1
2025,683002,623168,1.92,38,28.5,0
2025,665926,669224,1.97,42,28.0,0
2021,670032,641470,2.02,30,28.2,0
2021,641313,467092,2.01,12,28.2,1
2024,606466,543877,1.96,32,27.1,1
2021,542340,506702,2.05,18,27.3,0
2021,641856,593590,1.9,7,27.6,0
2021,544369,455139,2.0,8,27.7,0
2021,502273,553882,2.0,47,27.7,0
2021,456715,607732,2.03,29,28.7,0
2021,543333,608348,1.98,21,26.0,1
2021,608070,606988,1.96,9,28.1,0
2021,657557,606988,1.96,9,27.5,1
2021,663757,457763,2.0,26,28.8,1
2021,595777,669257,1.96,56,26.2,1
2021,592885,518595,2.03,14,28.3,0
2022,663647,575929,1.93,23,27.9,0
2022,680757,669221,1.89,33,28.4,0
2022,643217,620443,2.0,20,27.6,0
2023,656775,641680,1.97,57,28.0,0
2023,667452,642336,1.95,24,28.4,0
2023,660670,607732,1.97,41,28.0,0
2023,669242,571912,1.93,36,28.8,0
2023,572816,455117,1.93,55,26.6,1
2023,672580,595453,1.99,18,28.2,0
2023,682998,672275,1.87,51,30.1,0
2023,668227,543309,1.98,43,28.4,0
2023,608070,643376,1.99,30,27.8,0
2024,571657,521692,2.01,24,25.9,0
2024,665161,521692,2.01,24,29.8,0
2024,663368,666163,1.92,47,29.6,0
2024,592885,673237,1.97,73,28.5,0
2024,656941,672275,1.85,58,25.8,0
2024,666160,673237,1.97,73,28.6,0
2024,657041,518595,1.98,37,29.3,1
2024,668715,575929,1.97,29,28.2,0
2024,596019,645305,1.96,18,27.6,0
2024,666139,645305,1.96,18,28.4,0
2024,660271,575929,1.97,29,28.1,0
2024,665833,571912,1.97,27,28.8,0
2025,686217,642851,1.96,19,28.9,0
2025,605141,592663,1.86,50,26.9,0
2025,682668,543877,1.94,39,29.6,0
2025,686555,673237,1.95,72,27.7,1
2025,660821,642136,2.0,38,27.0,0
2025,676694,643376,2.0,60,28.2,0
2025,666152,682626,1.93,35,29.3,1
2025,669127,592663,1.86,50,28.6,0
2025,673357,641680,2.01,44,29.0,0
2025,678882,518595,2.0,33,29.1,0
2025,677800,624431,2.0,47,27.6,0
2025,677951,663698,1.99,39,30.2,0
2025,808975,661388,1.96,46,28.7,0
2025,687263,641598,2.04,23,28.1,0
2025,691718,680779,1.89,25,29.5,1
2025,805367,680777,1.98,34,27.0,0
2025,681546,553869,1.91,25,28.5,0
2025,677942,672275,1.86,44,28.8,1
2021,605141,669221,1.9,31,27.2,0
2021,592206,669257,1.96,56,27.6,0
2021,621438,425877,1.91,24,28.6,1
2021,657077,596142,1.95,25,27.0,0
2021,607208,593590,1.9,7,30.6,0
2021,676694,553869,1.95,20,29.2,0
2021,596103,518595,2.03,14,28.4,0
2021,657193,595284,1.94,15,27.9,0
2022,641658,592200,2.01,13,29.4,0
2022,640458,669087,2.0,11,28.4,0
2022,516782,543592,2.01,36,28.0,1
2022,668942,661531,2.0,27,27.3,0
2022,656541,642851,2.04,15,28.7,0
2022,516416,608348,1.98,39,27.7,1
2023,641796,669127,1.9,68,29.2,0
2023,656582,642851,1.91,23,27.1,1
2023,668930,642336,1.95,24,29.4,0
2023,671221,542194,1.87,39,28.7,1
2023,542932,592663,1.83,50,29.3,0
2023,678662,660688,2.06,64,28.1,0
2023,682928,553882,2.0,25,28.6,0
2023,543510,543309,1.98,43,26.1,0
2023,682998,680777,1.95,27,30.1,0
2023,671739,672275,1.87,51,28.8,0
2023,665161,668670,1.95,30,29.4,0
2023,664056,665804,1.98,17,28.8,1
2023,596115,686676,1.91,17,28.8,1
2024,607208,644433,1.92,9,29.6,0
2024,672279,661388,1.96,58,28.3,0
2024,621020,621512,1.93,27,27.8,0
2024,686668,668832,2.0,18,29.3,0
2024,673490,669127,1.91,70,28.3,0
2024,596117,668939,1.96,55,28.0,0
2024,664728,595978,1.94,19,27.9,1
2024,672284,686780,1.93,39,27.9,0
2024,621028,660688,2.06,57,27.5,0
2024,666139,669127,1.91,70,28.4,0
2024,668227,669257,1.94,57,28.1,0
2024,678882,605170,2.02,35,28.8,1
2024,650333,671056,1.99,28,26.7,0
2024,694384,605170,2.02,35,26.4,0
2024,683011,669257,1.94,57,28.6,0
2025,669911,642851,1.96,19,27.0,0
2025,516782,650968,2.0,24,26.6,0
2025,663457,656180,1.93,35,27.0,1
2025,666149,682663,1.99,53,29.6,0
2025,677594,680777,1.98,34,29.2,0
2025,607043,669224,1.97,42,27.3,0
2025,671056,686948,1.95,63,26.3,0
2025,656775,668800,2.0,13,28.4,0
2025,677649,605170,2.05,28,28.8,0
2025,595777,673237,1.95,72,26.3,0
2025,666160,666023,1.9,35,28.5,0
2025,672761,686948,1.95,63,27.8,0
2021,665750,642336,1.94,17,29.7,0
2021,543939,605131,2.06,21,26.8,1
2021,516782,608700,2.09,26,28.5,0
2021,641487,543309,1.94,28,27.5,1
2021,592450,608700,2.09,26,27.7,0
2021,668227,543877,1.98,43,28.7,0
2022,657656,571466,1.99,38,27.6,0
2022,656537,596142,1.93,29,29.6,0
2022,670768,575929,1.93,23,28.2,0
2022,641857,425877,2.05,19,25.8,1
2022,624428,661388,1.97,18,26.8,0
2022,662139,661531,2.0,27,28.0,0
2022,668227,455117,1.92,40,28.8,1
2023,660670,575929,1.93,34,28.0,0
2023,680777,571466,1.99,21,26.5,1
2023,543807,669221,1.9,53,27.8,0
2023,622761,641680,1.97,57,30.1,0
2023,676801,669257,1.91,56,28.2,1
2023,693304,669257,1.91,56,28.8,1
2023,676801,691016,1.97,8,28.2,0
2023,682829,672275,1.87,51,30.5,1
2023,656716,596142,1.9,24,28.5,1
2023,666134,663743,2.01,44,28.4,0
2023,683011,650907,1.87,11,28.4,1
2023,553993,657136,1.92,60,26.4,0
2023,608070,518735,2.08,69,27.8,0
2023,678009,673237,1.9,35,29.0,0
2023,662139,666310,1.94,44,28.1,1
2023,646240,542194,1.87,39,26.0,0
2023,621438,668800,2.01,33,28.8,0
2023,621020,669221,1.9,53,28.4,0
2023,672695,669257,1.91,56,27.2,1
2023,665506,518595,1.97,39,27.8,0
2023,572233,641680,1.97,57,26.4,0
2024,664728,673237,1.97,73,27.9,0
2024,596103,686452,1.94,12,28.2,1
2024,672580,668670,1.93,30,27.9,0
2024,665161,681351,2.02,59,29.8,0
2024,666176,673237,1.97,73,28.8,0
2024,667472,665561,1.87,6,28.5,0
2024,680474,657136,1.95,46,27.8,0
2024,680700,672386,2.0,55,27.9,0
2024,682657,608348,1.97,51,27.6,0
2024,641343,660688,2.06,57,27.2,0
2024,672580,575929,1.97,29,27.9,0
2024,669364,543309,2.02,44,28.4,0
2024,673357,669224,1.98,45,28.8,1
2024,682626,672386,2.0,55,25.8,1
2024,666139,595978,1.94,19,28.4,0
2024,514888,681351,2.02,59,27.1,0
2025,679529,605131,2.11,11,26.7,0
2025,678662,592663,1.86,50,27.6,1
2025,687363,663698,1.99,39,30.2,0
2025,669242,641680,2.01,44,28.4,1
2025,701762,642136,2.0,38,27.1,1
2025,666971,686948,1.95,63,27.1,0
2025,682998,620443,1.87,29,29.8,1
2024,605141,682626,1.92,37,26.7,0
2025,702616,671056,2.0,6,28.6,0
2025,677594,668939,1.94,29,29.2,0
2025,691406,682626,1.93,35,26.7,1
2025,665926,665966,1.92,63,28.0,0
2025,667472,606992,1.88,8,28.4,0
2025,678662,645444,2.0,25,27.6,0
2025,696285,668800,2.0,13,29.3,1
2025,687401,663698,1.99,39,28.7,0
2025,677951,669127,1.89,67,30.2,0
2025,669707,686948,1.95,63,28.8,0
2021,544725,545358,2.02,25,28.4,0
2021,592348,543877,1.98,43,28.5,0
2021,502671,595978,1.95,27,26.3,0
2021,592663,553882,2.0,47,28.8,0
2021,656775,543877,1.98,43,28.5,0
2021,666182,596142,1.95,25,28.0,0
2022,677951,595978,1.95,39,30.3,0
2022,664056,608348,1.98,39,29.1,0
2022,675656,606992,1.95,29,27.6,0
2022,621433,455139,2.04,20,29.0,0
2022,644374,606992,1.95,29,28.4,1
2022,596115,545358,2.03,33,28.4,0
2022,596117,643376,1.98,22,27.3,0
2022,669352,664874,1.97,14,30.3,0
2022,669289,668939,1.93,24,27.0,1
2022,641933,543228,1.97,28,29.7,0
2022,669016,543228,1.97,28,28.8,1
2022,665833,519222,2.08,18,29.9,0
2022,668942,553882,2.01,23,27.3,0
2022,664238,606992,1.95,29,28.3,1
2023,678225,673237,1.9,35,29.7,0
2025,677951,669127,1.89,67,30.2,0
2023,677594,571466,1.99,21,29.6,1
2023,656541,571912,1.93,36,28.9,0
2023,642708,543309,1.98,43,29.4,0
2023,665926,518735,2.08,69,29.2,0
2023,656775,672386,1.98,48,28.0,0
2023,500743,660688,2.06,64,26.4,0
2023,664983,661388,1.95,47,30.0,0
2023,665742,596117,1.87,18,26.8,1
2023,665926,542194,1.87,39,29.2,0
2023,677347,691016,1.97,8,29.2,0
2023,677951,686676,1.91,17,30.5,0
2024,630105,665804,2.04,50,27.7,1
2024,678009,663698,2.0,35,29.3,0
2024,701538,661388,1.96,58,28.5,0
2024,701538,553869,1.9,33,28.5,1
2024,542932,605170,2.02,35,29.0,0
2024,641584,672515,1.89,26,28.3,0
2024,571657,660688,2.06,57,25.9,0
2024,662139,518735,2.09,31,28.5,1
2024,665487,668832,2.0,18,28.4,0
2024,666152,672386,2.0,55,29.4,0
2024,622761,669224,1.98,45,29.9,0
2024,686217,553869,1.9,33,29.3,0
2024,642715,669257,1.94,57,27.4,0
2024,664238,643376,1.99,38,28.0,0
2024,664728,607732,1.96,44,27.9,0
2024,676475,660688,2.06,57,25.5,0
2024,606466,672386,2.0,55,27.1,0
2024,686668,620443,1.87,19,29.3,1
2024,670764,672386,2.0,55,27.8,0
2024,680757,668939,1.96,55,27.1,0
2024,682177,668939,1.96,55,28.3,0
2024,656716,642020,1.97,15,28.4,0
2024,686611,663743,1.93,60,29.3,0
2025,670770,641680,2.01,44,26.7,0
2025,686217,669127,1.89,67,28.9,0
2025,802415,673237,1.95,72,29.6,0
2025,666149,696100,1.95,45,29.6,1
2025,596019,643376,2.0,60,27.4,0
2025,656775,624431,2.0,47,28.4,0
2025,672640,543309,2.03,45,28.5,0
2021,500871,624513,2.01,28,27.4,0
2021,641505,521692,1.97,28,28.6,0
2021,664059,608700,2.09,26,29.4,0
2021,641658,641680,1.99,25,29.8,0
2021,656537,641470,2.02,30,30.4,0
2021,641796,553882,2.0,47,30.6,1
2021,641432,572287,1.95,28,26.2,1
2021,642180,506702,2.05,18,29.1,0
2022,609275,571466,1.99,38,27.8,0
2022,543543,624431,1.99,29,27.1,0
2022,596117,669257,1.93,32,27.3,0
2022,592192,663728,1.99,47,27.5,1
2022,443558,669257,1.93,32,25.5,0
2022,606192,571466,1.99,38,28.6,1
2022,643289,624512,1.97,34,28.2,1
2022,571970,553869,1.94,28,27.2,0
2022,621439,624512,1.97,34,29.1,0
2022,622761,643376,1.98,22,30.1,1
2022,575929,660688,2.0,46,27.5,0
2022,516416,621512,1.96,30,27.7,0
2022,686681,595978,1.95,39,27.1,0
2022,543939,661531,2.0,27,26.2,0
2022,681987,571912,1.96,31,29.6,0
2022,641796,596142,1.93,29,30.2,1
2023,640492,669221,1.9,53,29.6,0
2023,622761,624431,1.99,18,30.1,0
2023,592450,668939,1.91,51,26.7,0
2023,656716,595956,1.97,30,28.5,0
2023,666624,668800,2.01,33,28.6,0
2023,670032,666310,1.94,44,27.7,1
2023,683011,669127,1.9,68,28.4,1
2023,666624,668800,2.01,33,28.6,0
2023,677950,543877,1.95,35,28.8,0
2023,677951,543228,1.99,45,30.5,0
2023,668227,607732,1.97,41,28.4,1
2023,592885,543228,1.99,45,28.1,1
2023,678009,669127,1.9,68,29.0,1
2024,683011,672386,2.0,55,28.6,1
2024,686554,663728,1.95,70,29.1,0
2024,673357,521692,2.01,24,28.8,0
2024,457759,624431,2.07,44,25.4,1
2024,543685,650907,1.94,8,26.8,0
2024,518692,643376,1.99,38,25.8,1
2024,665750,669257,1.94,57,28.5,0
2024,650859,672515,1.89,26,26.9,1
2024,502671,518735,2.09,31,26.3,0
2024,669364,661388,1.96,58,28.4,0
2024,676609,575929,1.97,29,28.3,0
2024,666149,518595,1.98,37,30.0,0
2024,702616,607732,1.96,44,29.4,0
2024,593428,656577,1.96,26,27.4,0
2024,656775,672275,1.85,58,28.3,0
2024,679032,661388,1.96,58,30.1,0
2025,691023,680777,1.98,34,28.7,1
2025,686611,605131,2.11,11,29.0,0
2025,596019,660688,2.0,42,27.4,1
2025,682928,595978,1.94,21,28.2,0
2025,656941,595978,1.94,21,25.9,0
2025,683002,661388,1.96,46,28.5,0
2025,677347,669127,1.89,67,29.0,0
2025,676609,665966,1.92,63,28.3,0
2025,686527,669224,1.97,42,26.5,1
2025,695578,624431,2.0,47,27.8,0
2021,660670,592663,1.84,16,29.4,0
2021,665862,595284,1.94,15,29.1,0
2021,642727,444489,1.94,21,27.3,0
2021,656537,680777,2.03,34,30.4,0
2021,656305,608596,2.04,26,28.1,0
2021,663993,608596,2.04,26,27.3,0
2021,544725,672386,1.94,15,28.4,0
2021,641857,660688,2.09,6,26.2,0
2022,660670,657709,2.08,21,28.5,0
2022,605141,543592,2.01,36,27.4,0
2022,680757,643376,1.98,22,28.4,0
2022,596059,642336,1.95,24,27.1,0
2022,592144,663698,1.97,22,30.0,0
2022,621563,605131,2.06,17,27.3,0
2022,668731,521692,1.99,18,28.9,1
2022,641355,543592,2.01,36,28.1,0
2022,622761,571466,1.99,38,30.1,0
2022,645302,663743,1.93,23,28.8,0
2023,621493,669127,1.9,68,28.0,0
2023,664913,681351,2.09,20,27.3,0
2023,686823,624512,1.98,21,28.3,0
2023,662139,624512,1.98,21,28.1,0
2023,668804,543510,2.01,25,27.8,0
2023,670042,672386,1.98,48,28.8,0
2023,668800,571912,1.93,36,25.9,0
2023,663853,543309,1.98,43,29.3,0
2023,670623,592663,1.83,50,26.1,0
2023,673490,595453,1.99,18,28.5,0
2023,677951,657136,1.92,60,30.5,0
2023,661388,665804,1.98,17,26.5,0
2023,670042,672386,1.98,48,28.8,0
2023,669222,672275,1.87,51,28.3,0
2023,666139,663743,2.01,44,28.7,0
2023,666624,672515,1.9,33,28.6,0
2024,663697,682626,1.92,37,28.0,0
2024,657041,673237,1.97,73,29.3,0
2024,668952,665561,1.87,6,27.5,0
2024,500743,608348,1.97,51,25.8,0
2024,687401,660688,2.06,57,28.7,1
2024,643565,680777,1.93,40,27.2,0
2024,672279,571912,1.97,27,28.3,0
2024,661388,620443,1.87,19,26.4,0
2025,691718,543309,2.03,45,29.5,0
2025,593428,696100,1.95,45,27.6,0
2025,666149,669224,1.97,42,29.6,0
2025,702616,660688,2.0,42,28.6,0
2025,695578,624431,2.0,47,27.8,0
2025,664913,689414,2.0,38,27.7,0
2025,621438,680779,1.89,25,29.3,0
2025,677951,686780,1.93,52,30.2,0
2025,647304,607732,2.0,36,24.4,0
2025,683002,680862,2.0,9,28.5,0
2025,678894,672275,1.86,44,29.2,0
2025,665926,673237,1.95,72,28.0,1
2025,602104,681351,2.0,50,27.0,0
2025,641343,669257,1.94,53,27.1,0
2021,642201,642336,1.94,17,30.4,1
2021,657656,519390,2.09,18,27.6,0
2021,624428,575929,1.91,37,27.1,0
2021,621020,663886,1.97,22,28.3,0
2023,666624,672515,1.9,33,28.6,0
2021,595281,641470,2.02,30,29.2,1
2021,592696,669257,1.96,56,27.4,0
2021,605141,518595,2.03,14,27.2,0
2022,642201,435559,2.07,16,30.0,0
2022,664056,553882,2.01,23,29.1,0
2022,596146,543877,1.94,37,27.8,0
2022,664913,572287,2.03,13,27.8,0
2022,543807,543877,1.94,37,28.3,0
2022,669289,663728,1.99,47,27.0,0
2022,662139,663698,1.97,22,28.0,0
2023,664702,663728,1.96,66,29.2,0
2023,680574,575929,1.93,34,29.0,1
2023,668227,641680,1.97,57,28.4,0
2023,668227,641680,1.97,57,28.4,0
2023,673357,543877,1.95,35,28.7,0
2023,680776,682626,1.94,57,29.5,0
2023,682985,686676,1.91,17,28.1,0
2023,664023,571912,1.93,36,27.7,0
2023,664056,575929,1.93,34,28.8,0
2023,444482,660688,2.06,64,27.0,0
2023,640492,669127,1.9,68,29.6,0
2023,661388,665804,1.98,17,26.5,0
2023,682998,592663,1.83,50,30.1,0
2023,666971,592663,1.83,50,27.1,0
2024,665750,673237,1.97,73,28.5,0
2024,678009,669127,1.91,70,29.3,0
2024,642180,543228,1.98,12,28.7,1
2024,641355,661388,1.96,58,28.4,0
2024,681082,592200,2.0,31,29.1,0
2024,641584,671056,1.99,28,28.3,0
2024,672284,672515,1.89,26,27.9,0
2024,666139,669224,1.98,45,28.4,0
2024,502054,521692,2.01,24,27.2,1
2024,686668,680728,2.04,13,29.3,0
2024,677587,669224,1.98,45,26.8,0
2025,668930,645444,2.0,25,28.9,0
2025,691026,624431,2.0,47,28.4,0
2025,682829,650968,2.0,24,29.1,0
2025,670764,592663,1.86,50,28.2,0
2025,666023,669257,1.94,53,27.0,1
2025,677594,668670,1.95,20,29.2,1
2025,671289,686780,1.93,52,28.5,0
2025,665742,592663,1.86,50,25.8,0
2025,672724,673237,1.95,72,29.2,0
2025,680869,665966,1.92,63,28.0,0
2025,694671,605170,2.05,28,28.9,0
2025,677649,605170,2.05,28,28.8,0
2021,607043,553882,2.0,47,28.9,1
2021,500743,605170,2.02,28,26.6,0
2021,645277,593590,1.9,7,28.4,0
2022,672695,455117,1.92,40,27.3,0
2022,665862,660688,2.0,46,29.3,1
2022,665862,660688,2.0,46,29.3,1
2022,660644,668939,1.93,24,28.5,1
2022,592663,660688,2.0,46,28.7,0
2022,677951,641680,1.99,46,30.3,0
2022,669743,595751,1.89,16,28.4,0
2022,676801,669127,1.93,14,28.6,0
2023,677951,543510,2.01,25,30.5,1
2023,672478,455117,1.93,55,25.3,1
2023,656716,518735,2.08,69,28.5,0
2023,607054,673237,1.9,35,28.0,0
2023,660670,682626,1.94,57,28.0,0
2023,665926,657136,1.92,60,29.2,1
2023,572191,642336,1.95,24,28.7,0
2023,686668,657136,1.92,60,29.9,0
2023,543760,455117,1.93,55,28.7,1
2023,666160,643376,1.99,30,28.6,0
2023,623205,650907,1.87,11,28.4,0
2023,686823,668939,1.91,51,28.3,0
2023,660670,592663,1.83,50,28.0,0
2024,696285,641680,1.98,70,29.7,1
2024,668930,686780,1.93,39,29.3,0
2024,663656,669224,1.98,45,26.0,0
2024,666397,663728,1.95,70,26.7,0
2024,453568,669257,1.94,57,27.4,1
2024,543510,656577,1.96,26,25.1,0
2024,670032,668670,1.93,30,27.1,0
2024,592206,645305,1.96,18,27.4,0
2024,596019,673237,1.97,73,27.6,0
2024,593160,518595,1.98,37,29.0,0
2024,694192,680777,1.93,40,29.7,0
2024,683011,592663,1.85,39,28.6,0
2024,665161,657136,1.95,46,29.8,0
2024,681297,669257,1.94,57,28.2,1
2024,664238,656577,1.96,26,28.0,1
2024,683083,663743,1.93,60,29.5,0
2025,678882,543309,2.03,45,29.1,0
2025,663604,607732,2.0,36,30.1,0
2025,687597,642851,1.96,19,28.7,0
2025,679032,661388,1.96,46,30.1,0
2025,691176,669257,1.94,53,28.7,0
2025,671218,682663,1.99,53,27.5,0
2025,676694,543877,1.94,39,28.2,0
2025,666134,663728,1.97,55,27.6,0
2025,682657,680862,2.0,9,27.7,0
2025,647304,543309,2.03,45,24.4,0
2025,678011,656180,1.93,35,26.7,0
2025,682641,661388,1.96,46,27.4,0
2025,500743,672275,1.86,44,25.9,0
2025,665833,656180,1.93,35,29.2,0
2025,677649,682626,1.93,35,28.8,0
2025,677950,681508,1.98,14,28.3,0
2021,592663,624513,2.01,28,28.8,0
2021,571976,457763,2.0,26,28.3,1
2021,598265,661388,2.01,11,27.2,0
2021,663656,641680,1.99,25,27.4,0
2021,669016,669221,1.9,31,29.1,0
2021,593871,467092,2.01,12,27.9,0
2021,596146,595978,1.95,27,27.4,0
2021,645277,553869,1.95,20,28.4,1
2021,665750,600474,1.97,23,29.7,0
2022,670768,605170,2.01,34,28.2,1
2022,677594,669087,2.0,11,29.7,0
2022,542932,596117,1.91,17,29.5,0
2022,643396,455117,1.92,40,28.4,1
2022,592626,645444,1.94,11,26.0,0
2022,542364,663698,1.97,22,27.1,0
2022,642715,519222,2.08,18,27.8,0
2023,664983,543592,1.97,28,30.0,1
2023,645302,681351,2.09,20,28.0,0
2023,608671,521692,1.98,26,29.0,0
2023,621028,518735,2.08,69,28.0,0
2023,608701,668800,2.01,33,27.1,0
2023,678662,682626,1.94,57,28.1,0
2023,594807,543309,1.98,43,27.6,0
2023,592518,553869,1.93,51,26.3,1
2023,677951,543877,1.95,35,30.5,0
2023,681082,666310,1.94,44,28.8,0
2023,657136,553882,2.0,25,28.3,0
2023,680777,666023,1.93,27,26.5,0
2023,595879,663743,2.01,44,28.1,0
2023,645277,641511,1.99,27,27.6,0
2023,672695,543228,1.99,45,27.2,1
2023,660670,592663,1.83,50,28.0,0
2023,502054,669257,1.91,56,27.8,0
2024,680776,669127,1.91,70,29.6,0
2024,572191,672275,1.85,58,28.5,0
2024,681082,553882,2.04,18,29.1,0
2024,643565,671056,1.99,28,27.2,0
2024,642350,521692,2.01,24,29.9,1
2024,682998,542194,1.9,29,29.6,0
2024,624428,666163,1.92,47,26.7,0
2024,672580,663728,1.95,70,27.9,0
2024,645302,642136,2.01,15,27.8,0
2024,666152,605170,2.02,35,29.4,0
2024,672640,543309,2.02,44,28.7,0
2024,643289,666163,1.92,47,27.3,0
2024,671732,663886,2.02,64,27.6,0
2024,596115,669224,1.98,45,28.1,0
2025,607043,673237,1.95,72,27.3,1
2025,641313,643376,2.0,60,27.9,0
2025,666182,663728,1.97,55,26.1,0
2025,671218,641680,2.01,44,27.5,0
2025,802415,455117,1.98,31,29.6,0
2024,605141,682626,1.92,37,26.7,0
2025,680776,686948,1.95,63,29.1,1
2025,621020,696100,1.95,45,28.5,1
2025,702616,643376,2.0,60,28.6,1
2025,669397,689414,2.0,38,27.4,0
2025,677942,696100,1.95,45,28.8,1
2025,621020,656180,1.93,35,28.5,0
2025,667472,543309,2.03,45,28.4,0
2021,668942,457763,2.0,26,27.6,0
2021,607461,543510,2.01,35,27.1,1
2021,622569,575929,1.91,37,27.7,0
2021,656847,518735,2.06,29,28.9,0
2021,664023,444489,1.94,21,27.7,0
2021,660821,621512,1.94,16,27.9,1
2022,656541,592663,1.82,44,28.7,1
2022,650859,669221,1.89,33,27.9,0
2022,543257,595978,1.95,39,27.9,0
2022,660670,669221,1.89,33,28.5,1
2022,642708,661531,2.0,27,29.4,0
2022,641553,680777,1.98,25,29.1,1
2022,666969,620443,2.0,20,27.9,0
2022,668227,571466,1.99,38,28.8,1
2022,624641,519222,2.08,18,29.4,0
2022,670032,664874,1.97,14,27.7,1
2022,666176,642336,1.95,24,29.7,0
2022,668227,643376,1.98,22,28.8,0
2022,666969,669221,1.89,33,27.9,0
2023,672724,506702,1.96,11,28.7,1
2023,665923,595453,1.99,18,29.6,0
2023,621550,660688,2.06,64,27.7,0
2023,663538,542194,1.87,39,28.5,0
2023,545361,506702,1.96,11,29.5,0
2023,457759,543877,1.95,35,25.2,0
2023,668731,518735,2.08,69,29.0,0
2023,677592,673237,1.9,35,28.0,0
2023,669016,669221,1.9,53,28.6,0
2023,680869,668670,1.95,30,29.0,0
2023,671221,673237,1.9,35,28.7,0
2023,593871,672386,1.98,48,27.6,0
2024,677594,666310,1.97,38,29.6,0
2024,680118,668939,1.96,55,29.6,0
2024,702358,672275,1.85,58,27.5,0
2024,621493,650907,1.94,8,26.8,0
2024,680869,575929,1.97,29,28.7,1
2024,663853,656577,1.96,26,28.9,0
2024,593428,607732,1.96,44,27.4,0
2024,669016,663728,1.95,70,28.2,0
2024,669003,666310,1.97,38,29.5,1
2024,666185,680728,2.04,13,27.3,0
2024,668942,592200,2.0,31,27.0,0
2024,605170,668939,1.96,55,24.4,1
2024,677594,686780,1.93,39,29.6,0
2024,642350,666310,1.97,38,29.9,0
2024,669364,660688,2.06,57,28.4,0
2024,667670,665804,2.04,50,27.6,0
2025,573262,673237,1.95,72,26.9,0
2025,665926,660688,2.0,42,28.0,0
2025,592206,686780,1.93,52,27.7,0
2025,686765,680779,1.89,25,28.0,0
2021,669242,553882,2.0,47,28.9,0
2021,594809,668800,2.0,13,28.0,0
2021,642086,605170,2.02,28,26.3,0
2021,656775,425784,1.97,15,28.5,0
2021,592325,543510,2.01,35,27.8,1
2021,664238,669221,1.9,31,28.4,0
2021,605548,680777,2.03,34,29.4,0
2021,645277,457763,2.0,26,28.4,0
2021,456715,575929,1.91,37,28.7,0
2021,518692,669257,1.96,56,26.9,0
2022,514888,545358,2.03,33,28.1,0
2022,516782,657709,2.08,21,28.0,0
2022,518692,663698,1.97,22,26.9,1
2022,624503,571466,1.99,38,27.8,0
2022,681082,621512,1.96,30,29.0,0
2022,668942,543592,2.01,36,27.3,0
2022,643396,657136,1.92,15,28.4,0
2023,621438,669257,1.91,56,28.8,0
2023,640449,595956,1.97,30,27.7,0
2023,622534,672386,1.98,48,28.3,0
2023,681546,660688,2.06,64,28.9,0
2023,663611,596117,1.87,18,28.0,0
2023,593160,672275,1.87,51,28.8,1
2023,691023,665804,1.98,17,28.5,0
2023,670242,668670,1.95,30,28.0,0
2023,660670,596117,1.87,18,28.0,0
2024,687363,669257,1.94,57,30.0,0
2024,595879,455117,1.97,17,27.5,0
2024,677800,666310,1.97,38,27.5,0
2024,664056,666163,1.92,47,28.2,1
2024,677951,641680,1.98,70,30.5,0
2024,666176,668832,2.0,18,28.8,0
2024,680118,681351,2.02,59,29.6,0
2024,608070,680779,1.87,10,28.2,0
2024,663538,669224,1.98,45,28.4,1
2024,666160,641680,1.98,70,28.6,0
2024,694671,663728,1.95,70,29.8,0
2025,672356,668939,1.94,29,27.0,0
2025,691182,624431,2.0,47,26.5,0
2025,592885,666163,1.96,19,28.2,1
2025,677800,666023,1.9,35,27.6,1
2025,572191,682663,1.99,53,27.8,0
2025,680718,455117,1.98,31,27.7,0
2025,664728,543309,2.03,45,27.8,0
2025,665489,645444,2.0,25,26.9,1
2025,665742,656577,1.9,18,25.8,0
2025,669326,663743,1.93,48,29.9,0
2025,677649,521692,1.93,17,28.8,1
2025,673548,661388,1.96,46,28.4,0
2025,807713,686948,1.95,63,29.0,0
2025,672695,672275,1.86,44,27.2,0
2021,641658,608348,1.98,21,29.8,0
2021,570256,605170,2.02,28,27.2,0
2021,593871,669221,1.9,31,27.9,0
2021,656775,596142,1.95,25,28.5,0
2021,621433,595956,2.03,14,28.5,0
2021,665489,543877,1.98,43,27.0,1
2021,665487,592663,1.84,16,29.2,0
2021,656775,435559,1.99,26,28.5,1
2021,668731,641470,2.02,30,28.8,0
2021,516782,592663,1.84,16,28.5,1
2021,640458,642336,1.94,17,28.9,0
2021,628450,543510,2.01,35,25.4,0
2021,641658,455139,2.0,8,29.8,1
2021,518934,545358,2.02,25,26.6,1
2022,656775,572287,2.03,13,28.5,0
2022,656582,669257,1.93,32,26.8,0
2022,622761,545358,2.03,33,30.1,0
2022,664702,680777,1.98,25,29.3,0
2022,493329,663728,1.99,47,26.9,0
2022,664238,543877,1.94,37,28.3,1
2022,670032,642336,1.95,24,27.7,0
2022,516416,668663,2.05,8,27.7,0
2022,656305,624431,1.99,29,28.4,0
2022,595879,641680,1.99,46,27.9,1
2022,663845,672386,1.99,27,26.3,1
2022,669222,661531,2.0,27,28.7,0
2022,650402,657136,1.92,15,26.9,0
2023,672284,572287,2.04,33,28.0,0
2023,669357,605131,2.01,29,26.5,0
2022,543228,672386,1.99,27,26.3,1
2023,664983,595956,1.97,30,30.0,0
2023,680757,661388,1.95,47,28.1,0
2023,664983,669221,1.9,53,30.0,0
2023,592663,661388,1.95,47,28.6,0
2023,607043,660688,2.06,64,28.0,1
2023,663656,543510,2.01,25,26.6,0
2023,662139,592663,1.83,50,28.1,1
2023,682829,672275,1.87,51,30.5,0
2023,686668,666165,2.0,21,29.9,0
2023,677951,673237,1.9,35,30.5,0
2023,628451,681351,2.09,20,27.2,0
2023,667670,543877,1.95,35,27.1,0
2023,542932,553882,2.0,25,29.3,0
2024,677951,686676,1.85,46,30.5,1
2024,696285,592663,1.85,39,29.7,0
2024,665923,595978,1.94,19,29.4,1
2024,683083,543510,1.98,38,29.5,0
2024,677594,660688,2.06,57,29.6,0
2024,677800,596142,1.96,20,27.5,1
2024,691026,605170,2.02,35,28.8,0
2024,502054,608348,1.97,51,27.2,0
2024,656775,673237,1.97,73,28.3,0
2024,680700,663728,1.95,70,27.9,0
2024,677951,592663,1.85,39,30.5,0
2024,690993,686676,1.85,46,27.7,0
2024,682622,686780,1.93,39,28.8,0
2024,665833,663743,1.93,60,28.8,0
2024,518692,543309,2.02,44,25.8,0
2025,673962,663728,1.97,55,26.6,0
2025,807713,696100,1.95,45,29.0,0
2025,679845,663886,1.99,35,28.4,0
2025,671289,650968,2.0,24,28.5,1
2025,593871,680862,2.0,9,27.1,0
2025,687231,657136,1.97,32,28.2,0
2021,621493,605244,1.94,7,28.2,0
2021,642423,608700,2.09,26,28.8,0
2021,516416,642336,1.94,17,27.3,0
2021,570481,425877,1.91,24,27.4,1
2021,572191,664874,2.04,13,28.2,1
2021,516782,624431,2.08,29,28.5,0
2021,541645,656180,1.98,13,28.6,0
2021,606132,641680,1.99,25,28.3,1
2022,666158,605244,1.95,15,28.8,0
2022,596451,669257,1.93,32,29.5,0
2022,668227,518735,2.09,29,28.8,1
2022,656941,661388,1.97,18,26.4,0
2022,596019,605131,2.06,17,27.6,1
2022,669743,518595,1.99,36,28.4,0
2022,571976,669257,1.93,32,28.2,0
2022,665926,624431,1.99,29,29.3,0
2023,807799,668670,1.95,30,26.2,0
2023,570482,641680,1.97,57,26.2,1
2023,621439,605131,2.01,29,29.3,0
2023,680977,663886,2.01,36,27.1,0
2023,668930,571912,1.93,36,29.4,0
2023,643393,543877,1.95,35,26.2,0
2023,502671,669127,1.9,68,26.4,0
2023,682928,657136,1.92,60,28.6,0
2023,518692,660688,2.06,64,26.7,0
2024,687263,671056,1.99,28,28.2,1
2024,607680,671056,1.99,28,28.4,0
2024,691718,518595,1.98,37,30.0,0
2024,650333,682626,1.92,37,26.7,1
2024,516782,543309,2.02,44,27.1,0
2024,665161,668670,1.93,30,29.8,0
2024,663368,641680,1.98,70,29.6,0
2024,668227,595978,1.94,19,28.1,0
2024,673357,620443,1.87,19,28.8,1
2024,687401,663886,2.02,64,28.7,0
2024,702616,691011,1.94,11,29.4,0
2024,657557,669224,1.98,45,26.8,1
2024,680869,641680,1.98,70,28.7,0
2024,592450,521692,2.01,24,26.8,0
2024,571970,682626,1.92,37,26.9,0
2025,701538,608348,1.95,39,28.5,0
2025,663968,669224,1.97,42,29.1,0
2025,622569,666163,1.96,19,26.9,0
2025,642715,553869,1.91,25,28.0,0
2025,641658,682626,1.93,35,28.9,0
2025,694374,663698,1.99,39,28.2,0
2025,666971,663728,1.97,55,27.1,0
2025,694497,663698,1.99,39,29.0,0
2025,656941,620443,1.87,29,25.9,0
2025,547180,455117,1.98,31,27.0,0
2025,810938,518595,2.0,33,28.1,0
2025,680737,680862,2.0,9,29.4,0
2021,595879,518595,2.03,14,28.5,0
2021,664040,595956,2.03,14,27.6,0
2021,543939,605170,2.02,28,26.8,0
2021,606132,575929,1.91,37,28.3,1
2021,665750,455117,1.96,32,29.7,0
2021,594838,641680,1.99,25,29.1,0
2021,641343,543877,1.98,43,27.4,0
2021,668227,543309,1.94,28,28.7,0
2022,593160,518735,2.09,29,28.6,0
2022,592885,518595,1.99,36,28.1,0
2022,624428,545358,2.03,33,26.8,1
2022,663656,543309,1.95,22,26.7,0
2022,677951,624512,1.97,34,30.3,1
2022,596059,595978,1.95,39,27.1,0
2022,571448,543228,1.97,28,25.5,0
2023,608324,669127,1.9,68,26.3,0
2023,595281,668939,1.91,51,28.8,0
2023,641943,669127,1.9,68,28.2,0
2023,607208,608348,1.96,23,30.3,0
2023,643393,664874,2.0,28,26.2,0
2023,643396,668800,2.01,33,27.7,0
2023,650402,571466,1.99,21,26.4,0
2023,571657,663728,1.96,66,26.5,1
2023,682622,681351,2.09,20,29.1,0
2023,682928,553882,2.0,25,28.6,0
2023,677595,607732,1.97,41,27.7,0
2023,665487,553869,1.93,51,29.3,0
2023,664913,608348,1.96,23,27.3,0
2024,664728,543510,1.98,38,27.9,0
2024,686823,664874,1.97,10,28.2,0
2024,630105,553869,1.9,33,27.7,1
2024,660644,669127,1.91,70,27.5,0
2024,571657,666023,1.88,23,25.9,1
2024,622761,595978,1.94,19,29.9,1
2024,608385,663886,2.02,64,26.1,0
2024,686797,686676,1.85,46,25.6,0
2024,664238,693307,1.94,8,28.0,1
2024,668715,575929,1.97,29,28.2,0
2024,666139,605170,2.02,35,28.4,0
2024,593428,672275,1.85,58,27.4,0
2024,663837,668939,1.96,55,28.8,0
2025,677347,642136,2.0,38,29.0,0
2025,682668,605170,2.05,28,29.6,0
2025,687263,693307,1.94,60,28.1,0
2025,678554,669224,1.97,42,26.9,0
2025,669364,669127,1.89,67,28.3,0
2025,691718,686780,1.93,52,29.5,0
2025,665833,700337,1.95,46,29.2,0
2025,595777,682663,1.99,53,26.3,0
2025,690987,689414,2.0,38,28.2,0
2025,691185,693307,1.94,60,28.8,1
2021,607208,605131,2.06,21,30.6,0
2021,593160,672386,1.94,15,28.6,0
2021,641933,621512,1.94,16,29.6,0
2021,642180,572287,1.95,28,29.1,1
2021,664702,593590,1.9,7,29.3,1
2021,623205,518595,2.03,14,29.4,0
2021,670764,606992,1.94,21,28.6,0
2022,673357,595978,1.95,39,27.9,1
2022,669016,595978,1.95,39,28.8,0
2022,607208,518735,2.09,29,30.3,0
2022,641857,642851,2.04,15,25.8,1
2022,542932,661531,2.0,27,29.5,0
2022,672695,668663,2.05,8,27.3,0
2022,641487,595978,1.95,39,26.9,1
2023,669222,596117,1.87,18,28.3,0
2023,592696,607732,1.97,41,28.0,0
2023,677551,672386,1.98,48,27.5,1
2023,680911,663886,2.01,36,29.0,0
2023,608671,595453,1.99,18,29.0,0
2023,693049,571466,1.99,21,27.0,0
2022,665161,592663,1.82,44,29.4,1
2023,682829,663728,1.96,66,30.5,0
2023,683021,641680,1.97,57,26.0,1
2024,682928,571912,1.97,27,28.5,0
2024,668930,682626,1.92,37,29.3,0
2024,682928,672275,1.85,58,28.5,1
2024,676059,681351,2.02,59,29.0,0
2024,677951,672386,2.0,55,30.5,1
2024,676356,643376,1.99,38,29.8,0
2024,677800,671056,1.99,28,27.5,0
2024,596019,686452,1.94,12,27.6,0
2024,663656,671056,1.99,28,26.0,0
2024,666158,624431,2.07,44,27.7,0
2024,679032,663743,1.93,60,30.1,0
2024,669743,681351,2.02,59,28.0,1
2024,679032,661531,1.98,7,30.1,0
2024,642201,691011,1.94,11,29.6,1
2024,668930,592663,1.85,39,29.3,0
2024,672580,672275,1.85,58,27.9,0
2024,672642,686482,1.87,6,28.9,0
2024,673548,686452,1.94,12,28.3,0
2025,678882,663728,1.97,55,29.1,0
2025,663538,672275,1.86,44,28.6,0
2025,665750,642136,2.0,38,28.8,1
2025,664702,665561,1.88,24,29.4,0
2025,650489,682663,1.99,53,28.2,0
2025,672640,663886,1.99,35,28.5,0
2025,666139,607732,2.0,36,28.1,1
2025,645277,669224,1.97,42,27.2,0
2025,681297,696100,1.95,45,27.4,0
2025,664059,686948,1.95,63,28.9,0
2025,682988,642851,1.96,19,27.0,1
2025,687363,696100,1.95,45,30.2,0
2025,656180,592663,1.86,50,26.6,0
2025,643396,696100,1.95,45,27.4,1
2025,683146,682663,1.99,53,27.0,0
2025,690022,666163,1.96,19,29.2,0
2025,687263,681508,1.98,14,28.1,0
2025,665487,624431,2.0,47,28.6,0
2021,605141,669221,1.9,31,27.2,0
2021,595777,607732,2.03,29,26.2,0
2021,621035,620443,2.0,9,28.8,0
2021,596115,519390,2.09,18,28.6,0
2021,669242,444489,1.94,21,28.9,0
2021,516416,506702,2.05,18,27.3,0
2021,458731,572287,1.95,28,28.6,0
2021,457705,543510,2.01,35,28.7,0
2021,656305,595978,1.95,27,28.1,1
2021,593871,543309,1.94,28,27.9,1
2021,669242,663886,1.97,22,28.9,0
2022,514888,608348,1.98,39,28.1,0
2022,668227,663728,1.99,47,28.8,0
2022,596059,435559,2.07,16,27.1,0
2022,516782,592663,1.82,44,28.0,1
2022,642715,543228,1.97,28,27.8,0
2022,664023,643376,1.98,22,27.9,1
2022,650333,624512,1.97,34,26.9,1
2022,681082,661388,1.97,18,29.0,0
2023,518692,672515,1.9,33,26.7,1
2023,663630,624512,1.98,21,28.7,0
2023,663538,641680,1.97,57,28.5,0
2023,607054,682626,1.94,57,28.0,0
2023,665161,641680,1.97,57,29.4,0
2023,666139,672386,1.98,48,28.7,0
2023,680776,605170,2.06,31,29.5,0
2023,543510,666023,1.93,27,26.1,0
2023,656448,666023,1.93,27,28.5,0
2023,664056,543592,1.97,28,28.8,0
2023,668715,668939,1.91,51,28.4,0
2023,669261,596142,1.9,24,28.6,0
2023,650489,518595,1.97,39,28.6,0
2023,621035,596142,1.9,24,28.3,0
2023,669127,686676,1.91,17,28.4,0
2023,664040,666310,1.94,44,27.3,0
2023,658668,455117,1.93,55,28.6,0
2024,687263,543510,1.98,38,28.2,1
2024,677951,605170,2.02,35,30.5,0
2024,672761,680777,1.93,40,28.2,0
2024,666624,663743,1.93,60,27.3,0
2024,608701,663698,2.0,35,27.3,0
2024,694671,644433,1.92,9,29.8,1
2024,680776,663698,2.0,35,29.6,0
2024,682928,605170,2.02,35,28.5,0
2024,808982,672515,1.89,26,28.4,1
2024,678009,575929,1.97,29,29.3,1
2024,686676,661388,1.96,58,27.6,0
2024,650859,592200,2.0,31,26.9,0
2024,676475,672275,1.85,58,25.5,0
2024,669304,663728,1.95,70,25.9,0
2024,656305,669257,1.94,57,28.7,0
2024,622761,669127,1.91,70,29.9,0
2024,608336,624431,2.07,44,26.5,0
2024,645302,641680,1.98,70,27.8,0
2024,669224,669257,1.94,57,26.7,0
2025,663647,686948,1.95,63,27.2,0
2025,696030,700337,1.95,46,28.5,1
2025,650402,595978,1.94,21,26.2,1
2025,663656,663886,1.99,35,26.5,1
2025,621439,673237,1.95,72,30.2,0
2025,687363,686948,1.95,63,30.2,0
2025,666139,700250,2.07,10,28.1,0
2021,660271,608596,2.04,26,28.8,0
2021,593160,666163,1.92,8,28.6,0
2021,665742,553882,2.0,47,27.0,1
2021,595751,608700,2.09,26,28.3,0
2021,656775,435559,1.99,26,28.5,0
2021,646240,680777,2.03,34,27.1,0
2021,571980,553882,2.0,47,27.7,1
2021,650402,600474,1.97,23,27.0,0
2021,664702,521692,1.97,28,29.3,1
2021,488726,518735,2.06,29,25.7,0
2022,519058,664731,2.03,15,25.1,0
2022,660271,592663,1.82,44,28.2,1
2022,608070,553869,1.94,28,28.5,0
2022,518692,435559,2.07,16,26.9,0
2022,682985,669004,1.97,20,27.7,1
2022,669352,606992,1.95,29,30.3,0
2022,642350,543877,1.94,37,30.3,0
2022,592885,642020,1.9,11,28.1,0
2022,666969,571912,1.96,31,27.9,0
2022,686823,641680,1.99,46,27.5,0
2023,605141,553869,1.93,51,27.2,1
2023,665833,624512,1.98,21,28.7,0
2023,678662,575929,1.93,34,28.1,1
2022,608070,553869,1.94,28,28.5,0
2023,453568,575929,1.93,34,27.6,1
2023,673490,669257,1.91,56,28.5,1
2023,621433,681807,1.92,8,28.1,0
2023,683011,642336,1.95,24,28.4,0
2023,686681,660688,2.06,64,27.3,0
2023,641584,661388,1.95,47,28.0,0
2023,666181,661388,1.95,47,28.8,0
2023,643446,455117,1.93,55,27.4,0
2023,657557,663743,2.01,44,26.8,1
2023,664040,455117,1.93,55,27.3,0
2023,608070,595453,1.99,18,27.8,0
2023,666134,669134,1.97,10,28.4,0
2024,681546,543877,1.96,32,28.8,1
2024,673490,518595,1.98,37,28.3,0
2024,650859,669134,1.97,25,26.9,1
2024,650859,669127,1.91,70,26.9,0
2024,660271,665561,1.87,6,28.1,0
2024,543807,666163,1.92,47,28.1,0
2024,666310,608348,1.97,51,26.6,0
2024,669004,575929,1.97,29,27.8,0
2024,672640,592663,1.85,39,28.7,0
2024,663728,668670,1.93,30,26.6,1
2024,668930,605131,2.0,27,29.3,0
2024,641355,518735,2.09,31,28.4,0
2024,677594,666163,1.92,47,29.6,1
2024,680757,686676,1.85,46,27.1,0
2024,665161,681351,2.02,59,29.8,0
2024,656775,668670,1.93,30,28.3,0
2024,691176,543510,1.98,38,27.8,0
2025,665833,689414,2.0,38,29.2,0
2025,592885,672275,1.86,44,28.2,0
2025,680757,669224,1.97,42,27.3,0
2025,663656,700337,1.95,46,26.5,0
2025,664059,673237,1.95,72,28.9,0
2025,542932,696100,1.95,45,28.3,0
2025,695734,669257,1.94,53,29.1,0
2025,696285,681351,2.0,50,29.3,0
2025,670231,645444,2.0,25,28.9,0
2025,688363,686948,1.95,63,26.6,0
2025,682988,690924,2.0,14,27.0,0
2025,681987,663743,1.93,48,29.7,0
2025,608070,543309,2.03,45,28.4,0
2021,502054,608348,1.98,21,27.8,0
2021,643289,553869,1.95,20,27.9,1
2021,650402,488771,1.97,11,27.0,0
2021,607043,669257,1.96,56,28.9,0
2021,664056,669257,1.96,56,29.4,1
2021,543939,575929,1.91,37,26.8,0
2022,673357,595978,1.95,39,27.9,0
2022,680757,641680,1.99,46,28.4,0
2022,656941,595751,1.89,16,26.4,0
2022,596142,605170,2.01,34,25.2,0
2022,543939,669257,1.93,32,26.2,0
2023,678246,543877,1.95,35,27.9,1
2023,670042,661388,1.95,47,28.8,0
2023,606466,642851,1.91,23,27.7,0
2023,543807,608348,1.96,23,27.8,1
2023,673490,596117,1.87,18,28.5,0
2023,642731,592663,1.83,50,28.1,0
2025,682988,690924,2.0,14,27.0,0
2023,642086,669221,1.9,53,25.8,1
2024,673962,650907,1.94,8,27.3,0
2024,641680,608348,1.97,51,25.3,0
2024,593871,641680,1.98,70,27.5,0
2024,664238,641680,1.98,70,28.0,0
2024,669289,596117,1.88,22,27.3,0
2024,668715,596117,1.88,22,28.2,0
2024,664023,553882,2.04,18,27.9,0
2024,514888,666310,1.97,38,27.1,0
2024,665923,605170,2.02,35,29.4,1
2024,687401,686676,1.85,46,28.7,1
2024,680869,666023,1.88,23,28.7,0
2024,680869,543510,1.98,38,28.7,0
2024,663853,553869,1.9,33,28.9,0
2024,676609,680728,2.04,13,28.3,0
2024,664983,657136,1.95,46,29.8,0
2024,663457,663728,1.95,70,27.0,1
2025,702616,657136,1.97,32,28.6,1
2025,681481,663728,1.97,55,27.1,1
2025,663897,660688,2.0,42,28.4,0
2025,665750,660688,2.0,42,28.8,0
2025,666160,663743,1.93,48,28.5,0
2025,670764,665966,1.92,63,28.2,1
2025,672695,455117,1.98,31,27.2,1
2025,682177,607732,2.0,36,27.9,0
2025,664702,663698,1.99,39,29.4,0
2025,641355,656577,1.9,18,28.2,0
2025,666139,665966,1.92,63,28.1,0
2021,668227,521692,1.97,28,28.7,1
2024,673962,650907,1.94,8,27.3,0
2021,665862,596142,1.95,25,29.1,1
2021,570256,668800,2.0,13,27.2,1
2021,543063,669257,1.96,56,25.8,1
2021,624641,553882,2.0,47,29.7,0
2022,670764,543228,1.97,28,28.8,0
2022,594777,663728,1.99,47,25.4,1
2022,456715,543592,2.01,36,28.3,0
2022,593871,664874,1.97,14,28.1,1
2022,643396,455139,2.04,20,28.4,0
2022,663457,605170,2.01,34,28.2,0
2023,665923,542194,1.87,39,29.6,0
2023,664040,643376,1.99,30,27.3,0
2023,666211,672386,1.98,48,27.1,1
2023,666182,673237,1.9,35,27.1,0
2023,680911,542208,1.98,13,29.0,1
2023,680118,595453,1.99,18,30.3,0
2023,650559,657136,1.92,60,27.7,1
2023,677551,596117,1.87,18,27.5,0
2023,682928,657136,1.92,60,28.6,0
2023,665923,668800,2.01,33,29.6,0
2023,677594,455117,1.93,55,29.6,0
2023,518934,672386,1.98,48,25.7,0
2023,657656,668670,1.95,30,27.9,1
2023,657088,660688,2.06,64,28.2,0
2024,687263,650907,1.94,8,28.2,0
2024,668885,681351,2.02,59,28.3,0
2024,592206,641680,1.98,70,27.4,1
2024,657136,668670,1.93,30,28.4,0
2024,669016,641680,1.98,70,28.2,1
2024,666139,666023,1.88,23,28.4,0
2024,669016,669221,1.95,39,28.2,0
2024,665926,605131,2.0,27,28.9,0
2024,668952,668832,2.0,18,27.5,0
2024,621493,686676,1.85,46,26.8,0
2025,668804,663743,1.93,48,28.1,0
2025,687363,620443,1.87,29,30.2,0
2025,802415,455117,1.98,31,29.6,1
2025,682829,696100,1.95,45,29.1,0
2025,677951,665966,1.92,63,30.2,0
2025,608070,623168,1.92,38,28.4,0
2025,678011,663728,1.97,55,26.7,0
2025,672640,686780,1.93,52,28.5,1
2025,687263,543309,2.03,45,28.1,0
2025,647304,691019,1.96,31,24.4,0
2025,669288,641598,2.04,23,29.2,0
2025,682663,650968,2.0,24,26.7,0
2025,572233,518595,2.0,33,26.2,0
2025,668930,543309,2.03,45,28.9,0
2025,686681,681351,2.0,50,26.0,0
2021,592192,641598,2.03,15,27.8,0
2021,640457,435559,1.99,26,27.5,0
2021,641313,595956,2.03,14,28.2,0
2021,665155,643376,1.94,12,27.1,0
2021,663611,425877,1.91,24,28.0,1
2021,596019,624513,2.01,28,27.8,0
2021,669242,661388,2.01,11,28.9,0
2021,664057,605170,2.02,28,29.3,0
2021,660271,680777,2.03,34,28.8,1
2021,543257,672386,1.94,15,27.7,0
2022,543877,545358,2.03,33,25.5,1
2021,640457,435559,1.99,26,27.5,0
2022,663656,663728,1.99,47,26.7,0
2022,622761,669127,1.93,14,30.1,0
2022,663656,669221,1.89,33,26.7,1
2022,668843,620443,2.0,20,27.4,1
2023,542932,682626,1.94,57,29.3,0
2023,668942,605131,2.01,29,26.7,0
2023,643217,542194,1.87,39,27.3,0
2023,543760,663728,1.96,66,28.7,0
2023,660271,572287,2.04,33,27.8,0
2023,545341,663743,2.01,44,27.4,1
2023,656716,664874,2.0,28,28.5,0
2023,664983,553869,1.93,51,30.0,0
2023,669242,521692,1.98,26,28.8,0
2023,665742,607732,1.97,41,26.8,0
2023,683146,518595,1.97,39,27.3,0
2023,665923,592663,1.83,50,29.6,0
2023,656448,596142,1.9,24,28.5,0
2023,680911,665804,1.98,17,29.0,0
2023,680757,518595,1.97,39,28.1,0
2023,666971,553869,1.93,51,27.1,0
2024,641343,664874,1.97,10,27.2,0
2024,669707,592663,1.85,39,28.5,0
2024,679032,663698,2.0,35,30.1,0
2024,641584,686676,1.85,46,28.3,0
2024,650859,641680,1.98,70,26.9,0
2024,682998,681351,2.02,59,29.6,0
2024,682998,665561,1.87,6,29.6,0
2024,666139,663728,1.95,70,28.4,0
2024,630105,641680,1.98,70,27.7,0
2024,696285,686780,1.93,39,29.7,0
2024,643396,669134,1.97,25,27.8,0
2024,669003,666310,1.97,38,29.5,0
2024,686765,543510,1.98,38,27.7,0
2024,681393,665804,2.04,50,29.3,0
2024,607680,661531,1.98,7,28.4,0
2024,673237,521692,2.01,24,27.1,0
2024,663538,686452,1.94,12,28.4,0
2025,656775,660688,2.0,42,28.4,0
2025,671277,682626,1.93,35,26.5,0
2025,669257,682663,1.99,53,27.3,0
2025,642180,663698,1.99,39,28.1,1
2025,622761,660688,2.0,42,29.3,0
2025,656775,686780,1.93,52,28.4,0
2025,593428,661388,1.96,46,27.6,0
2025,671221,687221,1.93,15,27.6,1
2025,670764,691019,1.96,31,28.2,0
2025,694192,641598,2.04,23,29.2,0
2025,663897,666023,1.9,35,28.4,0
2025,687231,641598,2.04,23,28.2,0
2025,687515,663743,1.93,48,28.6,0
2025,663330,680777,1.98,34,28.1,0
2025,642715,663743,1.93,48,28.0,0
2025,668930,668800,2.0,13,28.9,0
2025,663968,623168,1.92,38,29.1,0
2021,665862,600474,1.97,23,29.1,0
2021,571788,543877,1.98,43,26.2,0
2021,656555,543510,2.01,35,26.4,0
2021,641505,543877,1.98,43,28.6,0
2021,592626,425877,1.91,24,26.9,1
2021,664238,641680,1.99,25,28.4,0
2021,669256,553869,1.95,20,29.0,1
2022,516782,645444,1.94,11,28.0,0
2022,622534,518735,2.09,29,27.9,0
2022,643393,571466,1.99,38,26.3,0
2022,669242,621512,1.96,30,28.7,0
2022,547180,645444,1.94,11,27.6,0
2022,593428,663728,1.99,47,27.9,0
2022,542364,621512,1.96,30,27.1,1
2022,656305,542194,1.89,19,28.4,1
2022,680700,596142,1.93,29,27.8,0
2023,665862,592663,1.83,50,28.4,0
2023,663837,672386,1.98,48,29.1,1
2023,542932,592663,1.83,50,29.3,0
2023,624641,663728,1.96,66,29.2,0
2023,606466,669127,1.9,68,27.7,0
2023,596059,660688,2.06,64,26.8,0
2023,663697,605170,2.06,31,27.8,0
2023,665161,572287,2.04,33,29.4,1
2023,666134,592200,1.99,13,28.4,0
2023,682829,605170,2.06,31,30.5,0
2023,660670,661388,1.95,47,28.0,0
2023,686681,665804,1.98,17,27.3,0
2023,641355,672515,1.9,33,28.3,0
2023,642731,553869,1.93,51,28.1,0
2023,596019,663743,2.01,44,28.1,0
2024,656582,668939,1.96,55,26.9,0
2024,686668,592663,1.85,39,29.3,0
2024,660271,663743,1.93,60,28.1,0
2024,666158,621512,1.93,27,27.7,0
2024,677594,673237,1.97,73,29.6,0
2024,663728,668832,2.0,18,26.6,0
2024,676391,543510,1.98,38,28.4,0
2024,655316,641680,1.98,70,27.6,0
2024,677008,624431,2.07,44,28.5,0
2024,596019,553869,1.9,33,27.6,0
2024,657041,661388,1.96,58,29.3,1
2024,672642,681351,2.02,59,28.9,1
2024,686823,663886,2.02,64,28.2,1
2024,676609,668670,1.93,30,28.3,1
2025,608701,686780,1.93,52,26.7,0
2025,641680,666163,1.96,19,25.2,0
2025,656305,681351,2.0,50,28.1,0
2025,670764,669224,1.97,42,28.2,0
2025,642201,607732,2.0,36,29.9,0
2025,694671,665966,1.92,63,28.9,0
2025,621439,693307,1.94,60,30.2,0
2025,663368,663698,1.99,39,29.1,0
2025,805300,696100,1.95,45,28.1,1
2025,687637,669224,1.97,42,28.9,1
2025,573262,680862,2.0,9,26.9,0
2021,542340,608348,1.98,21,27.3,0
2021,444482,605131,2.06,21,27.6,1
2021,595777,553882,2.0,47,26.2,0
2021,668731,455117,1.96,32,28.8,1
2021,519299,553882,2.0,47,25.5,0
2021,650402,455117,1.96,32,27.0,0
2021,668942,669257,1.96,56,27.6,1
2021,663757,519390,2.09,18,28.8,0
2021,642180,641470,2.02,30,29.1,0
2021,641584,624512,1.97,14,27.7,0
2021,516782,488771,1.97,11,28.5,0
2021,664983,624513,2.01,28,30.4,1
2022,623205,455117,1.92,40,29.1,0
2022,669222,660688,2.0,46,28.7,0
2022,660821,592663,1.82,44,27.3,0
2022,543877,596142,1.93,29,25.5,1
2022,663656,545358,2.03,33,26.7,0
2023,664761,518735,2.08,69,26.6,0
2023,668942,660688,2.06,64,26.7,0
2023,686894,666165,2.0,21,28.9,0
2023,669222,642851,1.91,23,28.3,1
2023,607208,608348,1.96,23,30.3,0
2023,608701,672386,1.98,48,27.1,0
2023,664023,518735,2.08,69,27.7,0
2023,668930,660688,2.06,64,29.4,0
2023,641355,663886,2.01,36,28.3,0
2023,663630,686676,1.91,17,28.7,0
2023,542364,641680,1.97,57,27.2,0
2023,682928,643376,1.99,30,28.6,0
2023,680700,669221,1.9,53,28.0,0
2023,672820,624512,1.98,21,27.6,1
2024,642350,672275,1.85,58,29.9,1
2024,657041,669127,1.91,70,29.3,1
2024,662139,521692,2.01,24,28.5,0
2024,670623,624431,2.07,44,25.9,1
2024,669261,665804,2.04,50,28.3,0
2024,641343,665804,2.04,50,27.2,0
2024,595281,686676,1.85,46,28.7,0
2024,621439,666023,1.88,23,29.7,0
2024,672580,686676,1.85,46,27.9,0
2024,666176,669127,1.91,70,28.8,0
2024,682928,686780,1.93,39,28.5,0
2024,669364,592663,1.85,39,28.4,0
2024,673548,518735,2.09,31,28.3,0
2024,641658,595978,1.94,19,29.8,0
2024,664023,518735,2.09,31,27.9,0
2024,671732,668670,1.93,30,27.6,0
2024,678882,624431,2.07,44,28.8,0
2024,661388,518735,2.09,31,26.4,0
2024,694671,642136,2.01,15,29.8,0
2025,696285,623168,1.92,38,29.3,1
2025,680776,663728,1.97,55,29.1,0
2025,665862,595978,1.94,21,27.6,0
2025,687263,663728,1.97,55,28.1,1
2025,677951,663728,1.97,55,30.2,0
2025,677942,553869,1.91,25,28.8,0
2025,682998,640902,1.93,13,29.8,0
2025,671732,663886,1.99,35,26.9,0
2025,687597,553869,1.91,25,28.7,0
2025,807712,543309,2.03,45,28.7,0
2021,673490,624513,2.01,28,28.4,0
2021,643396,488771,1.97,11,28.0,0
2021,446334,669257,1.96,56,26.1,0
2021,664056,575929,1.91,37,29.4,0
2021,571788,545358,2.02,25,26.2,0
2021,641343,543309,1.94,28,27.4,0
2021,664774,669257,1.96,56,26.5,0
2021,542364,641598,2.03,15,27.5,0
2022,643289,664850,2.05,7,28.2,1
2022,623205,455117,1.92,40,29.1,0
2022,624428,543309,1.95,22,26.8,0
2022,572204,663698,1.97,22,27.7,0
2023,680757,624431,1.99,18,28.1,0
2023,686823,518735,2.08,69,28.3,1
2023,624512,543309,1.98,43,25.9,1
2023,669016,661388,1.95,47,28.6,0
2023,643217,682626,1.94,57,27.3,0
2023,641355,571912,1.93,36,28.3,0
2023,668930,553869,1.93,51,29.4,0
2023,621020,641511,1.99,27,28.4,0
2023,502054,663886,2.01,36,27.8,0
2023,664238,663886,2.01,36,27.7,0
2023,664702,608348,1.96,23,29.2,0
2023,664983,455117,1.93,55,30.0,1
2024,622569,663728,1.95,70,27.3,1
2024,545361,650907,1.94,8,28.9,0
2024,663697,669134,1.97,25,28.0,0
2024,676801,671056,1.99,28,28.7,0
2024,608385,620443,1.87,19,26.1,1
2024,656811,643376,1.99,38,27.8,0
2023,672356,518735,2.08,69,28.0,1
2024,607680,596142,1.96,20,28.4,0
2024,680776,643376,1.99,38,29.6,0
2024,641313,665561,1.87,6,27.1,1
2024,624641,605131,2.0,27,29.2,0
2024,669261,686780,1.93,39,28.3,0
2024,623912,681351,2.02,59,28.0,0
2024,444482,682626,1.92,37,26.9,0
2024,687263,605131,2.0,27,28.2,0
2024,642715,671056,1.99,28,27.4,0
2024,663368,592663,1.85,39,29.6,0
2025,681962,673237,1.95,72,28.3,0
2025,502671,607732,2.0,36,26.1,0
2025,543760,642136,2.0,38,28.5,0
2025,670231,663743,1.93,48,28.9,0
2025,645277,641680,2.01,44,27.2,0
2025,665862,686780,1.93,52,27.6,0
2025,682998,666163,1.96,19,29.8,0
2021,683734,620443,2.0,9,26.4,0
2021,664913,455117,1.96,32,28.1,0
2021,665862,592663,1.84,16,29.1,1
2021,621020,553882,2.0,47,28.3,0
2021,592325,606992,1.94,21,27.8,1
2021,596103,575929,1.91,37,28.4,0
2021,592696,593590,1.9,7,27.4,0
2021,605548,624431,2.08,29,29.4,0
2021,664702,624431,2.08,29,29.3,0
2022,672284,572287,2.03,13,27.3,0
2022,664023,669257,1.93,32,27.9,1
2022,541645,592663,1.82,44,28.3,0
2022,673490,596142,1.93,29,28.4,0
2022,665750,518735,2.09,29,29.3,1
2022,656305,641680,1.99,46,28.4,1
2022,682928,592663,1.82,44,29.0,0
2022,656941,543592,2.01,36,26.4,0
2022,514888,592663,1.82,44,28.1,1
2023,683002,543309,1.98,43,28.8,0
2023,467793,592200,1.99,13,25.9,0
2023,502054,668670,1.95,30,27.8,1
2023,643396,682626,1.94,57,27.7,0
2023,666152,664874,2.0,28,29.2,0
2023,621035,518595,1.97,39,28.3,0
2023,678894,668800,2.01,33,29.3,1
2023,668930,663743,2.01,44,29.4,0
2024,666152,681351,2.02,59,29.4,0
2024,668942,607732,1.96,44,27.0,0
2024,595777,643376,1.99,38,26.5,0
2024,672515,672275,1.85,58,27.2,1
2024,663538,621512,1.93,27,28.4,0
2024,665828,664874,1.97,10,27.4,1
2024,665926,672386,2.0,55,28.9,0
2024,663993,666023,1.88,23,26.4,0
2024,657041,607732,1.96,44,29.3,1
2024,657041,686780,1.93,39,29.3,1
2024,695391,681351,2.02,59,27.2,1
2024,592626,665804,2.04,50,25.5,0
2024,673357,521692,2.01,24,28.8,1
2024,669242,663728,1.95,70,27.9,0
2024,665833,542194,1.9,29,28.8,0
2024,670042,641680,1.98,70,28.9,0
2024,624413,592663,1.85,39,26.1,0
2025,683737,669257,1.94,53,26.5,0
2025,668930,669224,1.97,42,28.9,0
2025,670042,689414,2.0,38,28.7,1
2025,609280,663743,1.93,48,26.9,0
2025,657656,681351,2.0,50,27.8,0
2025,665833,455117,1.98,31,29.2,0
2025,665833,665561,1.88,24,29.2,0
2025,666969,596142,1.91,9,27.0,0
2025,593871,543309,2.03,45,27.1,0
2025,687597,680779,1.89,25,28.7,0
2021,641432,455117,1.96,32,26.2,1
2021,656371,519390,2.09,18,25.9,1
2022,621453,595978,1.95,39,27.7,0
2022,605548,595978,1.95,39,29.3,0
2022,642350,641680,1.99,46,30.3,0
2022,664913,620443,2.0,20,27.8,0
2022,665862,553869,1.94,28,29.3,0
2022,664983,518595,1.99,36,30.1,1
2022,660271,641680,1.99,46,28.2,1
2022,621446,543228,1.97,28,28.9,0
2022,518692,608348,1.98,39,26.9,1
2022,571771,624431,1.99,29,26.9,1
2023,641584,543228,1.99,45,28.0,1
2023,607043,543592,1.97,28,28.0,0
2023,668227,657136,1.92,60,28.4,0
2023,643217,606992,1.99,15,27.3,0
2023,605170,669127,1.9,68,25.0,0
2023,676694,669257,1.91,56,29.2,0
2023,677951,680777,1.95,27,30.5,0
2023,643565,518595,1.97,39,27.3,0
2023,596019,543510,2.01,25,28.1,0
2023,658668,666310,1.94,44,28.6,1
2024,665487,575929,1.97,29,28.4,0
2024,621493,663743,1.93,60,26.8,1
2024,605141,672275,1.85,58,26.7,0
2024,650859,663886,2.02,64,26.9,0
2024,664314,518595,1.98,37,28.7,1
2024,664314,642136,2.01,15,28.7,0
2024,683011,543877,1.96,32,28.6,0
2024,663656,681351,2.02,59,26.0,0
2024,542932,663728,1.95,70,29.0,1
2024,676609,521692,2.01,24,28.3,0
2024,600869,607732,1.96,44,27.4,0
2024,682829,543228,1.98,12,30.0,0
2024,676609,673237,1.97,73,28.3,1
2024,657041,665804,2.04,50,29.3,0
2024,696285,669224,1.98,45,29.7,0
2024,663538,518735,2.09,31,28.4,0
2024,664728,663698,2.0,35,27.9,0
2025,683011,623168,1.92,38,28.3,1
2025,593428,663728,1.97,55,27.6,0
2025,656582,650968,2.0,24,27.0,0
2025,687401,690924,2.0,14,28.7,0
2025,621439,642136,2.0,38,30.2,0
2025,681297,643376,2.0,60,27.4,0
2025,647304,518595,2.0,33,24.4,0
2025,664023,700337,1.95,46,27.4,0
2025,649966,681351,2.0,50,26.0,1
2025,664238,673237,1.95,72,27.7,0
2021,596146,444489,1.94,21,27.4,0
2021,614177,596142,1.95,25,26.1,0
2021,666182,595284,1.94,15,28.0,0
2021,657041,575929,1.91,37,29.0,0
2021,593428,572287,1.95,28,27.7,0
2021,666969,545358,2.02,25,28.4,0
2022,669374,455139,2.04,20,27.5,0
2022,677594,596142,1.93,29,29.7,0
2022,596142,543877,1.94,37,25.2,0
2022,543305,595978,1.95,39,27.9,0
2022,666971,543309,1.95,22,27.3,0
2022,570481,518595,1.99,36,28.0,0
2022,621550,605170,2.01,34,27.8,0
2022,669701,660688,2.0,46,28.2,0
2022,660757,571466,1.99,38,28.8,0
2023,680757,669127,1.9,68,28.1,0
2023,457705,624512,1.98,21,28.4,0
2023,457705,673237,1.9,35,28.4,0
2023,543807,543510,2.01,25,27.8,0
2023,673490,666165,2.0,21,28.5,0
2023,545350,553869,1.93,51,28.8,0
2023,516782,608348,1.96,23,27.1,0
2023,665862,592663,1.83,50,28.4,0
2023,663656,666310,1.94,44,26.6,0
2023,643396,607732,1.97,41,27.7,0
2023,640492,672275,1.87,51,29.6,1
2023,643396,657136,1.92,60,27.7,0
2024,681082,553869,1.9,33,29.1,0
2024,543807,669224,1.98,45,28.1,0
2024,622569,666310,1.97,38,27.3,0
2024,679032,663886,2.02,64,30.1,0
2024,641857,663743,1.93,60,25.9,1
2024,681082,672386,2.0,55,29.1,0
2024,453568,669134,1.97,25,27.4,0
2024,656716,542194,1.9,29,28.4,0
2024,516782,672515,1.89,26,27.1,0
2024,676694,680777,1.93,40,28.9,0
2024,677594,455117,1.97,17,29.6,0
2024,668885,666163,1.92,47,28.3,0
2024,657041,686780,1.93,39,29.3,0
2024,665506,669221,1.95,39,28.5,0
2024,680776,641680,1.98,70,29.6,0
2024,666971,518735,2.09,31,26.6,0
2024,641343,607732,1.96,44,27.2,0
2025,802415,669224,1.97,42,29.6,0
2025,641355,643376,2.0,60,28.2,0
2025,668930,669127,1.89,67,28.9,0
2025,668930,700337,1.95,46,28.9,1
2025,667472,669257,1.94,53,28.4,0
2025,810938,660688,2.0,42,28.1,0
2025,687597,663743,1.93,48,28.7,0
2025,682928,696100,1.95,45,28.2,0
2025,687401,608348,1.95,39,28.7,1
2025,668930,608348,1.95,39,28.9,0
2025,681624,696100,1.95,45,28.1,1
2025,647304,553869,1.91,25,24.4,0
2025,592663,641598,2.04,23,28.4,0
2025,642715,656577,1.9,18,28.0,0
2025,665742,624431,2.0,47,25.8,0
2025,666152,663743,1.93,48,29.3,0
2025,683002,700250,2.07,10,28.5,0
2021,607208,519390,2.09,18,30.6,0
2021,670084,444489,1.94,21,29.1,1
2021,503556,669221,1.9,31,26.8,0
2021,641914,553869,1.95,20,27.0,0
2021,545350,518595,2.03,14,28.8,0
2022,621020,543228,1.97,28,28.4,0
2022,516782,657709,2.08,21,28.0,0
2022,643396,657136,1.92,15,28.4,0
2022,664029,669221,1.89,33,27.6,0
2023,662139,624431,1.99,18,28.1,0
2023,595879,543510,2.01,25,28.1,0
2023,669364,660688,2.06,64,28.2,0
2023,650489,455117,1.93,55,28.6,0
2023,571771,607732,1.97,41,26.9,1
2023,656775,571912,1.93,36,28.0,1
2023,606132,543228,1.99,45,28.7,0
2023,664702,518735,2.08,69,29.2,0
2023,608671,682626,1.94,57,29.0,0
2023,678009,571912,1.93,36,29.0,0
2023,622761,668800,2.01,33,30.1,0
2024,671739,673237,1.97,73,28.3,1
2024,677951,668670,1.93,30,30.5,1
2024,673490,665561,1.87,6,28.3,1
2024,680728,645305,1.96,18,25.5,1
2024,673357,592200,2.0,31,28.8,0
2024,645302,681351,2.02,59,27.8,0
2024,687263,641680,1.98,70,28.2,0
2025,543807,700250,2.07,10,28.0,0
2025,682829,663743,1.93,48,29.1,0
2025,677951,608348,1.95,39,30.2,0
2025,668904,669257,1.94,53,26.8,0
2025,664728,686948,1.95,63,27.8,0
2025,682928,673237,1.95,72,28.2,0
2025,673357,663728,1.97,55,29.0,0
2025,607208,661388,1.96,46,30.3,0
2025,656716,595978,1.94,21,28.3,1
2021,622534,435559,1.99,26,28.6,0
2021,602074,663886,1.97,22,28.2,0
2021,621453,575929,1.91,37,28.4,0
2021,608336,669257,1.96,56,27.4,0
2025,677951,608348,1.95,39,30.2,0
2021,516416,543592,2.01,18,27.3,0
2021,670032,641598,2.03,15,28.2,1
2022,545341,669257,1.93,32,28.0,0
2022,622761,545358,2.03,33,30.1,0
2022,665862,645444,1.94,11,29.3,0
2022,608703,643376,1.98,22,27.4,0
2022,608070,606992,1.95,29,28.5,0
2022,662139,596117,1.91,17,28.0,0
2022,575929,543877,1.94,37,27.5,1
2022,664728,571466,1.99,38,28.0,0
2022,608070,664874,1.97,14,28.5,1
2022,645302,669257,1.93,32,28.8,0
2022,621020,592663,1.82,44,28.4,1
2022,669257,543592,2.01,36,27.5,0
2022,641658,642020,1.9,11,29.4,0
2022,656941,672386,1.99,27,26.4,0
2022,664702,641680,1.99,46,29.3,0
2023,656541,660688,2.06,64,28.9,0
2023,641857,592663,1.83,50,25.8,1
2023,664983,672275,1.87,51,30.0,0
2023,640449,657136,1.92,60,27.7,1
2023,660670,595956,1.97,30,28.0,0
2023,686668,543309,1.98,43,29.9,0
2023,666165,663886,2.01,36,27.4,1
2023,664983,669257,1.91,56,30.0,0
2023,686823,605131,2.01,29,28.3,0
2023,694497,669127,1.9,68,29.6,0
2023,596115,672386,1.98,48,28.8,0
2022,542364,543877,1.94,37,27.1,1
2024,607043,608348,1.97,51,28.0,0
2024,657041,592663,1.85,39,29.3,0
2024,694192,671056,1.99,28,29.7,0
2024,677587,668670,1.93,30,26.8,0
2024,596019,672275,1.85,58,27.6,1
2024,678882,669221,1.95,39,28.8,1
2024,673548,656577,1.96,26,28.3,0
2024,664056,542194,1.9,29,28.2,1
2024,608070,643376,1.99,38,28.2,0
2024,666139,663728,1.95,70,28.4,0
2024,457705,663886,2.02,64,26.8,0
2024,669234,543877,1.96,32,26.6,0
2024,668709,642020,1.97,15,27.6,1
2024,682928,542194,1.9,29,28.5,1
2024,608671,669127,1.91,70,28.5,0
2024,665161,663886,2.02,64,29.8,0
2024,606192,665804,2.04,50,28.6,0
2024,681807,668670,1.93,30,26.2,0
2025,665926,665966,1.92,63,28.0,0
2025,668227,605170,2.05,28,27.7,0
2025,680577,693307,1.94,60,28.5,0
2025,669003,669087,1.98,11,29.0,0
2025,663604,663698,1.99,39,30.1,0
2025,547180,663698,1.99,39,27.0,0
2025,621438,660688,2.0,42,29.3,0
2025,680862,605170,2.05,28,27.5,0
2025,808975,521692,1.93,17,28.7,0
2025,665833,620443,1.87,29,29.2,0
2025,669707,690924,2.0,14,28.8,0
2025,676609,693307,1.94,60,28.3,0
2021,572008,605131,2.06,21,28.1,0
2021,457705,457763,2.0,26,28.7,0
2021,519299,543510,2.01,35,25.5,0
2021,660670,425877,1.91,24,29.4,0
2021,649966,624513,2.01,28,26.5,0
2021,544725,575929,1.91,37,28.4,0
2021,444876,519390,2.09,18,27.5,0
2022,670764,543877,1.94,37,28.8,0
2022,680977,605170,2.01,34,27.2,1
2022,669720,543877,1.94,37,27.8,0
2022,671277,605170,2.01,34,27.0,1
2022,642708,596142,1.93,29,29.4,1
2022,642423,519390,2.12,7,29.5,0
2022,668942,663698,1.97,22,27.3,0
2022,670276,641680,1.99,46,27.7,0
2022,656775,595978,1.95,39,28.5,0
2023,444482,672515,1.9,33,27.0,1
2023,663538,642851,1.91,23,28.5,1
2023,678246,641511,1.99,27,27.9,0
2023,670156,657136,1.92,60,28.6,0
2023,664702,592663,1.83,50,29.2,1
2023,686217,605131,2.01,29,28.6,0
2023,677951,665804,1.98,17,30.5,0
2023,680757,650907,1.87,11,28.1,0
2023,657041,669257,1.91,56,29.3,0
2024,660670,592663,1.85,39,27.7,0
2024,657041,592663,1.85,39,29.3,0
2024,682928,605131,2.0,27,28.5,0
2024,686823,608348,1.97,51,28.2,1
2024,672275,621512,1.93,27,25.2,0
2024,667452,669127,1.91,70,28.5,0
2024,514888,643376,1.99,38,27.1,0
2024,668930,663886,2.02,64,29.3,0
2024,677588,665804,2.04,50,28.1,0
2024,672640,669257,1.94,57,28.7,0
2024,670764,643376,1.99,38,27.8,0
2025,669701,642851,1.96,19,27.5,0
2025,676694,680777,1.98,34,28.2,0
2025,679032,689414,2.0,38,30.1,0
2025,608324,700337,1.95,46,26.0,1
2025,676391,681351,2.0,50,28.6,1
2025,642201,660688,2.0,42,29.9,0
2025,676609,665966,1.92,63,28.3,0
2025,686555,543877,1.94,39,27.7,1
2025,642731,661388,1.96,46,27.8,1
2025,663728,669127,1.89,67,26.0,1
2025,808982,680779,1.89,25,28.2,0
2025,672695,641680,2.01,44,27.2,0
2025,680869,693307,1.94,60,28.0,1
2021,673490,669257,1.96,56,28.4,0
2021,592178,543510,2.01,35,27.9,1
2021,624424,656180,1.98,13,27.0,0
2021,663538,680777,2.03,34,28.8,0
2021,643393,488771,1.97,11,26.8,0
2022,519203,571466,1.99,38,25.5,0
2025,687597,661388,1.96,46,28.7,1
2022,665650,663698,1.97,22,29.1,0
2022,660636,575929,1.93,23,27.3,1
2022,670032,680777,1.98,25,27.7,0
2022,622761,672515,1.92,14,30.1,0
2022,543760,435559,2.07,16,28.8,0
2022,607208,543592,2.01,36,30.3,0
2022,596019,661388,1.97,18,27.6,0
2022,669352,642336,1.95,24,30.3,0
2022,676701,669257,1.93,32,26.8,0
2022,669004,595978,1.95,39,27.8,1
2023,642715,669134,1.97,10,27.6,0
2023,642731,607732,1.97,41,28.1,0
2023,650489,605170,2.06,31,28.6,0
2023,677594,660688,2.06,64,29.6,0
2023,660670,607732,1.97,41,28.0,0
2023,596115,668670,1.95,30,28.8,0
2023,669127,660688,2.06,64,28.4,0
2023,665926,669257,1.91,56,29.2,0
2023,643446,518595,1.97,39,27.4,0
2023,664314,657136,1.92,60,29.3,0
2023,682829,668670,1.95,30,30.5,0
2024,575929,455117,1.97,17,27.1,0
2024,514888,663728,1.95,70,27.1,0
2024,592885,671056,1.99,28,28.5,0
2024,683737,518735,2.09,31,27.3,0
2024,592348,521692,2.01,24,26.9,0
2024,668930,571912,1.97,27,29.3,0
2024,641487,656577,1.96,26,26.8,0
2024,694671,666163,1.92,47,29.8,1
2024,607043,663698,2.0,35,28.0,0
2022,543760,435559,2.07,16,28.8,0
2024,681082,673237,1.97,73,29.1,0
2024,677951,595978,1.94,19,30.5,0
2024,606192,680728,2.04,13,28.6,0
2024,663538,607732,1.96,44,28.4,0
2024,683002,669224,1.98,45,28.9,1
2024,665161,663728,1.95,70,29.8,0
2024,673357,668670,1.93,30,28.8,0
2024,657077,663698,2.0,35,26.7,0
2025,679032,696100,1.95,45,30.1,0
2025,575929,686948,1.95,63,27.5,0
2025,663647,682626,1.93,35,27.2,0
2025,647304,672275,1.86,44,24.4,0
2025,502671,663728,1.97,55,26.1,0
2025,624428,661388,1.96,46,26.6,1
2025,671221,691019,1.96,31,27.6,1
2025,608369,596142,1.91,9,25.3,0
2025,691026,645444,2.0,25,28.4,0
2025,677951,663743,1.93,48,30.2,0
2025,671732,663886,1.99,35,26.9,0
2025,671732,663886,1.99,35,26.9,1
2025,668885,543309,2.03,45,28.3,0
2025,683083,686948,1.95,63,29.8,0
2021,664238,518735,2.06,29,28.4,0
2021,474832,624513,2.01,28,25.6,0
2021,643217,641470,2.02,30,27.6,1
2021,641531,672386,1.94,15,28.2,0
2021,624415,661388,2.01,11,28.3,0
2021,668731,518735,2.06,29,28.8,0
2021,462101,624513,2.01,28,26.7,0
2021,500743,543592,2.01,18,26.6,0
2021,572816,608700,2.09,26,27.3,0
2021,606132,519390,2.09,18,28.3,0
2021,666176,624431,2.08,29,29.9,0
2021,663538,641598,2.03,15,28.8,0
2021,621439,606992,1.94,21,29.9,0
2022,669222,575929,1.93,23,28.7,1
2022,673548,660688,2.0,46,28.3,1
2022,656413,660688,2.0,46,29.1,1
2023,642731,518735,2.08,69,28.1,0
2023,641487,592663,1.83,50,26.7,0
2023,672284,669127,1.9,68,28.0,1
2023,663656,664874,2.0,28,26.6,0
2023,642715,666023,1.93,27,27.6,0
2023,672779,641680,1.97,57,27.6,0
2023,643217,669257,1.91,56,27.3,0
2023,673357,669127,1.9,68,28.7,0
2023,664023,660688,2.06,64,27.7,0
2023,666624,664874,2.0,28,28.6,0
2023,664983,668800,2.01,33,30.0,0
2023,643217,571466,1.99,21,27.3,0
2023,672356,666023,1.93,27,28.0,0
2023,668227,543309,1.98,43,28.4,0
2024,682928,571912,1.97,27,28.5,0
2024,624415,663728,1.95,70,28.5,0
2024,543685,650907,1.94,8,26.8,0
2024,680118,673237,1.97,73,29.6,0
2024,657061,592663,1.85,39,28.0,0
2024,687401,666163,1.92,47,28.7,0
2024,622534,686676,1.85,46,27.5,0
2024,672761,673237,1.97,73,28.2,0
2024,650859,673237,1.97,73,26.9,0
2024,676694,681351,2.02,59,28.9,0
2024,682985,669221,1.95,39,27.7,0
2024,683083,672515,1.89,26,29.5,1
2024,518692,518735,2.09,31,25.8,0
2024,673357,673237,1.97,73,28.8,1
2024,676391,643376,1.99,38,28.4,0
2024,669701,624431,2.07,44,27.6,0
2024,677588,682626,1.92,37,28.1,1
2024,592518,605170,2.02,35,25.8,1
2025,700250,663698,1.99,39,27.5,1
2025,656305,608348,1.95,39,28.1,0
2025,621438,669257,1.94,53,29.3,0
2025,702332,663698,1.99,39,28.1,1
2025,592885,669257,1.94,53,28.2,1
2025,808982,682626,1.93,35,28.2,0
2025,628451,691019,1.96,31,27.5,1
2025,687231,518595,2.0,33,28.2,1
2025,664023,680779,1.89,25,27.4,1
2025,805300,620443,1.87,29,28.1,0
2025,663538,663698,1.99,39,28.6,0
2025,805300,690924,2.0,14,28.1,0
2021,544369,543510,2.01,35,27.7,0
2021,645277,575929,1.91,37,28.4,0
2021,663993,608700,2.09,26,27.3,0
2021,668227,624512,1.97,14,28.7,0
2021,641487,669221,1.9,31,27.5,0
2021,642708,641470,2.02,30,29.5,0
2021,608686,608596,2.04,26,27.2,0
2022,621493,641680,1.99,46,28.4,0
2022,641796,455139,2.04,20,30.2,0
2022,665742,545358,2.03,33,26.6,0
2022,641313,543877,1.94,37,28.4,0
2022,592743,553882,2.01,23,26.6,0
2022,643289,641680,1.99,46,28.2,0
2022,542932,621512,1.96,30,29.5,0
2022,641313,669221,1.89,33,28.4,0
2022,657041,592663,1.82,44,29.4,0
2022,605548,642336,1.95,24,29.3,1
2023,669261,571912,1.93,36,28.6,0
2023,543063,682626,1.94,57,25.8,0
2023,606132,643376,1.99,30,28.7,0
2023,457759,643376,1.99,30,25.2,0
2023,672695,607732,1.97,41,27.2,0
2023,595281,592663,1.83,50,28.8,0
2023,665923,455117,1.93,55,29.6,0
2023,681082,518595,1.97,39,28.8,0
2023,642731,668800,2.01,33,28.1,0
2023,666152,663743,2.01,44,29.2,1
2023,672695,641511,1.99,27,27.2,0
2023,686823,518735,2.08,69,28.3,1
2023,657041,663743,2.01,44,29.3,0
2023,656308,663743,2.01,44,28.7,0
2023,677951,657136,1.92,60,30.5,0
2023,669707,660688,2.06,64,28.4,0
2024,621035,575929,1.97,29,28.1,0
2024,650489,686676,1.85,46,27.9,0
2024,672279,596142,1.96,20,28.3,0
2024,670097,621512,1.93,27,26.8,0
2024,671289,660688,2.06,57,28.2,0
2024,670032,661388,1.96,58,27.1,1
2024,672820,663728,1.95,70,27.3,0
2024,669357,672275,1.85,58,26.2,0
2024,677587,672275,1.85,58,26.8,1
2024,666139,668939,1.96,55,28.4,0
2024,687529,661388,1.96,58,29.2,0
2024,607208,682626,1.92,37,29.6,0
2025,669261,663743,1.93,48,27.9,0
2025,687363,680777,1.98,34,30.2,0
2025,607208,605131,2.11,11,30.3,0
2025,691026,661388,1.96,46,28.4,0
2025,671289,620443,1.87,29,28.5,0
2025,805249,680779,1.89,25,29.4,1
2025,696285,641680,2.01,44,29.3,1
2025,672640,642136,2.0,38,28.5,1
2025,702332,680777,1.98,34,28.1,0
2025,682998,669127,1.89,67,29.8,0
2021,664238,543877,1.98,43,28.4,0
2021,641829,608596,2.04,26,27.6,0
2021,516416,572287,1.95,28,27.3,0
2021,643396,521692,1.97,28,28.0,1
2021,614177,572287,1.95,28,26.1,0
2021,516782,669257,1.96,56,28.5,0
2021,543281,605170,2.02,28,26.8,0
2021,578428,543877,1.98,43,28.2,0
2021,608070,624431,2.08,29,28.1,0
2021,595879,425877,1.91,24,28.5,1
2021,641658,518595,2.03,14,29.8,0
2021,605141,518595,2.03,14,27.2,0
2022,660688,621512,1.96,30,25.3,0
2022,664238,596117,1.91,17,28.3,0
2022,542932,596117,1.91,17,29.5,0
2022,606192,668939,1.93,24,28.6,0
2022,642731,669004,1.97,20,28.2,0
2022,606132,596117,1.91,17,28.2,0
2022,669261,664731,2.03,15,28.6,0
2022,664056,624512,1.97,34,29.1,0
2023,607208,607732,1.97,41,30.3,0
2023,593428,669257,1.91,56,27.6,0
2023,686668,543592,1.97,28,29.9,1
2023,693049,680777,1.95,27,27.0,0
2023,547180,666310,1.94,44,27.6,0
2023,668227,455117,1.93,55,28.4,0
2023,543760,607732,1.97,41,28.7,0
2023,664702,518735,2.08,69,29.2,1
2023,663656,543309,1.98,43,26.6,0
2023,680118,663728,1.96,66,30.3,0
2023,668800,571912,1.93,36,25.9,0
2024,663743,624431,2.07,44,26.7,1
2024,657757,666310,1.97,38,26.7,0
2024,624503,624431,2.07,44,27.7,1
2024,682829,681351,2.02,59,30.0,0
2024,671277,672386,2.0,55,27.2,0
2024,682829,605131,2.0,27,30.0,0
2024,676609,663743,1.93,60,28.3,0
2024,573262,669257,1.94,57,27.2,0
2024,666152,607732,1.96,44,29.4,1
2024,641584,669221,1.95,39,28.3,0
2024,670156,596142,1.96,20,28.0,0
2024,668227,672386,2.0,55,28.1,0
2024,671277,661388,1.96,58,27.2,0
2024,672515,663698,2.0,35,27.2,0
2024,595281,518735,2.09,31,28.7,0
2024,701538,686780,1.93,39,28.5,0
2024,680869,663886,2.02,64,28.7,0
2025,621020,645444,2.0,25,28.5,0
2025,666160,643376,2.0,60,28.5,1
2025,592663,607732,2.0,36,28.4,0
2025,669016,607732,2.0,36,28.3,1
2025,679032,643376,2.0,60,30.1,0
2025,694497,641598,2.04,23,29.0,0
2025,672695,690924,2.0,14,27.2,0
2025,677594,687221,1.93,15,29.2,0
2021,516782,543510,2.01,35,28.5,0
2021,572122,641598,2.03,15,25.7,0
2021,593160,467092,2.01,12,28.6,0
2021,595777,608596,2.04,26,26.2,1
2021,592518,595284,1.94,15,26.4,0
2022,606132,488771,1.97,11,28.2,0
2022,665862,660688,2.0,46,29.3,1
2022,663656,624431,1.99,29,26.7,0
2022,641505,596142,1.93,29,28.1,0
2022,670764,595978,1.95,39,28.8,0
2023,607054,663728,1.96,66,28.0,0
2023,677951,543592,1.97,28,30.5,0
2023,691023,672275,1.87,51,28.5,1
2023,682641,596142,1.9,24,27.7,0
2023,608324,553882,2.0,25,26.3,0
2023,663538,666310,1.94,44,28.5,0
2023,608671,595956,1.97,30,29.0,0
2023,607208,596142,1.9,24,30.3,0
2023,682998,672275,1.87,51,30.1,0
2023,543305,681807,1.92,8,27.3,0
2024,656413,592663,1.85,39,29.1,0
2024,676609,681351,2.02,59,28.3,1
2024,671277,672275,1.85,58,27.2,0
2024,671277,668939,1.96,55,27.2,0
2024,683737,518595,1.98,37,27.3,1
2024,605141,672515,1.89,26,26.7,0
2024,657041,669221,1.95,39,29.3,0
2024,666971,553882,2.04,18,26.6,1
2024,467793,605170,2.02,35,25.9,0
2024,650489,607732,1.96,44,27.9,0
2024,669701,673237,1.97,73,27.6,1
2024,671289,668670,1.93,30,28.2,0
2024,670770,518735,2.09,31,26.5,0
2024,672284,672386,2.0,55,27.9,0
2024,676694,680728,2.04,13,28.9,0
2024,665926,543877,1.96,32,28.9,0
2024,669003,682626,1.92,37,29.5,0
2025,676070,543877,1.94,39,27.6,0
2025,677594,660688,2.0,42,29.2,0
2025,682928,608348,1.95,39,28.2,0
2025,687363,623168,1.92,38,30.2,0
2025,683002,668670,1.95,20,28.5,0
2025,686469,641680,2.01,44,25.5,0
2025,676694,642851,1.96,19,28.2,1
2025,808975,543877,1.94,39,28.7,0
2025,593428,657136,1.97,32,27.6,0
2025,691023,624431,2.0,47,28.7,1
2025,669127,681351,2.0,50,28.6,0
2025,689414,543309,2.03,45,26.2,0
2021,622534,543309,1.94,28,28.6,0
2021,500743,595284,1.94,15,26.6,0
2021,663656,669257,1.96,56,27.4,0
2021,502054,553882,2.0,47,27.8,0
2021,571788,669221,1.9,31,26.2,1
2021,516782,545358,2.02,25,28.5,0
2021,621512,656180,1.98,13,25.6,0
2021,650333,595978,1.95,27,26.8,1
2021,664702,608700,2.09,26,29.3,0
2021,592663,543510,2.01,35,28.8,0
2022,649557,542194,1.89,19,27.7,1
2022,622761,642336,1.95,24,30.1,0
2022,663697,592200,2.01,13,27.7,0
2022,665923,621512,1.96,30,29.8,1
2022,622761,641680,1.99,46,30.1,0
2022,592206,621512,1.96,30,27.7,0
2022,657041,663728,1.99,47,29.4,0
2022,668804,621512,1.96,30,28.2,0
2022,668709,592663,1.82,44,27.7,1
2023,607043,663743,2.01,44,28.0,0
2023,682928,572287,2.04,33,28.6,0
2023,650489,521692,1.98,26,28.6,0
2023,622534,518735,2.08,69,28.3,0
2023,670764,518735,2.08,69,28.2,0
2023,641355,668800,2.01,33,28.3,1
2023,666139,668939,1.91,51,28.7,0
2023,516416,660688,2.06,64,27.4,0
2023,608070,666023,1.93,27,27.8,0
2023,518692,641511,1.99,27,26.7,0
2023,680574,672515,1.9,33,29.0,0
2023,514888,668939,1.91,51,26.9,0
2023,682998,596142,1.9,24,30.1,1
2023,643289,624512,1.98,21,28.1,0
2023,671739,553869,1.93,51,28.8,0
2023,502054,553882,2.0,25,27.8,0
2024,668715,660688,2.06,57,28.2,0
2024,664761,553869,1.9,33,26.3,1
2024,682998,665804,2.04,50,29.6,0
2024,663527,668939,1.96,55,26.4,0
2024,672356,518595,1.98,37,27.4,0
2024,592696,663743,1.93,60,27.3,0
2024,668715,543510,1.98,38,28.2,0
2024,691026,681351,2.02,59,28.8,0
2024,672580,668670,1.93,30,27.9,0
2024,669208,642136,2.01,15,28.5,0
2024,621550,666163,1.92,47,27.8,0
2024,665862,686780,1.93,39,28.6,1
2024,641933,645305,1.96,18,27.5,0
2024,641487,543510,1.98,38,26.8,0
2024,664983,663698,2.0,35,29.8,0
2024,678009,663728,1.95,70,29.3,0
2024,678225,641680,1.98,70,29.0,0
2024,687263,663728,1.95,70,28.2,0
2024,670764,543510,1.98,38,27.8,0
2024,672569,686676,1.85,46,28.3,0
2024,669701,672386,2.0,55,27.6,0
2024,641645,607732,1.96,44,24.7,0
2024,670032,681351,2.02,59,27.1,1
2024,650489,666310,1.97,38,27.9,0
2025,671277,592663,1.86,50,26.5,0
2025,670042,673237,1.95,72,28.7,0
2025,656305,641680,2.01,44,28.1,0
2025,543760,640902,1.93,13,28.5,0
2025,691718,595978,1.94,21,29.5,0
2025,679032,455117,1.98,31,30.1,0
2025,673490,691019,1.96,31,27.6,0
2025,810938,661388,1.96,46,28.1,0
2025,687263,682626,1.93,35,28.1,1
2025,663604,608348,1.95,39,30.1,0
2021,664238,605131,2.06,21,28.4,0
2021,665120,669257,1.96,56,27.0,0
2021,643396,669257,1.96,56,28.0,0
2021,669242,624513,2.01,28,28.9,0
2021,668942,455139,2.0,8,27.6,0
2021,488726,641680,1.99,25,25.7,0
2021,664058,624431,2.08,29,27.6,0
2021,664238,608348,1.98,21,28.4,0
2021,656775,672386,1.94,15,28.5,0
2022,676391,571466,1.99,38,28.2,1
2022,624413,545358,2.03,33,25.7,0
2022,669242,605244,1.95,15,28.7,0
2022,621550,657709,2.08,21,27.8,0
2022,641857,595751,1.89,16,25.8,0
2022,641355,663698,1.97,22,28.1,1
2022,663757,660688,2.0,46,28.8,0
2022,665750,657136,1.92,15,29.3,1
2022,462101,543592,2.01,36,26.1,0
2022,669003,608348,1.98,39,30.1,0
2023,666139,571912,1.93,36,28.7,0
2023,621438,605131,2.01,29,28.8,0
2023,663647,553869,1.93,51,27.1,1
2023,681082,661388,1.95,47,28.8,1
2023,672580,657136,1.92,60,28.2,0
2023,682998,665804,1.98,17,30.1,0
2023,682998,665804,1.98,17,30.1,0
2023,677595,663886,2.01,36,27.7,0
2024,608336,592663,1.85,39,26.5,0
2024,682829,682626,1.92,37,30.0,0
2024,677594,553869,1.9,33,29.6,0
2024,671289,644433,1.92,9,28.2,1
2024,665862,620443,1.87,19,28.6,0
2024,677942,665561,1.87,6,28.6,0
2024,660271,681351,2.02,59,28.1,1
2024,641857,673237,1.97,73,25.9,0
2024,663853,663743,1.93,60,28.9,0
2024,660271,608348,1.97,51,28.1,1
2024,682998,595978,1.94,19,29.6,0
2024,664023,680777,1.93,40,27.9,0
2024,695578,592663,1.85,39,28.7,1
2024,690291,624431,2.07,44,26.0,1
2024,660644,665804,2.04,50,27.5,1
2024,641584,673237,1.97,73,28.3,0
2024,657136,672386,2.0,55,28.4,0
2025,671277,669257,1.94,53,26.5,0
2025,680474,553869,1.91,25,28.3,1
2025,668227,641680,2.01,44,27.7,0
2025,683011,672275,1.86,44,28.3,0
2025,666152,680777,1.98,34,29.3,0
2025,673548,689414,2.0,38,28.4,1
2025,802415,682663,1.99,53,29.6,0
2025,672356,673237,1.95,72,27.0,1
2025,668930,608348,1.95,39,28.9,1
2025,676609,668939,1.94,29,28.3,0
2025,694497,605170,2.05,28,29.0,0
2025,596019,663728,1.97,55,27.4,0
2025,665742,666023,1.9,35,25.8,0
2025,683002,669224,1.97,42,28.5,0
2021,572008,669257,1.96,56,28.1,0
2021,628450,506702,2.05,18,25.4,0
2021,457705,605170,2.02,28,28.7,0
2021,456715,519390,2.09,18,28.7,0
2021,673451,543510,2.01,35,28.0,1
2021,543063,455117,1.96,32,25.8,0
2022,640492,669257,1.93,32,29.4,0
2022,664056,605244,1.95,15,29.1,0
2022,665161,663743,1.93,23,29.4,0
2022,453568,543592,2.01,36,27.8,0
2022,605131,553869,1.94,28,26.7,0
2022,657656,624431,1.99,29,27.6,0
2022,669016,455139,2.04,20,28.8,0
2022,666182,542194,1.89,19,27.5,1
2022,669016,657709,2.08,21,28.8,0
2022,682928,663728,1.99,47,29.0,1
2022,641796,595978,1.95,39,30.2,0
2023,666139,657136,1.92,60,28.7,0
2023,641584,669221,1.9,53,28.0,0
2023,650489,605131,2.01,29,28.6,0
2023,592192,672386,1.98,48,27.8,0
2023,672695,669221,1.9,53,27.2,1
2023,657041,669221,1.9,53,29.3,0
2023,663538,575929,1.93,34,28.5,0
2023,673357,668670,1.95,30,28.7,1
2023,691783,543228,1.99,45,30.0,0
2023,696285,518595,1.97,39,30.0,0
2024,642350,672386,2.0,55,29.9,0
2024,621020,673237,1.97,73,27.8,0
2024,669289,669257,1.94,57,27.3,0
2024,682998,543309,2.02,44,29.6,0
2024,683011,657136,1.95,46,28.6,0
2024,670097,575929,1.97,29,26.8,0
2024,650489,663728,1.95,70,27.9,0
2024,665750,681351,2.02,59,28.5,0
2024,663757,666163,1.92,47,26.9,0
2024,663647,605170,2.02,35,26.4,0
2024,668930,669221,1.95,39,29.3,0
2024,668227,592200,2.0,31,28.1,0
2024,680869,605170,2.02,35,28.7,0
2024,693304,686780,1.93,39,29.2,0
2025,547180,650968,2.0,24,27.0,0
2025,516782,650968,2.0,24,26.6,0
2025,664728,643376,2.0,60,27.8,0
2025,691718,624431,2.0,47,29.5,0
2025,687363,624431,2.0,47,30.2,0
2025,666971,696100,1.95,45,27.1,0
2025,668227,663698,1.99,39,27.7,1
2025,678882,643376,2.0,60,29.1,0
2025,687597,686780,1.93,52,28.7,1
2025,553993,668939,1.94,29,26.4,0
2025,670242,623168,1.92,38,26.8,0
2025,702616,672275,1.86,44,28.6,0
2025,592885,641680,2.01,44,28.2,0
2025,665487,663886,1.99,35,28.6,0
2025,543807,669257,1.94,53,28.0,1
2021,664702,680777,2.03,34,29.3,0
2021,642180,592663,1.84,16,29.1,0
2021,542364,624513,2.01,28,27.5,0
2021,663647,608348,1.98,21,27.8,0
2021,669242,553882,2.0,47,28.9,0
2021,668942,669257,1.96,56,27.6,0
2021,642423,656180,1.98,13,28.8,0
2022,643396,571466,1.99,38,28.4,0
2022,677594,642336,1.95,24,29.7,0
2022,518692,645444,1.94,11,26.9,0
2022,519203,606992,1.95,29,25.5,0
2022,572191,642851,2.04,15,28.7,0
2022,641531,435559,2.07,16,27.9,0
2022,656180,641680,1.99,46,26.7,1
2022,680776,571912,1.96,31,29.2,1
2022,672695,605170,2.01,34,27.3,0
2022,545121,669127,1.93,14,27.1,0
2022,642350,624431,1.99,29,30.3,0
2022,516416,575929,1.93,23,27.7,1
2023,608070,657136,1.92,60,27.8,1
2023,681546,668800,2.01,33,28.9,0
2023,677551,518735,2.08,69,27.5,0
2023,665923,521692,1.98,26,29.6,1
2023,641355,607732,1.97,41,28.3,0
2023,678225,672515,1.9,33,29.7,1
2023,641505,543592,1.97,28,28.9,0
2023,543807,661388,1.95,47,27.8,0
2023,671221,642336,1.95,24,28.7,0
2023,669004,642336,1.95,24,27.6,0
2023,672580,595956,1.97,30,28.2,1
2023,664056,663743,2.01,44,28.8,0
2023,686823,669257,1.91,56,28.3,0
2023,666969,663728,1.96,66,27.3,0
2024,665487,671056,1.99,28,28.4,0
2024,677951,543510,1.98,38,30.5,0
2024,660271,518595,1.98,37,28.1,0
2024,668942,669127,1.91,70,27.0,0
2024,650391,624431,2.07,44,25.2,0
2024,666152,624431,2.07,44,29.4,0
2024,547180,668939,1.96,55,27.4,0
2024,678882,669257,1.94,57,28.8,0
2024,669016,663728,1.95,70,28.2,0
2024,621020,666310,1.97,38,27.8,0
2024,686611,596117,1.88,22,29.3,0
2025,665750,665966,1.92,63,28.8,0
2025,670764,696100,1.95,45,28.2,0
2025,664238,668670,1.95,20,27.7,0
2025,691718,669127,1.89,67,29.5,0
2025,672580,661388,1.96,46,27.9,1
2025,621439,620443,1.87,29,30.2,0
2025,671277,686948,1.95,63,26.5,0
2025,643396,661388,1.96,46,27.4,0
2025,807713,693307,1.94,60,29.0,1
2025,663837,641680,2.01,44,27.7,0
2025,663728,673237,1.95,72,26.0,0
2025,689200,693307,1.94,60,29.0,0
2025,518692,696100,1.95,45,25.6,0
2025,682985,669127,1.89,67,26.7,0
2025,621020,663743,1.93,48,28.5,0
2025,680777,543309,2.03,45,25.9,1
2021,596115,543510,2.01,35,28.6,1
2021,664059,600474,1.97,23,29.4,1
2021,607461,506702,2.05,18,27.1,0
2021,606157,553882,2.0,47,28.3,1
2021,457759,545358,2.02,25,25.8,0
2021,516782,624431,2.08,29,28.5,0
2022,660670,575929,1.93,23,28.5,0
2022,516782,620443,2.0,20,28.0,0
2022,571657,660688,2.0,46,26.7,0
2022,668227,641680,1.99,46,28.8,0
2022,656582,595751,1.89,16,26.8,0
2022,669352,435559,2.07,16,30.3,1
2023,642731,575929,1.93,34,28.1,0
2023,678225,605131,2.01,29,29.7,0
2023,543685,669127,1.9,68,26.5,0
2023,656413,607732,1.97,41,29.2,0
2023,457705,641680,1.97,57,28.4,0
2023,673357,572287,2.04,33,28.7,1
2023,650402,669257,1.91,56,26.4,0
2023,572191,595956,1.97,30,28.7,0
2023,608070,666023,1.93,27,27.8,0
2023,665926,666023,1.93,27,29.2,0
2023,665506,575929,1.93,34,27.8,1
2023,665923,669134,1.97,10,29.6,0
2023,596019,592663,1.83,50,28.1,1
2024,686217,682626,1.92,37,29.3,0
2024,657656,455117,1.97,17,27.8,0
2024,668942,518595,1.98,37,27.0,0
2024,665487,571912,1.97,27,28.4,0
2024,678662,641680,1.98,70,28.1,1
2024,624415,455117,1.97,17,28.5,0
2024,578428,686452,1.94,12,28.6,0
2024,650859,543309,2.02,44,26.9,0
2024,669911,686780,1.93,39,27.4,0
2024,572191,680777,1.93,40,28.5,0
2024,670764,543510,1.98,38,27.8,0
2024,665161,642020,1.97,15,29.8,0
2024,593428,691011,1.94,11,27.4,0
2024,687597,660688,2.06,57,28.6,0
2024,682622,518735,2.09,31,28.8,0
2024,656716,521692,2.01,24,28.4,0
2024,683002,668670,1.93,30,28.9,0
2024,682729,686482,1.87,6,30.0,1
2024,680776,543877,1.96,32,29.6,0
2024,607208,620443,1.87,19,29.6,0
2024,665862,669257,1.94,57,28.6,0
2025,668709,607732,2.0,36,27.1,0
2025,694671,669127,1.89,67,28.9,0
2025,670623,643376,2.0,60,25.6,1
2025,669016,669127,1.89,67,28.3,0
2025,605141,455117,1.98,31,26.9,0
2025,681987,624431,2.0,47,29.7,0
2025,678554,669127,1.89,67,26.9,0
2025,680574,663743,1.93,48,29.2,0
2025,678882,673237,1.95,72,29.1,0
2025,802415,669127,1.89,67,29.6,0
2025,691176,686780,1.93,52,28.7,1
2025,687637,605170,2.05,28,28.9,0
2025,670770,666023,1.9,35,26.7,0
2021,641584,641470,2.02,30,27.7,0
2021,642715,521692,1.97,28,28.0,0
2021,502054,553882,2.0,47,27.8,1
2021,623912,606992,1.94,21,28.6,0
2021,665487,669257,1.96,56,29.2,0
2021,663897,543510,2.01,35,28.9,0
2021,641933,641598,2.03,15,29.6,0
2021,516782,641470,2.02,30,28.5,0
2021,542340,596142,1.95,25,27.3,0
2021,669016,455117,1.96,32,29.1,0
2021,650489,518735,2.06,29,28.7,0
2022,663647,669257,1.93,32,27.9,0
2022,666969,592200,2.01,13,27.9,0
2022,592663,608348,1.98,39,28.7,0
2023,606192,595956,1.97,30,28.6,1
2023,641313,641511,1.99,27,27.2,0
2023,666139,641511,1.99,27,28.7,1
2023,677551,668939,1.91,51,27.5,0
2023,660271,665804,1.98,17,27.8,0
2023,518692,663886,2.01,36,26.7,0
2023,645277,543228,1.99,45,27.6,0
2023,645277,682626,1.94,57,27.6,0
2023,660670,553882,2.0,25,28.0,0
2023,673357,669127,1.9,68,28.7,1
2023,664023,663886,2.01,36,27.7,0
2024,666152,668939,1.96,55,29.4,0
2024,641658,553882,2.04,18,29.8,0
2024,657557,666310,1.97,38,26.8,0
2024,669261,665804,2.04,50,28.3,0
2024,672640,641680,1.98,70,28.7,1
2024,681082,645305,1.96,18,29.1,1
2024,694192,669257,1.94,57,29.7,0
2024,672642,668939,1.96,55,28.9,0
2024,672279,641680,1.98,70,28.3,0
2024,681460,592200,2.0,31,29.1,0
2024,516782,668939,1.96,55,27.1,0
2024,677588,663743,1.93,60,28.1,0
2024,686780,672386,2.0,55,25.9,0
2024,663853,680777,1.93,40,28.9,0
2024,663697,663698,2.0,35,28.0,1
2025,673357,665966,1.92,63,29.0,0
2025,673357,605170,2.05,28,29.0,0
2025,572191,663743,1.93,48,27.8,0
2025,543309,455117,1.98,31,25.1,0
2025,663728,693307,1.94,60,26.0,0
2025,666160,680779,1.89,25,28.5,1
2025,662139,700250,2.07,10,28.4,0
2021,543760,596142,1.95,25,28.6,0
2021,543333,457763,2.0,26,26.0,0
2021,665120,488771,1.97,11,27.0,0
2021,502481,444489,1.94,21,27.9,0
2021,609275,595978,1.95,27,28.4,0
2022,642350,435559,2.07,16,30.3,0
2022,643396,455139,2.04,20,28.4,0
2022,642180,624512,1.97,34,29.1,0
2022,621550,553882,2.01,23,27.8,0
2022,514888,545358,2.03,33,28.1,0
2022,643446,663743,1.93,23,27.4,0
2025,663728,693307,1.94,60,26.0,0
2021,543760,596142,1.95,25,28.6,0
2022,641355,553869,1.94,28,28.1,1
2022,518692,543592,2.01,36,26.9,0
2023,592885,663728,1.96,66,28.1,0
2023,502671,657136,1.92,60,26.4,0
2023,664056,664954,2.07,11,28.8,1
2023,667452,572287,2.04,33,28.4,0
2023,462101,607732,1.97,41,26.5,0
2023,663757,660688,2.06,64,27.7,0
2023,677551,521692,1.98,26,27.5,0
2023,670770,669221,1.9,53,28.3,0
2023,676356,455117,1.93,55,29.7,0
2023,656413,660688,2.06,64,29.2,0
2023,676724,605170,2.06,31,28.5,0
2023,670156,660688,2.06,64,28.6,0
2023,669392,606992,1.99,15,29.1,0
2023,660670,661388,1.95,47,28.0,0
2023,682998,663728,1.96,66,30.1,0
2023,666397,608348,1.96,23,27.0,0
2023,643446,681351,2.09,20,27.4,0
2023,502054,571912,1.93,36,27.8,0
2023,676801,641680,1.97,57,28.2,1
2023,676801,669134,1.97,10,28.2,0
2023,663743,592663,1.83,50,27.6,0
2023,663457,661388,1.95,47,27.8,0
2023,657088,543228,1.99,45,28.2,0
2023,666181,666310,1.94,44,28.8,0
2024,701538,665804,2.04,50,28.5,0
2024,516782,669257,1.94,57,27.1,0
2024,669357,668939,1.96,55,26.2,0
2024,667452,643376,1.99,38,28.5,0
2024,608671,668670,1.93,30,28.5,0
2024,656775,672386,2.0,55,28.3,0
2024,686668,663886,2.02,64,29.3,1
2024,680757,542194,1.9,29,27.1,1
2024,673490,661388,1.96,58,28.3,0
2024,592518,686780,1.93,39,25.8,0
2024,665750,642020,1.97,15,28.5,0
2024,665862,521692,2.01,24,28.6,0
2024,671732,642020,1.97,15,27.6,0
2025,666134,660688,2.0,42,27.6,1
2025,650490,663743,1.93,48,26.1,0
2025,682998,696100,1.95,45,29.8,0
2025,691718,696100,1.95,45,29.5,0
2025,665489,665561,1.88,24,26.9,0
2025,670242,642136,2.0,38,26.8,1
2025,673490,656577,1.9,18,27.6,0
2025,682622,620443,1.87,29,29.0,1
2025,500743,665966,1.92,63,25.9,0
2023,643446,681351,2.09,20,27.4,0
2025,663656,650968,2.0,24,26.5,0
2025,680776,682663,1.99,53,29.1,0
2025,660670,682663,1.99,53,27.9,0
2021,664702,543309,1.94,28,29.3,1
2021,656775,543309,1.94,28,28.5,1
2021,605548,641470,2.02,30,29.4,0
2021,605119,600474,1.97,23,27.0,0
2021,572191,455139,2.0,8,28.2,0
2021,658668,600474,1.97,23,29.2,1
2021,502671,669257,1.96,56,26.3,0
2021,640461,545358,2.02,25,26.6,0
2022,543807,488771,1.97,11,28.3,0
2022,668804,668939,1.93,24,28.2,0
2022,677951,664874,1.97,14,30.3,0
2022,671213,624431,1.99,29,24.9,0
2022,665750,543309,1.95,22,29.3,0
2023,669743,642336,1.95,24,28.8,1
2023,660670,571912,1.93,36,28.0,1
2023,670156,673237,1.9,35,28.6,0
2023,682998,641511,1.99,27,30.1,0
2023,668227,661388,1.95,47,28.4,0
2023,666181,641511,1.99,27,28.8,0
2023,592885,656024,1.99,12,28.1,0
2023,606192,656024,1.99,12,28.6,0
2023,668930,607732,1.97,41,29.4,0
2024,677951,643376,1.99,38,30.5,0
2024,667472,607732,1.96,44,28.5,0
2024,664728,661388,1.96,58,27.9,1
2024,678225,592200,2.0,31,29.0,0
2024,553993,553882,2.04,18,26.5,0
2024,641487,605170,2.02,35,26.8,0
2024,686676,663728,1.95,70,27.6,0
2024,593160,518595,1.98,37,29.0,0
2024,669701,673237,1.97,73,27.6,0
2024,680776,666023,1.88,23,29.6,1
2024,665161,669127,1.91,70,29.8,0
2024,663538,663743,1.93,60,28.4,0
2024,592518,672275,1.85,58,25.8,0
2025,677951,680777,1.98,34,30.2,0
2025,666624,665966,1.92,63,28.0,1
2025,694671,669257,1.94,53,28.9,1
2025,677951,605170,2.05,28,30.2,0
2025,686681,672275,1.86,44,26.0,0
2025,663968,543309,2.03,45,29.1,0
2025,678882,642136,2.0,38,29.1,0
2025,802415,700337,1.95,46,29.6,0
2025,672580,681508,1.98,14,27.9,0
2025,543807,663698,1.99,39,28.0,0
2025,650859,673237,1.95,72,27.0,0
2025,680757,663743,1.93,48,27.3,0
2025,682663,592663,1.86,50,26.7,1
2025,807713,663698,1.99,39,29.0,1
2025,660670,693307,1.94,60,27.9,0
2021,664702,669221,1.9,31,29.3,0
2021,598265,607732,2.03,29,27.2,0
2021,668731,666163,1.92,8,28.8,1
2021,670032,455117,1.96,32,28.2,0
2021,672284,624431,2.08,29,27.2,1
2021,592450,543877,1.98,43,27.7,0
2021,641355,457763,2.0,26,28.0,0
2022,624431,672386,1.99,27,25.1,0
2022,595751,605244,1.95,15,28.7,0
2022,624428,641680,1.99,46,26.8,0
2022,656775,624512,1.97,34,28.5,0
2022,663630,641680,1.99,46,29.2,0
2022,607054,543228,1.97,28,28.5,0
2022,665161,669004,1.97,20,29.4,1
2022,595879,642851,2.04,15,27.9,0
2023,518934,668939,1.91,51,25.7,1
2023,681546,575929,1.93,34,28.9,0
2023,677551,668939,1.91,51,27.5,0
2023,682928,664954,2.07,11,28.6,0
2023,670156,542194,1.87,39,28.6,0
2023,677594,664874,2.0,28,29.6,0
2023,665161,669127,1.9,68,29.4,0
2023,663656,543309,1.98,43,26.6,0
2023,680118,592663,1.83,50,30.3,0
2023,657077,643376,1.99,30,27.3,1
2023,624415,592663,1.83,50,28.3,0
2023,673357,668939,1.91,51,28.7,0
2023,663630,686676,1.91,17,28.7,0
2023,677347,681807,1.92,8,29.2,0
2023,609280,543228,1.99,45,27.7,0
2023,678882,543510,2.01,25,28.7,0
2024,678882,681351,2.02,59,28.8,0
2024,668930,669224,1.98,45,29.3,0
2024,683011,521692,2.01,24,28.6,0
2024,660271,607732,1.96,44,28.1,0
2024,656941,543309,2.02,44,25.8,1
2024,656775,645305,1.96,18,28.3,0
2024,444482,668939,1.96,55,26.9,0
2024,663837,680777,1.93,40,28.8,0
2024,669242,595978,1.94,19,27.9,0
2024,665926,605131,2.0,27,28.9,0
2024,687529,668939,1.96,55,29.2,0
2024,663656,553869,1.9,33,26.0,0
2024,683011,669127,1.91,70,28.6,0
2024,678009,673237,1.97,73,29.3,0
2025,665833,663743,1.93,48,29.2,0
2025,687952,669087,1.98,11,27.5,1
2025,689172,696100,1.95,45,27.5,1
2025,665833,650968,2.0,24,29.2,0
2025,664238,669127,1.89,67,27.7,0
2025,656811,700337,1.95,46,27.6,0
2025,805779,673237,1.95,72,27.0,1
2025,683011,681351,2.0,50,28.3,1
2025,665487,665561,1.88,24,28.6,0
2025,650489,682663,1.99,53,28.2,1
2025,607043,656577,1.9,18,27.3,0
2025,681297,665966,1.92,63,27.4,0
2025,678662,666163,1.96,19,27.6,0
2025,687637,680779,1.89,25,28.9,1
2021,444482,624513,2.01,28,27.6,0
2021,641584,545358,2.02,25,27.7,0
2021,595751,607732,2.03,29,28.3,0
2021,624503,455117,1.96,32,27.8,0
2021,543877,521692,1.97,28,25.2,0
2021,669257,553869,1.95,20,27.7,0
2021,669016,672386,1.94,15,29.1,0
2021,456715,656180,1.98,13,28.7,0
2021,663330,672386,1.94,15,28.2,0
2021,663457,543592,2.01,18,28.4,0
2022,669720,572287,2.03,13,27.8,1
2022,640457,624512,1.97,34,27.2,1
2022,666969,643376,1.98,22,27.9,0
2022,643396,668939,1.93,24,28.4,1
2022,663538,663743,1.93,23,29.1,0
2022,624503,643376,1.98,22,27.8,0
2022,596103,661531,2.0,27,28.2,0
2022,680757,596142,1.93,29,28.4,0
2022,680757,641680,1.99,46,28.4,0
2023,606192,595956,1.97,30,28.6,0
2023,514888,669257,1.91,56,26.9,0
2023,683002,663728,1.96,66,28.8,0
2023,680776,518735,2.08,69,29.5,0
2023,676694,553869,1.93,51,29.2,0
2023,672284,672275,1.87,51,28.0,1
2023,657136,669127,1.9,68,28.3,0
2023,660670,605170,2.06,31,28.0,0
2023,655316,553869,1.93,51,28.0,0
2023,663538,518735,2.08,69,28.5,1
2023,641487,542208,1.98,13,26.7,0
2023,677800,672386,1.98,48,26.7,0
2023,650489,691016,1.97,8,28.6,0
2024,657041,669127,1.91,70,29.3,0
2024,514888,641680,1.98,70,27.1,0
2024,686217,605170,2.02,35,29.3,0
2024,670764,543228,1.98,12,27.8,0
2024,596019,542194,1.9,29,27.6,0
2024,672012,543309,2.02,44,26.7,0
2024,668930,641680,1.98,70,29.3,0
2024,656716,669257,1.94,57,28.4,0
2024,645302,681351,2.02,59,27.8,0
2024,666152,666023,1.88,23,29.4,1
2024,572191,663728,1.95,70,28.5,0
2024,621020,663743,1.93,60,27.8,0
2024,669242,680728,2.04,13,27.9,0
2024,666149,680728,2.04,13,30.0,0
2024,686668,668670,1.93,30,29.3,0
2024,665862,521692,2.01,24,28.6,0
2025,643396,650968,2.0,24,27.4,1
2025,682998,643376,2.0,60,29.8,0
2025,593428,663698,1.99,39,27.6,0
2025,691176,518595,2.0,33,28.7,0
2025,802415,691019,1.96,31,29.6,0
2025,592518,669257,1.94,53,25.8,1
2025,682663,623168,1.92,38,26.7,0
2025,642715,666163,1.96,19,28.0,0
2021,621433,624431,2.08,29,28.5,0
2021,462101,680777,2.03,34,26.7,0
2021,570256,425784,1.97,15,27.2,0
2021,592626,669257,1.96,56,26.9,0
2021,500743,596142,1.95,25,26.6,0
2021,670032,488771,1.97,11,28.2,0
2021,594838,596142,1.95,25,29.1,0
2021,669720,543877,1.98,43,27.3,1
2022,543760,435559,2.07,16,28.8,0
2022,542340,595284,1.99,8,26.8,0
2022,672284,521692,1.99,18,27.3,0
2022,662139,621512,1.96,30,28.0,0
2022,605141,645444,1.94,11,27.4,0
2022,650490,518735,2.09,29,27.1,0
2022,542932,455117,1.92,40,29.5,0
2022,642731,661388,1.97,18,28.2,0
2022,545361,455139,2.04,20,29.3,0
2022,516782,543228,1.97,28,28.0,0
2022,650331,543592,2.01,36,24.7,0
2022,666969,543877,1.94,37,27.9,0
2022,656185,621512,1.96,30,28.3,1
2022,608070,669004,1.97,20,28.5,0
2022,645302,592663,1.82,44,28.8,1
2022,671739,592663,1.82,44,29.4,0
2023,668731,668800,2.01,33,29.0,0
2023,656448,672515,1.9,33,28.5,0
2023,645302,672515,1.9,33,28.0,1
2023,643396,657136,1.92,60,27.7,0
2023,643396,657136,1.92,60,27.7,1
2023,664040,669221,1.9,53,27.3,0
2023,650489,543510,2.01,25,28.6,1
2023,676801,663728,1.96,66,28.2,1
2023,643446,680777,1.95,27,27.4,0
2023,663757,656024,1.99,12,27.7,0
2023,682928,518595,1.97,39,28.6,0
2024,642708,553869,1.9,33,29.0,0
2024,672275,663743,1.93,60,25.2,0
2024,592206,645305,1.96,18,27.4,0
2024,666971,669221,1.95,39,26.6,0
2024,672580,642020,1.97,15,27.9,0
2024,668715,663743,1.93,60,28.2,0
2024,671277,672275,1.85,58,27.2,0
2024,678882,641680,1.98,70,28.8,0
2024,664913,608348,1.97,51,27.4,1
2024,669364,680777,1.93,40,28.4,1
2025,650859,686780,1.93,52,27.0,1
2025,691176,663698,1.99,39,28.7,0
2025,682641,663728,1.97,55,27.4,0
2025,671739,643376,2.0,60,28.5,0
2025,665862,666163,1.96,19,27.6,0
2025,642201,624431,2.0,47,29.9,0
2025,678554,592663,1.86,50,26.9,1
2025,672580,650968,2.0,24,27.9,1
2025,680757,518595,2.0,33,27.3,0
2025,686217,690924,2.0,14,28.9,1
2025,700242,663728,1.97,55,28.4,0
2025,605141,663886,1.99,35,26.9,0
2025,807712,668670,1.95,20,28.7,1
2025,689200,696100,1.95,45,29.0,0
2025,668885,623168,1.92,38,28.3,0
2025,681987,669127,1.89,67,29.7,0
2025,669364,682626,1.93,35,28.3,0
2021,668227,596142,1.95,25,28.7,0
2021,541645,607732,2.03,29,28.6,1
2021,657077,620443,2.0,9,27.0,0
2021,596115,543510,2.01,35,28.6,0
2021,605548,425877,1.91,24,29.4,1
2021,649966,605131,2.06,21,26.5,1
2022,663656,545358,2.03,33,26.7,0
2022,573131,660688,2.0,46,25.7,0
2022,624415,545358,2.03,33,28.5,0
2022,663993,669221,1.89,33,27.1,0
2022,514888,624431,1.99,29,28.1,0
2022,664059,518735,2.09,29,28.9,0
2022,670869,669127,1.93,14,27.5,1
2023,662139,575929,1.93,34,28.1,0
2023,624415,668670,1.95,30,28.3,0
2023,656775,660688,2.06,64,28.0,0
2023,669357,668670,1.95,30,26.5,0
2023,641343,672386,1.98,48,27.3,0
2023,677594,455117,1.93,55,29.6,0
2023,680869,672275,1.87,51,29.0,0
2023,643565,663886,2.01,36,27.3,0
2023,622761,681351,2.09,20,30.1,0
2023,670042,657136,1.92,60,28.8,0
2023,661388,641511,1.99,27,26.5,0
2023,543257,672386,1.98,48,27.8,0
2024,664056,521692,2.01,24,28.2,0
2024,682829,592663,1.85,39,30.0,0
2024,671739,663743,1.93,60,28.3,0
2024,665862,553882,2.04,18,28.6,1
2024,680118,543877,1.96,32,29.6,1
2024,669261,607732,1.96,44,28.3,1
2024,682998,621512,1.93,27,29.6,0
2024,680777,686676,1.85,46,26.3,0
2024,683734,669127,1.91,70,26.3,0
2024,668930,518595,1.98,37,29.3,0
2024,664983,673237,1.97,73,29.8,1
2024,683734,669127,1.91,70,26.3,0
2025,592885,669224,1.97,42,28.2,0
2025,686611,680779,1.89,25,29.0,0
2025,665833,518595,2.0,33,29.2,0
2025,669394,669127,1.89,67,27.9,1
2025,686668,665561,1.88,24,29.5,0
2025,672016,543877,1.94,39,29.5,0
2025,676609,682663,1.99,53,28.3,0
2025,642715,689414,2.0,38,28.0,0
2025,667472,624431,2.0,47,28.4,0
2025,595879,641680,2.01,44,27.5,0
2025,702616,608348,1.95,39,28.6,0
2025,667670,656180,1.93,35,27.5,0
2025,664770,680779,1.89,25,27.3,0
2025,595777,691019,1.96,31,26.3,0
2025,666176,641680,2.01,44,27.9,0
2025,691718,666023,1.9,35,29.5,1
2021,595879,518595,2.03,14,28.5,0
2021,643265,621512,1.94,16,26.2,1
2021,502054,543510,2.01,35,27.8,0
2021,502273,595284,1.94,15,27.7,1
2021,543760,600474,1.97,23,28.6,0
2022,666182,543877,1.94,37,27.5,0
2022,650489,624431,1.99,29,28.3,1
2022,660670,575929,1.93,23,28.5,0
2022,595978,435559,2.07,16,24.5,0
2022,572039,596142,1.93,29,25.2,0
2022,623205,542194,1.89,19,29.1,0
2022,542194,519222,2.08,18,28.1,0
2022,664728,595978,1.95,39,28.0,0
2022,641658,595751,1.89,16,29.4,0
2022,642708,663728,1.99,47,29.4,0
2022,664983,669257,1.93,32,30.1,1
2022,660644,595978,1.95,39,28.5,0
2023,668930,553869,1.93,51,29.4,0
2023,642708,518735,2.08,69,29.4,0
2023,595879,518735,2.08,69,28.1,0
2023,686823,680777,1.95,27,28.3,1
2023,663757,663886,2.01,36,27.7,0
2023,664901,592663,1.83,50,25.6,0
2023,621035,672275,1.87,51,28.3,1
2024,682829,660688,2.06,57,30.0,1
2024,686668,672515,1.89,26,29.3,1
2024,682928,641680,1.98,70,28.5,0
2024,667670,663728,1.95,70,27.6,0
2024,516782,686452,1.94,12,27.1,0
2024,608671,672275,1.85,58,28.5,0
2024,642708,543877,1.96,32,29.0,0
2024,663728,680777,1.93,40,26.6,0
2024,650859,668670,1.93,30,26.9,0
2024,663616,682626,1.92,37,26.3,0
2024,645302,682626,1.92,37,27.8,0
2024,593160,681351,2.02,59,29.0,0
2024,543807,643376,1.99,38,28.1,0
2024,669003,672275,1.85,58,29.5,0
2024,595777,605170,2.02,35,26.5,1
2024,694384,642020,1.97,15,26.4,0
2024,677951,668670,1.93,30,30.5,0
2025,694671,643376,2.0,60,28.9,0
2025,668709,681351,2.0,50,27.1,1
2025,669701,643376,2.0,60,27.5,0
2025,683002,641680,2.01,44,28.5,0
2025,687597,665966,1.92,63,28.7,1
2025,606192,665966,1.92,63,28.1,1
2025,686681,693307,1.94,60,26.0,1
2021,643393,605131,2.06,21,26.8,0
2021,622110,518595,2.03,14,26.4,0
2021,543257,595956,2.03,14,27.7,0
2021,664238,545358,2.02,25,28.4,0
2021,645302,593590,1.9,7,28.3,0
2021,622682,641680,1.99,25,28.8,0
2021,641343,641680,1.99,25,27.4,0
2021,605548,624431,2.08,29,29.4,0
2022,621433,624512,1.97,34,29.0,0
2022,668751,669257,1.93,32,26.1,0
2022,663538,553882,2.01,23,29.1,0
2022,663538,425877,2.05,19,29.1,0
2022,673490,668663,2.05,8,28.4,0
2022,676701,608348,1.98,39,26.8,1
2022,662139,553869,1.94,28,28.0,0
2023,682998,669257,1.91,56,30.1,0
2023,682998,669257,1.91,56,30.1,0
2023,641355,605131,2.01,29,28.3,0
2023,571448,663728,1.96,66,24.9,1
2023,608671,669127,1.9,68,29.0,0
2023,663886,682626,1.94,57,26.9,1
2023,670156,592663,1.83,50,28.6,0
2023,677649,553869,1.93,51,29.1,0
2023,669357,663728,1.96,66,26.5,1
2023,686759,666023,1.93,27,28.9,0
2023,595281,668939,1.91,51,28.8,0
2023,672779,663743,2.01,44,27.6,1
2023,518692,596142,1.9,24,26.7,0
2023,663586,669257,1.91,56,28.1,1
2023,673490,672275,1.87,51,28.5,0
2023,673490,669257,1.91,56,28.5,0
2023,666165,666310,1.94,44,27.4,0
2023,643393,608348,1.96,23,26.2,1
2023,502054,661388,1.95,47,27.8,0
2024,671277,605170,2.02,35,27.2,0
2024,687263,592200,2.0,31,28.2,0
2024,666181,575929,1.97,29,28.8,0
2024,592885,665804,2.04,50,28.5,0
2024,665750,543510,1.98,38,28.5,0
2024,578428,663698,2.0,35,28.6,1
2024,645302,673237,1.97,73,27.8,0
2024,607208,682626,1.92,37,29.6,0
2025,657136,543309,2.03,45,28.0,0
2025,687363,661388,1.96,46,30.2,0
2025,663656,661388,1.96,46,26.5,0
2025,663853,543877,1.94,39,28.3,0
2025,641355,669257,1.94,53,28.2,0
2025,670231,691019,1.96,31,28.9,0
2025,666971,455117,1.98,31,27.1,0
2025,656716,642136,2.0,38,28.3,0
2025,656775,686948,1.95,63,28.4,0
2025,656716,592663,1.86,50,28.3,0
2025,663757,689414,2.0,38,26.7,0
2025,691781,620443,1.87,29,27.8,1
2021,668227,435559,1.99,26,28.7,1
2021,596146,664874,2.04,13,27.4,0
2021,461865,663886,1.97,22,27.5,1
2021,608070,624431,2.08,29,28.1,0
2021,668227,624512,1.97,14,28.7,0
2021,514888,518735,2.06,29,28.0,0
2022,623912,620443,2.0,20,28.1,0
2022,670032,669087,2.0,11,27.7,0
2022,677594,542194,1.89,19,29.7,0
2022,641355,435559,2.07,16,28.1,0
2022,665833,425877,2.05,19,29.9,0
2022,668939,455117,1.92,40,27.1,0
2023,643393,595453,1.99,18,26.2,1
2023,596146,624431,1.99,18,27.4,1
2023,670770,543228,1.99,45,28.3,0
2023,687263,607732,1.97,41,27.7,0
2023,668715,661388,1.95,47,28.4,0
2023,682829,668800,2.01,33,30.5,0
2023,514888,572287,2.04,33,26.9,0
2023,663538,575929,1.93,34,28.5,0
2023,593160,596142,1.9,24,28.8,0
2023,663624,643376,1.99,30,28.2,0
2023,670097,641511,1.99,27,28.1,0
2023,660670,665804,1.98,17,28.0,0
2023,608348,543877,1.95,35,25.7,0
2023,669242,642851,1.91,23,28.8,0
2023,686668,668800,2.01,33,29.9,0
2023,696285,605131,2.01,29,30.0,0
2024,663611,553869,1.9,33,27.5,0
2024,664056,669257,1.94,57,28.2,0
2024,660271,553882,2.04,18,28.1,0
2024,622761,669127,1.91,70,29.9,0
2024,660271,663886,2.02,64,28.1,0
2024,660821,596142,1.96,20,27.2,0
2024,668930,608348,1.97,51,29.3,0
2024,682829,669221,1.95,39,30.0,0
2024,669364,543309,2.02,44,28.4,0
2025,665750,665804,1.98,7,28.8,1
2025,680574,682663,1.99,53,29.2,0
2025,691718,680779,1.89,25,29.5,0
2025,682928,543877,1.94,39,28.2,0
2025,666971,696100,1.95,45,27.1,0
2025,670770,663698,1.99,39,26.7,0
2025,681715,641680,2.01,44,28.7,0
2021,592518,425877,1.91,24,26.4,1
2021,656185,572287,1.95,28,28.1,0
2021,622110,553869,1.95,20,26.4,1
2021,641933,607732,2.03,29,29.6,0
2021,641680,518735,2.06,29,26.0,0
2021,645277,592663,1.84,16,28.4,0
2021,657077,455117,1.96,32,27.0,1
2022,657041,663698,1.97,22,29.4,0
2022,642721,435559,2.07,16,28.2,0
2022,660636,575929,1.93,23,27.3,0
2022,663656,680777,1.98,25,26.7,0
2022,660670,543877,1.94,37,28.5,0
2022,656775,572287,2.03,13,28.5,0
2022,663662,680777,1.98,25,28.6,0
2022,656775,672515,1.92,14,28.5,0
2022,457759,518595,1.99,36,25.0,0
2022,656555,657709,2.08,21,25.9,0
2023,656582,673237,1.9,35,27.1,1
2023,677951,668939,1.91,51,30.5,0
2023,605131,596117,1.87,18,26.5,1
2023,681546,543877,1.95,35,28.9,0
2023,518792,666023,1.93,27,27.1,1
2023,650489,521692,1.98,26,28.6,0
2023,607054,680777,1.95,27,28.0,0
2023,650402,607732,1.97,41,26.4,0
2023,596115,668670,1.95,30,28.8,0
2023,668930,592663,1.83,50,29.4,0
2023,671221,595956,1.97,30,28.7,0
2023,543877,571912,1.93,36,25.0,0
2023,664059,691016,1.97,8,29.2,0
2024,650859,650907,1.94,8,26.9,0
2024,677594,663886,2.02,64,29.6,0
2024,672580,643376,1.99,38,27.9,0
2024,608385,668939,1.96,55,26.1,0
2024,677587,641680,1.98,70,26.8,0
2024,677587,621512,1.93,27,26.8,1
2024,518692,607732,1.96,44,25.8,0
2024,592450,592200,2.0,31,26.8,0
2024,518792,669127,1.91,70,26.8,0
2024,678009,624431,2.07,44,29.3,0
2024,663368,607732,1.96,44,29.6,0
2024,650559,671056,1.99,28,27.5,0
2024,687401,620443,1.87,19,28.7,0
2025,665926,660688,2.0,42,28.0,1
2025,608701,668939,1.94,29,26.7,0
2025,691728,606992,1.88,8,28.2,1
2025,608385,686780,1.93,52,25.8,0
2025,661388,700337,1.95,46,26.2,0
2025,676609,673237,1.95,72,28.3,0
2025,664059,669224,1.97,42,28.9,1
2025,696100,592663,1.86,50,27.2,0
2025,807713,682663,1.99,53,29.0,0
2025,671277,608348,1.95,39,26.5,1
2025,808982,682663,1.99,53,28.2,1
2025,663538,666023,1.9,35,28.6,0
2025,592518,657136,1.97,32,25.8,0
2025,645277,700337,1.95,46,27.2,0
2025,686611,663743,1.93,48,29.0,0
2025,807712,669224,1.97,42,28.7,1
2025,664238,673237,1.95,72,27.7,0
2025,677594,673237,1.95,72,29.2,0
2021,669242,553882,2.0,47,28.9,0
2021,543257,518735,2.06,29,27.7,0
2021,543939,641470,2.02,30,26.8,0
2021,573131,455117,1.96,32,25.8,0
2021,542364,425784,1.97,15,27.5,1
2021,642715,455139,2.0,8,28.0,0
2021,595281,608700,2.09,26,29.2,0
2021,666185,607732,2.03,29,27.9,0
2022,605548,543877,1.94,37,29.3,1
2022,641933,543877,1.94,37,29.7,1
2022,542932,621512,1.96,30,29.5,1
2022,570731,571912,1.96,31,27.0,0
2022,516782,657709,2.08,21,28.0,0
2022,668709,661388,1.97,18,27.7,0
2022,676480,543228,1.97,28,27.8,1
2022,669289,542194,1.89,19,27.0,1
2023,641313,641511,1.99,27,27.2,0
2023,640458,669257,1.91,56,28.0,0
2023,670770,673237,1.9,35,28.3,0
2023,623205,664874,2.0,28,28.4,0
2023,670032,666310,1.94,44,27.7,1
2023,669707,661388,1.95,47,28.4,0
2023,676609,669134,1.97,10,29.0,0
2023,676609,455117,1.93,55,29.0,0
2023,662139,663886,2.01,36,28.1,0
2023,621433,663728,1.96,66,28.1,1
2023,665506,682626,1.94,57,27.8,0
2024,642180,672275,1.85,58,28.7,0
2024,666158,643376,1.99,38,27.7,0
2024,657557,663728,1.95,70,26.8,1
2024,669364,663886,2.02,64,28.4,0
2024,656775,657136,1.95,46,28.3,0
2024,673357,592200,2.0,31,28.8,0
2024,628451,668832,2.0,18,27.6,0
2024,677951,543510,1.98,38,30.5,1
2024,672580,543510,1.98,38,27.9,0
2025,643396,663743,1.93,48,27.4,0
2024,642180,672275,1.85,58,28.7,0
2025,621020,641680,2.01,44,28.5,0
2025,642180,643376,2.0,60,28.1,1
2025,608070,543877,1.94,39,28.4,0
2025,670770,650968,2.0,24,26.7,0
2025,683083,686780,1.93,52,29.8,0
2025,802415,661388,1.96,46,29.6,0
2025,656582,663698,1.99,39,27.0,1
2025,592450,641680,2.01,44,27.1,0
2025,666139,666023,1.9,35,28.1,0
2025,592663,665966,1.92,63,28.4,0
2025,681351,682626,1.93,35,27.3,0
2025,683011,543309,2.03,45,28.3,0
2025,805300,605170,2.05,28,28.1,0
2025,593871,691019,1.96,31,27.1,0
2025,807712,693307,1.94,60,28.7,0
2025,686611,592663,1.86,50,29.0,0
2025,682998,543309,2.03,45,29.8,0
2025,663538,686948,1.95,63,28.6,0
2021,608070,518735,2.06,29,28.1,0
2021,624503,641680,1.99,25,27.8,0
2021,607680,668800,2.0,13,27.6,0
2021,673451,624513,2.01,28,28.0,1
2021,543543,643376,1.94,12,27.4,0
2021,502054,553882,2.0,47,27.8,0
2021,542340,624513,2.01,28,27.3,1
2021,668227,543309,1.94,28,28.7,0
2021,502481,680777,2.03,34,27.9,0
2021,624428,553882,2.0,47,27.1,0
2021,606132,553882,2.0,47,28.3,0
2022,543543,543877,1.94,37,27.1,0
2022,624414,545358,2.03,33,27.8,0
2022,657656,595978,1.95,39,27.6,0
2022,660644,672515,1.92,14,28.5,0
2022,518934,668939,1.93,24,26.4,1
2022,571657,605170,2.01,34,26.7,1
2022,670276,455117,1.92,40,27.7,1
2025,683011,543309,2.03,45,28.3,0
2022,665489,624431,1.99,29,26.7,1
2022,677594,669221,1.89,33,29.7,0
2022,666464,669257,1.93,32,27.7,0
2022,516416,518595,1.99,36,27.7,1
2023,665833,664874,2.0,28,28.7,0
2023,677594,672386,1.98,48,29.6,1
2023,664056,542194,1.87,39,28.8,0
2023,624413,543228,1.99,45,26.0,0
2023,642851,663743,2.01,44,24.7,0
2023,682829,605131,2.01,29,30.5,0
2023,669397,543877,1.95,35,27.9,0
2023,683011,656024,1.99,12,28.4,1
2023,664056,668670,1.95,30,28.8,0
2023,665862,669221,1.9,53,28.4,0
2024,545361,624512,1.98,16,28.9,0
2024,661388,668939,1.96,55,26.4,0
2024,702358,663743,1.93,60,27.5,0
2024,543807,592663,1.85,39,28.1,0
2024,593428,518595,1.98,37,27.4,0
2024,608070,642136,2.01,15,28.2,0
2024,668930,592663,1.85,39,29.3,0
2024,641313,663728,1.95,70,27.1,1
2024,689172,665804,2.04,50,27.8,1
2024,642133,663886,2.02,64,24.2,0
2024,680118,645305,1.96,18,29.6,0
2024,673548,686780,1.93,39,28.3,1
2024,682829,666163,1.92,47,30.0,0
2024,696285,592663,1.85,39,29.7,0
2025,673548,543309,2.03,45,28.4,0
2025,666149,624431,2.0,47,29.6,0
2025,665862,668670,1.95,20,27.6,0
2025,665926,665966,1.92,63,28.0,0
2025,677951,607732,2.0,36,30.2,0
2025,660271,682663,1.99,53,28.0,0
2025,596115,680777,1.98,34,28.6,0
2025,665742,669224,1.97,42,25.8,0
2025,665487,663743,1.93,48,28.6,0
2025,681082,663743,1.93,48,28.8,1
2025,691718,605170,2.05,28,29.5,0
2025,807713,605170,2.05,28,29.0,0
2025,669397,592663,1.86,50,27.4,1
2025,673357,665561,1.88,24,29.0,1
2025,641355,641680,2.01,44,28.2,0
2025,668885,693307,1.94,60,28.3,1
2025,677951,691019,1.96,31,30.2,0
2025,687597,672275,1.86,44,28.7,0
2025,650489,686948,1.95,63,28.2,0
2025,671732,657136,1.97,32,26.9,0
2021,592518,607732,2.03,29,26.4,0
2021,624413,592663,1.84,16,26.0,0
2021,606132,553882,2.0,47,28.3,0
2021,643393,435559,1.99,26,26.8,0
2021,543877,624512,1.97,14,25.2,1
2021,660271,455117,1.96,32,28.8,0
2022,592885,592663,1.82,44,28.1,0
2022,514917,553869,1.94,28,28.3,0
2022,592663,645444,1.94,11,28.7,0
2022,673490,608348,1.98,39,28.4,0
2022,664728,518735,2.09,29,28.0,0
2022,670764,605170,2.01,34,28.8,1
2022,687093,553869,1.94,28,27.7,0
2022,630105,608348,1.98,39,28.2,0
2022,608348,455117,1.92,40,25.7,0
2022,665833,425877,2.05,19,29.9,0
2023,673490,682626,1.94,57,28.5,0
2023,670764,543309,1.98,43,28.2,0
2023,641355,663743,2.01,44,28.3,0
2023,665750,669221,1.9,53,29.1,0
2023,640449,572287,2.04,33,27.7,0
2023,677594,506702,1.96,11,29.6,0
2023,686823,680777,1.95,27,28.3,0
2023,640449,641680,1.97,57,27.7,0
2023,543807,663743,2.01,44,27.8,0
2023,807799,682626,1.94,57,26.2,0
2023,641343,624512,1.98,21,27.3,0
2023,682829,665804,1.98,17,30.5,0
2023,663538,663886,2.01,36,28.5,1
2023,677951,657136,1.92,60,30.5,1
2023,643396,455117,1.93,55,27.7,0
2023,665750,455117,1.93,55,29.1,0
2024,650489,686676,1.85,46,27.9,0
2024,676609,686676,1.85,46,28.3,0
2024,643217,543510,1.98,38,26.7,0
2024,542932,669134,1.97,25,29.0,0
2024,694671,663728,1.95,70,29.8,0
2024,676475,665804,2.04,50,25.5,1
2024,656541,682626,1.92,37,28.8,0
2024,621028,553869,1.9,33,27.5,0
2024,642715,669127,1.91,70,27.4,0
2024,666139,669134,1.97,25,28.4,0
2024,695578,665804,2.04,50,28.7,1
2025,467793,681351,2.0,50,25.6,0
2025,666182,663728,1.97,55,26.1,0
2025,676391,663728,1.97,55,28.6,1
2025,808975,669127,1.89,67,28.7,0
2025,643396,665561,1.88,24,27.4,1
2025,672695,696100,1.95,45,27.2,0
2024,621028,553869,1.9,33,27.5,0
2025,665161,543877,1.94,39,29.6,0
2025,672356,691019,1.96,31,27.0,1
2025,665926,680777,1.98,34,28.0,0
2025,671739,682663,1.99,53,28.5,0
2025,682998,640902,1.93,13,29.8,0
2021,668731,680777,2.03,34,28.8,0
2021,650402,572287,1.95,28,27.0,0
2021,665862,553882,2.0,47,29.1,0
2021,572191,595978,1.95,27,28.2,1
2021,668942,506702,2.05,18,27.6,0
2021,672284,624431,2.08,29,27.2,0
2021,642180,656180,1.98,13,29.1,0
2021,641933,506702,2.05,18,29.6,1
2021,656775,455117,1.96,32,28.5,0
2021,641933,575929,1.91,37,29.6,0
2021,595751,455139,2.0,8,28.3,0
2021,645277,455117,1.96,32,28.4,0
2022,457705,455139,2.04,20,28.9,1
2022,666182,545358,2.03,33,27.5,1
2022,669352,606992,1.95,29,30.3,0
2022,606132,642336,1.95,24,28.2,0
2022,641796,624512,1.97,34,30.2,0
2023,670032,672386,1.98,48,27.7,0
2023,502671,641511,1.99,27,26.4,0
2023,678225,605131,2.01,29,29.7,0
2023,592885,666023,1.93,27,28.1,0
2023,571970,669221,1.9,53,26.9,1
2023,686668,607732,1.97,41,29.9,0
2023,607208,672515,1.9,33,30.3,0
2023,571466,641511,1.99,27,23.2,0
2023,608369,595453,1.99,18,26.2,0
2021,656811,595978,1.95,27,27.8,1
2023,665750,455117,1.93,55,29.1,0
2023,663656,641680,1.97,57,26.6,1
2023,668930,592663,1.83,50,29.4,0
2023,669242,663886,2.01,36,28.8,0
2024,669004,673237,1.97,73,27.8,0
2024,656775,681351,2.02,59,28.3,0
2024,621439,455117,1.97,17,29.7,1
2024,680776,455117,1.97,17,29.6,0
2024,683002,624431,2.07,44,28.9,0
2024,665877,663743,1.93,60,28.9,1
2024,660271,596117,1.88,22,28.1,0
2024,670032,641680,1.98,70,27.1,1
2024,656775,605131,2.0,27,28.3,0
2024,663368,671056,1.99,28,29.6,0
2024,621438,518595,1.98,37,28.9,0
2025,687597,669127,1.89,67,28.7,0
2025,677800,663728,1.97,55,27.6,0
2025,677951,642136,2.0,38,30.2,0
2025,669127,681351,2.0,50,28.6,0
2025,670764,669127,1.89,67,28.2,0
2025,677594,543309,2.03,45,29.2,0
2025,516782,686948,1.95,63,26.6,0
2025,656305,661388,1.96,46,28.1,0
2025,687597,666163,1.96,19,28.7,0
2025,807799,669127,1.89,67,26.4,0
2025,641933,700337,1.95,46,28.3,0
2021,643217,641598,2.03,15,27.6,1
2024,670032,641680,1.98,70,27.1,1
2021,663697,680777,2.03,34,28.5,0
2021,621438,624513,2.01,28,28.6,0
2021,606192,600474,1.97,23,28.5,0
2021,621035,518595,2.03,14,28.8,0
2022,621458,608348,1.98,39,25.3,1
2022,621438,518595,1.99,36,28.4,1
2022,542932,592663,1.82,44,29.5,0
2022,657041,592663,1.82,44,29.4,0
2022,642708,672386,1.99,27,29.4,0
2022,680757,672386,1.99,27,28.4,0
2022,676801,518595,1.99,36,28.6,0
2022,677594,669127,1.93,14,29.7,0
2022,668227,543309,1.95,22,28.8,0
2023,607680,663743,2.01,44,28.2,0
2023,640492,543309,1.98,43,29.6,0
2023,682998,642336,1.95,24,30.1,0
2023,641343,608348,1.96,23,27.3,1
2023,665750,650907,1.87,11,29.1,0
2023,607208,663743,2.01,44,30.3,0
2024,663538,663698,2.0,35,28.4,0
2024,547180,663743,1.93,60,27.4,0
2024,676059,686676,1.85,46,29.0,1
2024,666181,543309,2.02,44,28.8,1
2024,665839,669224,1.98,45,26.2,0
2024,571912,657136,1.95,46,25.5,0
2024,673548,672515,1.89,26,28.3,0
2024,677950,665804,2.04,50,27.8,0
2024,672279,661388,1.96,58,28.3,0
2024,669016,682626,1.92,37,28.2,0
2025,677800,543309,2.03,45,27.6,0
2025,553993,665804,1.98,7,26.4,0
2025,673357,669127,1.89,67,29.0,1
2025,682668,686780,1.93,52,29.6,0
2025,672640,518595,2.0,33,28.5,0
2025,694671,686780,1.93,52,28.9,0
2025,686668,645444,2.0,25,29.5,0
2025,593428,592663,1.86,50,27.6,0
2025,680776,669224,1.97,42,29.1,0
2025,681987,700250,2.07,10,29.7,0
2021,474832,506702,2.05,18,25.6,0
2021,641786,605170,2.02,28,27.7,0
2021,462101,596142,1.95,25,26.7,0
2021,663616,518735,2.06,29,26.5,0
2021,641561,664874,2.04,13,28.2,0
2021,641531,606992,1.94,21,28.2,1
2022,592626,595978,1.95,39,26.0,0
2022,608369,435559,2.07,16,26.2,0
2022,669222,605131,2.06,17,28.7,0
2022,641355,661531,2.0,27,28.1,0
2022,660688,669257,1.93,32,25.3,0
2022,680757,571466,1.99,38,28.4,1
2022,622534,643376,1.98,22,27.9,1
2023,664983,543592,1.97,28,30.0,0
2023,681584,669257,1.91,56,25.9,0
2023,669352,663886,2.01,36,30.2,0
2023,657136,543510,2.01,25,28.3,1
2023,677551,455117,1.93,55,27.5,0
2023,677594,641511,1.99,27,29.6,0
2023,663697,661388,1.95,47,27.8,0
2023,664702,605170,2.06,31,29.2,1
2023,681082,595956,1.97,30,28.8,0
2023,681546,571912,1.93,36,28.9,0
2023,677951,682626,1.94,57,30.5,0
2023,666906,663886,2.01,36,28.1,0
2023,606466,672275,1.87,51,27.7,0
2023,643396,672386,1.98,48,27.7,0
2023,592206,518595,1.97,39,27.2,0
2024,696285,542194,1.9,29,29.7,0
2024,677594,672515,1.89,26,29.6,1
2024,650859,673237,1.97,73,26.9,0
2024,669357,665804,2.04,50,26.2,0
2024,660670,518735,2.09,31,27.7,0
2024,669701,680777,1.93,40,27.6,0
2024,670770,607732,1.96,44,26.5,0
2024,518692,518735,2.09,31,25.8,0
2024,666160,673237,1.97,73,28.6,0
2024,650859,673237,1.97,73,26.9,0
2024,664983,660688,2.06,57,29.8,0
2024,669016,669257,1.94,57,28.2,0
2024,668227,669224,1.98,45,28.1,0
2024,689172,669257,1.94,57,27.8,0
2024,680757,668939,1.96,55,27.1,0
2024,694192,660688,2.06,57,29.7,0
2024,592450,660688,2.06,57,26.8,0
2024,666176,668670,1.93,30,28.8,0
2024,607043,672386,2.0,55,28.0,0
2025,700250,645444,2.0,25,27.5,0
2025,661388,669127,1.89,67,26.2,0
2025,665750,640902,1.93,13,28.8,0
2025,676609,680777,1.98,34,28.3,0
2025,660670,696100,1.95,45,27.9,0
2025,681987,668800,2.0,13,29.7,0
2025,683766,691019,1.96,31,29.1,0
2025,695734,681351,2.0,50,29.1,1
2025,695578,681351,2.0,50,27.8,0
2025,655316,682663,1.99,53,27.7,0
2025,687263,665561,1.88,24,28.1,0
2025,805300,686948,1.95,63,28.1,0
2025,686475,680777,1.98,34,28.9,0
2025,690976,666023,1.9,35,26.2,0
2025,680757,663743,1.93,48,27.3,0
2025,691783,657136,1.97,32,29.7,0
2025,669369,691019,1.96,31,28.5,1
2025,606115,681351,2.0,50,25.5,1
2021,543760,595284,1.94,15,28.6,0
2021,516782,624512,1.97,14,28.5,1
2021,621020,425877,1.91,24,28.3,0
2021,664238,521692,1.97,28,28.4,1
2022,621433,575929,1.93,23,29.0,0
2022,456715,543228,1.97,28,28.3,0
2022,641914,488771,1.97,11,26.4,0
2022,592192,553882,2.01,23,27.5,0
2022,543939,425877,2.05,19,26.2,0
2022,669003,608348,1.98,39,30.1,0
2023,681082,607732,1.97,41,28.8,0
2023,665839,672386,1.98,48,26.4,0
2023,657041,571466,1.99,21,29.3,0
2023,678662,661388,1.95,47,28.1,1
2023,677551,682626,1.94,57,27.5,0
2023,676609,518595,1.97,39,29.0,0
2023,682998,641511,1.99,27,30.1,0
2023,663656,553869,1.93,51,26.6,1
2023,666181,661388,1.95,47,28.8,0
2023,608070,673237,1.9,35,27.8,0
2023,671221,669127,1.9,68,28.7,0
2023,680869,663728,1.96,66,29.0,0
2023,657041,656024,1.99,12,29.3,1
2023,592663,682626,1.94,57,28.6,0
2023,669364,661388,1.95,47,28.2,0
2024,656413,592663,1.85,39,29.1,0
2024,680776,669127,1.91,70,29.6,0
2024,676609,668670,1.93,30,28.3,0
2024,678662,663743,1.93,60,28.1,0
2024,664056,596117,1.88,22,28.2,1
2024,621020,592200,2.0,31,27.8,0
2024,682998,660688,2.06,57,29.6,0
2024,669369,672515,1.89,26,28.1,0
2024,686797,672275,1.85,58,25.6,0
2024,641680,686676,1.85,46,25.3,1
2024,682829,592200,2.0,31,30.0,0
2024,680869,605131,2.0,27,28.7,0
2024,672695,518735,2.09,31,27.0,0
2024,682928,596117,1.88,22,28.5,0
2024,676356,668939,1.96,55,29.8,0
2024,663538,669224,1.98,45,28.4,0
2024,670764,657136,1.95,46,27.8,0
2025,687363,592663,1.86,50,30.2,0
2025,669701,669224,1.97,42,27.5,0
2025,665833,663743,1.93,48,29.2,0
2025,668715,680777,1.98,34,28.0,0
2025,672744,693307,1.94,60,28.1,1
2025,664702,663698,1.99,39,29.4,0
2025,663853,656577,1.9,18,28.3,1
2025,647304,673237,1.95,72,24.4,0
2021,519203,553882,2.0,47,25.2,0
2021,543877,661388,2.01,11,25.2,0
2021,666969,624513,2.01,28,28.4,0
2021,641658,543592,2.01,18,29.8,1
2021,622761,642336,1.94,17,30.3,0
2021,668227,666163,1.92,8,28.7,0
2021,608070,543309,1.94,28,28.1,0
2022,518934,571466,1.99,38,26.4,1
2022,516782,663698,1.97,22,28.0,1
2022,592518,605170,2.01,34,26.4,1
2022,665862,661531,2.0,27,29.3,0
2022,595281,680777,1.98,25,29.2,0
2022,665862,621512,1.96,30,29.3,1
2022,592885,543228,1.97,28,28.1,0
2022,595879,518735,2.09,29,27.9,0
2022,592450,621512,1.96,30,27.3,0
2022,665926,669004,1.97,20,29.3,0
2023,542932,543228,1.99,45,29.3,1
2023,668715,682626,1.94,57,28.4,1
2023,656775,595956,1.97,30,28.0,1
2023,664029,542208,1.98,13,27.6,0
2023,672580,663743,2.01,44,28.2,0
2023,657077,642336,1.95,24,27.3,1
2023,593160,543877,1.95,35,28.8,0
2023,660271,521692,1.98,26,27.8,1
2023,600869,663728,1.96,66,27.5,0
2023,663647,605131,2.01,29,27.1,0
2023,676609,643376,1.99,30,29.0,0
2023,680776,682626,1.94,57,29.5,0
2023,680118,663728,1.96,66,30.3,0
2024,660821,680779,1.87,10,27.2,0
2024,696285,605131,2.0,27,29.7,0
2024,647304,518595,1.98,37,25.2,0
2024,650489,657136,1.95,46,27.9,0
2024,516782,656577,1.96,26,27.1,0
2024,678662,669257,1.94,57,28.1,1
2024,600869,518735,2.09,31,27.4,0
2024,682829,518735,2.09,31,30.0,0
2024,676475,672275,1.85,58,25.5,0
2024,678882,663743,1.93,60,28.8,0
2024,543309,663698,2.0,35,25.4,0
2024,608671,543877,1.96,32,28.5,0
2024,606192,663728,1.95,70,28.6,0
2024,680776,605170,2.02,35,29.6,0
2025,650490,518595,2.0,33,26.1,0
2025,667472,669257,1.94,53,28.4,1
2025,671289,592663,1.86,50,28.5,0
2025,676609,596142,1.91,9,28.3,0
2025,676609,596142,1.91,9,28.3,0
2025,669224,663743,1.93,48,26.4,0
2025,682663,605170,2.05,28,26.7,0
2025,643396,668800,2.0,13,27.4,0
2025,665161,518595,2.0,33,29.6,0
2025,694377,694212,1.93,8,28.1,0
2021,518792,543510,2.01,35,26.8,0
2021,621433,543510,2.01,35,28.5,0
2021,673490,425877,1.91,24,28.4,0
2021,670032,669221,1.9,31,28.2,0
2021,596019,543309,1.94,28,27.8,0
2021,621450,543877,1.98,43,28.9,0
2021,606132,668800,2.0,13,28.3,0
2021,516782,605170,2.02,28,28.5,0
2021,642731,607732,2.03,29,28.4,0
2021,570256,553882,2.0,47,27.2,0
2021,516416,543592,2.01,18,27.3,0
2021,664983,605170,2.02,28,30.4,0
2021,669720,608700,2.09,26,27.3,0
2022,642165,543228,1.97,28,26.1,0
2022,666801,425877,2.05,19,27.4,0
2022,457705,660688,2.0,46,28.9,0
2022,624641,621512,1.96,30,29.4,0
2022,656185,643376,1.98,22,28.3,0
2022,643396,668939,1.93,24,28.4,0
2023,605113,605131,2.01,29,28.1,0
2023,656541,543592,1.97,28,28.9,0
2021,642731,607732,2.03,29,28.4,0
2023,666134,666165,2.0,21,28.4,0
2023,682928,571466,1.99,21,28.6,0
2023,608671,642336,1.95,24,29.0,0
2023,668715,575929,1.93,34,28.4,0
2024,668715,672515,1.89,26,28.2,0
2024,514888,669127,1.91,70,27.1,0
2024,686554,624512,1.98,16,29.1,0
2024,672279,518735,2.09,31,28.3,0
2024,592518,518735,2.09,31,25.8,0
2024,665750,666310,1.97,38,28.5,0
2024,669364,665804,2.04,50,28.4,0
2024,493329,669221,1.95,39,26.5,0
2024,665862,663698,2.0,35,28.6,0
2025,656537,660688,2.0,42,30.1,0
2025,669003,669087,1.98,11,29.0,0
2025,514888,700337,1.95,46,26.9,1
2025,696285,668939,1.94,29,29.3,1
2025,663457,691019,1.96,31,27.0,1
2025,682829,696100,1.95,45,29.1,0
2025,657757,682626,1.93,35,27.0,0
2025,666139,518595,2.0,33,28.1,0
2025,596115,689414,2.0,38,28.6,0
2025,671277,682663,1.99,53,26.5,0
2025,668227,518595,2.0,33,27.7,0
2025,682829,661388,1.96,46,29.1,0
2021,666969,620443,2.0,9,28.4,0
2021,645302,543309,1.94,28,28.3,0
2021,641487,641470,2.02,30,27.5,0
2021,593160,680777,2.03,34,28.6,0
2021,605548,680777,2.03,34,29.4,0
2021,592663,605170,2.02,28,28.8,0
2021,665750,553869,1.95,20,29.7,0
2022,622761,545358,2.03,33,30.1,0
2022,606132,663728,1.99,47,28.2,1
2022,518692,553869,1.94,28,26.9,0
2022,542364,425877,2.05,19,27.1,1
2022,663656,518735,2.09,29,26.7,0
2022,592206,657709,2.08,21,27.7,0
2022,642136,592200,2.01,13,24.5,0
2022,682998,663698,1.97,22,30.7,0
2022,501659,643376,1.98,22,26.5,0
2023,671739,543592,1.97,28,28.8,0
2023,669257,664954,2.07,11,27.2,0
2023,542932,660688,2.06,64,29.3,0
2023,680911,673237,1.9,35,29.0,0
2023,672580,668670,1.95,30,28.2,0
2023,655316,571912,1.93,36,28.0,0
2023,682928,641680,1.97,57,28.6,0
2023,677551,543510,2.01,25,27.5,1
2022,518692,553869,1.94,28,26.9,0
2023,668904,641680,1.97,57,28.2,0
2023,592206,607732,1.97,41,27.2,0
2024,679032,669221,1.95,39,30.1,0
2024,664238,596142,1.96,20,28.0,0
2024,621438,680779,1.87,10,28.9,0
2024,665923,671056,1.99,28,29.4,0
2024,682729,663886,2.02,64,30.0,0
2024,686668,671056,1.99,28,29.3,0
2024,671056,665804,2.04,50,27.3,0
2024,592885,663886,2.02,64,28.5,0
2024,645302,673237,1.97,73,27.8,0
2024,657136,605131,2.0,27,28.4,0
2024,672642,668939,1.96,55,28.9,0
2024,543807,668939,1.96,55,28.1,0
2024,656811,672386,2.0,55,27.8,1
2024,668804,605170,2.02,35,28.0,0
2024,687401,575929,1.97,29,28.7,1
2024,676356,669257,1.94,57,29.8,1
2024,682928,518595,1.98,37,28.5,0
2024,665833,595978,1.94,19,28.8,0
2024,592450,663728,1.95,70,26.8,0
2024,502671,518735,2.09,31,26.3,0
2024,694192,682626,1.92,37,29.7,0
2025,663538,553869,1.91,25,28.6,0
2025,676609,641680,2.01,44,28.3,0
2025,686611,645444,2.0,25,29.0,0
2025,682622,680779,1.89,25,29.0,0
2025,682998,661388,1.96,46,29.8,0
2025,680574,686780,1.93,52,29.2,0
2025,676609,592663,1.86,50,28.3,0
2025,605141,669127,1.89,67,26.9,0
2025,680776,672275,1.86,44,29.1,0
2025,542932,669224,1.97,42,28.3,0
2025,668227,669127,1.89,67,27.7,0
2025,702176,669224,1.97,42,27.8,0
2025,671056,690924,2.0,14,26.3,0
2025,666152,700250,2.07,10,29.3,0
2025,680777,665561,1.88,24,25.9,0
2025,678882,668670,1.95,20,29.1,0
2025,666152,700250,2.07,10,29.3,0
2021,605548,600474,1.97,23,29.4,0
2021,621028,444489,1.94,21,28.4,0
2021,608336,605131,2.06,21,27.4,0
2021,663656,596142,1.95,25,27.4,0
2021,665742,506702,2.05,18,27.0,0
2021,666969,596142,1.95,25,28.4,1
2022,666969,661388,1.97,18,27.9,0
2022,664702,669221,1.89,33,29.3,0
2022,680776,571466,1.99,38,29.2,0
2022,630105,608348,1.98,39,28.2,0
2022,676632,575929,1.93,23,27.9,0
2022,682985,608348,1.98,39,27.7,0
2022,502671,596117,1.91,17,26.3,0
2022,664059,435559,2.07,16,28.9,0
2022,666915,643376,1.98,22,28.2,0
2022,663897,592663,1.82,44,28.7,1
2022,668731,518735,2.09,29,28.9,0
2022,662139,605170,2.01,34,28.0,0
2023,605131,682626,1.94,57,26.5,0
2023,608671,624431,1.99,18,29.0,0
2023,682998,553869,1.93,51,30.1,1
2023,668930,542194,1.87,39,29.4,1
2023,516782,596117,1.87,18,27.1,0
2023,663368,668939,1.91,51,30.0,0
2023,666139,607732,1.97,41,28.7,0
2023,687799,680777,1.95,27,28.9,0
2023,518692,666310,1.94,44,26.7,0
2023,662139,543510,2.01,25,28.1,0
2023,666160,663886,2.01,36,28.6,1
2023,543760,455117,1.93,55,28.7,0
2023,682928,553882,2.0,25,28.6,0
2023,672580,673237,1.9,35,28.2,0
2024,592206,663886,2.02,64,27.4,1
2024,672761,666163,1.92,47,28.2,1
2024,623912,608348,1.97,51,28.0,1
2024,673548,663886,2.02,64,28.3,0
2024,677951,669257,1.94,57,30.5,0
2024,680700,669224,1.98,45,27.9,0
2024,543877,608348,1.97,51,24.8,0
2024,668715,673237,1.97,73,28.2,0
2024,664056,571912,1.97,27,28.2,0
2024,669289,680777,1.93,40,27.3,0
2024,682998,553869,1.9,33,29.6,0
2025,663728,669127,1.89,67,26.0,0
2025,682928,592663,1.86,50,28.2,0
2025,669261,689414,2.0,38,27.9,0
2025,676694,686780,1.93,52,28.2,0
2025,686217,693307,1.94,60,28.9,0
2025,669289,656180,1.93,35,27.1,1
2025,802415,669224,1.97,42,29.6,0
2025,663586,660688,2.0,42,28.2,1
2025,679032,607732,2.0,36,30.1,0
2025,691176,696100,1.95,45,28.7,0
2025,678554,682663,1.99,53,26.9,0
2025,666971,700337,1.95,46,27.1,0
2025,608070,543877,1.94,39,28.4,0
2025,605137,700250,2.07,10,25.2,1
2025,702616,666023,1.9,35,28.6,1
2021,622110,669257,1.96,56,26.4,0
2021,641505,642336,1.94,17,28.6,0
2021,669256,467092,2.01,12,29.0,0
2021,456715,668800,2.0,13,28.7,0
2022,624414,672386,1.99,27,27.8,0
2022,663656,571466,1.99,38,26.7,0
2022,624503,606992,1.95,29,27.8,0
2022,669701,669221,1.89,33,28.2,1
2022,642715,542194,1.89,19,27.8,0
2023,650402,592663,1.83,50,26.4,0
2023,622761,518735,2.08,69,30.1,1
2023,640492,605170,2.06,31,29.6,0
2023,666906,682626,1.94,57,28.1,0
2023,678225,668939,1.91,51,29.7,1
2023,668731,518735,2.08,69,29.0,0
2023,500743,518735,2.08,69,26.4,0
2023,666181,455117,1.93,55,28.8,0
2023,665923,664874,2.0,28,29.6,0
2023,572233,669221,1.9,53,26.4,0
2023,660271,672275,1.87,51,27.8,0
2023,669261,543228,1.99,45,28.6,0
2023,660644,657136,1.92,60,26.9,0
2023,672356,641680,1.97,57,28.0,0
2023,663656,672515,1.9,33,26.6,0
2024,543807,663728,1.95,70,28.1,0
2024,641313,669224,1.98,45,27.1,0
2024,643446,665804,2.04,50,26.3,0
2024,660644,592663,1.85,39,27.5,1
2024,696285,669221,1.95,39,29.7,0
2024,665161,671056,1.99,28,29.8,0
2024,621028,669134,1.97,25,27.5,1
2024,660271,672275,1.85,58,28.1,1
2024,686676,665804,2.04,50,27.6,1
2024,660821,691011,1.94,11,27.2,0
2024,682829,663698,2.0,35,30.0,0
2024,683011,669257,1.94,57,28.6,0
2025,650402,553869,1.91,25,26.2,0
2025,672580,642136,2.0,38,27.9,0
2025,677950,682626,1.93,35,28.3,1
2025,669289,673237,1.95,72,27.1,0
2025,660821,665804,1.98,7,27.0,0
2025,596019,687221,1.93,15,27.4,0
2025,664774,657136,1.97,32,26.0,0
2025,668715,669224,1.97,42,28.0,0
2025,694671,518595,2.0,33,28.9,0
2025,656775,642136,2.0,38,28.4,0
2025,605170,663728,1.97,55,24.3,0
2025,691023,700250,2.07,10,28.7,0
2025,683002,605170,2.05,28,28.5,0
2025,650859,673237,1.95,72,27.0,0
2025,676572,665561,1.88,24,26.9,0
2021,596146,518735,2.06,29,27.4,0
2021,670097,553882,2.0,47,28.3,0
2021,669289,518735,2.06,29,27.3,0
2021,605113,553882,2.0,47,27.8,1
2021,462101,608596,2.04,26,26.7,0
2021,642180,595956,2.03,14,29.1,0
2021,592663,553869,1.95,20,28.8,0
2021,669256,600474,1.97,23,29.0,0
2022,666969,488771,1.97,11,27.9,0
2022,595777,657709,2.08,21,26.6,0
2022,542932,660688,2.0,46,29.5,0
2022,621020,519222,2.08,18,28.4,0
2022,664238,669127,1.93,14,28.3,0
2022,656775,657136,1.92,15,28.5,1
2022,660670,663728,1.99,47,28.5,0
2022,514888,669127,1.93,14,28.1,0
2023,683011,543877,1.95,35,28.4,0
2023,657077,681351,2.09,20,27.3,0
2023,668843,641680,1.97,57,27.0,0
2023,686668,605170,2.06,31,29.9,0
2023,676116,455117,1.93,55,27.3,0
2023,665923,455117,1.93,55,29.6,0
2023,669004,607732,1.97,41,27.6,1
2023,572761,663728,1.96,66,25.3,0
2023,657656,641511,1.99,27,27.9,0
2023,607054,542194,1.87,39,28.0,0
2023,681082,682626,1.94,57,28.8,0
2023,660670,571912,1.93,36,28.0,0
2023,621563,657136,1.92,60,27.8,0
2023,655316,663886,2.01,36,28.0,0
2023,645277,553882,2.0,25,27.6,0
2023,663527,686676,1.91,17,25.7,1
2023,696285,669221,1.9,53,30.0,0
2024,657041,663886,2.02,64,29.3,0
2024,592885,553882,2.04,18,28.5,0
2024,668930,553882,2.04,18,29.3,0
2024,691026,672515,1.89,26,28.8,0
2024,668930,575929,1.97,29,29.3,0
2024,621439,686676,1.85,46,29.7,1
2024,681082,542194,1.9,29,29.1,0
2024,656180,657136,1.95,46,26.5,0
2024,592518,605131,2.0,27,25.8,0
2024,672640,641680,1.98,70,28.7,0
2024,642350,668939,1.96,55,29.9,1
2024,686217,680777,1.93,40,29.3,1
2024,665489,668670,1.93,30,27.2,1
2024,682928,663886,2.02,64,28.5,0
2024,650859,553869,1.9,33,26.9,0
2024,681393,680728,2.04,13,29.3,1
2024,630105,543877,1.96,32,27.7,0
2024,668227,669127,1.91,70,28.1,1
2024,592663,672386,2.0,55,28.4,0
2024,665862,669257,1.94,57,28.6,0
2025,669364,660688,2.0,42,28.3,0
2025,669364,640902,1.93,13,28.3,0
2025,665966,668939,1.94,29,25.6,0
2025,673357,543309,2.03,45,29.0,0
2025,677595,690924,2.0,14,25.8,0
2025,664056,673237,1.95,72,28.8,0
2025,668715,650968,2.0,24,28.0,0
2025,695734,606992,1.88,8,29.1,0
2025,682622,543592,2.07,5,29.0,0
2025,643396,543592,2.07,5,27.4,0
2025,664238,543309,2.03,45,27.7,0
2025,686668,553869,1.91,25,29.5,0
2025,695734,663698,1.99,39,29.1,1
2021,663993,642336,1.94,17,27.3,0
2021,663757,518595,2.03,14,28.8,0
2022,614173,672386,1.99,27,28.6,0
2022,614173,672386,1.99,27,28.6,0
2022,665750,669221,1.89,33,29.3,0
2022,621028,592663,1.82,44,27.9,0
2022,665926,571466,1.99,38,29.3,0
2022,669911,642851,2.04,15,28.3,0
2022,673962,571912,1.96,31,27.0,0
2022,542932,605170,2.01,34,29.5,0
2023,677950,575929,1.93,34,28.8,1
2023,665161,664874,2.0,28,29.4,1
2023,666160,595956,1.97,30,28.6,0
2023,621438,521692,1.98,26,28.8,0
2023,678225,663728,1.96,66,29.7,0
2023,606992,518735,2.08,69,28.0,0
2023,605141,542194,1.87,39,27.2,0
2023,641584,543228,1.99,45,28.0,0
2023,641584,661388,1.95,47,28.0,0
2023,643289,572287,2.04,33,28.1,0
2023,665161,650907,1.87,11,29.4,0
2023,621550,518595,1.97,39,27.7,1
2023,607054,686676,1.91,17,28.0,0
2023,663697,666310,1.94,44,27.8,0
2024,592450,666163,1.92,47,26.8,0
2024,666182,543309,2.02,44,27.3,0
2024,575929,661388,1.96,58,27.1,0
2024,665862,673237,1.97,73,28.6,0
2024,676801,663743,1.93,60,28.7,0
2024,666969,642020,1.97,15,26.8,0
2024,687263,663728,1.95,70,28.2,0
2024,680776,608348,1.97,51,29.6,0
2024,691718,575929,1.97,29,30.0,0
2024,667452,665804,2.04,50,28.5,0
2024,660821,543309,2.02,44,27.2,0
2024,668952,681351,2.02,59,27.5,1
2024,665487,672275,1.85,58,28.4,0
2025,607043,687221,1.93,15,27.3,0
2025,802415,543877,1.94,39,29.6,1
2025,683146,663886,1.99,35,27.0,0
2025,676609,656180,1.93,35,28.3,0
2025,690022,681351,2.0,50,29.2,0
2025,700932,681508,1.98,14,25.4,0
2021,592885,425877,1.91,24,28.3,0
2021,516782,600474,1.97,23,28.5,0
2021,614177,545358,2.02,25,26.1,0
2021,673490,669257,1.96,56,28.4,0
2022,650490,575929,1.93,23,27.1,1
2022,592663,595751,1.89,16,28.7,0
2022,669222,642851,2.04,15,28.7,0
2022,501303,663743,1.93,23,26.4,0
2022,621453,668939,1.93,24,27.7,0
2022,543760,668939,1.93,24,28.8,0
2022,622761,543228,1.97,28,30.1,0
2022,669357,643376,1.98,22,27.0,0
2022,572041,641680,1.99,46,27.8,1
2022,672695,553869,1.94,28,27.3,0
2022,682928,621512,1.96,30,29.0,0
2023,607054,595956,1.97,30,28.0,0
2023,657041,642336,1.95,24,29.3,0
2023,502054,543592,1.97,28,27.8,0
2023,687263,680777,1.95,27,27.7,0
2023,663656,542208,1.98,13,26.6,0
2023,664983,642851,1.91,23,30.0,0
2023,621550,542194,1.87,39,27.7,1
2023,665161,553882,2.0,25,29.4,0
2023,680118,542194,1.87,39,30.3,1
2023,514888,666310,1.94,44,26.9,0
2023,678894,668800,2.01,33,29.3,0
2023,665926,542194,1.87,39,29.2,0
2023,669364,661388,1.95,47,28.2,0
2024,666176,663743,1.93,60,28.8,0
2024,595909,680777,1.93,40,27.7,1
2024,664056,660688,2.06,57,28.2,0
2024,596019,518735,2.09,31,27.6,0
2024,666969,656577,1.96,26,26.8,1
2024,609280,605131,2.0,27,26.6,0
2024,623993,666310,1.97,38,26.0,0
2024,691176,663728,1.95,70,27.8,0
2025,622761,657136,1.97,32,29.3,0
2025,696285,690924,2.0,14,29.3,0
2025,691023,665561,1.88,24,28.7,0
2025,682829,680777,1.98,34,29.1,0
2025,678009,643376,2.0,60,29.0,0
2025,680574,656180,1.93,35,29.2,1
2025,683002,680862,2.0,9,28.5,0
2025,656775,656180,1.93,35,28.4,0
2025,680757,640902,1.93,13,27.3,0
2021,664702,624512,1.97,14,29.3,0
2021,613564,608348,1.98,21,26.5,0
2021,650489,425877,1.91,24,28.7,0
2021,624415,572287,1.95,28,28.3,0
2021,669242,663886,1.97,22,28.9,0
2021,572041,595284,1.94,15,27.7,0
2021,664702,680777,2.03,34,29.3,0
2021,543939,425877,1.91,24,26.8,0
2022,607054,575929,1.93,23,28.5,0
2022,664702,521692,1.99,18,29.3,0
2022,656582,669004,1.97,20,26.8,1
2022,500743,488771,1.97,11,26.4,0
2022,622761,641680,1.99,46,30.1,0
2022,680757,608348,1.98,39,28.4,0
2022,676632,608348,1.98,39,27.9,1
2023,570482,672386,1.98,48,26.2,0
2023,605113,605131,2.01,29,28.1,0
2023,664023,605131,2.01,29,27.7,0
2023,650859,657136,1.92,60,27.4,1
2023,621035,575929,1.93,34,28.3,0
2023,664056,663728,1.96,66,28.8,0
2023,664029,542208,1.98,13,27.6,0
2023,605141,596117,1.87,18,27.2,0
2023,665487,642851,1.91,23,29.3,0
2023,671277,663728,1.96,66,27.2,0
2023,681546,669134,1.97,10,28.9,0
2023,657656,668670,1.95,30,27.9,0
2024,676609,672386,2.0,55,28.3,1
2024,641584,663728,1.95,70,28.3,1
2024,671277,608348,1.97,51,27.2,0
2024,665750,521692,2.01,24,28.5,0
2024,677800,645305,1.96,18,27.5,1
2024,673357,663728,1.95,70,28.8,0
2024,660271,663728,1.95,70,28.1,0
2024,668715,661531,1.98,7,28.2,0
2024,687263,641680,1.98,70,28.2,0
2024,628451,666023,1.88,23,27.6,1
2024,543760,663728,1.95,70,28.5,0
2025,696285,592663,1.86,50,29.3,1
2025,670764,518595,2.0,33,28.2,0
2025,678882,643376,2.0,60,29.1,0
2025,682928,673237,1.95,72,28.2,0
2025,663968,669224,1.97,42,29.1,0
2025,702284,691019,1.96,31,27.8,0
2025,672640,595978,1.94,21,28.5,1
2025,607208,663728,1.97,55,30.3,0
2025,682177,657136,1.97,32,27.9,0
2025,596019,693307,1.94,60,27.4,0
2025,656716,663728,1.97,55,28.3,0
2021,622682,608700,2.09,26,28.8,0
2021,641933,543592,2.01,18,29.6,0
2021,624503,455117,1.96,32,27.8,0
2021,502054,543510,2.01,35,27.8,0
2021,593871,641470,2.02,30,27.9,1
2021,500743,661388,2.01,11,26.6,0
2021,656185,543877,1.98,43,28.1,0
2021,516782,605170,2.02,28,28.5,0
2021,642180,543877,1.98,43,29.1,0
2021,516782,595978,1.95,27,28.5,0
2021,672284,455117,1.96,32,27.2,0
2021,621563,606992,1.94,21,27.9,0
2022,668804,543592,2.01,36,28.2,0
2022,668227,596142,1.93,29,28.8,0
2022,592696,592663,1.82,44,27.6,0
2022,657041,669257,1.93,32,29.4,0
2022,641857,608348,1.98,39,25.8,0
2022,514917,543592,2.01,36,28.3,0
2022,656185,642851,2.04,15,28.3,0
2022,643217,669221,1.89,33,27.6,0
2022,663853,669004,1.97,20,28.6,1
2022,623205,543877,1.94,37,29.1,0
2022,666160,455117,1.92,40,28.2,0
2023,645444,605131,2.01,29,25.4,0
2023,666139,596142,1.9,24,28.7,0
2023,676801,571912,1.93,36,28.2,0
2023,677950,682626,1.94,57,28.8,0
2023,608701,669127,1.9,68,27.1,0
2023,677594,596142,1.9,24,29.6,1
2023,622569,673237,1.9,35,27.9,0
2023,669242,596142,1.9,24,28.8,0
2023,682829,595956,1.97,30,30.5,0
2023,665750,455117,1.93,55,29.1,0
2024,690993,553882,2.04,18,27.7,0
2024,664728,455117,1.97,17,27.9,0
2024,686217,668939,1.96,55,29.3,0
2024,666181,686676,1.85,46,28.8,0
2024,665833,672275,1.85,58,28.8,0
2024,621439,681351,2.02,59,29.7,0
2024,668885,666310,1.97,38,28.3,0
2024,687401,605170,2.02,35,28.7,1
2024,669208,669127,1.91,70,28.5,0
2024,624503,620443,1.87,19,27.7,1
2024,502671,663698,2.0,35,26.3,0
2024,657041,661388,1.96,58,29.3,0
2024,679032,605131,2.0,27,30.1,0
2024,621020,672386,2.0,55,27.8,0
2024,624431,668670,1.93,30,24.5,0
2024,664238,681351,2.02,59,28.0,0
2024,669707,666310,1.97,38,28.5,0
2024,660821,663698,2.0,35,27.2,0
2024,660271,607732,1.96,44,28.1,0
2024,683083,592663,1.85,39,29.5,0
2024,664056,592663,1.85,39,28.2,0
2025,660844,641680,2.01,44,27.8,0
2025,682668,669127,1.89,67,29.6,0
2025,596019,696100,1.95,45,27.4,0
2025,670156,681351,2.0,50,28.5,0
2025,687363,700337,1.95,46,30.2,0
2025,656541,660688,2.0,42,28.9,1
2025,643396,543877,1.94,39,27.4,0
2025,666971,666023,1.9,35,27.1,1
2025,672695,696100,1.95,45,27.2,0
2025,666211,668939,1.94,29,28.2,1
2025,807713,686948,1.95,63,29.0,1
2025,669326,663728,1.97,55,29.9,0
2025,681297,663698,1.99,39,27.4,0
2025,687263,663728,1.97,55,28.1,0
2025,656305,666163,1.96,19,28.1,1
2025,681987,693307,1.94,60,29.7,0
2025,650859,673237,1.95,72,27.0,1
2021,663624,506702,2.05,18,28.0,0
2021,502481,605244,1.94,7,27.9,0
2021,668942,669257,1.96,56,27.6,0
2021,593934,455139,2.0,8,26.5,0
2022,641796,595978,1.95,39,30.2,0
2022,596115,669221,1.89,33,28.4,0
2022,669221,624431,1.99,29,26.1,0
2022,606192,595284,1.99,8,28.6,0
2022,642165,605170,2.01,34,26.1,0
2022,645302,621512,1.96,30,28.8,0
2022,542932,543592,2.01,36,29.5,0
2022,641933,519222,2.08,18,29.7,0
2022,641355,663698,1.97,22,28.1,0
2022,664913,620443,2.0,20,27.8,0
2022,514888,592663,1.82,44,28.1,0
2023,462101,455117,1.93,55,26.5,0
2023,665161,518735,2.08,69,29.4,1
2023,624428,669221,1.9,53,26.5,0
2023,663538,663743,2.01,44,28.5,0
2023,657557,663886,2.01,36,26.8,0
2023,592663,669257,1.91,56,28.6,0
2023,663656,681807,1.92,8,26.6,0
2023,623205,669257,1.91,56,28.4,0
2023,673490,682626,1.94,57,28.5,0
2023,671739,664874,2.0,28,28.8,0
2023,670032,543309,1.98,43,27.7,0
2023,673548,672515,1.9,33,28.5,0
2023,650489,682626,1.94,57,28.6,1
2024,683002,663698,2.0,35,28.9,0
2024,681082,660688,2.06,57,29.1,0
2024,680118,686676,1.85,46,29.6,1
2024,592663,571912,1.97,27,28.4,1
2024,676391,666023,1.88,23,28.4,0
2024,605141,660688,2.06,57,26.7,0
2024,677587,624512,1.98,16,26.8,0
2024,663368,657136,1.95,46,29.6,0
2024,664056,672275,1.85,58,28.2,0
2024,663616,669224,1.98,45,26.3,0
2024,663728,666163,1.92,47,26.6,0
2024,641645,669127,1.91,70,24.7,1
2024,666158,657136,1.95,46,27.7,0
2024,669707,605170,2.02,35,28.5,0
2024,666152,641680,1.98,70,29.4,0
2024,668885,686780,1.93,39,28.3,1
2024,669004,673237,1.97,73,27.8,1
2024,665742,671056,1.99,28,26.8,1
2025,663538,669127,1.89,67,28.6,0
2025,691718,553869,1.91,25,29.5,0
2025,641355,663698,1.99,39,28.2,0
2025,672695,682626,1.93,35,27.2,0
2025,680757,663886,1.99,35,27.3,0
2025,696030,686780,1.93,52,28.5,1
2025,666152,660688,2.0,42,29.3,0
2025,666211,669127,1.89,67,28.2,0
2025,686527,669127,1.89,67,26.5,0
2025,592450,665966,1.92,63,27.1,0
2025,691718,686948,1.95,63,29.5,0
2025,682657,641680,2.01,44,27.7,0
2021,663656,435559,1.99,26,27.4,0
2021,663630,518735,2.06,29,29.1,0
2021,641857,621512,1.94,16,26.2,0
2021,668942,607732,2.03,29,27.6,0
2021,593160,553882,2.0,47,28.6,0
2021,669242,521692,1.97,28,28.9,1
2021,657077,467092,2.01,12,27.0,1
2021,542340,656180,1.98,13,27.3,1
2021,663697,607732,2.03,29,28.5,0
2021,607208,608348,1.98,21,30.6,0
2022,500743,543592,2.01,36,26.4,0
2022,543281,572287,2.03,13,27.1,0
2022,578428,595978,1.95,39,28.4,1
2022,500871,663743,1.93,23,27.9,1
2022,641933,660688,2.0,46,29.7,0
2022,641779,543228,1.97,28,28.0,0
2022,516416,519222,2.08,18,27.7,1
2022,572191,595978,1.95,39,28.7,1
2022,676480,543228,1.97,28,27.8,0
2022,593160,668939,1.93,24,28.6,1
2023,605137,663728,1.96,66,25.9,1
2023,672695,660688,2.06,64,27.2,0
2023,593871,669257,1.91,56,27.6,0
2023,669004,642336,1.95,24,27.6,0
2023,502671,664874,2.0,28,26.4,1
2023,660670,657136,1.92,60,28.0,0
2023,663538,518735,2.08,69,28.5,0
2023,608070,542194,1.87,39,27.8,0
2023,660670,682626,1.94,57,28.0,0
2023,671221,669127,1.9,68,28.7,0
2023,669016,681351,2.09,20,28.6,0
2023,676475,669221,1.9,53,25.6,0
2023,656811,595956,1.97,30,27.7,0
2023,547180,669221,1.9,53,27.6,0
2024,641343,671056,1.99,28,27.2,0
2024,656775,664874,1.97,10,28.3,0
2024,686217,665804,2.04,50,29.3,0
2024,657136,668939,1.96,55,28.4,1
2024,680776,624431,2.07,44,29.6,0
2024,656775,595978,1.94,19,28.3,1
2024,696285,663886,2.02,64,29.7,0
2024,457705,596117,1.88,22,26.8,0
2024,664983,669257,1.94,57,29.8,1
2024,676356,543877,1.96,32,29.8,0
2024,666139,543877,1.96,32,28.4,0
2024,691176,643376,1.99,38,27.8,0
2024,663697,680777,1.93,40,28.0,0
2024,643396,661388,1.96,58,27.8,0
2024,683083,521692,2.01,24,29.5,0
2024,680757,669224,1.98,45,27.1,0
2025,573262,673237,1.95,72,26.9,0
2025,663993,680779,1.89,25,26.2,0
2025,669707,455117,1.98,31,28.8,0
2025,670770,608348,1.95,39,26.7,1
2025,696100,682626,1.93,35,27.2,1
2025,665862,665966,1.92,63,27.6,0
2025,592663,673237,1.95,72,28.4,0
2025,660670,620443,1.87,29,27.9,0
2025,641857,669257,1.94,53,26.7,0
2025,660821,543877,1.94,39,27.0,0
2025,621438,607732,2.0,36,29.3,0
2025,608070,673237,1.95,72,28.4,0
2025,701358,663728,1.97,55,29.3,0
2025,681624,657136,1.97,32,28.1,1
2025,687231,656180,1.93,35,28.2,1
2025,681297,666023,1.9,35,27.4,0
2021,665862,621512,1.94,16,29.1,1
2021,669256,455117,1.96,32,29.0,0
2021,663647,444489,1.94,21,27.8,0
2021,665487,457763,2.0,26,29.2,1
2021,592663,600474,1.97,23,28.8,0
2022,541645,605170,2.01,34,28.3,0
2022,680776,542194,1.89,19,29.2,0
2022,656775,543309,1.95,22,28.5,0
2022,663897,657709,2.08,21,28.7,0
2022,656185,657709,2.08,21,28.3,0
2022,592325,657709,2.08,21,27.9,0
2022,543760,663743,1.93,23,28.8,1
2022,670770,553882,2.01,23,28.1,0
2022,516782,543592,2.01,36,28.0,0
2022,673490,621512,1.96,30,28.4,1
2023,663656,641680,1.97,57,26.6,0
2023,592885,543592,1.97,28,28.1,0
2023,519203,572287,2.04,33,24.7,1
2023,592656,607732,1.97,41,27.0,0
2023,660670,672515,1.9,33,28.0,0
2023,621028,663743,2.01,44,28.0,0
2023,606992,643376,1.99,30,28.0,0
2023,542364,571912,1.93,36,27.2,0
2023,608070,641680,1.97,57,27.8,1
2023,457759,668939,1.91,51,25.2,1
2024,683083,571912,1.97,27,29.5,0
2024,645277,592663,1.85,39,27.2,0
2024,663697,661388,1.96,58,28.0,0
2024,608070,624512,1.98,16,28.2,0
2024,666181,669134,1.97,25,28.8,0
2024,607208,681351,2.02,59,29.6,0
2024,664056,663743,1.93,60,28.2,0
2024,683002,624431,2.07,44,28.9,0
2024,694671,682626,1.92,37,29.8,0
2024,673548,543510,1.98,38,28.3,0
2024,664728,575929,1.97,29,27.9,0
2024,694192,571912,1.97,27,29.7,0
2024,680757,669224,1.98,45,27.1,0
2024,701538,671056,1.99,28,28.5,0
2024,607680,605170,2.02,35,28.4,0
2024,665161,642136,2.01,15,29.8,0
2024,592518,686676,1.85,46,25.8,0
2025,575929,673237,1.95,72,27.5,0
2025,663604,669224,1.97,42,30.1,0
2025,641555,669127,1.89,67,25.8,0
2025,607043,669257,1.94,53,27.3,0
2025,694388,521692,1.93,17,28.5,1
2025,665862,680777,1.98,34,27.6,0
2025,680776,673237,1.95,72,29.1,0
2025,665926,682663,1.99,53,28.0,0
2025,805367,669224,1.97,42,27.0,0
2021,596115,605170,2.02,28,28.6,0
2021,607054,663886,1.97,22,28.1,0
2021,606992,488771,1.97,11,27.9,0
2021,518692,595284,1.94,15,26.9,0
2022,476704,672386,1.99,27,25.1,0
2022,593871,543877,1.94,37,28.1,1
2022,663538,553882,2.01,23,29.1,0
2022,543592,608348,1.98,39,26.4,0
2022,657557,608348,1.98,39,27.7,1
2023,669016,571912,1.93,36,28.6,0
2023,624428,664874,2.0,28,26.5,0
2023,686681,595453,1.99,18,27.3,0
2023,671739,657136,1.92,60,28.8,0
2023,686823,682626,1.94,57,28.3,0
2023,682985,518735,2.08,69,28.1,0
2023,643396,664954,2.07,11,27.7,0
2023,668715,669257,1.91,56,28.4,0
2023,670770,668939,1.91,51,28.3,0
2023,682829,668939,1.91,51,30.5,0
2023,669743,641680,1.97,57,28.8,1
2023,663368,663886,2.01,36,30.0,0
2023,592885,663886,2.01,36,28.1,0
2023,643393,642851,1.91,23,26.2,1
2023,592885,641511,1.99,27,28.1,0
2023,677594,455117,1.93,55,29.6,0
2023,607208,668800,2.01,33,30.3,0
2023,672580,657136,1.92,60,28.2,0
2023,673357,657136,1.92,60,28.7,0
2024,664913,666310,1.97,38,27.4,1
2024,669016,455117,1.97,17,28.2,0
2024,690993,673237,1.97,73,27.7,1
2024,663550,672275,1.85,58,27.9,0
2024,592885,663886,2.02,64,28.5,0
2024,663368,663886,2.02,64,29.6,0
2024,596019,543309,2.02,44,27.6,0
2024,656413,575929,1.97,29,29.1,0
2024,682622,665804,2.04,50,28.8,0
2024,680869,672275,1.85,58,28.7,1
2024,609280,672275,1.85,58,26.6,1
2024,669720,669224,1.98,45,27.1,0
2024,592450,608348,1.97,51,26.8,0
2024,686611,663743,1.93,60,29.3,1
2024,592450,669257,1.94,57,26.8,0
2025,669257,645444,2.0,25,27.3,1
2025,685301,686948,1.95,63,28.7,1
2025,691176,696100,1.95,45,28.7,0
2025,691723,640902,1.93,13,27.9,0
2025,687263,668939,1.94,29,28.1,1
2025,673357,681351,2.0,50,29.0,0
2025,686217,663698,1.99,39,28.9,0
2025,621020,624431,2.0,47,28.5,0
2021,595879,607732,2.03,29,28.5,0
2021,543760,596142,1.95,25,28.6,0
2021,643396,518735,2.06,29,28.0,0
2021,518934,606988,1.96,9,26.6,0
2021,502054,575929,1.91,37,27.8,0
2021,502671,575929,1.91,37,26.3,0
2021,660162,455139,2.0,8,27.8,0
2021,546318,621512,1.94,16,27.3,1
2021,660634,608348,1.98,21,26.9,0
2022,543760,435559,2.07,16,28.8,0
2022,606192,680777,1.98,25,28.6,0
2022,664761,663743,1.93,23,27.0,1
2022,671739,592663,1.82,44,29.4,0
2022,543760,669221,1.89,33,28.8,0
2022,606466,642851,2.04,15,27.0,1
2022,593160,545358,2.03,33,28.6,0
2023,516782,642851,1.91,23,27.1,1
2023,664023,669127,1.9,68,27.7,0
2023,572191,624431,1.99,18,28.7,0
2023,592696,668939,1.91,51,28.0,1
2023,678225,643376,1.99,30,29.7,0
2023,677594,606992,1.99,15,29.6,0
2023,593160,669221,1.9,53,28.8,0
2023,607208,553869,1.93,51,30.3,0
2023,682829,672275,1.87,51,30.5,0
2023,682998,518595,1.97,39,30.1,0
2023,663457,543228,1.99,45,27.8,0
2023,683011,650907,1.87,11,28.4,0
2023,668904,682626,1.94,57,28.2,0
2023,656413,666310,1.94,44,29.2,1
2024,672761,543877,1.96,32,28.2,0
2024,666181,641680,1.98,70,28.8,1
2024,696285,542194,1.9,29,29.7,0
2024,669004,641680,1.98,70,27.8,0
2024,656775,671056,1.99,28,28.3,0
2024,686668,596117,1.88,22,29.3,0
2024,666152,455117,1.97,17,29.4,0
2024,670770,665804,2.04,50,26.5,0
2024,681297,656577,1.96,26,28.2,0
2024,663647,680777,1.93,40,26.4,0
2024,687263,608348,1.97,51,28.2,0
2024,663538,592200,2.0,31,28.4,0
2024,656775,663728,1.95,70,28.3,1
2024,667670,681351,2.02,59,27.6,0
2024,642715,663698,2.0,35,27.4,0
2024,682829,669221,1.95,39,30.0,0
2024,695578,669224,1.98,45,28.7,0
2024,641584,669221,1.95,39,28.3,0
2024,666139,596117,1.88,22,28.4,0
2024,669364,680777,1.93,40,28.4,0
2025,663656,645444,2.0,25,26.5,0
2025,660821,624431,2.0,47,27.0,0
2025,622761,693307,1.94,60,29.3,0
2025,673357,669127,1.89,67,29.0,0
2025,700242,696100,1.95,45,28.4,1
2025,676609,663743,1.93,48,28.3,0
2025,682998,696100,1.95,45,29.8,0
2025,663538,700337,1.95,46,28.6,0
2025,667472,645444,2.0,25,28.4,0
2025,542932,673237,1.95,72,28.3,0
2025,665487,624431,2.0,47,28.6,0
2025,666160,700337,1.95,46,28.5,0
2025,664023,665966,1.92,63,27.4,1
2025,682622,642136,2.0,38,29.0,0
2025,665742,663728,1.97,55,25.8,0
2025,682622,682626,1.93,35,29.0,0
2025,691016,681351,2.0,50,27.4,0
2025,660271,661388,1.96,46,28.0,0
2021,543257,543877,1.98,43,27.7,0
2021,650333,595978,1.95,27,26.8,1
2021,669256,669221,1.9,31,29.0,1
2021,641658,435559,1.99,26,29.8,0
2021,591971,680777,2.03,34,26.9,0
2022,606157,643376,1.98,22,28.7,0
2022,595879,595978,1.95,39,27.9,0
2022,623205,571912,1.96,31,29.1,0
2022,543760,624431,1.99,29,28.8,0
2023,643565,592663,1.83,50,27.3,0
2023,680118,571912,1.93,36,30.3,1
2023,677594,543309,1.98,43,29.6,0
2023,681082,660688,2.06,64,28.8,0
2023,677592,657136,1.92,60,28.0,0
2023,681082,682626,1.94,57,28.8,0
2023,673357,657136,1.92,60,28.7,0
2024,677587,624512,1.98,16,26.8,0
2024,680776,656577,1.96,26,29.6,1
2024,680118,663728,1.95,70,29.6,0
2024,682985,624512,1.98,16,27.7,0
2024,677594,455117,1.97,17,29.6,0
2024,670242,608348,1.97,51,27.5,0
2024,682928,669221,1.95,39,28.5,0
2025,660271,686948,1.95,63,28.0,0
2025,677951,661388,1.96,46,30.2,0
2025,605137,690924,2.0,14,25.2,1
2025,664238,623168,1.92,38,27.7,1
2025,502671,643376,2.0,60,26.1,0
2025,666149,681351,2.0,50,29.6,0
2025,669127,669257,1.94,53,28.6,0
2025,641933,543877,1.94,39,28.3,0
2025,683146,665966,1.92,63,27.0,0
2025,702616,693307,1.94,60,28.6,0
2025,641487,665966,1.92,63,26.7,0
2025,683737,650968,2.0,24,26.5,0
2025,670242,666023,1.9,35,26.8,0
2025,669200,696100,1.95,45,29.0,0
2025,670242,669224,1.97,42,26.8,0
2025,641857,640902,1.93,13,26.7,0
2021,673357,608700,2.09,26,28.0,0
2021,572191,444489,1.94,21,28.2,1
2021,645277,543877,1.98,43,28.4,0
2021,596019,656180,1.98,13,27.8,0
2021,664983,669257,1.96,56,30.4,0
2022,592518,518595,1.99,36,26.4,0
2022,663656,641680,1.99,46,26.7,1
2022,641933,543877,1.94,37,29.7,0
2022,662139,660688,2.0,46,28.0,0
2022,664983,595978,1.95,39,30.1,0
2022,622761,664874,1.97,14,30.1,0
2023,645302,553869,1.93,51,28.0,0
2023,641658,595956,1.97,30,29.8,0
2023,664702,664874,2.0,28,29.2,0
2023,493329,553869,1.93,51,27.2,0
2023,502671,592200,1.99,13,26.4,1
2023,656811,571912,1.93,36,27.7,1
2023,672580,666310,1.94,44,28.2,0
2023,665926,521692,1.98,26,29.2,0
2023,680118,592663,1.83,50,30.3,0
2023,673357,543309,1.98,43,28.7,0
2023,673490,663728,1.96,66,28.5,0
2023,647304,668939,1.91,51,25.8,0
2023,666624,605170,2.06,31,28.6,0
2024,677594,571912,1.97,27,29.6,0
2024,607208,669134,1.97,25,29.6,0
2024,682829,641680,1.98,70,30.0,0
2024,666152,543877,1.96,32,29.4,0
2024,666176,595978,1.94,19,28.8,0
2024,592696,643376,1.99,38,27.3,0
2024,691718,571912,1.97,27,30.0,0
2024,670764,665804,2.04,50,27.8,0
2024,518692,641680,1.98,70,25.8,1
2024,686217,681351,2.02,59,29.3,0
2024,607208,621512,1.93,27,29.6,0
2024,677951,666163,1.92,47,30.5,1
2024,656305,643376,1.99,38,28.7,0
2024,672761,666310,1.97,38,28.2,0
2024,672515,663698,2.0,35,27.2,0
2024,682073,680728,2.04,13,27.6,0
2024,694192,575929,1.97,29,29.7,0
2024,668804,595978,1.94,19,28.0,0
2024,595777,656577,1.96,26,26.5,0
2024,680869,693307,1.94,8,28.7,0
2024,677951,693307,1.94,8,30.5,0
2025,691718,641680,2.01,44,29.5,0
2025,663968,518595,2.0,33,29.1,0
2025,687263,543877,1.94,39,28.1,0
2025,542932,672275,1.86,44,28.3,1
2025,592663,666163,1.96,19,28.4,1
2025,571970,663743,1.93,48,27.0,0
2025,660821,669257,1.94,53,27.0,0
2025,608070,672275,1.86,44,28.4,1
2025,657041,623168,1.92,38,29.3,0
2025,657136,663886,1.99,35,28.0,1
2025,543760,669127,1.89,67,28.5,0
2025,691023,669257,1.94,53,28.7,0
2021,596451,543510,2.01,35,30.0,0
2021,546318,643376,1.94,12,27.3,0
2021,641857,663886,1.97,22,26.2,0
2021,643217,680777,2.03,34,27.6,1
2021,665742,543510,2.01,35,27.0,0
2021,592885,575929,1.91,37,28.3,0
2021,663662,641470,2.02,30,28.2,0
2021,664238,608348,1.98,21,28.4,0
2021,650489,642336,1.94,17,28.7,0
2021,592325,663886,1.97,22,27.8,0
2022,607732,605170,2.01,34,23.7,1
2022,607208,592663,1.82,44,30.3,0
2022,592885,660688,2.0,46,28.1,0
2022,642731,669257,1.93,32,28.2,1
2022,665742,592663,1.82,44,26.6,1
2022,656775,542194,1.89,19,28.5,0
2022,624503,435559,2.07,16,27.8,0
2022,663538,553882,2.01,23,29.1,0
2022,405395,608348,1.98,39,22.7,1
2022,621020,543877,1.94,37,28.4,0
2022,622761,543877,1.94,37,30.1,1
2022,571448,519222,2.08,18,25.5,0
2022,593428,642020,1.9,11,27.9,1
2022,621020,668663,2.05,8,28.4,0
2022,656775,624431,1.99,29,28.5,0
2022,663630,672515,1.92,14,29.2,1
2023,608671,571466,1.99,21,29.0,0
2023,666139,624431,1.99,18,28.7,1
2023,657041,682626,1.94,57,29.3,0
2023,665487,605131,2.01,29,29.3,0
2023,664056,668939,1.91,51,28.8,0
2023,621493,543228,1.99,45,28.0,0
2023,642731,669257,1.91,56,28.1,0
2023,681082,682626,1.94,57,28.8,0
2023,660644,666023,1.93,27,26.9,0
2023,686681,669127,1.9,68,27.3,1
2023,669364,553882,2.0,25,28.2,0
2023,669364,553882,2.0,25,28.2,0
2024,665161,641680,1.98,70,29.8,0
2024,683011,672386,2.0,55,28.6,0
2024,679032,686676,1.85,46,30.1,0
2024,642350,666023,1.88,23,29.9,0
2024,628451,643376,1.99,38,27.6,1
2024,671056,543228,1.98,12,27.3,0
2024,608385,621512,1.93,27,26.1,0
2024,671277,668670,1.93,30,27.2,1
2024,669208,663743,1.93,60,28.5,1
2024,656811,673237,1.97,73,27.8,0
2024,621493,605131,2.0,27,26.8,0
2024,641487,663743,1.93,60,26.8,0
2024,665862,521692,2.01,24,28.6,0
2024,657088,592200,2.0,31,28.8,0
2024,542194,666023,1.88,23,27.5,0
2024,669003,645305,1.96,18,29.5,1
2024,655316,669221,1.95,39,27.6,1
2024,665750,680777,1.93,40,28.5,1
2025,514888,663728,1.97,55,26.9,0
2025,686668,666023,1.9,35,29.5,0
2025,666397,657136,1.97,32,27.5,1
2025,543760,605170,2.05,28,28.5,0
2025,696285,696100,1.95,45,29.3,1
2025,592518,682626,1.93,35,25.8,0
2025,802415,669224,1.97,42,29.6,1
2025,665161,665966,1.92,63,29.6,0
2025,680779,686948,1.95,63,28.3,0
2025,686527,666163,1.96,19,26.5,0
2025,694192,663886,1.99,35,29.2,0
2025,621020,686780,1.93,52,28.5,0
2021,592348,666163,1.92,8,28.5,1
2021,609275,641598,2.03,15,28.4,0
2021,608324,680777,2.03,34,25.7,0
2021,660670,663886,1.97,22,29.4,0
2021,664238,641470,2.02,30,28.4,0
2021,592261,660688,2.09,6,28.3,0
2021,607208,624513,2.01,28,30.6,0
2021,668731,641598,2.03,15,28.8,0
2021,669016,641680,1.99,25,29.1,0
2021,592696,669257,1.96,56,27.4,1
2022,641313,642336,1.95,24,28.4,0
2022,543760,663728,1.99,47,28.8,0
2022,542364,605244,1.95,15,27.1,0
2022,666969,455117,1.92,40,27.9,0
2022,641933,519222,2.08,18,29.7,0
2023,641796,669134,1.97,10,29.2,0
2023,664029,663886,2.01,36,27.6,0
2023,665742,660688,2.06,64,26.8,0
2023,660670,669257,1.91,56,28.0,0
2023,664059,542208,1.98,13,29.2,0
2023,516782,672386,1.98,48,27.1,0
2023,669743,592663,1.83,50,28.8,0
2023,622761,521692,1.98,26,30.1,0
2023,669743,669221,1.9,53,28.8,0
2023,680911,669127,1.9,68,29.0,0
2023,665487,668939,1.91,51,29.3,0
2023,676946,455117,1.93,55,28.6,0
2023,668942,650907,1.87,11,26.7,0
2023,681481,686676,1.91,17,28.1,0
2023,677951,608348,1.96,23,30.5,0
2024,665926,669127,1.91,70,28.9,1
2024,656775,663698,2.0,35,28.3,0
2024,543685,657136,1.95,46,26.8,1
2024,677800,595978,1.94,19,27.5,0
2024,681297,680777,1.93,40,28.2,0
2024,545361,596117,1.88,22,28.9,0
2024,600869,669257,1.94,57,27.4,1
2024,572233,641680,1.98,70,26.2,0
2024,682998,669221,1.95,39,29.6,0
2024,672642,668939,1.96,55,28.9,0
2024,668952,666310,1.97,38,27.5,0
2024,663697,665804,2.04,50,28.0,0
2024,663538,663886,2.02,64,28.4,0
2024,642708,596142,1.96,20,29.0,0
2025,663968,663698,1.99,39,29.1,0
2025,677008,669224,1.97,42,27.7,0
2025,694671,665966,1.92,63,28.9,0
2025,669397,657136,1.97,32,27.4,0
2025,680776,606992,1.88,8,29.1,0
2025,668942,682626,1.93,35,26.2,0
2025,660821,680779,1.89,25,27.0,0
2025,663616,643376,2.0,60,26.1,1
2025,682829,696100,1.95,45,29.1,0
2025,683002,680779,1.89,25,28.5,0
2021,607208,608348,1.98,21,30.6,0
2021,623520,518595,2.03,14,27.2,1
2021,592518,669257,1.96,56,26.4,0
2021,665926,606992,1.94,21,29.1,0
2021,542340,669257,1.96,56,27.3,0
2021,606192,608596,2.04,26,28.5,1
2021,605548,608700,2.09,26,29.4,0
2021,664774,519390,2.09,18,26.5,0
2021,641343,608348,1.98,21,27.4,0
2021,666969,543309,1.94,28,28.4,0
2021,672284,669221,1.9,31,27.2,0
2022,543305,641680,1.99,46,27.9,0
2022,677551,571466,1.99,38,27.8,0
2022,621433,571466,1.99,38,29.0,0
2022,608070,455117,1.92,40,28.5,0
2022,502054,660688,2.0,46,27.9,0
2022,664238,680777,1.98,25,28.3,0
2022,650402,488771,1.97,11,26.9,0
2022,596103,669221,1.89,33,28.2,0
2022,682928,543228,1.97,28,29.0,0
2022,624428,571912,1.96,31,26.8,1
2022,672724,605170,2.01,34,28.9,0
2022,669242,642020,1.9,11,28.7,0
2022,643396,669087,2.0,11,28.4,0
2022,592663,455117,1.92,40,28.7,1
2023,519203,666165,2.0,21,24.7,1
2023,656582,663886,2.01,36,27.1,0
2023,664983,669257,1.91,56,30.0,0
2023,682985,572287,2.04,33,28.1,0
2023,668804,660688,2.06,64,27.8,0
2023,683002,606992,1.99,15,28.8,1
2023,682998,660688,2.06,64,30.1,0
2023,516782,543309,1.98,43,27.1,0
2023,623993,680777,1.95,27,26.7,0
2023,657041,669127,1.9,68,29.3,1
2023,676801,657136,1.92,60,28.2,0
2023,668930,543877,1.95,35,29.4,0
2023,686823,680777,1.95,27,28.3,0
2023,683002,641680,1.97,57,28.8,1
2024,669261,592663,1.85,39,28.3,0
2024,657041,669257,1.94,57,29.3,0
2024,669707,596142,1.96,20,28.5,1
2024,682829,661388,1.96,58,30.0,0
2024,682657,592663,1.85,39,27.6,0
2024,669743,661388,1.96,58,28.0,0
2024,695578,672275,1.85,58,28.7,0
2024,683002,666163,1.92,47,28.9,0
2024,670764,668939,1.96,55,27.8,0
2024,673548,607732,1.96,44,28.3,0
2024,687263,686676,1.85,46,28.2,1
2025,670770,689414,2.0,38,26.7,0
2025,691176,595978,1.94,21,28.7,0
2025,624428,682626,1.93,35,26.6,0
2025,669127,669257,1.94,53,28.6,1
2025,694192,455117,1.98,31,29.2,0
2025,607043,643376,2.0,60,27.3,0
2025,687263,665966,1.92,63,28.1,1
2025,543807,672275,1.86,44,28.0,0
2021,520471,596142,1.95,25,25.9,0
2021,643217,641470,2.02,30,27.6,0
2021,443558,606992,1.94,21,26.0,0
2021,621035,545358,2.02,25,28.8,0
2021,543257,595978,1.95,27,27.7,0
2021,645277,656180,1.98,13,28.4,0
2021,665487,669257,1.96,56,29.2,0
2021,502481,669221,1.9,31,27.9,1
2021,663457,444489,1.94,21,28.4,0
2021,660271,624431,2.08,29,28.8,0
2022,542932,621512,1.96,30,29.5,0
2022,677951,643376,1.98,22,30.3,0
2022,665833,663743,1.93,23,29.9,1
2022,640492,669257,1.93,32,29.4,0
2023,608070,669127,1.9,68,27.8,0
2023,641796,542208,1.98,13,29.2,0
2023,678246,543309,1.98,43,27.9,1
2023,624415,682626,1.94,57,28.3,0
2023,669720,672275,1.87,51,27.4,0
2023,676801,660688,2.06,64,28.2,0
2023,664702,543877,1.95,35,29.2,1
2023,596115,542194,1.87,39,28.8,1
2023,678225,661388,1.95,47,29.7,1
2023,680869,669134,1.97,10,29.0,0
2024,669289,660688,2.06,57,27.3,0
2024,663368,663886,2.02,64,29.6,0
2024,656775,624512,1.98,16,28.3,0
2024,660670,553882,2.04,18,27.7,0
2024,671739,663743,1.93,60,28.3,0
2024,593428,553869,1.9,33,27.4,0
2024,680700,643376,1.99,38,27.9,0
2024,571912,518735,2.09,31,25.5,0
2024,640492,665561,1.87,6,29.0,0
2024,672761,669221,1.95,39,28.2,0
2024,669364,682626,1.92,37,28.4,0
2024,672275,669257,1.94,57,25.2,0
2024,695578,607732,1.96,44,28.7,0
2024,677588,607732,1.96,44,28.1,0
2024,641584,605170,2.02,35,28.3,0
2025,665750,643376,2.0,60,28.8,0
2025,668804,660688,2.0,42,28.1,1
2025,656537,665804,1.98,7,30.1,0
2025,702332,680779,1.89,25,28.1,1
2025,543760,596142,1.91,9,28.5,0
2025,682657,642851,1.96,19,27.7,1
2025,686668,680777,1.98,34,29.5,0
2025,682988,642851,1.96,19,27.0,0
2025,668227,543309,2.03,45,27.7,0
2025,677595,663728,1.97,55,25.8,0
2025,660271,666023,1.9,35,28.0,1
2025,681624,592663,1.86,50,28.1,0
2021,641796,605244,1.94,7,30.6,0
2021,641487,669257,1.96,56,27.5,1
2021,621563,669221,1.9,31,27.9,1
2021,660271,620443,2.0,9,28.8,0
2021,642708,606992,1.94,21,29.5,0
2021,650489,553882,2.0,47,28.7,0
2021,668942,593590,1.9,7,27.6,1
2021,641355,518595,2.03,14,28.0,0
2022,571980,595978,1.95,39,27.8,0
2022,623205,660688,2.0,46,29.1,0
2022,645277,605170,2.01,34,27.5,0
2022,660670,605170,2.01,34,28.5,0
2022,596115,488771,1.97,11,28.4,0
2022,621563,661388,1.97,18,27.3,0
2022,457705,543228,1.97,28,28.9,1
2022,542364,643376,1.98,22,27.1,0
2022,650859,455117,1.92,40,27.9,0
2023,607043,663743,2.01,44,28.0,0
2023,642180,641680,1.97,57,28.9,0
2023,656775,542194,1.87,39,28.0,0
2023,665839,518595,1.97,39,26.4,1
2023,641525,543309,1.98,43,28.4,0
2023,680776,572287,2.04,33,29.5,0
2023,593160,668939,1.91,51,28.8,1
2023,669720,672386,1.98,48,27.4,1
2023,667472,592663,1.83,50,28.9,1
2023,679032,543510,2.01,25,29.5,0
2023,600869,553882,2.0,25,27.5,0
2023,672580,592663,1.83,50,28.2,0
2023,664040,595956,1.97,30,27.3,0
2023,643565,663886,2.01,36,27.3,0
2023,680118,657136,1.92,60,30.3,0
2023,682998,669257,1.91,56,30.1,0
2024,650402,673237,1.97,73,26.6,0
2024,676059,624512,1.98,16,29.0,0
2024,677800,681351,2.02,59,27.5,0
2024,673490,643376,1.99,38,28.3,0
2024,621550,663698,2.0,35,27.8,0
2024,608671,592663,1.85,39,28.5,0
2024,622761,686676,1.85,46,29.9,0
2024,663647,643376,1.99,38,26.4,0
2024,592518,521692,2.01,24,25.8,1
2024,673548,682626,1.92,37,28.3,0
2024,502054,663743,1.93,60,27.2,0
2024,687263,668832,2.0,18,28.2,0
2024,643217,521692,2.01,24,26.7,1
2024,642136,553869,1.9,33,24.9,0
2024,670764,663743,1.93,60,27.8,1
2024,645302,656577,1.96,26,27.8,0
2024,665862,669127,1.91,70,28.6,0
2025,641487,669087,1.98,11,26.7,0
2025,691016,663743,1.93,48,27.4,0
2025,682668,669257,1.94,53,29.6,0
2025,543760,686780,1.93,52,28.5,0
2025,669224,669257,1.94,53,26.4,1
2025,691016,666023,1.9,35,27.4,0
2025,682177,663728,1.97,55,27.9,0
2025,686555,680777,1.98,34,27.7,0
2025,687597,645444,2.0,25,28.7,0
2025,666624,693307,1.94,60,28.0,0
2025,680474,643376,2.0,60,28.3,0
2025,683002,663743,1.93,48,28.5,1
2025,682653,553869,1.91,25,28.4,0
2025,663728,686948,1.95,63,26.0,1
2025,641343,663698,1.99,39,27.1,0
2025,686611,620443,1.87,29,29.0,0
2021,665862,572287,1.95,28,29.1,0
2021,668731,596142,1.95,25,28.8,0
2021,621566,596142,1.95,25,25.9,0
2021,593160,543877,1.98,43,28.6,0
2021,592178,553882,2.0,47,27.9,0
2021,663897,621512,1.94,16,28.9,1
2021,641933,669257,1.96,56,29.6,0
2021,543257,518735,2.06,29,27.7,0
2021,641355,425877,1.91,24,28.0,0
2022,663837,663743,1.93,23,29.5,1
2022,643217,545358,2.03,33,27.6,0
2022,656185,608348,1.98,39,28.3,0
2022,641943,519222,2.08,18,28.5,0
2022,542932,543228,1.97,28,29.5,0
2022,666182,542194,1.89,19,27.5,0
2022,641658,605131,2.06,17,29.4,0
2022,607208,553869,1.94,28,30.3,0
2023,642708,624431,1.99,18,29.4,0
2023,665926,624431,1.99,18,29.2,0
2023,621020,669127,1.9,68,28.4,0
2023,663656,663728,1.96,66,26.6,1
2023,669352,669127,1.9,68,30.2,0
2023,516782,641511,1.99,27,27.1,0
2023,665923,605170,2.06,31,29.6,0
2023,658668,542194,1.87,39,28.6,0
2023,663743,575929,1.93,34,27.6,1
2023,669392,680777,1.95,27,29.1,0
2023,608070,518735,2.08,69,27.8,0
2023,542194,663728,1.96,66,27.4,0
2023,663538,669221,1.9,53,28.5,0
2024,668930,543877,1.96,32,29.3,0
2024,671277,673237,1.97,73,27.2,0
2024,663457,665804,2.04,50,27.0,0
2023,665161,663728,1.96,66,29.4,1
2024,694384,608348,1.97,51,26.4,0
2024,605361,686780,1.93,39,27.4,0
2024,670156,668939,1.96,55,28.0,0
2024,660821,668939,1.96,55,27.2,0
2024,666134,663743,1.93,60,28.1,1
2024,694384,668670,1.93,30,26.4,0
2025,678246,595978,1.94,21,27.5,0
2025,669003,696100,1.95,45,29.0,0
2025,592885,686780,1.93,52,28.2,0
2025,802415,663743,1.93,48,29.6,0
2025,663656,700337,1.95,46,26.5,0
2025,669364,660688,2.0,42,28.3,1
2025,681460,543592,2.07,5,28.6,0
2025,681624,624431,2.0,47,28.1,1
2025,691718,672275,1.86,44,29.5,0
2025,805904,681351,2.0,50,28.7,0
2025,691176,694212,1.93,8,28.7,1
2021,664702,605244,1.94,7,29.3,1
2021,664702,669221,1.9,31,29.3,0
2021,645302,642336,1.94,17,28.3,0
2021,572816,553869,1.95,20,27.3,1
2021,547180,543592,2.01,18,27.8,1
2021,543807,600474,1.97,23,28.4,0
2022,641313,595978,1.95,39,28.4,0
2022,542303,543877,1.94,37,26.6,0
2022,606466,518595,1.99,36,27.0,0
2022,669450,592200,2.01,13,28.8,0
2022,666969,668939,1.93,24,27.9,0
2022,570731,571912,1.96,31,27.0,0
2022,624428,641680,1.99,46,26.8,0
2022,542932,664731,2.03,15,29.5,1
2022,672356,542194,1.89,19,28.0,0
2022,669743,621512,1.96,30,28.4,1
2023,643446,543592,1.97,28,27.4,0
2023,663837,643376,1.99,30,29.1,1
2023,624428,606992,1.99,15,26.5,0
2023,663538,660688,2.06,64,28.5,0
2023,641313,572287,2.04,33,27.2,0
2023,571912,543309,1.98,43,26.0,0
2023,666182,543510,2.01,25,27.1,1
2023,664023,542194,1.87,39,27.7,0
2023,592885,672386,1.98,48,28.1,0
2023,656582,672275,1.87,51,27.1,0
2023,679032,596142,1.9,24,29.5,0
2023,621438,571912,1.93,36,28.8,0
2023,677800,673237,1.9,35,26.7,1
2023,607208,661388,1.95,47,30.3,0
2023,665750,680777,1.95,27,29.1,0
2023,682626,664874,2.0,28,26.4,0
2023,657757,657136,1.92,60,26.5,0
2024,682998,553869,1.9,33,29.6,0
2024,668930,669134,1.97,25,29.3,0
2024,666176,543510,1.98,38,28.8,1
2024,664238,641680,1.98,70,28.0,0
2024,702358,668939,1.96,55,27.5,0
2024,608070,641680,1.98,70,28.2,0
2024,668715,666310,1.97,38,28.2,0
2024,656716,660688,2.06,57,28.4,0
2024,663538,686780,1.93,39,28.4,0
2024,608070,668939,1.96,55,28.2,0
2024,593160,642136,2.01,15,29.0,0
2024,687401,607732,1.96,44,28.7,0
2024,667670,673237,1.97,73,27.6,0
2024,669364,669257,1.94,57,28.4,0
2025,671289,606992,1.88,8,28.5,0
2025,669065,665561,1.88,24,27.1,1
2025,686217,669127,1.89,67,28.9,0
2025,682729,669127,1.89,67,29.4,0
2025,514888,680779,1.89,25,26.9,0
2025,676609,700337,1.95,46,28.3,1
2025,671277,663886,1.99,35,26.5,0
2025,691026,682663,1.99,53,28.4,0
2021,572816,457763,2.0,26,27.3,0
2021,621438,519390,2.09,18,28.6,0
2021,518692,592663,1.84,16,26.9,1
2021,605548,664874,2.04,13,29.4,0
2021,518792,425784,1.97,15,26.8,0
2021,669720,642336,1.94,17,27.3,0
2021,516782,596142,1.95,25,28.5,0
2021,660271,641680,1.99,25,28.8,0
2021,621439,672386,1.94,15,29.9,0
2022,609275,571466,1.99,38,27.8,0
2022,622682,543309,1.95,22,27.6,1
2022,641914,663698,1.97,22,26.4,0
2022,645277,592663,1.82,44,27.5,1
2022,669016,663728,1.99,47,28.8,0
2022,660670,669257,1.93,32,28.5,1
2022,664238,543592,2.01,36,28.3,1
2022,607208,642851,2.04,15,30.3,1
2022,570482,624431,1.99,29,25.8,0
2022,544725,592200,2.01,13,28.4,0
2023,664059,553869,1.93,51,29.2,0
2023,665487,543877,1.95,35,29.3,0
2023,664761,672386,1.98,48,26.6,0
2023,677951,663743,2.01,44,30.5,0
2023,514888,592200,1.99,13,26.9,0
2023,672515,543228,1.99,45,27.2,0
2023,666139,681351,2.09,20,28.7,0
2024,686217,518735,2.09,31,29.3,0
2024,660271,553869,1.9,33,28.1,0
2023,681082,672515,1.9,33,28.8,0
2024,571448,666163,1.92,47,25.3,0
2024,670770,661531,1.98,7,26.5,1
2024,680118,673237,1.97,73,29.6,0
2024,694192,571912,1.97,27,29.7,1
2024,608070,518735,2.09,31,28.2,0
2024,666139,672386,2.0,55,28.4,0
2025,516782,689414,2.0,38,26.6,0
2025,682998,542963,1.93,5,29.8,0
2025,691406,455117,1.98,31,26.7,0
2025,676609,455117,1.98,31,28.3,0
2025,673357,606992,1.88,8,29.0,0
2025,686555,605170,2.05,28,27.7,0
2025,656582,605170,2.05,28,27.0,0
2025,666149,689414,2.0,38,29.6,0
2025,694192,686948,1.95,63,29.2,1
2025,467793,672275,1.86,44,25.6,0
2025,681297,643376,2.0,60,27.4,0
2025,607043,606992,1.88,8,27.3,0
2025,666624,665966,1.92,63,28.0,0
2025,687363,689414,2.0,38,30.2,0
2025,643289,656180,1.93,35,28.0,0
2025,665487,620443,1.87,29,28.6,1
2025,683766,663698,1.99,39,29.1,0
2025,671277,682663,1.99,53,26.5,0
2025,691023,672275,1.86,44,28.7,0
2021,665742,425877,1.91,24,27.0,1
2021,641343,572287,1.95,28,27.4,0
2021,668731,545358,2.02,25,28.8,0
2021,501659,425877,1.91,24,27.8,1
2021,592626,444489,1.94,21,26.9,0
2021,668227,643376,1.94,12,28.7,1
2021,668731,680777,2.03,34,28.8,0
2021,672284,669221,1.9,31,27.2,1
2021,605548,669221,1.9,31,29.4,0
2021,456715,457763,2.0,26,28.7,0
2021,593643,595978,1.95,27,26.8,0
2021,666969,669221,1.9,31,28.4,0
2021,596103,518595,2.03,14,28.4,0
2022,607208,571466,1.99,38,30.3,0
2022,656541,521692,1.99,18,28.7,0
2022,677951,571466,1.99,38,30.3,0
2022,665750,669221,1.89,33,29.3,0
2022,516782,661388,1.97,18,28.0,0
2022,665926,643376,1.98,22,29.3,0
2022,650402,624512,1.97,34,26.9,1
2022,641584,660688,2.0,46,27.9,0
2022,641933,642020,1.9,11,29.7,0
2022,662139,553882,2.01,23,28.0,1
2022,664238,669004,1.97,20,28.3,1
2022,595909,571466,1.99,38,28.0,0
2023,516416,682626,1.94,57,27.4,0
2023,665923,571466,1.99,21,29.6,0
2023,643446,669221,1.9,53,27.4,0
2023,621493,673237,1.9,35,28.0,1
2023,593160,518595,1.97,39,28.8,0
2023,669394,606992,1.99,15,28.0,0
2023,677551,672386,1.98,48,27.5,0
2023,516782,592663,1.83,50,27.1,0
2023,677551,592663,1.83,50,27.5,0
2023,666134,673237,1.9,35,28.4,1
2023,669911,455117,1.93,55,28.0,1
2021,593643,595978,1.95,27,26.8,0
2023,669357,607732,1.97,41,26.5,0
2023,681082,672386,1.98,48,28.8,0
2023,677649,543877,1.95,35,29.1,0
2023,677592,668670,1.95,30,28.0,0
2023,673490,455117,1.93,55,28.5,0
2023,666149,664954,2.07,11,30.1,0
2024,665862,671056,1.99,28,28.6,0
2024,660821,671056,1.99,28,27.2,0
2024,595879,553882,2.04,18,27.5,0
2024,645277,663743,1.93,60,27.2,0
2024,682998,671056,1.99,28,29.6,0
2024,663624,668832,2.0,18,27.6,0
2024,593160,668670,1.93,30,29.0,0
2024,668930,553869,1.9,33,29.3,1
2024,680757,666163,1.92,47,27.1,0
2024,518692,608348,1.97,51,25.8,0
2024,663368,669221,1.95,39,29.6,0
2024,664040,575929,1.97,29,27.2,0
2024,665926,641680,1.98,70,28.9,0
2024,642715,571912,1.97,27,27.4,0
2024,682622,686780,1.93,39,28.8,0
2024,668930,682626,1.92,37,29.3,0
2025,670770,663698,1.99,39,26.7,0
2025,663968,665966,1.92,63,29.1,0
2025,665862,642136,2.0,38,27.6,0
2025,680779,690924,2.0,14,28.3,0
2025,678662,682663,1.99,53,27.6,1
2025,682663,620443,1.87,29,26.7,0
2021,663757,553882,2.0,47,28.8,0
2021,645302,506702,2.05,18,28.3,1
2021,642201,608596,2.04,26,30.4,0
2021,516782,457763,2.0,26,28.5,0
2021,666969,545358,2.02,25,28.4,0
2022,641355,605244,1.95,15,28.1,1
2022,668804,575929,1.93,23,28.2,1
2022,660670,605170,2.01,34,28.5,0
2022,665926,669221,1.89,33,29.3,1
2022,656775,669004,1.97,20,28.5,0
2022,596115,571466,1.99,38,28.4,0
2022,643396,669221,1.89,33,28.4,0
2022,641505,663698,1.97,22,28.1,0
2022,668731,596142,1.93,29,28.9,1
2022,666158,596142,1.93,29,28.8,0
2022,592518,669257,1.93,32,26.4,0
2023,641313,455117,1.93,55,27.2,0
2023,668843,668939,1.91,51,27.0,0
2023,668227,657136,1.92,60,28.4,1
2023,686894,672515,1.9,33,28.9,0
2023,642731,575929,1.93,34,28.1,0
2023,678225,642851,1.91,23,29.7,0
2023,670042,543309,1.98,43,28.8,0
2023,657077,592663,1.83,50,27.3,0
2023,669242,661388,1.95,47,28.8,0
2023,656305,642336,1.95,24,28.5,0
2023,643393,607732,1.97,41,26.2,0
2023,573262,660688,2.06,64,27.0,0
2023,543939,672386,1.98,48,26.7,0
2023,657136,543510,2.01,25,28.3,0
2024,608324,669224,1.98,45,26.7,0
2024,680776,663728,1.95,70,29.6,0
2024,516782,663886,2.02,64,27.1,0
2024,686668,669134,1.97,25,29.3,0
2024,686668,669134,1.97,25,29.3,0
2024,682928,663743,1.93,60,28.5,0
2024,677951,643376,1.99,38,30.5,0
2024,624413,665804,2.04,50,26.1,0
2024,545121,663743,1.93,60,26.7,1
2024,595777,607732,1.96,44,26.5,0
2024,672761,643376,1.99,38,28.2,1
2024,687401,543228,1.98,12,28.7,0
2024,681082,608348,1.97,51,29.1,0
2024,678882,672386,2.0,55,28.8,1
2024,624641,669127,1.91,70,29.2,1
2024,682729,681351,2.02,59,30.0,0
2024,641584,665804,2.04,50,28.3,0
2024,608070,665804,2.04,50,28.2,0
2024,668930,575929,1.97,29,29.3,1
2024,663457,663886,2.02,64,27.0,1
2025,665155,680777,1.98,34,25.3,1
2025,665833,642851,1.96,19,29.2,0
2025,670764,689414,2.0,38,28.2,0
2025,650489,693307,1.94,60,28.2,0
2025,682829,455117,1.98,31,29.1,0
2025,665489,657136,1.97,32,26.9,0
2025,687363,455117,1.98,31,30.2,0
2025,592518,682626,1.93,35,25.8,0
2025,647304,595978,1.94,21,24.4,0
2025,687363,663728,1.97,55,30.2,0
2025,681297,691019,1.96,31,27.4,0
2025,686668,672275,1.86,44,29.5,0
2021,664059,543877,1.98,43,29.4,0
2021,572041,663886,1.97,22,27.7,0
2021,664702,620443,2.0,9,29.3,0
2021,502481,553882,2.0,47,27.9,0
2021,592743,641470,2.02,30,26.2,0
2021,570256,444489,1.94,21,27.2,0
2021,571970,608348,1.98,21,26.7,1
2021,666915,608596,2.04,26,28.2,0
2022,640492,645444,1.94,11,29.4,1
2022,592518,645444,1.94,11,26.4,0
2022,516782,663698,1.97,22,28.0,0
2022,663647,553869,1.94,28,27.9,0
2022,643396,606992,1.95,29,28.4,0
2022,641914,669004,1.97,20,26.4,0
2022,607054,672386,1.99,27,28.5,0
2022,621020,657709,2.08,21,28.4,0
2022,670764,672515,1.92,14,28.8,0
2022,673490,596142,1.93,29,28.4,0
2023,673962,521692,1.98,26,26.8,0
2023,622761,669221,1.9,53,30.1,0
2023,665923,672515,1.9,33,29.6,0
2023,680757,542208,1.98,13,28.1,1
2023,621550,543309,1.98,43,27.7,0
2023,663656,657136,1.92,60,26.6,0
2023,665487,668800,2.01,33,29.3,0
2024,669289,455117,1.97,17,27.3,0
2024,660271,518595,1.98,37,28.1,0
2025,596103,592663,1.86,50,28.0,0
2025,682829,687221,1.93,15,29.1,0
2025,672569,641680,2.01,44,29.1,0
2025,680862,681508,1.98,14,27.5,0
2025,702332,663886,1.99,35,28.1,0
2021,642708,435559,1.99,26,29.5,0
2021,621563,595956,2.03,14,27.9,1
2021,643565,575929,1.91,37,27.2,1
2021,663647,624513,2.01,28,27.8,0
2021,645277,543510,2.01,35,28.4,1
2021,663757,553869,1.95,20,28.8,0
2021,650489,467092,2.01,12,28.7,0
2021,665926,608700,2.09,26,29.1,0
2022,502054,661388,1.97,18,27.9,0
2022,658668,543309,1.95,22,28.6,1
2022,664913,596142,1.93,29,27.8,0
2022,593871,542194,1.89,19,28.1,0
2022,596019,596117,1.91,17,27.6,0
2022,664702,624431,1.99,29,29.3,0
2022,605141,642851,2.04,15,27.4,0
2022,621563,641680,1.99,46,27.3,0
2022,663897,543228,1.97,28,28.7,1
2022,672695,605170,2.01,34,27.3,0
2022,622534,595978,1.95,39,27.9,0
2023,669242,643376,1.99,30,28.8,0
2023,666182,455117,1.93,55,27.1,1
2023,660271,543309,1.98,43,27.8,0
2023,669743,641511,1.99,27,28.8,0
2023,467793,643376,1.99,30,25.9,0
2023,668930,666165,2.0,21,29.4,0
2023,682928,682626,1.94,57,28.6,0
2023,622569,663728,1.96,66,27.9,1
2023,683011,664874,2.0,28,28.4,0
2023,665926,542208,1.98,13,29.2,0
2023,607054,672275,1.87,51,28.0,1
2023,663538,672386,1.98,48,28.5,0
2023,596115,650907,1.87,11,28.8,0
2023,677950,641680,1.97,57,28.8,0
2024,694192,665804,2.04,50,29.7,0
2024,682998,608348,1.97,51,29.6,1
2024,669707,665804,2.04,50,28.5,0
2024,665926,553869,1.9,33,28.9,0
2024,671277,663743,1.93,60,27.2,1
2024,514888,607732,1.96,44,27.1,0
2024,656537,661388,1.96,58,29.5,0
2024,657041,686780,1.93,39,29.3,1
2024,650333,663698,2.0,35,26.7,0
2024,596115,686676,1.85,46,28.1,1
2025,694671,663728,1.97,55,28.9,1
2025,608070,693307,1.94,60,28.4,0
2025,650489,689414,2.0,38,28.2,0
2025,671289,605170,2.05,28,28.5,0
2025,668930,682626,1.93,35,28.9,0
2025,502054,623168,1.92,38,27.2,0
2025,670541,686948,1.95,63,26.2,1
2025,691718,661388,1.96,46,29.5,0
2021,543257,595978,1.95,27,27.7,0
2021,642201,605170,2.02,28,30.4,1
2021,643393,467092,2.01,12,26.8,0
2021,621433,543309,1.94,28,28.5,1
2021,592444,543877,1.98,43,27.4,0
2021,592348,608700,2.09,26,28.5,0
2021,664056,444489,1.94,21,29.4,1
2021,456715,425877,1.91,24,28.7,0
2021,608671,669257,1.96,56,28.5,0
2021,656775,455117,1.96,32,28.5,0
2021,502054,624513,2.01,28,27.8,1
2021,543257,680777,2.03,34,27.7,0
2021,660271,608596,2.04,26,28.8,1
2021,541645,607732,2.03,29,28.6,0
2021,665489,608700,2.09,26,27.0,0
2021,641553,575929,1.91,37,29.7,0
2021,607208,543510,2.01,35,30.6,0
2021,605141,457763,2.0,26,27.2,1
2021,650859,624431,2.08,29,28.1,0
2021,596115,656180,1.98,13,28.6,1
2022,642350,645444,1.94,11,30.3,1
2022,605119,425877,2.05,19,27.5,0
2022,425877,608348,1.98,39,21.8,0
2022,578428,660688,2.0,46,28.4,0
2022,677951,455139,2.04,20,30.3,0
2022,665833,575929,1.93,23,29.9,0
2022,573262,605170,2.01,34,27.0,0
2022,664238,669127,1.93,14,28.3,0
2023,676116,682626,1.94,57,27.3,0
2023,663647,668800,2.01,33,27.1,1
2023,543807,518735,2.08,69,27.8,0
2023,607054,663728,1.96,66,28.0,0
2023,681546,543309,1.98,43,28.9,0
2023,622761,672275,1.87,51,30.1,0
2023,622761,643376,1.99,30,30.1,0
2023,607208,672515,1.9,33,30.3,0
2023,545350,543877,1.95,35,28.8,1
2023,595879,666023,1.93,27,28.1,0
2023,663538,664874,2.0,28,28.5,0
2023,641584,661388,1.95,47,28.0,1
2023,677951,553882,2.0,25,30.5,0
2023,677951,663728,1.96,66,30.5,0
2023,624641,575929,1.93,34,29.2,0
2024,682928,571912,1.97,27,28.5,0
2024,667670,663698,2.0,35,27.6,0
2024,680757,673237,1.97,73,27.1,1
2024,673548,518735,2.09,31,28.3,0
2024,643396,669127,1.91,70,27.8,1
2024,666134,663886,2.02,64,28.1,1
2024,691718,663886,2.02,64,30.0,0
2024,691718,686676,1.85,46,30.0,0
2024,645302,663698,2.0,35,27.8,0
2024,642201,691011,1.94,11,29.6,0
2025,692225,671056,2.0,6,27.2,0
2025,676801,686780,1.93,52,26.4,1
2025,669720,682663,1.99,53,27.6,0
2025,641355,553869,1.91,25,28.2,0
2025,666969,518595,2.0,33,27.0,0
2025,672640,661388,1.96,46,28.5,1
2025,668227,681351,2.0,50,27.7,0
2025,664059,663728,1.97,55,28.9,1
2025,687401,663698,1.99,39,28.7,0
2025,669743,666023,1.9,35,27.8,0
2025,663968,672275,1.86,44,29.1,0
2025,607208,656180,1.93,35,30.3,0
2025,663968,656180,1.93,35,29.1,1
2025,807712,553869,1.91,25,28.7,0
2025,664702,694212,1.93,8,29.4,0
2025,668885,669224,1.97,42,28.3,0
2021,596146,543877,1.98,43,27.4,0
2021,514888,620443,2.0,9,28.0,0
2021,518586,543309,1.94,28,28.1,0
2021,621453,624431,2.08,29,28.4,0
2021,516782,624513,2.01,28,28.5,0
2021,641313,656180,1.98,13,28.2,0
2021,660271,605244,1.94,7,28.8,0
2021,624431,669221,1.9,31,24.6,1
2021,543063,668800,2.0,13,25.8,0
2021,623205,595956,2.03,14,29.4,1
2021,502481,488771,1.97,11,27.9,1
2021,516782,641680,1.99,25,28.5,0
2021,606299,518595,2.03,14,27.6,0
2022,543760,595978,1.95,39,28.8,0
2022,669242,664731,2.03,15,28.7,0
2022,663611,605170,2.01,34,27.4,1
2022,643393,592200,2.01,13,26.3,0
2022,573262,661531,2.0,27,27.0,0
2022,668731,545358,2.03,33,28.9,0
2022,607208,595751,1.89,16,30.3,0
2022,608324,545358,2.03,33,26.6,1
2022,660162,606992,1.95,29,27.4,0
2022,596019,669127,1.93,14,27.6,1
2023,672284,572287,2.04,33,28.0,0
2023,680757,660688,2.06,64,28.1,0
2023,660670,455117,1.93,55,28.0,0
2023,677551,664874,2.0,28,27.5,0
2023,602104,666023,1.93,27,26.7,0
2023,665742,543877,1.95,35,26.8,0
2023,680911,642336,1.95,24,29.0,0
2023,670042,605131,2.01,29,28.8,0
2023,686823,596142,1.9,24,28.3,1
2023,663853,605131,2.01,29,29.3,0
2023,677649,596142,1.9,24,29.1,0
2023,682928,553882,2.0,25,28.6,0
2023,672356,606992,1.99,15,28.0,1
2023,666969,661388,1.95,47,27.3,0
2023,682617,669257,1.91,56,27.1,0
2024,682998,607732,1.96,44,29.6,0
2024,666310,624431,2.07,44,26.6,1
2024,678554,624431,2.07,44,26.9,0
2024,642180,571912,1.97,27,28.7,0
2024,642715,686780,1.93,39,27.4,0
2024,694388,669224,1.98,45,28.8,0
2024,682928,657136,1.95,46,28.5,1
2024,680869,669134,1.97,25,28.7,0
2024,664901,663743,1.93,60,26.5,0
2024,664238,657136,1.95,46,28.0,0
2024,606115,680777,1.93,40,25.6,0
2024,671218,680728,2.04,13,27.9,0
2024,678246,543309,2.02,44,28.6,0
2024,645302,641680,1.98,70,27.8,0
2025,664238,640902,1.93,13,27.7,1
2025,660271,608348,1.95,39,28.0,0
2025,682622,607732,2.0,36,29.0,1
2025,805367,605170,2.05,28,27.0,0
2025,671218,680777,1.98,34,27.5,1
2025,691718,663886,1.99,35,29.5,0
2025,682928,645444,2.0,25,28.2,0
2025,807713,686780,1.93,52,29.0,0
2025,677587,668670,1.95,20,27.0,1
2025,681624,673237,1.95,72,28.1,0
2025,677587,700337,1.95,46,27.0,1
2025,677942,669127,1.89,67,28.8,1
2025,673357,680777,1.98,34,29.0,0
2025,691723,700250,2.07,10,27.9,0
2021,660271,641470,2.02,30,28.8,0
2021,630105,607732,2.03,29,28.5,0
2021,660271,572287,1.95,28,28.8,0
2022,664238,572287,2.03,13,28.3,0
2022,664728,624512,1.97,34,28.0,0
2022,660644,624512,1.97,34,28.5,1
2022,680757,680777,1.98,25,28.4,0
2022,665833,660688,2.0,46,29.9,1
2022,624428,668663,2.05,8,26.8,0
2022,543760,669221,1.89,33,28.8,0
2024,664238,657136,1.95,46,28.0,0
2022,605353,543309,1.95,22,25.7,0
2022,642708,596142,1.93,29,29.4,0
2022,669003,642020,1.9,11,30.1,0
2023,683011,642336,1.95,24,28.4,0
2023,664913,605170,2.06,31,27.3,1
2023,502054,641511,1.99,27,27.8,0
2023,657557,663743,2.01,44,26.8,0
2023,571657,521692,1.98,26,26.5,1
2023,518692,596142,1.9,24,26.7,0
2023,663538,518595,1.97,39,28.5,0
2023,669720,553869,1.93,51,27.4,0
2023,666906,607732,1.97,41,28.1,1
2023,681082,596142,1.9,24,28.8,0
2023,677951,672386,1.98,48,30.5,0
2023,679845,666310,1.94,44,27.2,0
2023,665161,663728,1.96,66,29.4,1
2023,547180,672515,1.9,33,27.6,1
2024,676609,641680,1.98,70,28.3,0
2024,666149,686452,1.94,12,30.0,0
2024,571657,605131,2.0,27,25.9,0
2024,608070,518595,1.98,37,28.2,0
2024,669699,671056,1.99,28,27.8,0
2024,680776,663743,1.93,60,29.6,0
2024,650489,668670,1.93,30,27.9,1
2024,669004,575929,1.97,29,27.8,1
2024,664728,518735,2.09,31,27.9,0
2024,669003,682626,1.92,37,29.5,1
2025,687597,643376,2.0,60,28.7,0
2025,663898,680777,1.98,34,26.4,1
2025,656775,665966,1.92,63,28.4,0
2025,671739,680777,1.98,34,28.5,0
2025,664023,696100,1.95,45,27.4,0
2025,672580,642851,1.96,19,27.9,0
2025,694374,696100,1.95,45,28.2,0
2025,672695,663743,1.93,48,27.2,0
2025,669369,641680,2.01,44,28.5,0
2025,663538,665966,1.92,63,28.6,0
2025,500743,656577,1.9,18,25.9,0
2025,645302,673237,1.95,72,28.1,1
2025,691023,608348,1.95,39,28.7,0
2025,668227,687221,1.93,15,27.7,0
2021,593871,444489,1.94,21,27.9,1
2021,606132,457763,2.0,26,28.3,0
2021,595281,545358,2.02,25,29.2,0
2021,660670,425877,1.91,24,29.4,0
2021,621433,608596,2.04,26,28.5,0
2021,571976,669257,1.96,56,28.3,0
2021,645277,543510,2.01,35,28.4,0
2021,542454,572287,1.95,28,27.9,0
2021,542454,572287,1.95,28,27.9,0
2021,657041,518595,2.03,14,29.0,1
2021,650402,595978,1.95,27,27.0,1
2022,642201,669004,1.97,20,30.0,0
2022,663656,680777,1.98,25,26.7,0
2022,608070,521692,1.99,18,28.5,0
2022,650402,545358,2.03,33,26.9,1
2022,621020,605131,2.06,17,28.4,1
2022,660670,621512,1.96,30,28.5,0
2022,669352,664874,1.97,14,30.3,0
2022,624431,425877,2.05,19,25.1,1
2022,462101,571912,1.96,31,26.1,0
2022,682928,661388,1.97,18,29.0,0
2022,514917,621512,1.96,30,28.3,0
2023,516782,660688,2.06,64,27.1,0
2023,664056,672386,1.98,48,28.8,0
2023,624415,543510,2.01,25,28.3,1
2023,665923,518595,1.97,39,29.6,0
2023,682998,661388,1.95,47,30.1,0
2023,664761,642336,1.95,24,26.6,0
2023,671739,666310,1.94,44,28.8,0
2023,572233,682626,1.94,57,26.4,0
2023,672580,656024,1.99,12,28.2,0
2023,542932,553882,2.0,25,29.3,0
2023,682998,672275,1.87,51,30.1,0
2023,592206,682626,1.94,57,27.2,0
2023,514888,641680,1.97,57,26.9,0
2024,595281,663728,1.95,70,28.7,0
2024,596117,671056,1.99,28,28.0,0
2024,647351,605170,2.02,35,27.9,0
2024,680118,663728,1.95,70,29.6,1
2024,671218,669257,1.94,57,27.9,0
2024,681082,641680,1.98,70,29.1,0
2024,678882,666163,1.92,47,28.8,0
2024,647351,666163,1.92,47,27.9,0
2024,681082,671056,1.99,28,29.1,0
2024,665161,680777,1.93,40,29.8,0
2024,682928,672515,1.89,26,28.5,1
2024,657041,543309,2.02,44,29.3,0
2024,676391,669224,1.98,45,28.4,0
2024,669701,680777,1.93,40,27.6,0
2024,641355,661531,1.98,7,28.4,0
2024,656716,642020,1.97,15,28.4,0
2024,663662,668670,1.93,30,28.4,0
2024,608070,669257,1.94,57,28.2,0
2024,668930,596117,1.88,22,29.3,0
2024,694192,620443,1.87,19,29.7,0
2025,672580,669224,1.97,42,27.9,1
2025,677951,693307,1.94,60,30.2,1
2025,672580,643376,2.0,60,27.9,0
2025,665750,660688,2.0,42,28.8,1
2025,643396,605170,2.05,28,27.4,0
2025,807713,650968,2.0,24,29.0,0
2025,645302,673237,1.95,72,28.1,0
2021,666182,435559,1.99,26,28.0,0
2021,543760,572287,1.95,28,28.6,0
2021,452678,506702,2.05,18,25.0,0
2021,592444,521692,1.97,28,27.4,1
2021,542932,595284,1.94,15,29.9,0
2021,670764,518735,2.06,29,28.6,1
2021,621453,608348,1.98,21,28.4,0
2021,663662,425877,1.91,24,28.2,0
2021,621563,643376,1.94,12,27.9,0
2021,425877,641598,2.03,15,22.7,0
2021,666176,624512,1.97,14,29.9,1
2021,660634,545358,2.02,25,26.9,0
2021,602104,596142,1.95,25,27.0,1
2021,592325,455139,2.0,8,27.8,1
2021,641487,521692,1.97,28,27.5,1
2022,607054,425877,2.05,19,28.5,0
2022,622761,624431,1.99,29,30.1,0
2022,546318,592200,2.01,13,27.0,0
2022,595879,641680,1.99,46,27.9,0
2022,650559,621512,1.96,30,27.8,0
2022,543305,672386,1.99,27,27.9,0
2022,592885,672386,1.99,27,28.1,0
2022,665161,669221,1.89,33,29.4,0
2022,664983,543592,2.01,36,30.1,0
2022,543760,543877,1.94,37,28.8,0
2022,664059,595751,1.89,16,28.9,0
2023,662139,542194,1.87,39,28.1,0
2023,686823,660688,2.06,64,28.3,0
2023,663743,543228,1.99,45,27.6,0
2023,650489,672386,1.98,48,28.6,0
2023,668709,592663,1.83,50,27.2,0
2023,608324,592200,1.99,13,26.3,0
2023,624428,455117,1.93,55,26.5,0
2023,680757,672275,1.87,51,28.1,0
2023,682829,608348,1.96,23,30.5,0
2023,666181,668800,2.01,33,28.8,0
2024,662139,624431,2.07,44,28.5,0
2024,624503,660688,2.06,57,27.7,0
2024,657077,661388,1.96,58,26.7,1
2024,680977,680779,1.87,10,27.0,0
2024,657088,668670,1.93,30,28.8,1
2024,669003,592663,1.85,39,29.5,0
2025,694362,669087,1.98,11,29.7,0
2025,677587,656180,1.93,35,27.0,0
2025,665161,643376,2.0,60,29.6,0
2025,681351,700250,2.07,10,27.3,1
2025,665742,661388,1.96,46,25.8,0
2025,607208,553869,1.91,25,30.3,0
2025,669364,624431,2.0,47,28.3,0
2025,678882,642136,2.0,38,29.1,0
2025,691176,663743,1.93,48,28.7,0
2025,624428,657136,1.97,32,26.6,1
2025,677951,657136,1.97,32,30.2,0
2025,665742,686948,1.95,63,25.8,0
2021,663993,643376,1.94,12,27.3,0
2021,518792,518595,2.03,14,26.8,0
2021,594838,669257,1.96,56,29.1,1
2021,665487,553882,2.0,47,29.2,0
2021,660271,641598,2.03,15,28.8,0
2021,542364,553882,2.0,47,27.5,0
2022,518692,543592,2.01,36,26.9,0
2022,664702,543592,2.01,36,29.3,0
2022,608070,543592,2.01,36,28.5,0
2022,677951,596142,1.93,29,30.3,0
2022,666624,518735,2.09,29,28.8,0
2022,677594,435559,2.07,16,29.7,0
2022,571448,592663,1.82,44,25.5,1
2022,663656,669221,1.89,33,26.7,0
2022,642350,455139,2.04,20,30.3,0
2022,545121,642020,1.9,11,27.1,1
2022,516782,553869,1.94,28,28.0,1
2022,642708,592200,2.01,13,29.4,0
2022,662139,663698,1.97,22,28.0,0
2022,543807,624512,1.97,34,28.3,0
2022,657041,592663,1.82,44,29.4,1
2023,656305,575929,1.93,34,28.5,1
2023,663656,680777,1.95,27,26.6,0
2023,677951,518735,2.08,69,30.5,0
2023,664774,605170,2.06,31,26.0,0
2023,493329,596142,1.9,24,27.2,0
2023,592273,666023,1.93,27,26.9,1
2023,656537,596142,1.9,24,29.7,0
2023,660670,571912,1.93,36,28.0,0
2023,462101,543228,1.99,45,26.5,0
2023,670156,672515,1.9,33,28.6,1
2023,673490,455117,1.93,55,28.5,0
2024,673548,663728,1.95,70,28.3,1
2024,595978,669127,1.91,70,25.3,0
2024,671739,543309,2.02,44,28.3,0
2024,683002,673237,1.97,73,28.9,0
2024,671277,607732,1.96,44,27.2,0
2024,673490,641680,1.98,70,28.3,0
2024,669364,663886,2.02,64,28.4,0
2024,664238,681351,2.02,59,28.0,0
2024,673490,543510,1.98,38,28.3,0
2024,679032,660688,2.06,57,30.1,0
2024,666185,680728,2.04,13,27.3,0
2024,666152,543510,1.98,38,29.4,0
2024,642708,663698,2.0,35,29.0,0
2024,676356,669257,1.94,57,29.8,1
2024,680757,680779,1.87,10,27.1,1
2024,670764,657136,1.95,46,27.8,1
2025,663457,665561,1.88,24,27.0,0
2025,660844,665966,1.92,63,27.8,0
2025,672580,696100,1.95,45,27.9,1
2025,700242,673237,1.95,72,28.4,0
2025,669397,665966,1.92,63,27.4,1
2025,666152,661388,1.96,46,29.3,0
2025,687263,663728,1.97,55,28.1,0
2025,694497,680777,1.98,34,29.0,0
2025,514888,682663,1.99,53,26.9,0
2025,595777,682626,1.93,35,26.3,0
2025,665862,681508,1.98,14,27.6,0
2025,701350,673237,1.95,72,27.8,0
2025,691176,686780,1.93,52,28.7,1
2025,680757,686948,1.95,63,27.3,0
2025,650859,608348,1.95,39,27.0,0
2025,677951,681351,2.0,50,30.2,1
2025,678894,656577,1.9,18,29.2,0
2021,643446,608348,1.98,21,27.0,0
2021,593871,641680,1.99,25,27.9,0
2021,669720,656180,1.98,13,27.3,0
2021,607054,607732,2.03,29,28.1,0
2021,663624,572287,1.95,28,28.0,0
2021,592178,669221,1.9,31,27.9,0
2022,541645,518595,1.99,36,28.3,0
2022,596115,572287,2.03,13,28.4,0
2022,543305,672386,1.99,27,27.9,1
2022,608671,518595,1.99,36,29.1,0
2022,500743,553869,1.94,28,26.4,0
2022,669242,663743,1.93,23,28.7,0
2022,666185,663743,1.93,23,28.1,0
2022,621006,663728,1.99,47,28.8,0
2022,622761,542194,1.89,19,30.1,1
2022,595879,518735,2.09,29,27.9,0
2022,572233,642851,2.04,15,26.6,0
2023,663656,518735,2.08,69,26.6,0
2023,673490,543228,1.99,45,28.5,0
2023,669289,664874,2.0,28,26.9,0
2023,650490,669221,1.9,53,26.6,1
2023,596019,596142,1.9,24,28.1,0
2023,678225,575929,1.93,34,29.7,0
2023,643217,680777,1.95,27,27.3,1
2024,681082,669221,1.95,39,29.1,0
2024,677594,624512,1.98,16,29.6,0
2024,669127,608348,1.97,51,27.8,1
2024,641857,686676,1.85,46,25.9,0
2024,686681,669224,1.98,45,26.8,0
2024,605141,663743,1.93,60,26.7,0
2025,664983,669224,1.97,42,29.9,0
2025,805367,665966,1.92,63,27.0,0
2025,672569,641598,2.04,23,29.1,0
2025,641598,681351,2.0,50,26.0,0
2025,663656,607732,2.0,36,26.5,0
2025,622761,700337,1.95,46,29.3,0
2025,694192,543877,1.94,39,29.2,0
2025,669701,673237,1.95,72,27.5,0
2025,608070,656577,1.9,18,28.4,1
2025,664056,665966,1.92,63,28.8,0
2025,664770,661388,1.96,46,27.3,1
2025,621439,665861,1.93,6,30.2,0
2025,660821,665861,1.93,6,27.0,0
2025,689200,665861,1.93,6,29.0,1
2021,665742,669257,1.96,56,27.0,1
2021,607208,575929,1.91,37,30.6,0
2021,668731,595978,1.95,27,28.8,0
2021,542364,425877,1.91,24,27.5,0
2021,664702,606992,1.94,21,29.3,0
2021,592885,605131,2.06,21,28.3,0
2022,656775,543877,1.94,37,28.5,1
2022,660670,592200,2.01,13,28.5,0
2022,680776,571466,1.99,38,29.2,0
2022,592206,543592,2.01,36,27.7,0
2022,573262,664874,1.97,14,27.0,0
2022,650859,668939,1.93,24,27.9,0
2022,663837,595284,1.99,8,29.5,0
2022,572041,596142,1.93,29,27.8,0
2022,664059,571466,1.99,38,28.9,0
2023,682998,669257,1.91,56,30.1,0
2023,642715,543592,1.97,28,27.6,0
2023,665923,455117,1.93,55,29.6,0
2023,664056,571466,1.99,21,28.8,0
2023,676609,518735,2.08,69,29.0,1
2023,605141,666310,1.94,44,27.2,0
2024,676609,641680,1.98,70,28.3,0
2024,668930,663698,2.0,35,29.3,0
2024,502054,624431,2.07,44,27.2,0
2024,672279,663886,2.02,64,28.3,0
2024,592518,663743,1.93,60,25.8,0
2024,664023,686780,1.93,39,27.9,0
2024,668930,663886,2.02,64,29.3,0
2024,680977,518595,1.98,37,27.0,0
2024,646240,624431,2.07,44,26.5,0
2024,669261,596117,1.88,22,28.3,0
2024,642350,663886,2.02,64,29.9,0
2024,660271,673237,1.97,73,28.1,0
2024,671277,686780,1.93,39,27.2,0
2024,682177,543510,1.98,38,28.3,1
2024,671218,660688,2.06,57,27.9,0
2024,681460,693307,1.94,8,29.1,0
2024,682998,672275,1.85,58,29.6,1
2025,642201,455117,1.98,31,29.9,0
2025,514888,620443,1.87,29,26.9,1
2025,680574,641680,2.01,44,29.2,0
2025,518692,607732,2.0,36,25.6,1
2025,664040,669224,1.97,42,26.9,0
2025,642731,682663,1.99,53,27.8,1
2025,687952,693307,1.94,60,27.5,1
2025,687401,671056,2.0,6,28.7,0
2025,663656,680779,1.89,25,26.5,0
2025,677594,521692,1.93,17,29.2,0
2025,665833,645444,2.0,25,29.2,0
2025,669236,608348,1.95,39,27.6,1
2025,514888,669224,1.97,42,26.9,0
2025,665742,592663,1.86,50,25.8,0
2025,663897,608348,1.95,39,28.4,0
2021,592518,553869,1.95,20,26.4,0
2021,641343,575929,1.91,37,27.4,1
2021,665487,455117,1.96,32,29.2,0
2021,592518,669257,1.96,56,26.4,0
2021,666969,435559,1.99,26,28.4,0
2021,621453,608348,1.98,21,28.4,0
2022,669289,543877,1.94,37,27.0,0
2022,666158,664850,2.05,7,28.8,0
2022,623520,669257,1.93,32,26.6,0
2022,645302,518595,1.99,36,28.8,0
2022,668227,521692,1.99,18,28.8,0
2023,683011,543877,1.95,35,28.4,0
2023,663538,605131,2.01,29,28.5,0
2023,686668,572287,2.04,33,29.9,0
2023,663611,668939,1.91,51,28.0,0
2023,641584,543592,1.97,28,28.0,0
2023,608701,643376,1.99,30,27.1,0
2023,595879,666023,1.93,27,28.1,0
2023,678662,543510,2.01,25,28.1,0
2023,668731,595956,1.97,30,29.0,0
2024,669699,608348,1.97,51,27.8,1
2024,660670,553882,2.04,18,27.7,0
2024,666624,553882,2.04,18,27.3,0
2024,641584,672275,1.85,58,28.3,0
2024,667452,624512,1.98,16,28.5,0
2024,672279,663743,1.93,60,28.3,0
2024,595281,624512,1.98,16,28.7,0
2024,571448,663743,1.93,60,25.3,0
2024,592885,665804,2.04,50,28.5,0
2024,663616,663728,1.95,70,26.3,0
2024,665161,645305,1.96,18,29.8,0
2024,656413,669221,1.95,39,29.1,0
2024,683737,661388,1.96,58,27.3,0
2024,677951,642020,1.97,15,30.5,0
2024,666176,672386,2.0,55,28.8,1
2024,681082,518595,1.98,37,29.1,0
2025,808982,663728,1.97,55,28.2,0
2025,663647,660688,2.0,42,27.2,0
2025,808975,663743,1.93,48,28.7,0
2025,657077,663886,1.99,35,26.1,0
2025,502671,553869,1.91,25,26.1,0
2025,691718,682626,1.93,35,29.5,1
2025,666185,657136,1.97,32,27.6,1
2025,677594,605170,2.05,28,29.2,0
2025,672580,686780,1.93,52,27.9,0
2025,666152,518595,2.0,33,29.3,1
2025,665742,663886,1.99,35,25.8,0
2025,572233,663728,1.97,55,26.2,0
2025,664238,605170,2.05,28,27.7,0
2025,673490,607732,2.0,36,27.6,0
2025,664728,700337,1.95,46,27.8,1
2024,670032,608348,1.97,51,27.1,1
2025,656775,553869,1.91,25,28.4,0
2025,807713,682626,1.93,35,29.0,0
2021,643396,672386,1.94,15,28.0,0
2021,623912,641470,2.02,30,28.6,0
2021,596115,605170,2.02,28,28.6,0
2021,542364,669257,1.96,56,27.5,0
2021,623912,642336,1.94,17,28.6,0
2021,593160,543309,1.94,28,28.6,0
2021,592206,660688,2.09,6,27.6,0
2022,669242,621512,1.96,30,28.7,0
2022,645277,605170,2.01,34,27.5,1
2022,660644,571466,1.99,38,28.5,1
2022,607208,624512,1.97,34,30.3,0
2022,669016,668939,1.93,24,28.8,0
2022,663757,663698,1.97,22,28.8,0
2022,669397,621512,1.96,30,27.7,0
2023,500743,661388,1.95,47,26.4,0
2023,666139,605131,2.01,29,28.7,0
2023,686668,657136,1.92,60,29.9,1
2023,663757,660688,2.06,64,27.7,0
2023,680776,669127,1.9,68,29.5,0
2023,621545,666310,1.94,44,28.4,1
2023,663647,543228,1.99,45,27.1,1
2024,664056,669257,1.94,57,28.2,1
2024,621493,592663,1.85,39,26.8,1
2024,643289,608348,1.97,51,27.3,1
2024,701538,605131,2.0,27,28.5,0
2024,642715,672386,2.0,55,27.4,0
2024,687401,672386,2.0,55,28.7,0
2024,676801,668939,1.96,55,28.7,0
2024,502054,607732,1.96,44,27.2,1
2024,686668,686676,1.85,46,29.3,0
2024,665862,686676,1.85,46,28.6,0
2025,621439,673237,1.95,72,30.2,0
2025,671739,689414,2.0,38,28.5,1
2025,681082,608348,1.95,39,28.8,0
2025,596019,650968,2.0,24,27.4,0
2025,673357,605170,2.05,28,29.0,0
2025,665019,663728,1.97,55,27.9,1
2025,683002,681351,2.0,50,28.5,0
2025,691718,641598,2.04,23,29.5,1
2025,677649,596142,1.91,9,28.8,0
2025,596019,669224,1.97,42,27.4,0
2025,518692,673237,1.95,72,25.6,0
2025,694497,455117,1.98,31,29.0,0
2025,681082,553869,1.91,25,28.8,0
2025,691026,686948,1.95,63,28.4,0
2025,802415,650968,2.0,24,29.6,0
2025,621439,691019,1.96,31,30.2,0
2025,665877,643376,2.0,60,27.1,0
2025,650333,608348,1.95,39,26.5,0
2021,595777,605131,2.06,21,26.2,0
2021,542340,572287,1.95,28,27.3,0
2021,666135,425784,1.97,15,27.4,1
2021,663662,608596,2.04,26,28.2,0
2021,501571,605131,2.06,21,28.2,1
2021,605548,624431,2.08,29,29.4,0
2021,596115,519390,2.09,18,28.6,0
2021,593160,600474,1.97,23,28.6,0
2021,669242,669257,1.96,56,28.9,0
2021,663656,518735,2.06,29,27.4,0
2022,606192,624431,1.99,29,28.6,0
2022,656582,663698,1.97,22,26.8,0
2022,656775,543309,1.95,22,28.5,0
2022,665862,663698,1.97,22,29.3,0
2022,668227,624512,1.97,34,28.8,0
2022,592273,621512,1.96,30,27.0,0
2022,641857,605131,2.06,17,25.8,0
2022,666969,663728,1.99,47,27.9,1
2022,642165,608348,1.98,39,26.1,0
2022,676369,668939,1.93,24,28.2,0
2022,608841,518595,1.99,36,25.8,0
2022,622761,455117,1.92,40,30.1,0
2023,660271,624512,1.98,21,27.8,1
2023,665489,518735,2.08,69,26.4,0
2023,673962,669127,1.9,68,26.8,1
2023,500743,624431,1.99,18,26.4,1
2023,680757,455117,1.93,55,28.1,0
2023,677951,668670,1.95,30,30.5,0
2023,605141,455117,1.93,55,27.2,0
2023,668709,673237,1.9,35,27.2,0
2023,669016,595956,1.97,30,28.6,1
2023,680869,672275,1.87,51,29.0,0
2023,643396,605170,2.06,31,27.7,0
2023,663611,664874,2.0,28,28.0,0
2023,656775,624512,1.98,21,28.0,0
2023,676801,669134,1.97,10,28.2,0
2023,663538,664874,2.0,28,28.5,0
2024,623912,624431,2.07,44,28.0,0
2024,680474,673237,1.97,73,27.8,0
2024,516782,592663,1.85,39,27.1,0
2024,600869,607732,1.96,44,27.4,0
2024,514888,642136,2.01,15,27.1,0
2024,642350,521692,2.01,24,29.9,0
2024,645277,672275,1.85,58,27.2,0
2024,691026,542194,1.9,29,28.8,1
2024,695578,669224,1.98,45,28.7,0
2024,592192,543309,2.02,44,27.8,0
2025,542932,669257,1.94,53,28.3,0
2025,691718,700337,1.95,46,29.5,0
2025,677800,608348,1.95,39,27.6,1
2025,668930,682663,1.99,53,28.9,0
2025,663656,700337,1.95,46,26.5,1
2025,669364,686948,1.95,63,28.3,0
2025,669326,543309,2.03,45,29.9,0
2025,669707,669127,1.89,67,28.8,0
2021,641680,521692,1.97,28,26.0,0
2021,593160,467092,2.01,12,28.6,0
2021,545350,605131,2.06,21,28.8,0
2021,665742,592663,1.84,16,27.0,0
2021,641531,641470,2.02,30,28.2,1
2021,643396,435559,1.99,26,28.0,1
2021,650490,664874,2.04,13,26.6,1
2021,502671,543510,2.01,35,26.3,0
2021,641933,543510,2.01,35,29.6,0
2022,641355,596117,1.91,17,28.1,0
2022,592663,605170,2.01,34,28.7,0
2022,444482,672386,1.99,27,27.5,1
2022,677551,571912,1.96,31,27.8,0
2023,592450,592663,1.83,50,26.7,0
2023,543063,668800,2.01,33,25.8,0
2023,663697,682626,1.94,57,27.8,1
2023,642731,672515,1.9,33,28.1,0
2023,663853,521692,1.98,26,29.3,0
2023,673490,663743,2.01,44,28.5,0
2023,571657,455117,1.93,55,26.5,0
2023,672695,661388,1.95,47,27.2,0
2023,686668,606992,1.99,15,29.9,0
2023,669127,518735,2.08,69,28.4,0
2023,641584,660688,2.06,64,28.0,0
2023,664056,660688,2.06,64,28.8,0
2023,663538,571912,1.93,36,28.5,0
2023,672284,691016,1.97,8,28.0,1
2023,547180,518595,1.97,39,27.6,0
2024,669016,571912,1.97,27,28.2,0
2024,670032,518595,1.98,37,27.1,1
2024,671289,686676,1.85,46,28.2,0
2024,665862,644433,1.92,9,28.6,0
2024,592696,668939,1.96,55,27.3,0
2024,676694,669127,1.91,70,28.9,0
2024,595777,663886,2.02,64,26.5,1
2024,622534,660688,2.06,57,27.5,0
2024,607680,663728,1.95,70,28.4,1
2024,600869,608348,1.97,51,27.4,0
2024,596019,553869,1.9,33,27.6,0
2024,672640,668939,1.96,55,28.7,0
2024,670242,686676,1.85,46,27.5,0
2024,663662,596142,1.96,20,28.4,0
2024,687263,672386,2.0,55,28.2,0
2024,672279,663728,1.95,70,28.3,0
2024,676609,666310,1.97,38,28.3,0
2024,664774,543510,1.98,38,25.2,0
2024,592626,543309,2.02,44,25.5,0
2024,686611,592663,1.85,39,29.3,0
2025,668930,669127,1.89,67,28.9,0
2025,686611,690924,2.0,14,29.0,0
2025,673357,661388,1.96,46,29.0,0
2025,687401,700337,1.95,46,28.7,0
2025,607208,686780,1.93,52,30.3,0
2025,673357,624431,2.0,47,29.0,0
2025,656976,686948,1.95,63,26.3,0
2025,805367,693307,1.94,60,27.0,1
2025,666152,518595,2.0,33,29.3,0
2025,691176,681351,2.0,50,28.7,0
2025,672695,691019,1.96,31,27.2,0
2025,665487,672275,1.86,44,28.6,0
2025,672761,673237,1.95,72,27.8,1
2025,671056,663886,1.99,35,26.3,0
2025,543309,682663,1.99,53,25.1,1
2025,682663,543309,2.03,45,26.7,0
2021,606213,624431,2.08,29,26.4,1
2021,624641,641470,2.02,30,29.7,0
2021,542364,593590,1.9,7,27.5,0
2021,592885,663886,1.97,22,28.3,0
2021,650489,521692,1.97,28,28.7,1
2021,605113,669257,1.96,56,27.8,0
2021,643418,669221,1.9,31,26.5,0
2021,622534,543877,1.98,43,28.6,0
2021,614177,664874,2.04,13,26.1,0
2021,621020,663886,1.97,22,28.3,0
2021,656305,435559,1.99,26,28.1,1
2022,516782,660688,2.0,46,28.0,1
2022,665862,425877,2.05,19,29.3,0
2022,642731,553869,1.94,28,28.2,0
2022,547180,663728,1.99,47,27.6,0
2022,542303,543592,2.01,36,26.6,0
2022,624428,669221,1.89,33,26.8,1
2022,666801,661531,2.0,27,27.4,0
2022,443558,553882,2.01,23,25.5,0
2022,622761,624512,1.97,34,30.1,0
2022,462101,435559,2.07,16,26.1,0
2023,663624,624431,1.99,18,28.2,0
2023,658668,543877,1.95,35,28.6,0
2023,518692,605170,2.06,31,26.7,0
2023,682998,596117,1.87,18,30.1,0
2023,664983,553869,1.93,51,30.0,0
2023,656941,606992,1.99,15,25.0,1
2023,658668,543510,2.01,25,28.6,1
2023,650859,518735,2.08,69,27.4,1
2023,677951,592663,1.83,50,30.5,0
2023,679032,660688,2.06,64,29.5,1
2023,542364,665804,1.98,17,27.2,0
2023,622569,666023,1.93,27,27.9,1
2023,677950,669134,1.97,10,28.8,0
2023,605141,663743,2.01,44,27.2,0
2023,571657,542194,1.87,39,26.5,1
2023,666134,680777,1.95,27,28.4,0
2024,666149,663743,1.93,60,30.0,0
2024,687263,595978,1.94,19,28.2,0
2024,621493,595978,1.94,19,26.8,1
2024,657041,608348,1.97,51,29.3,0
2024,665833,656577,1.96,26,28.8,0
2024,657041,682626,1.92,37,29.3,0
2024,665750,686676,1.85,46,28.5,1
2024,657041,669134,1.97,25,29.3,1
2024,624585,605131,2.0,27,26.9,0
2024,668930,669257,1.94,57,29.3,0
2024,664238,693307,1.94,8,28.0,0
2024,663697,661531,1.98,7,28.0,0
2024,642715,575929,1.97,29,27.4,1
2024,663616,672386,2.0,55,26.3,1
2024,669364,596117,1.88,22,28.4,0
2024,686452,518735,2.09,31,28.3,0
2024,502671,663698,2.0,35,26.3,0
2024,665862,595978,1.94,19,28.6,0
2025,650402,669257,1.94,53,26.2,0
2025,593428,686948,1.95,63,27.6,0
2025,641584,669087,1.98,11,28.4,0
2025,669911,661388,1.96,46,27.0,0
2025,641598,673237,1.95,72,26.0,0
2025,643396,656180,1.93,35,27.4,0
2025,673962,669087,1.98,11,26.6,0
2025,686611,665561,1.88,24,29.0,0
2025,682928,595978,1.94,21,28.2,1
2025,543807,663728,1.97,55,28.0,0
2025,665833,624431,2.0,47,29.2,0
2025,672580,672275,1.86,44,27.9,1
2025,514888,643376,2.0,60,26.9,0
2025,657041,663886,1.99,35,29.3,0
2025,664068,700250,2.07,10,28.3,0
2025,656716,642851,1.96,19,28.3,0
2025,669364,455117,1.98,31,28.3,0
2025,694671,669127,1.89,67,28.9,1
2025,672569,543309,2.03,45,29.1,1
2025,666023,686948,1.95,63,27.0,0
2025,691026,669257,1.94,53,28.4,0
2025,669364,595978,1.94,21,28.3,0
2025,668904,543309,2.03,45,26.8,1
2021,462101,641598,2.03,15,26.7,0
2021,621035,608596,2.04,26,28.8,0
2021,606192,669221,1.9,31,28.5,0
2021,643565,607732,2.03,29,27.2,0
2021,665750,624513,2.01,28,29.7,0
2021,642851,672386,1.94,15,25.1,0
2021,642350,518595,2.03,14,30.2,0
2022,641658,669257,1.93,32,29.4,0
2022,646240,663728,1.99,47,25.6,0
2022,543760,669221,1.89,33,28.8,0
2022,519203,621512,1.96,30,25.5,1
2022,666801,519222,2.08,18,27.4,0
2022,502054,542194,1.89,19,27.9,1
2022,592450,621512,1.96,30,27.3,1
2022,608701,641680,1.99,46,27.1,0
2022,608070,596142,1.93,29,28.5,0
2023,660670,543592,1.97,28,28.0,0
2023,670042,669127,1.9,68,28.8,1
2023,593160,455117,1.93,55,28.8,1
2023,666182,624512,1.98,21,27.1,0
2023,592885,521692,1.98,26,28.1,0
2023,516782,543228,1.99,45,27.1,0
2023,663757,607732,1.97,41,27.7,0
2023,680911,663886,2.01,36,29.0,0
2023,622534,641680,1.97,57,28.3,1
2023,664056,668939,1.91,51,28.8,0
2023,676609,608348,1.96,23,29.0,0
2023,679032,660688,2.06,64,29.5,0
2023,681546,608348,1.96,23,28.9,0
2023,687799,518735,2.08,69,28.9,0
2023,596019,641680,1.97,57,28.1,0
2023,673548,672515,1.9,33,28.5,1
2023,592206,575929,1.93,34,27.2,0
2023,682928,543510,2.01,25,28.6,0
2024,686217,668939,1.96,55,29.3,1
2024,676059,521692,2.01,24,29.0,0
2024,668715,681351,2.02,59,28.2,0
2024,669261,665804,2.04,50,28.3,0
2024,683011,543309,2.02,44,28.6,0
2024,671739,657136,1.95,46,28.3,1
2024,663538,672275,1.85,58,28.4,0
2024,671289,543510,1.98,38,28.2,1
2024,663368,641680,1.98,70,29.6,0
2024,663697,518735,2.09,31,28.0,0
2024,673490,641680,1.98,70,28.3,0
2024,660766,661388,1.96,58,26.7,0
2024,502671,680777,1.93,40,26.3,0
2024,668804,660688,2.06,57,28.0,0
2024,702616,657136,1.95,46,29.4,0
2025,702616,642136,2.0,38,28.6,0
2025,670770,696100,1.95,45,26.7,0
2025,669127,641598,2.04,23,28.6,0
2025,518692,681351,2.0,50,25.6,0
2025,650859,669127,1.89,67,27.0,0
2025,670242,700337,1.95,46,26.8,1
2021,595751,572287,1.95,28,28.3,0
2021,608336,521692,1.97,28,27.4,0
2021,641933,607732,2.03,29,29.6,0
2021,598265,607732,2.03,29,27.2,0
2021,660271,624513,2.01,28,28.8,0
2021,665862,663886,1.97,22,29.1,0
2021,641487,455117,1.96,32,27.5,1
2022,621563,596117,1.91,17,27.3,0
2022,666182,663728,1.99,47,27.5,0
2022,664056,621512,1.96,30,29.1,0
2022,608070,680777,1.98,25,28.5,0
2022,668942,661531,2.0,27,27.3,0
2022,592450,669004,1.97,20,27.3,0
2022,664702,606992,1.95,29,29.3,0
2022,664702,606992,1.95,29,29.3,0
2022,664728,608348,1.98,39,28.0,0
2022,673548,643376,1.98,22,28.3,1
2022,669701,592200,2.01,13,28.2,1
2022,664983,455117,1.92,40,30.1,0
2023,664874,666165,2.0,21,26.4,0
2023,666165,669257,1.91,56,27.4,0
2023,672580,669127,1.9,68,28.2,0
2023,663697,664874,2.0,28,27.8,0
2023,547180,672515,1.9,33,27.6,1
2023,663697,605170,2.06,31,27.8,0
2023,666181,575929,1.93,34,28.8,1
2023,641505,657136,1.92,60,28.9,1
2023,663538,543309,1.98,43,28.5,1
2023,664057,641680,1.97,57,29.2,0
2023,668901,663886,2.01,36,26.3,0
2023,657656,668670,1.95,30,27.9,0
2023,596117,682626,1.94,57,28.1,0
2023,646240,543510,2.01,25,26.0,0
2024,680757,669127,1.91,70,27.1,0
2024,682829,553882,2.04,18,30.0,0
2024,668930,543309,2.02,44,29.3,0
2024,621493,650907,1.94,8,26.8,0
2024,681082,681351,2.02,59,29.1,0
2024,630105,543228,1.98,12,27.7,0
2024,677951,596142,1.96,20,30.5,0
2024,672356,681351,2.02,59,27.4,0
2024,656941,592200,2.0,31,25.8,0
2024,665833,605131,2.0,27,28.8,0
2024,640492,682626,1.92,37,29.0,0
2024,682829,553869,1.9,33,30.0,0
2024,608671,673237,1.97,73,28.5,0
2024,673357,521692,2.01,24,28.8,0
2024,687231,642020,1.97,15,27.5,1
2024,641584,686780,1.93,39,28.3,0
2024,641355,595978,1.94,19,28.4,0
2024,680869,661388,1.96,58,28.7,0
2024,680869,608348,1.97,51,28.7,0
2024,543309,669257,1.94,57,25.4,0
2024,663368,682626,1.92,37,29.6,0
2025,669701,666163,1.96,19,27.5,0
2025,665926,668939,1.94,29,28.0,0
2025,665742,650968,2.0,24,25.8,0
2025,687263,641598,2.04,23,28.1,1
2025,666152,686948,1.95,63,29.3,0
2025,694192,592663,1.86,50,29.2,0
2025,676694,518595,2.0,33,28.2,1
2025,682928,661388,1.96,46,28.2,0
2025,630105,645444,2.0,25,28.1,1
2025,660271,650968,2.0,24,28.0,0
2025,701675,663743,1.93,48,28.7,0
2025,543807,680777,1.98,34,28.0,0
2021,665487,669257,1.96,56,29.2,0
2021,593871,595978,1.95,27,27.9,0
2021,543257,595978,1.95,27,27.7,0
2021,462101,455117,1.96,32,26.7,0
2021,647351,488771,1.97,11,28.1,0
2021,650489,467092,2.01,12,28.7,1
2021,641355,553882,2.0,47,28.0,0
2021,592669,455117,1.96,32,27.2,0
2022,668227,543309,1.95,22,28.8,1
2022,643217,435559,2.07,16,27.6,0
2022,669701,621512,1.96,30,28.2,1
2022,660670,660688,2.0,46,28.5,1
2022,621450,663698,1.97,22,27.8,0
2022,668731,571912,1.96,31,28.9,0
2022,608070,663728,1.99,47,28.5,1
2022,669003,553869,1.94,28,30.1,0
2023,518692,668800,2.01,33,26.7,0
2021,462101,455117,1.96,32,26.7,0
2023,592885,668939,1.91,51,28.1,0
2023,600869,455117,1.93,55,27.5,1
2023,660271,506702,1.96,11,27.8,0
2023,661388,682626,1.94,57,26.5,0
2023,683146,672275,1.87,51,27.3,0
2023,669392,682626,1.94,57,29.1,0
2023,677551,666310,1.94,44,27.5,0
2023,663757,608348,1.96,23,27.7,0
2023,683002,686676,1.91,17,28.8,0
2023,671221,686676,1.91,17,28.7,0
2023,642731,665804,1.98,17,28.1,1
2023,681082,669221,1.9,53,28.8,0
2024,605361,592663,1.85,39,27.4,1
2024,691026,455117,1.97,17,28.8,0
2024,680700,624431,2.07,44,27.9,0
2024,622761,664874,1.97,10,29.9,0
2024,676694,607732,1.96,44,28.9,0
2024,657041,543309,2.02,44,29.3,1
2024,682829,660688,2.06,57,30.0,0
2024,682928,668939,1.96,55,28.5,0
2024,686611,521692,2.01,24,29.3,0
2025,665052,620443,1.87,29,27.6,1
2025,678882,666163,1.96,19,29.1,0
2025,660271,607732,2.0,36,28.0,0
2025,656775,660688,2.0,42,28.4,0
2025,810938,518595,2.0,33,28.1,0
2025,663837,642136,2.0,38,27.7,0
2025,650333,656180,1.93,35,26.5,1
2025,621438,672275,1.86,44,29.3,0
2025,683146,693307,1.94,60,27.0,0
2025,657656,694212,1.93,8,27.8,0
2023,669392,682626,1.94,57,29.1,0
2021,664040,624512,1.97,14,27.6,0
2021,670712,641680,1.99,25,27.9,0
2021,641658,605170,2.02,28,29.8,0
2021,641680,669221,1.9,31,26.0,0
2021,606132,605170,2.02,28,28.3,0
2021,546990,575929,1.91,37,29.6,0
2021,605141,457763,2.0,26,27.2,0
2022,641914,596142,1.93,29,26.4,1
2022,640458,596142,1.93,29,28.4,0
2022,666211,668939,1.93,24,26.8,1
2022,516782,641680,1.99,46,28.0,0
2022,663837,519222,2.08,18,29.5,0
2022,443558,518595,1.99,36,25.5,0
2022,669352,663743,1.93,23,30.3,0
2023,645302,682626,1.94,57,28.0,0
2023,650859,669127,1.9,68,27.4,0
2023,493329,669221,1.9,53,27.2,0
2023,642731,673237,1.9,35,28.1,1
2023,669352,542208,1.98,13,30.2,0
2023,666139,657136,1.92,60,28.7,0
2023,572191,595956,1.97,30,28.7,0
2023,643217,668670,1.95,30,27.3,0
2023,663457,607732,1.97,41,27.8,0
2023,664056,455117,1.93,55,28.8,0
2023,670770,663743,2.01,44,28.3,0
2023,678662,672515,1.9,33,28.1,0
2024,676609,681351,2.02,59,28.3,0
2024,680776,669127,1.91,70,29.6,0
2024,656775,661531,1.98,7,28.3,0
2023,641680,455117,1.93,55,25.8,0
2024,621493,693307,1.94,8,26.8,0
2024,694192,672515,1.89,26,29.7,0
2024,657136,543877,1.96,32,28.4,0
2025,671732,543309,2.03,45,26.9,0
2025,805367,663728,1.97,55,27.0,0
2025,663538,663886,1.99,35,28.6,0
2025,701358,680779,1.89,25,29.3,0
2025,607208,668800,2.0,13,30.3,0
2025,686555,669257,1.94,53,27.7,0
2025,687263,669257,1.94,53,28.1,1
2025,687363,696100,1.95,45,30.2,0
2025,682641,661388,1.96,46,27.4,0
2025,669707,665966,1.92,63,28.8,1
2025,686611,686948,1.95,63,29.0,0
2021,578428,624431,2.08,29,28.2,0
2021,643396,608700,2.09,26,28.0,0
2021,656669,435559,1.99,26,27.5,1
2021,592859,641598,2.03,15,27.2,0
2021,657077,455117,1.96,32,27.0,0
2021,571980,553882,2.0,47,27.7,1
2021,641857,444489,1.94,21,26.2,0
2021,621438,543510,2.01,35,28.6,0
2021,592885,663886,1.97,22,28.3,0
2021,669242,641598,2.03,15,28.9,0
2021,642180,595956,2.03,14,29.1,0
2021,543939,543510,2.01,35,26.8,0
2021,663662,518735,2.06,29,28.2,0
2022,666915,545358,2.03,33,28.2,0
2022,593160,669221,1.89,33,28.6,0
2022,621439,543592,2.01,36,29.1,0
2022,500743,621512,1.96,30,26.4,0
2022,665833,605170,2.01,34,29.9,1
2022,596748,592663,1.82,44,25.5,0
2022,608070,672386,1.99,27,28.5,1
2022,666182,641680,1.99,46,27.5,1
2022,664983,553869,1.94,28,30.1,0
2022,571976,669257,1.93,32,28.2,0
2023,677551,668939,1.91,51,27.5,0
2023,668804,663728,1.96,66,27.8,0
2023,621028,669257,1.91,56,28.0,0
2023,671739,606992,1.99,15,28.8,0
2023,593428,572287,2.04,33,27.6,0
2023,518692,518735,2.08,69,26.7,0
2023,666134,669127,1.9,68,28.4,0
2023,686681,543877,1.95,35,27.3,0
2023,665489,543228,1.99,45,26.4,1
2023,553869,518735,2.08,69,25.0,0
2023,660670,669257,1.91,56,28.0,0
2023,663457,641511,1.99,27,27.8,0
2023,660271,669127,1.9,68,27.8,0
2023,680700,664954,2.07,11,28.0,0
2024,677649,665804,2.04,50,28.8,0
2024,660271,543309,2.02,44,28.1,0
2024,677587,605170,2.02,35,26.8,1
2024,668227,624431,2.07,44,28.1,0
2024,672279,669221,1.95,39,28.3,0
2024,660271,543309,2.02,44,28.1,0
2024,669364,669134,1.97,25,28.4,0
2024,678225,669257,1.94,57,29.0,0
2024,596019,668939,1.96,55,27.6,0
2024,687263,669257,1.94,57,28.2,0
2024,682668,592663,1.85,39,29.5,1
2025,573262,680777,1.98,34,26.9,0
2025,669364,642136,2.0,38,28.3,1
2025,676694,681351,2.0,50,28.2,0
2025,802415,669127,1.89,67,29.6,0
2025,681624,672275,1.86,44,28.1,0
2025,691718,656180,1.93,35,29.5,0
2021,516782,572287,1.95,28,28.5,0
2021,467793,606988,1.96,9,25.0,0
2021,527038,641680,1.99,25,24.6,0
2021,592192,435559,1.99,26,27.8,0
2021,663837,457763,2.0,26,29.1,0
2021,622110,664874,2.04,13,26.4,0
2021,621035,518595,2.03,14,28.8,0
2022,641658,663698,1.97,22,29.4,1
2022,664056,621512,1.96,30,29.1,0
2022,669261,661531,2.0,27,28.6,0
2022,514888,521692,1.99,18,28.1,0
2022,677950,518595,1.99,36,29.3,1
2022,642423,643376,1.98,22,29.5,0
2022,542932,543228,1.97,28,29.5,0
2022,669352,571912,1.96,31,30.3,0
2022,664056,455139,2.04,20,29.1,1
2023,677950,543592,1.97,28,28.8,0
2023,643396,572287,2.04,33,27.7,0
2023,670770,506702,1.96,11,28.3,0
2023,606992,668800,2.01,33,28.0,0
2023,666160,595956,1.97,30,28.6,0
2023,624413,672386,1.98,48,26.0,0
2023,663853,606992,1.99,15,29.3,0
2023,457759,543309,1.98,43,25.2,0
2023,667452,641680,1.97,57,28.4,0
2023,621035,596142,1.9,24,28.3,0
2023,607208,518595,1.97,39,30.3,0
2024,518692,672275,1.85,58,25.8,0
2024,641343,543877,1.96,32,27.2,1
2024,678882,680779,1.87,10,28.8,0
2024,678225,644433,1.92,9,29.0,0
2024,643289,668832,2.0,18,27.3,0
2024,607043,592200,2.0,31,28.0,0
2024,662139,669127,1.91,70,28.5,0
2024,686668,671056,1.99,28,29.3,0
2024,572191,680777,1.93,40,28.5,0
2024,663837,681351,2.02,59,28.8,1
2024,670042,668939,1.96,55,28.9,0
2024,608070,608348,1.97,51,28.2,0
2024,666158,543510,1.98,38,27.7,0
2024,673548,669257,1.94,57,28.3,0
2024,676113,669127,1.91,70,27.8,1
2024,677588,663743,1.93,60,28.1,0
2025,657557,669257,1.94,53,26.5,0
2025,702616,680777,1.98,34,28.6,1
2025,668715,521692,1.93,17,28.0,1
2025,663968,641680,2.01,44,29.1,0
2025,676694,608348,1.95,39,28.2,0
2025,695506,645444,2.0,25,26.8,0
2025,663968,543877,1.94,39,29.1,1
2025,683011,592663,1.86,50,28.3,0
2025,696285,668800,2.0,13,29.3,0
2025,657557,668800,2.0,13,26.5,0
2025,607043,689414,2.0,38,27.3,0
2021,664761,518595,2.03,14,27.7,0
2021,641658,457763,2.0,26,29.8,1
2021,592348,521692,1.97,28,28.5,1
2021,592518,605131,2.06,21,26.4,0
2021,643396,641470,2.02,30,28.0,0
2021,643217,595978,1.95,27,27.6,0
2021,621550,605170,2.02,28,28.1,0
2021,664702,543877,1.98,43,29.3,0
2021,665487,425784,1.97,15,29.2,0
2021,673451,553882,2.0,47,28.0,1
2021,663656,669257,1.96,56,27.4,0
2021,669242,519390,2.09,18,28.9,0
2021,680911,545358,2.02,25,29.1,0
2021,657041,518595,2.03,14,29.0,0
2022,607208,518595,1.99,36,30.3,0
2022,656976,425877,2.05,19,26.6,0
2022,676646,518595,1.99,36,25.4,1
2022,663757,575929,1.93,23,28.8,0
2022,662139,642851,2.04,15,28.0,0
2022,514888,545358,2.03,33,28.1,0
2022,543807,596117,1.91,17,28.3,0
2022,546318,661388,1.97,18,27.0,0
2022,623912,624431,1.99,29,28.1,1
2022,542932,543592,2.01,36,29.5,0
2022,646240,624431,1.99,29,25.6,0
2022,545121,668939,1.93,24,27.1,0
2023,677551,624512,1.98,21,27.5,0
2023,680911,553869,1.93,51,29.0,1
2023,640458,669257,1.91,56,28.0,1
2023,670042,669127,1.9,68,28.8,0
2023,681082,608348,1.96,23,28.8,0
2023,657041,575929,1.93,34,29.3,1
2023,665923,666310,1.94,44,29.6,0
2023,624414,543877,1.95,35,27.7,1
2023,660670,607732,1.97,41,28.0,0
2023,643393,518735,2.08,69,26.2,0
2023,670042,521692,1.98,26,28.8,0
2023,673548,657136,1.92,60,28.5,0
2023,666139,553869,1.93,51,28.7,0
2023,670770,543228,1.99,45,28.3,1
2023,677951,595956,1.97,30,30.5,1
2023,665926,668939,1.91,51,29.2,1
2024,663656,543228,1.98,12,26.0,0
2024,665487,553869,1.9,33,28.4,1
2024,665487,665804,2.04,50,28.4,0
2024,683002,656577,1.96,26,28.9,0
2024,673548,592200,2.0,31,28.3,0
2024,665750,666163,1.92,47,28.5,1
2024,681082,518595,1.98,37,29.1,0
2024,694671,673237,1.97,73,29.8,0
2024,680700,672386,2.0,55,27.9,0
2024,665862,668939,1.96,55,28.6,0
2024,670764,680728,2.04,13,27.8,0
2024,665833,663886,2.02,64,28.8,0
2024,670042,641680,1.98,70,28.9,0
2024,694377,671056,1.99,28,28.9,0
2025,664238,624431,2.0,47,27.7,0
2025,624428,663886,1.99,35,26.6,1
2025,663647,663743,1.93,48,27.2,0
2025,666134,624431,2.0,47,27.6,1
2025,669369,669257,1.94,53,28.5,0
2025,666134,673237,1.95,72,27.6,0
2025,672695,595978,1.94,21,27.2,0
2025,672356,645444,2.0,25,27.0,0
2025,680574,518595,2.0,33,29.2,1
2025,682829,620443,1.87,29,29.1,1
2025,668885,669224,1.97,42,28.3,0
2021,503556,600474,1.97,23,26.8,0
2021,592696,543309,1.94,28,27.4,0
2021,630105,669257,1.96,56,28.5,0
2021,663993,666163,1.92,8,27.3,0
2021,502671,553882,2.0,47,26.3,0
2021,668731,620443,2.0,9,28.8,0
2021,643565,608348,1.98,21,27.2,1
2021,596115,593590,1.9,7,28.6,0
2021,596059,543877,1.98,43,26.8,1
2021,642180,664874,2.04,13,29.1,0
2021,640457,606992,1.94,21,27.5,0
2022,670768,553869,1.94,28,28.2,0
2022,665926,543877,1.94,37,29.3,0
2022,671739,519222,2.08,18,29.4,0
2023,669289,542194,1.87,39,26.9,1
2023,655316,542208,1.98,13,28.0,0
2023,608070,592663,1.83,50,27.8,0
2023,594777,672386,1.98,48,25.0,1
2023,656669,606992,1.99,15,27.6,0
2023,500743,672515,1.9,33,26.4,1
2023,663550,681807,1.92,8,28.4,0
2023,665926,672275,1.87,51,29.2,0
2024,666176,666163,1.92,47,28.8,1
2024,682998,665804,2.04,50,29.6,0
2024,665487,661388,1.96,58,28.4,0
2024,650489,669224,1.98,45,27.9,0
2024,664034,669224,1.98,45,25.1,1
2024,514888,543877,1.96,32,27.1,1
2024,622761,669221,1.95,39,29.9,0
2024,605131,672515,1.89,26,25.8,0
2024,680869,681351,2.02,59,28.7,0
2024,681460,663728,1.95,70,29.1,0
2024,676356,668832,2.0,18,29.8,0
2024,656716,542194,1.9,29,28.4,0
2024,666969,518735,2.09,31,26.8,0
2024,671289,680779,1.87,10,28.2,0
2024,669016,661388,1.96,58,28.2,0
2024,605141,607732,1.96,44,26.7,0
2024,671277,665804,2.04,50,27.2,1
2025,670042,673237,1.95,72,28.7,0
2025,665833,656180,1.93,35,29.2,0
2025,669364,700337,1.95,46,28.3,1
2025,691718,682626,1.93,35,29.5,0
2025,686668,592663,1.86,50,29.5,0
2025,676609,605170,2.05,28,28.3,0
2025,543760,650968,2.0,24,28.5,0
2025,686217,592663,1.86,50,28.9,0
2025,695578,693307,1.94,60,27.8,0
2025,687363,686452,1.89,6,30.2,0
2025,672569,543309,2.03,45,29.1,0
2025,666139,681351,2.0,50,28.1,0
2025,666971,696100,1.95,45,27.1,0
2025,547180,663728,1.97,55,27.0,0
2025,701358,518595,2.0,33,29.3,0
2025,650859,681508,1.98,14,27.0,0
2021,641658,608348,1.98,21,29.8,0
2021,666182,543309,1.94,28,28.0,0
2021,624503,641680,1.99,25,27.8,0
2021,673490,553882,2.0,47,28.4,0
2021,543877,624512,1.97,14,25.2,0
2021,542340,672386,1.94,15,27.3,1
2021,650402,543877,1.98,43,27.0,0
2021,669257,605170,2.02,28,27.7,0
2021,643396,641470,2.02,30,28.0,0
2021,444876,624513,2.01,28,27.5,0
2022,596019,660688,2.0,46,27.6,0
2022,593871,624512,1.97,34,28.1,1
2022,606132,455117,1.92,40,28.2,0
2022,614173,663728,1.99,47,28.6,0
2022,673357,669087,2.0,11,27.9,0
2022,592626,669257,1.93,32,26.0,0
2022,676632,553882,2.01,23,27.9,0
2022,650333,545358,2.03,33,26.9,0
2022,656716,553882,2.01,23,28.3,0
2022,677951,571466,1.99,38,30.3,1
2022,608070,518735,2.09,29,28.5,0
2022,650402,595978,1.95,39,26.9,0
2023,518934,542194,1.87,39,25.7,1
2023,678225,661388,1.95,47,29.7,0
2023,595281,664874,2.0,28,28.8,0
2023,663837,669127,1.9,68,29.1,0
2023,663757,592663,1.83,50,27.7,0
2023,595281,669134,1.97,10,28.8,0
2023,664702,663886,2.01,36,29.2,0
2023,676116,686676,1.91,17,27.3,0
2023,547180,607732,1.97,41,27.6,0
2023,664059,455117,1.93,55,29.2,0
2024,664238,543228,1.98,12,28.0,0
2024,665750,518595,1.98,37,28.5,0
2024,605141,621512,1.93,27,26.7,0
2024,681082,669134,1.97,25,29.1,0
2024,670770,672515,1.89,26,26.5,0
2024,666139,543228,1.98,12,28.4,0
2024,683011,669221,1.95,39,28.6,1
2024,690993,686676,1.85,46,27.7,0
2024,666624,672275,1.85,58,27.3,1
2024,593160,665804,2.04,50,29.0,0
2024,518595,543309,2.02,44,25.7,0
2024,682829,666163,1.92,47,30.0,0
2024,592206,660688,2.06,57,27.4,0
2024,660766,592663,1.85,39,26.7,1
2025,671221,595978,1.94,21,27.6,1
2025,663457,665561,1.88,24,27.0,0
2025,663697,663886,1.99,35,28.2,1
2025,668227,681351,2.0,50,27.7,0
2025,672640,643376,2.0,60,28.5,0
2025,668227,543309,2.03,45,27.7,0
2025,608070,691019,1.96,31,28.4,0
2025,665833,693307,1.94,60,29.2,0
2025,642201,672275,1.86,44,29.9,0
2025,667670,641598,2.04,23,27.5,0
2025,682622,665561,1.88,24,29.0,1
2021,596019,608348,1.98,21,27.8,0
2021,608070,664874,2.04,13,28.1,0
2021,660271,595978,1.95,27,28.8,0
2021,592325,518735,2.06,29,27.8,0
2021,666158,624513,2.01,28,29.1,0
2022,656775,545358,2.03,33,28.5,0
2022,670712,661388,1.97,18,27.7,0
2022,680977,621512,1.96,30,27.2,0
2022,462101,669087,2.0,11,26.1,0
2022,542194,624431,1.99,29,28.1,1
2022,543281,455117,1.92,40,27.1,1
2022,664238,660688,2.0,46,28.3,0
2022,663743,642336,1.95,24,27.8,1
2022,671739,553869,1.94,28,29.4,0
2022,666182,668939,1.93,24,27.5,0
2022,664728,606992,1.95,29,28.0,1
2022,663656,608348,1.98,39,26.7,0
2023,681987,641680,1.97,57,29.5,0
2023,663538,663728,1.96,66,28.5,0
2023,575929,661388,1.95,47,26.7,0
2023,666181,605170,2.06,31,28.8,0
2023,668843,624431,1.99,18,27.0,0
2023,669222,661388,1.95,47,28.3,1
2023,606466,663886,2.01,36,27.7,1
2023,677800,543510,2.01,25,26.7,0
2023,669242,571912,1.93,36,28.8,0
2024,687263,657136,1.95,46,28.2,0
2024,671277,669257,1.94,57,27.2,0
2024,660271,663743,1.93,60,28.1,0
2024,641658,656577,1.96,26,29.8,0
2024,592669,656577,1.96,26,26.7,0
2024,664761,608348,1.97,51,26.3,0
2024,641487,543877,1.96,32,26.8,0
2024,673357,680777,1.93,40,28.8,0
2024,650402,668939,1.96,55,26.6,1
2024,676356,669224,1.98,45,29.8,1
2024,605141,661388,1.96,58,26.7,0
2024,683002,691011,1.94,11,28.9,0
2024,671732,608348,1.97,51,27.6,0
2024,682829,686780,1.93,39,30.0,1
2024,682998,641680,1.98,70,29.6,0
2025,678882,686780,1.93,52,29.1,0
2025,682829,650968,2.0,24,29.1,0
2025,673357,661388,1.96,46,29.0,0
2025,694362,686948,1.95,63,29.7,1
2025,682829,595978,1.94,21,29.1,0
2025,660688,668939,1.94,29,24.5,1
2025,660821,455117,1.98,31,27.0,1
2025,668942,668939,1.94,29,26.2,0
2025,681624,656180,1.93,35,28.1,1
2025,656941,686948,1.95,63,25.9,0
2025,679529,663728,1.97,55,26.7,1
2025,608070,691019,1.96,31,28.4,0
2025,682657,691019,1.96,31,27.7,0
2025,668904,623168,1.92,38,26.8,0
2025,681393,682626,1.93,35,28.8,0
2025,608070,641680,2.01,44,28.4,0
2021,543281,608348,1.98,21,26.8,1
2021,665742,572287,1.95,28,27.0,0
2021,664058,596142,1.95,25,27.6,0
2021,664058,624431,2.08,29,27.6,0
2021,657077,467092,2.01,12,27.0,0
2021,546318,608348,1.98,21,27.3,0
2021,621011,607732,2.03,29,27.1,0
2021,570731,518735,2.06,29,27.0,0
2022,672284,680777,1.98,25,27.3,0
2022,663586,605131,2.06,17,27.8,0
2022,670032,518735,2.09,29,27.7,0
2022,516782,596117,1.91,17,28.0,0
2022,660670,661531,2.0,27,28.5,0
2022,624413,553882,2.01,23,25.7,1
2022,680977,543228,1.97,28,27.2,1
2022,668227,672515,1.92,14,28.8,0
2022,624414,643376,1.98,22,27.8,0
2022,547180,595284,1.99,8,27.6,1
2022,622761,669221,1.89,33,30.1,0
2022,607208,663698,1.97,22,30.3,0
2022,514888,669087,2.0,11,28.1,0
2022,608070,596142,1.93,29,28.5,0
2022,670242,518735,2.09,29,28.3,0
2022,668731,663728,1.99,47,28.9,1
2023,657136,572287,2.04,33,28.3,0
2023,664702,657136,1.92,60,29.2,0
2023,677951,680777,1.95,27,30.5,0
2023,622534,518735,2.08,69,28.3,0
2023,664056,592200,1.99,13,28.8,0
2023,669289,668939,1.91,51,26.9,0
2023,676059,592200,1.99,13,28.9,1
2023,682928,553869,1.93,51,28.6,0
2023,673490,553869,1.93,51,28.5,0
2023,666181,681351,2.09,20,28.8,0
2023,663611,668670,1.95,30,28.0,0
2023,660670,553869,1.93,51,28.0,0
2023,676609,669127,1.9,68,29.0,0
2023,596019,607732,1.97,41,28.1,0
2023,678009,669127,1.9,68,29.0,0
2023,671221,673237,1.9,35,28.7,1
2024,650391,543877,1.96,32,25.2,0
2024,656716,669224,1.98,45,28.4,0
2024,665750,553869,1.9,33,28.5,0
2024,679032,672275,1.85,58,30.1,1
2024,669357,518595,1.98,37,26.2,0
2024,665862,666023,1.88,23,28.6,1
2024,660271,661388,1.96,58,28.1,0
2023,657136,572287,2.04,33,28.3,0
2024,657136,641680,1.98,70,28.4,0
2024,676609,686780,1.93,39,28.3,0
2024,677951,666310,1.97,38,30.5,0
2024,578428,592663,1.85,39,28.6,1
2025,677587,521692,1.93,17,27.0,1
2025,527038,592663,1.86,50,24.5,0
2025,628451,455117,1.98,31,27.5,0
2025,624428,518595,2.0,33,26.6,0
2025,666181,700337,1.95,46,29.3,0
2025,672356,606992,1.88,8,27.0,1
2025,676694,663728,1.97,55,28.2,1
2025,677951,680777,1.98,34,30.2,0
2025,686555,663698,1.99,39,27.7,1
2025,666182,543877,1.94,39,26.1,1
2025,665862,665966,1.92,63,27.6,0
2025,621035,663728,1.97,55,27.8,0
2025,656716,608348,1.95,39,28.3,0
2025,665742,686948,1.95,63,25.8,0
2025,605137,553869,1.91,25,25.2,1
2025,669707,623168,1.92,38,28.8,0
2025,543807,680777,1.98,34,28.0,0
2025,669707,669257,1.94,53,28.8,0
2025,660821,686948,1.95,63,27.0,0
2025,571448,672275,1.86,44,25.5,0
2021,456781,605170,2.02,28,26.1,0
2021,598265,506702,2.05,18,27.2,1
2021,621563,435559,1.99,26,27.9,0
2021,642086,593590,1.9,7,26.3,1
2021,571788,669221,1.9,31,26.2,0
2021,668731,680777,2.03,34,28.8,0
2022,642731,543592,2.01,36,28.2,0
2022,596019,592200,2.01,13,27.6,1
2022,656541,645444,1.94,11,28.7,0
2022,624503,595978,1.95,39,27.8,0
2022,677594,668939,1.93,24,29.7,0
2022,624428,455117,1.92,40,26.8,0
2022,645302,608348,1.98,39,28.8,0
2022,650333,571466,1.99,38,26.9,1
2022,669304,571466,1.99,38,26.2,0
2022,542932,641680,1.99,46,29.5,0
2023,664040,672386,1.98,48,27.3,0
2023,686668,669221,1.9,53,29.9,0
2023,608671,455117,1.93,55,29.0,0
2023,622761,624512,1.98,21,30.1,0
2024,671289,668832,2.0,18,28.2,0
2024,696285,672275,1.85,58,29.7,0
2024,624512,672275,1.85,58,25.5,0
2024,670042,605170,2.02,35,28.9,0
2024,543807,669127,1.91,70,28.1,0
2024,701538,672515,1.89,26,28.5,0
2024,650859,673237,1.97,73,26.9,0
2024,672279,663743,1.93,60,28.3,0
2024,663538,672275,1.85,58,28.4,0
2024,592885,663698,2.0,35,28.5,0
2024,641355,543510,1.98,38,28.4,0
2024,656555,571912,1.97,27,25.3,0
2024,543685,660688,2.06,57,26.8,0
2024,667452,542194,1.9,29,28.5,1
2024,660271,575929,1.97,29,28.1,0
2024,687363,596142,1.96,20,30.0,0
2024,681082,518595,1.98,37,29.1,0
2024,608671,624431,2.07,44,28.5,0
2024,608070,666023,1.88,23,28.2,1
2025,621035,592663,1.86,50,27.8,1
2025,686475,668939,1.94,29,28.9,0
2025,682829,682663,1.99,53,29.1,0
2025,670156,665966,1.92,63,28.5,1
2025,621438,592663,1.86,50,29.3,0
2025,669364,642136,2.0,38,28.3,0
2025,596115,682626,1.93,35,28.6,0
2025,677951,686780,1.93,52,30.2,0
2025,607208,518595,2.0,33,30.3,0
2025,686452,455117,1.98,31,27.4,0
2025,687551,666023,1.9,35,27.7,0
2025,664983,641680,2.01,44,29.9,0
2025,808975,696100,1.95,45,28.7,0
2025,642215,521692,1.93,17,28.1,0
2025,691176,640902,1.93,13,28.7,0
2025,642715,686780,1.93,52,28.0,1
2021,571976,457763,2.0,26,28.3,0
2021,657656,605131,2.06,21,27.6,0
2021,656775,543309,1.94,28,28.5,0
2021,592626,595978,1.95,27,26.9,1
2021,516782,595978,1.95,27,28.5,0
2021,462101,595978,1.95,27,26.7,0
2022,462101,680777,1.98,25,26.1,0
2022,665926,672386,1.99,27,29.3,0
2022,665862,661531,2.0,27,29.3,0
2022,641598,642336,1.95,24,26.4,0
2022,621020,669221,1.89,33,28.4,1
2022,664702,669087,2.0,11,29.3,0
2022,608703,608348,1.98,39,27.4,0
2022,621439,435559,2.07,16,29.1,0
2022,500743,661388,1.97,18,26.4,0
2022,666182,543228,1.97,28,27.5,0
2022,650489,518735,2.09,29,28.3,0
2023,630105,518595,1.97,39,28.3,0
2023,670764,672386,1.98,48,28.2,0
2023,543760,669127,1.9,68,28.7,0
2023,660670,663743,2.01,44,28.0,0
2023,607043,668670,1.95,30,28.0,1
2023,668731,660688,2.06,64,29.0,0
2023,596059,543309,1.98,43,26.8,0
2023,666139,669257,1.91,56,28.7,0
2023,665487,663728,1.96,66,29.3,0
2023,662139,668939,1.91,51,28.1,0
2023,592885,682626,1.94,57,28.1,0
2023,662139,669257,1.91,56,28.1,1
2023,687799,543877,1.95,35,28.9,0
2023,543510,673237,1.9,35,26.1,1
2023,682928,669127,1.9,68,28.6,0
2023,676059,553869,1.93,51,28.9,0
2023,660670,596117,1.87,18,28.0,0
2023,669242,664954,2.07,11,28.8,0
2023,543807,650907,1.87,11,27.8,0
2023,607208,663743,2.01,44,30.3,0
2024,595879,543877,1.96,32,27.5,0
2024,596019,669257,1.94,57,27.6,1
2024,624641,542194,1.9,29,29.2,0
2024,592626,621512,1.93,27,25.5,0
2024,668942,681351,2.02,59,27.0,0
2024,672761,605170,2.02,35,28.2,0
2024,668930,669257,1.94,57,29.3,0
2024,668804,673237,1.97,73,28.0,1
2024,669364,666163,1.92,47,28.4,0
2024,677950,592663,1.85,39,27.8,0
2024,642708,663698,2.0,35,29.0,0
2024,672761,668939,1.96,55,28.2,1
2025,624428,669257,1.94,53,26.6,1
2025,672695,592663,1.86,50,27.2,0
2025,656811,665966,1.92,63,27.6,0
2025,607208,661388,1.96,46,30.3,0
2025,665487,592663,1.86,50,28.6,1
2025,593428,592663,1.86,50,27.6,0
2025,668885,691019,1.96,31,28.3,0
2025,660844,665861,1.93,6,27.8,0
2025,596019,543309,2.03,45,27.4,0
2025,682998,592663,1.86,50,29.8,0
2021,666158,624513,2.01,28,29.1,0
2021,641313,600474,1.97,23,28.2,0
2021,457705,543510,2.01,35,28.7,1
2021,641933,575929,1.91,37,29.6,0
2021,664702,606992,1.94,21,29.3,0
2021,621450,606992,1.94,21,28.9,0
2021,642180,543877,1.98,43,29.1,1
2022,675656,620443,2.0,20,27.6,0
2022,502054,668939,1.93,24,27.9,1
2022,663647,592663,1.82,44,27.9,1
2022,665482,595978,1.95,39,27.9,0
2022,678225,664731,2.03,15,29.0,0
2022,543939,519222,2.08,18,26.2,0
2022,665742,621512,1.96,30,26.6,1
2023,670156,663886,2.01,36,28.6,0
2023,686894,672275,1.87,51,28.9,0
2023,676701,521692,1.98,26,26.4,0
2023,663757,592663,1.83,50,27.7,0
2023,665923,672386,1.98,48,29.6,0
2024,666163,455117,1.97,17,25.6,0
2024,608070,642136,2.01,15,28.2,0
2024,624503,596142,1.96,20,27.7,0
2024,666176,666310,1.97,38,28.8,1
2024,677347,669134,1.97,25,28.9,0
2024,680869,663728,1.95,70,28.7,0
2024,664983,592200,2.0,31,29.8,0
2024,547180,620443,1.87,19,27.4,1
2024,665833,672515,1.89,26,28.8,0
2024,676609,668939,1.96,55,28.3,0
2024,666139,668939,1.96,55,28.4,0
2024,672580,663698,2.0,35,27.9,0
2025,592663,607732,2.0,36,28.4,0
2025,663604,669127,1.89,67,30.1,0
2025,805367,665804,1.98,7,27.0,0
2025,605141,681351,2.0,50,26.9,0
2025,682829,606992,1.88,8,29.1,0
2025,682663,665561,1.88,24,26.7,0
2025,595978,543309,2.03,45,25.0,1
2021,596115,457763,2.0,26,28.6,0
2021,578428,605244,1.94,7,28.2,0
2021,662139,553882,2.0,47,28.4,0
2021,642708,624512,1.97,14,29.5,0
2022,609275,595978,1.95,39,27.8,0
2022,543510,592663,1.82,44,26.1,0
2022,669222,425877,2.05,19,28.7,1
2022,609275,663728,1.99,47,27.8,0
2022,666182,488771,1.97,11,27.5,0
2022,642708,571466,1.99,38,29.4,0
2022,669374,575929,1.93,23,27.5,0
2022,666969,572287,2.03,13,27.9,0
2022,677950,605244,1.95,15,29.3,0
2022,670768,553869,1.94,28,28.2,0
2022,666624,543592,2.01,36,28.8,0
2022,664702,571466,1.99,38,29.3,0
2022,665926,606992,1.95,29,29.3,1
2022,669016,455117,1.92,40,28.8,0
2022,592450,425877,2.05,19,27.3,0
2022,656775,672386,1.99,27,28.5,0
2022,621035,608348,1.98,39,28.5,0
2022,680911,664874,1.97,14,29.0,0
2022,656775,657136,1.92,15,28.5,0
2022,519203,595978,1.95,39,25.5,1
2022,664056,543877,1.94,37,29.1,1
2023,660821,680777,1.95,27,27.5,0
2023,621433,660688,2.06,64,28.1,0
2023,666139,682626,1.94,57,28.7,0
2023,665926,668939,1.91,51,29.2,1
2023,502054,455117,1.93,55,27.8,0
2023,672580,669257,1.91,56,28.2,0
2023,671221,642336,1.95,24,28.7,0
2023,676946,592663,1.83,50,28.6,1
2023,682928,605170,2.06,31,28.6,0
2023,683002,672386,1.98,48,28.8,0
2023,677649,672275,1.87,51,29.1,1
2023,668942,656024,1.99,12,26.7,0
2023,678009,663886,2.01,36,29.0,0
2023,694497,672386,1.98,48,29.6,0
2023,683011,624512,1.98,21,28.4,0
2024,666182,669224,1.98,45,27.3,0
2024,665862,672275,1.85,58,28.6,0
2024,672012,521692,2.01,24,26.7,0
2024,669016,621512,1.93,27,28.2,0
2024,686668,669134,1.97,25,29.3,0
2024,656537,592663,1.85,39,29.5,0
2024,687597,669127,1.91,70,28.6,0
2024,676694,663728,1.95,70,28.9,1
2024,660271,641680,1.98,70,28.1,0
2024,641313,671056,1.99,28,27.1,0
2024,642180,669221,1.95,39,28.7,0
2024,676609,666310,1.97,38,28.3,1
2024,667670,605170,2.02,35,27.6,0
2024,666152,641680,1.98,70,29.4,0
2024,671739,672386,2.0,55,28.3,1
2024,672695,543309,2.02,44,27.0,0
2024,641943,669224,1.98,45,28.0,0
2025,643396,643376,2.0,60,27.4,0
2025,663968,663698,1.99,39,29.1,0
2025,680776,623168,1.92,38,29.1,1
2025,686217,669127,1.89,67,28.9,1
2025,669701,669127,1.89,67,27.5,0
2025,805367,663728,1.97,55,27.0,0
2025,663728,660688,2.0,42,26.0,0
2025,681393,592663,1.86,50,28.8,0
2025,807713,666023,1.9,35,29.0,0
2025,691718,686780,1.93,52,29.5,0
2025,660271,623168,1.92,38,28.0,0
2025,660271,592663,1.86,50,28.0,0
2025,663853,663743,1.93,48,28.3,0
2025,665742,656180,1.93,35,25.8,0
2025,702332,608348,1.95,39,28.1,0
2021,493329,669257,1.96,56,27.0,1
2021,666182,543510,2.01,35,28.0,0
2021,642423,596142,1.95,25,28.8,0
2021,516782,545358,2.02,25,28.5,0
2021,623993,606988,1.96,9,26.2,0
2021,623205,543877,1.98,43,29.4,0
2021,666182,606992,1.94,21,28.0,0
2021,665750,518735,2.06,29,29.7,0
2021,642350,608348,1.98,21,30.2,1
2021,668942,488771,1.97,11,27.6,0
2021,593871,643376,1.94,12,27.9,1
2022,542364,553882,2.01,23,27.1,1
2022,640492,543228,1.97,28,29.4,1
2022,516416,669257,1.93,32,27.7,0
2022,668227,680777,1.98,25,28.8,0
2022,542583,545358,2.03,33,24.0,0
2022,614173,643376,1.98,22,28.6,0
2022,665750,519390,2.12,7,29.3,0
2022,666969,519390,2.12,7,27.9,0
2022,621035,553882,2.01,23,28.5,0
2022,643396,596142,1.93,29,28.4,0
2023,641313,595956,1.97,30,27.2,1
2023,621028,575929,1.93,34,28.0,0
2023,665926,521692,1.98,26,29.2,0
2023,673490,669257,1.91,56,28.5,0
2023,665926,595453,1.99,18,29.2,0
2023,643446,592663,1.83,50,27.4,0
2024,622761,681351,2.02,59,29.9,0
2024,596115,663728,1.95,70,28.1,0
2024,670097,571912,1.97,27,26.8,1
2024,701538,661388,1.96,58,28.5,0
2024,660670,669257,1.94,57,27.7,0
2024,592885,672386,2.0,55,28.5,0
2024,641432,596142,1.96,20,24.3,1
2024,672640,680728,2.04,13,28.7,0
2024,691176,669127,1.91,70,27.8,0
2024,664238,608348,1.97,51,28.0,0
2025,592518,686948,1.95,63,25.8,0
2025,679032,669087,1.98,11,30.1,0
2025,592192,665966,1.92,63,27.8,1
2025,681393,700337,1.95,46,28.8,0
2025,665161,663886,1.99,35,29.6,0
2025,677951,672275,1.86,44,30.2,1
2025,621439,663728,1.97,55,30.2,0
2025,679032,553869,1.91,25,30.1,0
2025,682177,696100,1.95,45,27.9,0
2025,664702,668939,1.94,29,29.4,0
2025,686475,657136,1.97,32,28.9,0
2025,596019,686948,1.95,63,27.4,0
2025,671056,663728,1.97,55,26.3,0
2025,702332,666023,1.9,35,28.1,0
2021,595909,608700,2.09,26,27.9,0
2021,575929,518595,2.03,14,27.5,0
2021,621433,435559,1.99,26,28.5,0
2021,543257,608700,2.09,26,27.7,0
2021,656775,572287,1.95,28,28.5,0
2021,642708,669221,1.9,31,29.5,0
2021,516782,543592,2.01,18,28.5,0
2021,668227,592663,1.84,16,28.7,1
2021,641658,455139,2.0,8,29.8,0
2022,545350,606992,1.95,29,28.7,0
2022,679529,571912,1.96,31,27.8,1
2022,595777,605131,2.06,17,26.6,1
2022,621563,668663,2.05,8,27.3,0
2022,672695,553869,1.94,28,27.3,0
2022,664983,663698,1.97,22,30.1,0
2022,680757,518735,2.09,29,28.4,0
2022,516782,592663,1.82,44,28.0,1
2022,545121,543592,2.01,36,27.1,0
2022,676628,571466,1.99,38,28.4,0
2023,642731,624431,1.99,18,28.1,0
2023,624428,624431,1.99,18,26.5,0
2023,462101,592663,1.83,50,26.5,0
2023,657077,643376,1.99,30,27.3,0
2023,624424,605170,2.06,31,26.1,0
2023,677951,575929,1.93,34,30.5,0
2023,645277,592200,1.99,13,27.6,0
2023,516416,668800,2.01,33,27.4,0
2023,608671,666310,1.94,44,29.0,0
2023,689172,641511,1.99,27,27.9,1
2023,657136,669127,1.9,68,28.3,1
2023,682928,553882,2.0,25,28.6,0
2023,682622,672275,1.87,51,29.1,0
2023,670770,595956,1.97,30,28.3,0
2024,680474,595978,1.94,19,27.8,0
2024,668715,641680,1.98,70,28.2,0
2024,656775,686676,1.85,46,28.3,0
2024,663647,575929,1.97,29,26.4,0
2024,608070,455117,1.97,17,28.2,0
2024,596019,553869,1.9,33,27.6,1
2024,669364,682626,1.92,37,28.4,0
2024,687597,669221,1.95,39,28.6,0
2024,676070,595978,1.94,19,28.1,0
2024,677588,669221,1.95,39,28.1,0
2025,606466,607732,2.0,36,26.6,0
2025,686611,668939,1.94,29,29.0,1
2025,702616,660688,2.0,42,28.6,1
2025,802415,543877,1.94,39,29.6,0
2025,665833,608348,1.95,39,29.2,1
2025,805367,671056,2.0,6,27.0,0
2025,665833,693307,1.94,60,29.2,0
2025,676609,669224,1.97,42,28.3,0
2025,668227,668939,1.94,29,27.7,0
2025,663728,682626,1.93,35,26.0,0
2025,595777,620443,1.87,29,26.3,0
2025,805367,656180,1.93,35,27.0,0
2021,656775,518735,2.06,29,28.5,0
2021,543939,519390,2.09,18,26.8,0
2021,516782,664874,2.04,13,28.5,0
2021,664983,457763,2.0,26,30.4,1
2022,663624,545358,2.03,33,27.5,0
2024,681082,542194,1.9,29,29.1,0
2024,664238,669127,1.91,70,28.0,0
2024,666397,672386,2.0,55,26.7,0
2024,670770,661388,1.96,58,26.5,0
2024,677951,595978,1.94,19,30.5,0
2024,657136,669224,1.98,45,28.4,1
2024,607208,680728,2.04,13,29.6,0
2024,663697,669127,1.91,70,28.0,0
2024,672580,666310,1.97,38,27.9,0
2024,669911,665804,2.04,50,27.4,0
2024,680776,669224,1.98,45,29.6,1
2025,663538,553869,1.91,25,28.6,0
2025,666969,643376,2.0,60,27.0,0
2025,641658,661388,1.96,46,28.9,1
2025,669364,660688,2.0,42,28.3,0
2025,676609,553869,1.91,25,28.3,0
2025,686611,624431,2.0,47,29.0,0
2025,666969,693307,1.94,60,27.0,0
2025,681624,645444,2.0,25,28.1,0
2025,592885,666163,1.96,19,28.2,0
2025,670224,673237,1.95,72,28.3,1
2025,682641,682663,1.99,53,27.4,0
2025,668227,681351,2.0,50,27.7,0
2025,672640,642136,2.0,38,28.5,0
2025,671289,645444,2.0,25,28.5,0
2025,666971,669127,1.89,67,27.1,0
2025,663538,661388,1.96,46,28.6,0
2021,592696,518735,2.06,29,27.4,0
2021,541645,605131,2.06,21,28.6,0
2021,624415,592663,1.84,16,28.3,0
2021,621563,621512,1.94,16,27.9,0
2021,673451,575929,1.91,37,28.0,0
2021,641584,572287,1.95,28,27.7,0
2021,595879,425877,1.91,24,28.5,0
2021,592325,444489,1.94,21,27.8,1
2021,662139,641680,1.99,25,28.4,0
2022,596146,455139,2.04,20,27.8,1
2022,660271,642336,1.95,24,28.2,0
2022,642350,595978,1.95,39,30.3,0
2022,642456,620443,2.0,20,28.5,0
2022,643217,521692,1.99,18,27.6,0
2022,665833,608348,1.98,39,29.9,0
2022,656185,592663,1.82,44,28.3,1
2022,605353,543309,1.95,22,25.7,1
2022,624413,605170,2.01,34,25.7,0
2022,650489,518735,2.09,29,28.3,0
2023,608070,624431,1.99,18,27.8,0
2023,677951,542194,1.87,39,30.5,0
2023,676801,669257,1.91,56,28.2,0
2023,650489,668670,1.95,30,28.6,0
2023,686894,571466,1.99,21,28.9,0
2023,669743,543228,1.99,45,28.8,0
2023,666139,668939,1.91,51,28.7,0
2023,658668,686676,1.91,17,28.6,1
2023,668227,624512,1.98,21,28.4,0
2023,665877,661388,1.95,47,28.0,1
2024,682829,681351,2.02,59,30.0,0
2024,657061,666310,1.97,38,28.0,0
2024,662139,660688,2.06,57,28.5,0
2024,683011,663728,1.95,70,28.6,1
2024,621438,592200,2.0,31,28.9,0
2024,694192,608348,1.97,51,29.7,1
2024,680700,521692,2.01,24,27.9,0
2024,607043,660688,2.06,57,28.0,0
2024,647304,608348,1.97,51,25.2,0
2024,687263,660688,2.06,57,28.2,0
2024,691406,673237,1.97,73,26.4,0
2024,702616,669257,1.94,57,29.4,0
2024,514888,596117,1.88,22,27.1,1
2024,621020,680779,1.87,10,27.8,0
2024,596115,668939,1.96,55,28.1,0
2024,502054,669224,1.98,45,27.2,0
2024,660271,682626,1.92,37,28.1,1
2025,502054,689414,2.0,38,27.2,0
2025,680776,641680,2.01,44,29.1,0
2025,666969,657136,1.97,32,27.0,0
2025,650489,605170,2.05,28,28.2,0
2025,682928,669257,1.94,53,28.2,0
2025,673357,669127,1.89,67,29.0,0
2025,686797,668939,1.94,29,26.1,1
2025,608070,687221,1.93,15,28.4,0
2025,687363,661388,1.96,46,30.2,0
2025,687263,686452,1.89,6,28.1,1
2025,664983,666023,1.9,35,29.9,0
2025,608070,700337,1.95,46,28.4,0
2025,671739,682663,1.99,53,28.5,0
2025,663853,682663,1.99,53,28.3,0
2021,547004,608700,2.09,26,25.7,0
2021,669257,605170,2.02,28,27.7,0
2021,642162,543309,1.94,28,27.0,0
2021,666969,518735,2.06,29,28.4,0
2022,665926,521692,1.99,18,29.3,0
2022,657656,669087,2.0,11,27.6,0
2022,595879,595978,1.95,39,27.9,0
2023,669242,666165,2.0,21,28.8,0
2023,656716,668939,1.91,51,28.5,0
2023,678225,642336,1.95,24,29.7,0
2023,570482,680777,1.95,27,26.2,0
2023,518692,660688,2.06,64,26.7,0
2023,643565,542194,1.87,39,27.3,1
2023,660670,542208,1.98,13,28.0,0
2023,518692,660688,2.06,64,26.7,0
2023,645277,668670,1.95,30,27.6,0
2023,596019,455117,1.93,55,28.1,0
2023,670042,663728,1.96,66,28.8,0
2023,641584,543228,1.99,45,28.0,0
2023,664059,553882,2.0,25,29.2,0
2023,669261,660688,2.06,64,28.6,0
2023,670032,596117,1.87,18,27.7,0
2023,593428,642851,1.91,23,27.6,0
2024,666181,592663,1.85,39,28.8,0
2024,671739,542194,1.9,29,28.3,1
2024,668227,686676,1.85,46,28.1,1
2024,665833,661388,1.96,58,28.8,0
2024,646240,666163,1.92,47,26.5,0
2024,680700,669127,1.91,70,27.9,0
2024,642708,543510,1.98,38,29.0,1
2024,642715,643376,1.99,38,27.4,0
2024,608070,663886,2.02,64,28.2,0
2024,667472,455117,1.97,17,28.5,0
2024,681082,669127,1.91,70,29.1,0
2024,663457,665804,2.04,50,27.0,0
2024,573262,571912,1.97,27,27.2,1
2024,676391,669224,1.98,45,28.4,0
2024,664238,592200,2.0,31,28.0,0
2024,608070,666163,1.92,47,28.2,0
2024,543760,663728,1.95,70,28.5,1
2025,596115,623168,1.92,38,28.6,0
2025,592885,669127,1.89,67,28.2,0
2025,681393,665561,1.88,24,28.8,0
2025,669397,696100,1.95,45,27.4,0
2025,666176,657136,1.97,32,27.9,0
2025,592885,669127,1.89,67,28.2,0
2025,672580,643376,2.0,60,27.9,1
2025,681297,657136,1.97,32,27.4,0
2025,681987,663743,1.93,48,29.7,0
2025,607208,669257,1.94,53,30.3,0
2021,641313,624431,2.08,29,28.2,1
2021,571976,669257,1.96,56,28.3,0
2021,645302,661388,2.01,11,28.3,0
2021,443558,521692,1.97,28,26.0,0
2021,606132,605170,2.02,28,28.3,0
2021,516782,656180,1.98,13,28.5,0
2021,516782,664874,2.04,13,28.5,0
2022,542932,661531,2.0,27,29.5,0
2022,668942,596142,1.93,29,27.3,0
2022,668942,543592,2.01,36,27.3,0
2022,673357,606992,1.95,29,27.9,1
2023,675986,575929,1.93,34,26.4,0
2023,678225,575929,1.93,34,29.7,0
2023,571976,592663,1.83,50,28.0,0
2023,668715,592663,1.83,50,28.4,0
2023,670770,682626,1.94,57,28.3,0
2023,686823,668670,1.95,30,28.3,0
2023,669743,571912,1.93,36,28.8,0
2023,642708,669134,1.97,10,29.4,0
2023,669720,669127,1.9,68,27.4,0
2023,687952,672386,1.98,48,27.6,0
2023,647304,595453,1.99,18,25.8,0
2023,671221,518735,2.08,69,28.7,0
2023,666165,666310,1.94,44,27.4,0
2023,518692,666165,2.0,21,26.7,0
2023,596115,543510,2.01,25,28.8,0
2024,641584,660688,2.06,57,28.3,0
2024,621020,669257,1.94,57,27.8,1
2024,608385,680777,1.93,40,26.1,1
2024,650859,663728,1.95,70,26.9,1
2024,596019,665804,2.04,50,27.6,0
2024,669208,645305,1.96,18,28.5,1
2024,657088,672275,1.85,58,28.8,1
2024,701538,660688,2.06,57,28.5,0
2024,691718,669224,1.98,45,30.0,1
2024,608336,663698,2.0,35,26.5,0
2024,607043,592663,1.85,39,28.0,0
2024,672580,668939,1.96,55,27.9,0
2025,676694,641598,2.04,23,28.2,1
2025,677594,673237,1.95,72,29.2,0
2025,514888,641598,2.04,23,26.9,0
2025,650402,521692,1.93,17,26.2,0
2025,680574,663728,1.97,55,29.2,0
2025,621439,681351,2.0,50,30.2,0
2025,680776,595978,1.94,21,29.1,0
2025,686668,672275,1.86,44,29.5,0
2025,670224,661388,1.96,46,28.3,0
2025,680574,605170,2.05,28,29.2,0
2025,808982,663743,1.93,48,28.2,0
2025,686555,592663,1.86,50,27.7,0
2025,682998,455117,1.98,31,29.8,0
2025,678882,592663,1.86,50,29.1,1
2025,668227,669127,1.89,67,27.7,0
2025,702616,665561,1.88,24,28.6,1
2025,669364,605170,2.05,28,28.3,0
2025,664728,543309,2.03,45,27.8,1
2025,682998,643376,2.0,60,29.8,0
2025,663968,663728,1.97,55,29.1,0
2025,686765,680862,2.0,9,28.0,0
2025,682829,553869,1.91,25,29.1,0
2021,624641,592663,1.84,16,29.7,1
2021,643289,575929,1.91,37,27.9,0
2021,665489,543877,1.98,43,27.0,0
2021,518692,506702,2.05,18,26.9,1
2021,669720,606992,1.94,21,27.3,1
2021,664023,680777,2.03,34,27.7,0
2021,592348,572287,1.95,28,28.5,0
2022,673357,571466,1.99,38,27.9,0
2022,663611,518735,2.09,29,27.4,0
2022,665862,621512,1.96,30,29.3,0
2022,614177,664874,1.97,14,26.0,0
2022,641505,596142,1.93,29,28.1,0
2022,669289,571912,1.96,31,27.0,1
2022,542932,642336,1.95,24,29.5,0
2023,668731,572287,2.04,33,29.0,1
2023,642731,605170,2.06,31,28.1,0
2023,664983,553869,1.93,51,30.0,0
2023,666310,664874,2.0,28,27.4,0
2023,664702,663886,2.01,36,29.2,0
2023,669392,669127,1.9,68,29.1,0
2023,669242,571912,1.93,36,28.8,0
2023,642731,664954,2.07,11,28.1,0
2024,657041,592663,1.85,39,29.3,0
2024,666181,686676,1.85,46,28.8,0
2024,665926,680777,1.93,40,28.9,1
2024,622761,686676,1.85,46,29.9,0
2024,663647,669257,1.94,57,26.4,0
2024,645302,663743,1.93,60,27.8,0
2024,607043,660688,2.06,57,28.0,0
2024,663368,669221,1.95,39,29.6,0
2024,666139,680728,2.04,13,28.4,0
2024,668804,663886,2.02,64,28.0,0
2024,663728,668832,2.0,18,26.6,0
2024,660271,542194,1.9,29,28.1,0
2024,657041,642020,1.97,15,29.3,1
2024,680474,673237,1.97,73,27.8,0
2024,677594,673237,1.97,73,29.6,0
2024,678882,672386,2.0,55,28.8,1
2024,545121,592663,1.85,39,26.7,0
2025,682928,689414,2.0,38,28.2,0
2025,683083,668939,1.94,29,29.8,0
2025,668930,657136,1.97,32,28.9,0
2025,663616,643376,2.0,60,26.1,0
2025,695578,663728,1.97,55,27.8,0
2025,656716,668939,1.94,29,28.3,0
2025,680757,672275,1.86,44,27.3,0
2025,624413,663698,1.99,39,25.3,0
2025,808975,672275,1.86,44,28.7,0
2025,665487,592663,1.86,50,28.6,0
2025,682829,686452,1.89,6,29.1,0
2025,608369,645444,2.0,25,25.3,0
2025,700246,686780,1.93,52,27.9,0
2025,676914,689414,2.0,38,27.6,0
2025,641343,592663,1.86,50,27.1,0
2025,691185,656180,1.93,35,28.8,0
2021,664059,435559,1.99,26,29.4,0
2021,641796,669257,1.96,56,30.6,1
2021,668227,600474,1.97,23,28.7,1
2021,607208,593590,1.9,7,30.6,1
2022,650333,543877,1.94,37,26.9,1
2022,656775,543309,1.95,22,28.5,0
2022,571980,571912,1.96,31,27.8,0
2022,666624,518735,2.09,29,28.8,0
2022,623168,661388,1.97,18,26.7,0
2022,621453,669004,1.97,20,27.7,1
2022,608701,672515,1.92,14,27.1,1
2022,543305,543877,1.94,37,27.9,0
2022,641857,595751,1.89,16,25.8,0
2022,572191,664874,1.97,14,28.7,0
2022,668952,680777,1.98,25,28.2,1
2023,516782,663743,2.01,44,27.1,0
2023,663457,606992,1.99,15,27.8,0
2023,593160,642336,1.95,24,28.8,0
2023,592206,660688,2.06,64,27.2,0
2023,683002,521692,1.98,26,28.8,0
2023,607054,661388,1.95,47,28.0,0
2023,671277,669221,1.9,53,27.2,1
2023,665923,661388,1.95,47,29.6,0
2023,681082,518595,1.97,39,28.8,0
2023,671221,595956,1.97,30,28.7,0
2023,686217,605131,2.01,29,28.6,0
2023,668942,673237,1.9,35,26.7,0
2023,641796,663728,1.96,66,29.2,0
2023,678882,543510,2.01,25,28.7,0
2022,543305,543877,1.94,37,27.9,0
2024,650859,657136,1.95,46,26.9,0
2024,665862,672275,1.85,58,28.6,1
2024,687231,624431,2.07,44,27.5,0
2024,647304,624512,1.98,16,25.2,0
2024,545121,518595,1.98,37,26.7,0
2024,656716,643376,1.99,38,28.4,0
2024,666152,605131,2.0,27,29.4,0
2024,573262,669221,1.95,39,27.2,0
2024,660271,663728,1.95,70,28.1,0
2024,677594,642136,2.01,15,29.6,0
2024,665750,669127,1.91,70,28.5,0
2024,657656,682626,1.92,37,27.8,0
2025,656716,663728,1.97,55,28.3,0
2025,669397,643376,2.0,60,27.4,0
2025,805779,661388,1.96,46,27.0,0
2025,682829,668939,1.94,29,29.1,0
2025,691026,624431,2.0,47,28.4,1
2025,695578,668939,1.94,29,27.8,0
2025,641355,680862,2.0,9,28.2,0
2025,607043,663698,1.99,39,27.3,0
2025,694497,455117,1.98,31,29.0,0
2025,681297,682663,1.99,53,27.4,0
2025,807799,643376,2.0,60,26.4,0
2025,643396,661388,1.96,46,27.4,0
2025,680776,680779,1.89,25,29.1,1
2025,702332,641680,2.01,44,28.1,0
2025,608070,693307,1.94,60,28.4,0
2025,663368,681351,2.0,50,29.1,0
2025,608070,641680,2.01,44,28.4,0
2021,645302,669257,1.96,56,28.3,1
2021,624428,467092,2.01,12,27.1,0
2021,462101,572287,1.95,28,26.7,1
2021,665862,669257,1.96,56,29.1,1
2021,543257,680777,2.03,34,27.7,1
2021,656775,664874,2.04,13,28.5,0
2021,572041,457763,2.0,26,27.7,0
2021,664056,521692,1.97,28,29.4,1
2021,664702,608700,2.09,26,29.3,0
2021,547180,455139,2.0,8,27.8,1
2022,669016,488771,1.97,11,28.8,1
2022,663624,669004,1.97,20,27.5,0
2022,593871,669221,1.89,33,28.1,0
2022,656775,624431,1.99,29,28.5,0
2022,664238,680777,1.98,25,28.3,0
2022,641505,672386,1.99,27,28.1,0
2022,656775,657709,2.08,21,28.5,0
2022,668731,642336,1.95,24,28.9,1
2022,668942,642851,2.04,15,27.3,0
2022,622682,571912,1.96,31,27.6,0
2022,596146,669004,1.97,20,27.8,0
2022,656775,664874,1.97,14,28.5,1
2022,681987,571466,1.99,38,29.6,0
2022,621563,661388,1.97,18,27.3,0
2022,664983,595751,1.89,16,30.1,0
2022,677551,571912,1.96,31,27.8,0
2022,665926,669004,1.97,20,29.3,0
2023,502054,607732,1.97,41,27.8,0
2023,592206,518735,2.08,69,27.2,1
2023,663647,643376,1.99,30,27.1,0
2023,605119,666165,2.0,21,26.4,1
2023,543807,668939,1.91,51,27.8,0
2023,676609,607732,1.97,41,29.0,0
2023,676801,663728,1.96,66,28.2,0
2023,663538,518735,2.08,69,28.5,0
2023,660821,542194,1.87,39,27.5,1
2023,660271,669221,1.9,53,27.8,0
2024,621020,607732,1.96,44,27.8,0
2024,676059,661388,1.96,58,29.0,0
2024,664774,666163,1.92,47,25.2,0
2024,691718,518735,2.09,31,30.0,0
2024,681807,553869,1.9,33,26.2,0
2024,666624,661388,1.96,58,27.3,0
2024,664728,665804,2.04,50,27.9,0
2024,642350,686780,1.93,39,29.9,0
2024,676609,666310,1.97,38,28.3,0
2024,621020,607732,1.96,44,27.8,0
2024,592518,669257,1.94,57,25.8,0
2024,665750,642136,2.01,15,28.5,0
2024,669016,686452,1.94,12,28.2,0
2025,643396,663743,1.93,48,27.4,0
2025,683083,680779,1.89,25,29.8,0
2025,677950,689414,2.0,38,28.3,0
2025,686554,693307,1.94,60,27.8,0
2025,681082,672275,1.86,44,28.8,0
2025,660644,605131,2.11,11,27.0,0
2025,701305,642136,2.0,38,28.1,0
2025,681481,665966,1.92,63,27.1,0
2025,673357,663886,1.99,35,29.0,0
2025,672640,660688,2.0,42,28.5,0
2025,671277,553869,1.91,25,26.5,1
2025,694388,693307,1.94,60,28.5,0
2025,596019,672275,1.86,44,27.4,0
2025,672580,623168,1.92,38,27.9,0
2025,663604,656180,1.93,35,30.1,0
2025,607208,543309,2.03,45,30.3,0
2025,678894,686780,1.93,52,29.2,0
2025,608348,682626,1.93,35,26.0,0
2021,643289,624513,2.01,28,27.9,0
2021,642201,641598,2.03,15,30.4,0
2021,624503,595956,2.03,14,27.8,0
2021,546990,575929,1.91,37,29.6,0
2021,594694,656180,1.98,13,28.5,0
2021,643289,624513,2.01,28,27.9,0
2021,663662,518735,2.06,29,28.2,0
2021,660271,624431,2.08,29,28.8,0
2022,643393,595284,1.99,8,26.3,0
2022,668751,543228,1.97,28,26.1,1
2022,608324,592663,1.82,44,26.6,0
2023,677594,681351,2.09,20,29.6,0
2023,664702,660688,2.06,64,29.2,0
2023,686668,572287,2.04,33,29.9,0
2023,682998,521692,1.98,26,30.1,0
2023,642731,673237,1.9,35,28.1,0
2023,667452,664874,2.0,28,28.4,0
2023,642336,542208,1.98,13,26.3,1
2023,663538,641511,1.99,27,28.5,0
2023,650859,666023,1.93,27,27.4,1
2023,624414,669221,1.9,53,27.7,1
2023,669261,669221,1.9,53,28.6,0
2023,677951,455117,1.93,55,30.5,0
2023,696285,669221,1.9,53,30.0,0
2024,680869,595978,1.94,19,28.7,0
2024,668227,661531,1.98,7,28.1,0
2024,691718,518735,2.09,31,30.0,0
2024,666160,673237,1.97,73,28.6,1
2024,695578,682626,1.92,37,28.7,1
2024,621028,660688,2.06,57,27.5,0
2023,677950,592663,1.83,50,28.8,0
2024,680776,673237,1.97,73,29.6,0
2024,690993,592200,2.0,31,27.7,0
2024,593428,605170,2.02,35,27.4,0
2024,578428,518595,1.98,37,28.6,0
2024,664728,669224,1.98,45,27.9,1
2024,669257,543309,2.02,44,27.4,0
2025,691023,665966,1.92,63,28.7,0
2025,542932,669257,1.94,53,28.3,0
2025,805779,681351,2.0,50,27.0,0
2025,571970,455117,1.98,31,27.0,0
2025,656541,656180,1.93,35,28.9,0
2025,695578,696100,1.95,45,27.8,1
2025,645277,620443,1.87,29,27.2,0
2025,592206,668800,2.0,13,27.7,0
2025,691718,657136,1.97,32,29.5,0
2025,686668,663698,1.99,39,29.5,0
2025,621020,696100,1.95,45,28.5,0
2025,607208,686948,1.95,63,30.3,0
2025,807712,665861,1.93,6,28.7,0
2025,694192,666023,1.9,35,29.2,0
2021,606132,519390,2.09,18,28.3,0
2021,624641,518735,2.06,29,29.7,1
2021,405395,608348,1.98,21,22.5,0
2021,670032,543309,1.94,28,28.2,0
2021,668227,596142,1.95,25,28.7,0
2022,665489,669221,1.89,33,26.7,1
2022,677951,624512,1.97,34,30.3,0
2022,543829,605170,2.01,34,28.4,1
2022,669242,543592,2.01,36,28.7,0
2022,665161,663728,1.99,47,29.4,0
2022,643396,672515,1.92,14,28.4,0
2022,663993,592200,2.01,13,27.1,0
2022,663656,455139,2.04,20,26.7,0
2022,592450,595978,1.95,39,27.3,0
2023,668804,518735,2.08,69,27.8,0
2023,681082,518595,1.97,39,28.8,0
2023,668715,669257,1.91,56,28.4,0
2023,608701,642851,1.91,23,27.1,0
2023,642350,521692,1.98,26,29.7,1
2023,645277,571912,1.93,36,27.6,0
2023,670770,668939,1.91,51,28.3,0
2023,668731,672275,1.87,51,29.0,1
2023,542932,668670,1.95,30,29.3,0
2023,657041,571912,1.93,36,29.3,0
2023,592696,682626,1.94,57,28.0,0
2023,679529,666310,1.94,44,27.4,0
2023,572233,661388,1.95,47,26.4,0
2024,669304,608348,1.97,51,25.9,0
2024,669257,621512,1.93,27,27.4,1
2024,666182,669134,1.97,25,27.3,1
2024,678554,624431,2.07,44,26.9,0
2024,609280,669221,1.95,39,26.6,0
2024,680118,624431,2.07,44,29.6,0
2024,691718,686780,1.93,39,30.0,0
2024,668930,543309,2.02,44,29.3,1
2024,641645,668670,1.93,30,24.7,1
2024,678882,669257,1.94,57,28.8,0
2024,670764,669224,1.98,45,27.8,0
2024,696285,663886,2.02,64,29.7,0
2024,680700,663743,1.93,60,27.9,0
2024,680728,663743,1.93,60,25.5,0
2024,679032,682626,1.92,37,30.1,1
2025,642715,641598,2.04,23,28.0,1
2025,668930,624431,2.0,47,28.9,0
2025,578428,666163,1.96,19,27.8,0
2025,663656,592663,1.86,50,26.5,0
2025,593428,680779,1.89,25,27.6,0
2025,691718,663886,1.99,35,29.5,0
2025,608070,673237,1.95,72,28.4,0
2025,656896,640902,1.93,13,25.9,0
2025,687231,518595,2.0,33,28.2,0
2025,694374,681508,1.98,14,28.2,0
2025,514888,663728,1.97,55,26.9,0
2021,503556,600474,1.97,23,26.8,0
2021,664059,600474,1.97,23,29.4,0
2021,656775,642336,1.94,17,28.5,1
2021,672284,641680,1.99,25,27.2,1
2021,623205,624512,1.97,14,29.4,0
2021,642350,624431,2.08,29,30.2,0
2022,666969,455117,1.92,40,27.9,0
2022,643217,455117,1.92,40,27.6,0
2022,664983,661531,2.0,27,30.1,0
2023,643393,572287,2.04,33,26.2,0
2023,543939,543228,1.99,45,26.7,1
2023,677649,663886,2.01,36,29.1,0
2023,668227,657136,1.92,60,28.4,0
2023,663616,672386,1.98,48,26.7,0
2023,641584,553869,1.93,51,28.0,0
2023,623205,553869,1.93,51,28.4,0
2023,645277,663886,2.01,36,27.6,0
2023,592885,571466,1.99,21,28.1,0
2023,680911,518595,1.97,39,29.0,0
2023,677594,672386,1.98,48,29.6,0
2023,657041,672275,1.87,51,29.3,0
2023,672695,672275,1.87,51,27.2,0
2023,670770,660688,2.06,64,28.3,0
2023,643393,641680,1.97,57,26.2,0
2024,686676,643376,1.99,38,27.6,0
2024,656248,663886,2.02,64,27.1,0
2024,687401,596117,1.88,22,28.7,0
2024,669065,672386,2.0,55,28.2,1
2024,681082,596142,1.96,20,29.1,0
2024,657088,669221,1.95,39,28.8,0
2024,680776,605170,2.02,35,29.6,0
2024,672580,680777,1.93,40,27.9,0
2024,608070,665804,2.04,50,28.2,0
2024,660644,680777,1.93,40,27.5,1
2024,516782,661388,1.96,58,27.1,0
2025,672640,624431,2.0,47,28.5,0
2025,666139,641680,2.01,44,28.1,0
2025,686797,669127,1.89,67,26.1,0
2025,596115,669224,1.97,42,28.6,0
2025,592885,686780,1.93,52,28.2,1
2025,672580,455117,1.98,31,27.9,0
2025,596115,623168,1.92,38,28.6,0
2025,687597,656577,1.9,18,28.7,1
2025,805300,686948,1.95,63,28.1,0
2025,677950,690924,2.0,14,28.3,0
2025,686611,608348,1.95,39,29.0,1
2025,664770,669224,1.97,42,27.3,1
2025,660670,680779,1.89,25,27.9,0
2025,543807,663743,1.93,48,28.0,1
2025,643396,669257,1.94,53,27.4,0
2021,663757,607732,2.03,29,28.8,0
2021,641313,425784,1.97,15,28.2,1
2021,542364,605170,2.02,28,27.5,1
2021,641313,656180,1.98,13,28.2,0
2021,592518,663886,1.97,22,26.4,0
2021,656371,455139,2.0,8,25.9,0
2022,669374,672515,1.92,14,27.5,0
2022,665926,624512,1.97,34,29.3,0
2022,592885,657709,2.08,21,28.1,0
2022,671277,518595,1.99,36,27.0,0
2022,663757,642851,2.04,15,28.8,0
2023,668843,595956,1.97,30,27.0,0
2023,518692,571466,1.99,21,26.7,0
2023,672724,572287,2.04,33,28.7,0
2023,680757,668939,1.91,51,28.1,0
2023,658668,606992,1.99,15,28.6,0
2023,660670,664874,2.0,28,28.0,0
2023,670770,543228,1.99,45,28.3,0
2023,677649,672275,1.87,51,29.1,0
2023,691026,641511,1.99,27,29.2,0
2023,677594,656024,1.99,12,29.6,0
2023,607208,518595,1.97,39,30.3,0
2024,656413,661388,1.96,58,29.1,0
2024,660670,542194,1.9,29,27.7,0
2024,691718,553882,2.04,18,30.0,0
2024,663993,660688,2.06,57,26.4,0
2024,666160,518735,2.09,31,28.6,0
2024,670042,521692,2.01,24,28.9,0
2024,543877,666023,1.88,23,24.8,1
2024,657136,596117,1.88,22,28.4,1
2024,663368,643376,1.99,38,29.6,0
2024,666971,666023,1.88,23,26.6,0
2024,666969,686676,1.85,46,26.8,0
2024,672640,669221,1.95,39,28.7,0
2024,578428,669134,1.97,25,28.6,0
2024,663853,686482,1.87,6,28.9,1
2025,592518,595978,1.94,21,25.8,0
2025,691728,656180,1.93,35,28.2,0
2025,656716,673237,1.95,72,28.3,0
2025,802415,673237,1.95,72,29.6,0
2025,664056,595978,1.94,21,28.8,1
2025,665833,605170,2.05,28,29.2,1
2025,681393,672275,1.86,44,28.8,0
2025,681082,641598,2.04,23,28.8,0
2025,663968,700250,2.07,10,29.1,0
2025,663968,623168,1.92,38,29.1,0
2025,687597,681351,2.0,50,28.7,0
2021,571976,669257,1.96,56,28.3,0
2021,596115,592663,1.84,16,28.6,0
2021,621020,543510,2.01,35,28.3,0
2021,641584,641680,1.99,25,27.7,0
2021,666185,641598,2.03,15,27.9,0
2021,542340,656180,1.98,13,27.3,1
2022,543939,425877,2.05,19,26.2,0
2022,657061,660688,2.0,46,27.7,0
2022,595777,661388,1.97,18,26.6,0
2022,605113,575929,1.93,23,27.9,1
2022,606157,543877,1.94,37,28.7,0
2022,666969,664874,1.97,14,27.9,0
2022,543305,672386,1.99,27,27.9,1
2022,677951,571912,1.96,31,30.3,0
2022,677594,595751,1.89,16,29.7,0
2023,665926,663728,1.96,66,29.2,0
2023,660670,543592,1.97,28,28.0,0
2023,660670,455117,1.93,55,28.0,0
2023,687263,661388,1.95,47,27.7,0
2023,650859,543510,2.01,25,27.4,0
2023,664238,664874,2.0,28,27.7,1
2023,642731,643376,1.99,30,28.1,0
2023,663656,543309,1.98,43,26.6,0
2023,643396,518735,2.08,69,27.7,1
2023,677347,681807,1.92,8,29.2,0
2023,682998,543228,1.99,45,30.1,0
2023,670764,663728,1.96,66,28.2,0
2023,608070,668939,1.91,51,27.8,0
2023,607054,455117,1.93,55,28.0,0
2023,696285,518595,1.97,39,30.0,0
2024,666134,666163,1.92,47,28.1,0
2024,680118,686676,1.85,46,29.6,0
2024,682928,643376,1.99,38,28.5,0
2024,664983,621512,1.93,27,29.8,0
2024,678882,668670,1.93,30,28.8,0
2024,663647,686780,1.93,39,26.4,1
2024,667670,681351,2.02,59,27.6,0
2024,660821,596117,1.88,22,27.2,0
2024,543760,681351,2.02,59,28.5,0
2024,680718,666163,1.92,47,28.0,0
2025,665161,641598,2.04,23,29.6,0
2025,677594,624431,2.0,47,29.2,0
2025,687263,543877,1.94,39,28.1,0
2025,669364,669257,1.94,53,28.3,0
2025,607208,666163,1.96,19,30.3,0
2025,668715,605170,2.05,28,28.0,0
2025,607043,665804,1.98,7,27.3,0
2025,686217,668939,1.94,29,28.9,0
2025,596019,665966,1.92,63,27.4,1
2025,665833,624431,2.0,47,29.2,0
2025,656716,521692,1.93,17,28.3,1
2025,671289,673237,1.95,72,28.5,0
2025,671739,518595,2.0,33,28.5,0
2025,596115,592663,1.86,50,28.6,0
2025,571448,696100,1.95,45,25.5,0
2025,608070,689414,2.0,38,28.4,0
2025,672356,689414,2.0,38,27.0,0
2025,681082,689414,2.0,38,28.8,0
2021,500743,518595,2.03,14,26.6,0
2021,544725,467092,2.01,12,28.4,0
2021,519203,425877,1.91,24,25.2,1
2021,647351,518735,2.06,29,28.1,1
2021,669242,519390,2.09,18,28.9,0
2021,502054,663886,1.97,22,27.8,0
2021,657656,543877,1.98,43,27.6,0
2021,534606,543877,1.98,43,28.8,0
2022,645302,553869,1.94,28,28.8,0
2022,500871,545358,2.03,33,27.9,1
2022,657656,663728,1.99,47,27.6,0
2022,641313,571912,1.96,31,28.4,0
2022,666176,663728,1.99,47,29.7,1
2022,596059,543877,1.94,37,27.1,0
2022,518692,621512,1.96,30,26.9,0
2022,665926,592200,2.01,13,29.3,0
2022,677594,571912,1.96,31,29.7,0
2022,623205,455117,1.92,40,29.1,0
2022,543760,543309,1.95,22,28.8,1
2023,624428,624512,1.98,21,26.5,0
2023,543760,592663,1.83,50,28.7,0
2023,667452,680777,1.95,27,28.4,1
2023,672284,672386,1.98,48,28.0,0
2023,677951,543877,1.95,35,30.5,0
2023,516782,669221,1.9,53,27.1,0
2023,665839,643376,1.99,30,26.4,0
2023,677551,543228,1.99,45,27.5,0
2023,673357,543309,1.98,43,28.7,0
2023,667452,553869,1.93,51,28.4,0
2023,668930,665804,1.98,17,29.4,1
2023,671277,682626,1.94,57,27.2,0
2023,600869,518735,2.08,69,27.5,0
2023,665487,663743,2.01,44,29.3,0
2023,681146,686676,1.91,17,27.1,1
2023,624428,518735,2.08,69,26.5,0
2023,647304,641680,1.97,57,25.8,0
2023,696285,661388,1.95,47,30.0,0
2023,647304,571912,1.93,36,25.8,1
2024,668930,664874,1.97,10,29.3,0
2024,666134,666163,1.92,47,28.1,1
2024,607043,605131,2.0,27,28.0,0
2024,677587,644433,1.92,9,26.8,0
2024,608070,518595,1.98,37,28.2,1
2024,664238,669127,1.91,70,28.0,0
2024,669003,660688,2.06,57,29.5,0
2024,687263,668832,2.0,18,28.2,0
2024,669701,672386,2.0,55,27.6,0
2024,660271,605170,2.02,35,28.1,0
2024,606192,607732,1.96,44,28.6,0
2025,664728,543877,1.94,39,27.8,1
2025,680474,543309,2.03,45,28.3,0
2025,624413,686780,1.93,52,25.3,1
2025,696030,663728,1.97,55,28.5,1
2025,663656,605170,2.05,28,26.5,0
2025,467793,691019,1.96,31,25.6,0
2025,669261,672275,1.86,44,27.9,0
2025,670231,656180,1.93,35,28.9,0
2025,668885,700250,2.07,10,28.3,0
2025,687859,623168,1.92,38,26.5,1
2025,665742,592663,1.86,50,25.8,0
2021,516416,518595,2.03,14,27.3,0
2021,643565,643376,1.94,12,27.2,0
2021,607208,668800,2.0,13,30.6,0
2021,669222,519390,2.09,18,29.0,1
2021,593871,669221,1.9,31,27.9,0
2021,621035,457763,2.0,26,28.8,0
2021,641313,600474,1.97,23,28.2,0
2021,573262,669257,1.96,56,27.4,0
2021,641598,606992,1.94,21,25.6,1
2021,676801,680777,2.03,34,28.7,0
2021,516782,457763,2.0,26,28.5,0
2022,607208,605244,1.95,15,30.3,0
2022,669242,664731,2.03,15,28.7,0
2022,657656,455117,1.92,40,27.6,0
2022,678225,425877,2.05,19,29.0,0
2022,547180,543877,1.94,37,27.6,0
2023,680911,624512,1.98,21,29.0,0
2023,656775,657136,1.92,60,28.0,0
2023,658668,664954,2.07,11,28.6,0
2023,650859,663728,1.96,66,27.4,1
2023,671221,663728,1.96,66,28.7,1
2023,686217,605131,2.01,29,28.6,0
2023,680776,543309,1.98,43,29.5,0
2023,682998,543228,1.99,45,30.1,0
2023,681546,660688,2.06,64,28.9,0
2023,681546,666165,2.0,21,28.9,0
2024,665833,543510,1.98,38,28.8,0
2024,660670,663728,1.95,70,27.7,0
2024,669707,681351,2.02,59,28.5,0
2024,607043,672275,1.85,58,28.0,0
2024,665926,643376,1.99,38,28.9,0
2024,680977,669221,1.95,39,27.0,1
2024,665862,686676,1.85,46,28.6,0
2024,592626,663743,1.93,60,25.5,0
2024,656775,682626,1.92,37,28.3,0
2024,672695,605131,2.0,27,27.0,0
2024,668942,642136,2.01,15,27.0,0
2024,656775,657136,1.95,46,28.3,0
2024,677941,605170,2.02,35,29.7,0
2024,694388,643376,1.99,38,28.8,0
2025,687363,518595,2.0,33,30.2,0
2024,669357,669221,1.95,39,26.2,1
2025,677347,671056,2.0,6,29.0,0
2025,670764,641680,2.01,44,28.2,0
2025,691594,660688,2.0,42,28.0,0
2025,677950,661388,1.96,46,28.3,0
2025,656941,689414,2.0,38,25.9,0
2025,681082,689414,2.0,38,28.8,0
2025,667670,661388,1.96,46,27.5,1
2025,665487,672275,1.86,44,28.6,1
2025,593428,663743,1.93,48,27.6,0
2025,666149,663743,1.93,48,29.6,1
2025,543760,680777,1.98,34,28.5,0
2025,682928,665966,1.92,63,28.2,0
2025,680577,643376,2.0,60,28.5,0
2025,702332,663743,1.93,48,28.1,0
2025,694671,673237,1.95,72,28.9,0
2025,680474,605170,2.05,28,28.3,0
2025,647304,669127,1.89,67,24.4,0
2025,645302,686780,1.93,52,28.1,0
2025,628451,657136,1.97,32,27.5,0
2021,642423,642336,1.94,17,28.8,0
2021,657077,600474,1.97,23,27.0,0
2021,665487,624513,2.01,28,29.2,0
2021,592885,605170,2.02,28,28.3,0
2021,605113,553882,2.0,47,27.8,0
2021,606192,455117,1.96,32,28.5,1
2021,592178,605131,2.06,21,27.9,0
2022,624641,664850,2.05,7,29.4,1
2022,623205,672386,1.99,27,29.1,0
2022,546991,660688,2.0,46,27.6,0
2022,542932,668663,2.05,8,29.5,0
2022,656775,672386,1.99,27,28.5,0
2022,643393,543877,1.94,37,26.3,0
2023,656775,669127,1.9,68,28.0,0
2023,679529,572287,2.04,33,27.4,0
2023,592663,657136,1.92,60,28.6,1
2023,671739,668939,1.91,51,28.8,0
2023,665487,663743,2.01,44,29.3,0
2023,516782,661388,1.95,47,27.1,0
2023,681807,543228,1.99,45,27.0,0
2023,543807,657136,1.92,60,27.8,0
2023,680779,608348,1.96,23,28.2,1
2023,657557,656024,1.99,12,26.8,1
2023,669397,657136,1.92,60,27.9,1
2023,680776,669221,1.9,53,29.5,0
2023,650489,663728,1.96,66,28.6,0
2023,680118,575929,1.93,34,30.3,0
2023,657041,643376,1.99,30,29.3,0
2023,669016,669221,1.9,53,28.6,0
2024,682998,575929,1.97,29,29.6,0
2024,666176,668939,1.96,55,28.8,1
2024,656248,669134,1.97,25,27.1,0
2024,663624,663886,2.02,64,27.6,0
2024,666397,624512,1.98,16,26.7,0
2024,606192,663886,2.02,64,28.6,1
2024,665926,592663,1.85,39,28.9,0
2024,683011,657136,1.95,46,28.6,0
2024,593428,671056,1.99,28,27.4,0
2024,516782,571912,1.97,27,27.1,0
2024,672695,673237,1.97,73,27.0,0
2024,665862,643376,1.99,38,28.6,0
2025,687363,543877,1.94,39,30.2,0
2025,687363,543877,1.94,39,30.2,0
2025,669397,669257,1.94,53,27.4,0
2025,607208,607732,2.0,36,30.3,0
2025,683766,455117,1.98,31,29.1,0
2025,624641,693307,1.94,60,29.4,0
2025,621493,700337,1.95,46,27.3,0
2025,673357,681351,2.0,50,29.0,0
2025,672724,521692,1.93,17,29.2,0
2021,592567,605170,2.02,28,23.9,0
2021,606132,605170,2.02,28,28.3,0
2021,602922,506702,2.05,18,27.6,0
2021,502054,624513,2.01,28,27.8,1
2021,572008,605170,2.02,28,28.1,1
2021,643396,545358,2.02,25,28.0,0
2021,595909,543877,1.98,43,27.9,1
2021,621439,575929,1.91,37,29.9,0
2022,602074,669004,1.97,20,28.1,1
2022,607054,595751,1.89,16,28.5,0
2022,643396,435559,2.07,16,28.4,0
2022,668227,643376,1.98,22,28.8,0
2023,664702,669127,1.9,68,29.2,0
2023,668804,668800,2.01,33,27.8,0
2023,665487,543228,1.99,45,29.3,1
2023,672695,592663,1.83,50,27.2,0
2021,621439,575929,1.91,37,29.9,0
2023,543305,665804,1.98,17,27.3,0
2023,678882,650907,1.87,11,28.7,1
2023,677951,543309,1.98,43,30.5,1
2023,665923,681351,2.09,20,29.6,0
2024,672356,668832,2.0,18,27.4,0
2024,677951,543877,1.96,32,30.5,1
2024,596146,455117,1.97,17,26.8,0
2024,680700,660688,2.06,57,27.9,1
2024,595909,657136,1.95,46,27.7,1
2023,676801,641680,1.97,57,28.2,0
2024,682998,592200,2.0,31,29.6,0
2025,641658,660688,2.0,42,28.9,0
2025,682829,665804,1.98,7,29.1,0
2025,672580,650968,2.0,24,27.9,0
2025,807713,660688,2.0,42,29.0,0
2025,502671,663728,1.97,55,26.1,1
2025,467793,673237,1.95,72,25.6,0
2025,665742,668800,2.0,13,25.8,0
2025,676116,608348,1.95,39,25.9,0
2025,664983,696100,1.95,45,29.9,0
2025,673357,680777,1.98,34,29.0,0
2025,665487,669257,1.94,53,28.6,0
2025,677587,693307,1.94,60,27.0,0
2021,607043,592663,1.84,16,28.9,0
2021,657656,608348,1.98,21,27.6,0
2021,547379,680777,2.03,34,24.7,0
2021,547180,543510,2.01,35,27.8,0
2021,606132,543592,2.01,18,28.3,0
2021,622534,624512,1.97,14,28.6,0
2021,592348,444489,1.94,21,28.5,0
2021,641487,680777,2.03,34,27.5,1
2021,608070,642336,1.94,17,28.1,0
2021,650402,543877,1.98,43,27.0,0
2021,467827,621512,1.94,16,26.1,1
2021,606192,596142,1.95,25,28.5,0
2021,622761,521692,1.97,28,30.3,1
2021,606157,660688,2.09,6,28.3,0
2021,666158,518595,2.03,14,29.1,0
2022,607208,596142,1.93,29,30.3,0
2022,628451,545358,2.03,33,27.4,0
2022,642708,663698,1.97,22,29.4,0
2022,669016,571912,1.96,31,28.8,0
2022,592885,605244,1.95,15,28.1,0
2022,669261,657709,2.08,21,28.6,1
2022,663538,642851,2.04,15,29.1,0
2023,693049,641511,1.99,27,27.0,0
2023,650402,543877,1.95,35,26.4,1
2023,592206,643376,1.99,30,27.2,0
2023,680776,518595,1.97,39,29.5,0
2023,608070,575929,1.93,34,27.8,1
2023,502054,642851,1.91,23,27.8,0
2023,668227,669127,1.9,68,28.4,1
2023,665487,572287,2.04,33,29.3,0
2023,462101,605131,2.01,29,26.5,1
2023,671739,543877,1.95,35,28.8,0
2023,457705,669134,1.97,10,28.4,0
2023,665750,596142,1.9,24,29.1,0
2023,676059,543309,1.98,43,28.9,0
2023,665923,672275,1.87,51,29.6,0
2023,596019,518595,1.97,39,28.1,0
2023,663656,668670,1.95,30,26.6,0
2023,656716,686676,1.91,17,28.5,1
2023,621563,661388,1.95,47,27.8,0
2023,665750,672386,1.98,48,29.1,0
2023,668731,686676,1.91,17,29.0,1
2024,666971,607732,1.96,44,26.6,0
2024,665828,668939,1.96,55,27.4,0
2024,680118,681351,2.02,59,29.6,0
2024,674441,543309,2.02,44,26.9,0
2024,666134,518735,2.09,31,28.1,0
2024,683002,673237,1.97,73,28.9,1
2024,693304,669221,1.95,39,29.2,0
2024,670541,682626,1.92,37,26.1,0
2024,686668,592200,2.0,31,29.3,1
2024,514888,592663,1.85,39,27.1,0
2024,656716,668939,1.96,55,28.4,0
2025,673357,518595,2.0,33,29.0,0
2025,686217,455117,1.98,31,28.9,0
2025,664040,680777,1.98,34,26.9,0
2025,669364,641680,2.01,44,28.3,0
2025,677587,640902,1.93,13,27.0,0
2021,606192,592663,1.84,16,28.5,0
2021,668227,595284,1.94,15,28.7,0
2021,592696,643376,1.94,12,27.4,0
2021,608686,543592,2.01,18,27.2,0
2021,609275,669221,1.9,31,28.4,0
2021,670032,669221,1.9,31,28.2,0
2022,641553,642336,1.95,24,29.1,0
2022,609280,668939,1.93,24,27.4,0
2022,592885,543592,2.01,36,28.1,0
2022,607054,595751,1.89,16,28.5,0
2022,666176,455117,1.92,40,29.7,0
2022,656775,642336,1.95,24,28.5,1
2022,641779,596117,1.91,17,28.0,0
2022,665482,571912,1.96,31,27.9,0
2023,665923,506702,1.96,11,29.6,0
2023,596019,518735,2.08,69,28.1,0
2023,677951,543309,1.98,43,30.5,1
2023,594807,553882,2.0,25,27.6,0
2023,545121,682626,1.94,57,27.0,1
2023,547180,663743,2.01,44,27.6,0
2023,682998,641680,1.97,57,30.1,0
2024,678009,543877,1.96,32,29.3,0
2024,502671,553882,2.04,18,26.3,0
2024,676609,621512,1.93,27,28.3,0
2024,681082,553882,2.04,18,29.1,0
2024,672279,668939,1.96,55,28.3,0
2024,608385,620443,1.87,19,26.1,1
2024,656811,656577,1.96,26,27.8,0
2024,670764,521692,2.01,24,27.8,0
2024,663368,621512,1.93,27,29.6,1
2024,664983,682626,1.92,37,29.8,0
2024,605141,543510,1.98,38,26.7,0
2024,680118,668939,1.96,55,29.6,0
2025,621439,605170,2.05,28,30.2,0
2025,592518,669127,1.89,67,25.8,0
2025,543807,673237,1.95,72,28.0,0
2025,622761,693307,1.94,60,29.3,0
2025,641584,607732,2.0,36,28.4,0
2025,593428,663728,1.97,55,27.6,0
2025,668930,543877,1.94,39,28.9,0
2025,592885,682663,1.99,53,28.2,0
2025,677594,673237,1.95,72,29.2,0
2021,656775,608700,2.09,26,28.5,0
2021,595281,545358,2.02,25,29.2,0
2021,592178,669257,1.96,56,27.9,0
2021,643217,607732,2.03,29,27.6,1
2021,621563,608596,2.04,26,27.9,1
2021,668227,608596,2.04,26,28.7,0
2021,502671,521692,1.97,28,26.3,0
2022,624641,608348,1.98,39,29.4,0
2022,656582,605244,1.95,15,26.8,1
2022,609280,545358,2.03,33,27.4,0
2022,608070,641680,1.99,46,28.5,0
2022,453568,608348,1.98,39,27.8,0
2022,663538,660688,2.0,46,29.1,0
2022,642133,663698,1.97,22,24.0,0
2022,669004,596142,1.93,29,27.8,1
2022,621043,521692,1.99,18,27.1,1
2022,621493,669221,1.89,33,28.4,0
2022,462101,680777,1.98,25,26.1,0
2023,645302,571466,1.99,21,28.0,0
2023,645302,571466,1.99,21,28.0,0
2023,669477,663743,2.01,44,28.0,0
2023,650402,663728,1.96,66,26.4,1
2023,621035,660688,2.06,64,28.3,0
2023,679032,661388,1.95,47,29.5,0
2023,621545,521692,1.98,26,28.4,1
2023,666906,656024,1.99,12,28.1,0
2023,678009,605131,2.01,29,29.0,0
2023,666134,664954,2.07,11,28.4,0
2024,680776,669127,1.91,70,29.6,0
2024,677594,680777,1.93,40,29.6,0
2024,660670,624512,1.98,16,27.7,1
2024,676609,657136,1.95,46,28.3,0
2024,668227,657136,1.95,46,28.1,1
2024,663697,672515,1.89,26,28.0,1
2024,673490,663886,2.02,64,28.3,0
2024,641343,686676,1.85,46,27.2,0
2024,665926,663886,2.02,64,28.9,0
2024,665862,455117,1.97,17,28.6,0
2024,593160,518595,1.98,37,29.0,0
2024,687263,682626,1.92,37,28.2,0
2024,668942,686780,1.93,39,27.0,0
2024,696285,592663,1.85,39,29.7,0
2025,668227,624431,2.0,47,27.7,0
2025,661388,693307,1.94,60,26.2,0
2025,656555,669127,1.89,67,24.8,0
2025,687401,595978,1.94,21,28.7,1
2025,630105,518595,2.0,33,28.1,0
2025,596019,665966,1.92,63,27.4,0
2025,665487,672275,1.86,44,28.6,0
2025,642133,665966,1.92,63,23.5,0
2025,701762,543309,2.03,45,27.1,0
2025,542932,686780,1.93,52,28.3,1
2025,607208,641598,2.04,23,30.3,0
2025,807713,661388,1.96,46,29.0,1
2025,682998,595978,1.94,21,29.8,0
2025,682657,663728,1.97,55,27.7,0
2025,683011,656577,1.9,18,28.3,0
2025,686611,682626,1.93,35,29.0,1
2021,641658,519390,2.09,18,29.8,0
2021,641313,608700,2.09,26,28.2,0
2021,672284,606992,1.94,21,27.2,0
2021,607208,661388,2.01,11,30.6,0
2021,660670,605131,2.06,21,29.4,0
2021,663697,553882,2.0,47,28.5,0
2021,640458,521692,1.97,28,28.9,0
2021,660271,543592,2.01,18,28.8,0
2021,621563,680777,2.03,34,27.9,1
2022,673490,608348,1.98,39,28.4,0
2022,596115,641680,1.99,46,28.4,0
2022,645277,592663,1.82,44,27.5,1
2022,666971,624512,1.97,34,27.3,1
2022,543760,571466,1.99,38,28.8,0
2022,668227,543877,1.94,37,28.8,1
2022,677951,542194,1.89,19,30.3,0
2022,596019,657709,2.08,21,27.6,0
2022,673490,660688,2.0,46,28.4,0
2022,664702,669004,1.97,20,29.3,0
2022,596115,642336,1.95,24,28.4,0
2022,650490,657136,1.92,15,27.1,0
2023,672284,543309,1.98,43,28.0,0
2023,572191,672386,1.98,48,28.7,0
2023,669242,682626,1.94,57,28.8,0
2023,670764,596117,1.87,18,28.2,0
2023,592885,543228,1.99,45,28.1,0
2023,608070,592663,1.83,50,27.8,0
2023,682829,666310,1.94,44,30.5,0
2023,686823,543877,1.95,35,28.3,0
2023,696285,518595,1.97,39,30.0,0
2024,647304,669127,1.91,70,25.2,1
2024,605141,643376,1.99,38,26.7,0
2024,670770,665804,2.04,50,26.5,0
2024,663538,666163,1.92,47,28.4,0
2024,572191,671056,1.99,28,28.5,0
2024,686668,543877,1.96,32,29.3,0
2024,467793,641680,1.98,70,25.9,0
2024,680474,608348,1.97,51,27.8,0
2024,665926,518735,2.09,31,28.9,0
2024,666181,518735,2.09,31,28.8,0
2025,667472,663698,1.99,39,28.4,0
2025,656555,607732,2.0,36,24.8,1
2025,663728,642851,1.96,19,26.0,0
2025,671277,665561,1.88,24,26.5,0
2025,687363,680779,1.89,25,30.2,1
2025,666134,660688,2.0,42,27.6,0
2025,670764,657136,1.97,32,28.2,0
2025,696285,690924,2.0,14,29.3,1
2025,680574,657136,1.97,32,29.2,0
2025,660271,700337,1.95,46,28.0,0
2025,671218,663698,1.99,39,27.5,0
2025,663656,672275,1.86,44,26.5,1
2025,665833,650968,2.0,24,29.2,0
2025,689200,518595,2.0,33,29.0,0
2025,665742,592663,1.86,50,25.8,0
2025,805300,592663,1.86,50,28.1,1
2021,547989,608596,2.04,26,26.5,0
2021,666969,543877,1.98,43,28.4,1
2021,672779,425877,1.91,24,28.6,1
2021,643396,669257,1.96,56,28.0,0
2021,666182,600474,1.97,23,28.0,0
2021,542932,592663,1.84,16,29.9,0
2021,578428,608596,2.04,26,28.2,0
2021,571976,506702,2.05,18,28.3,0
2021,608070,641680,1.99,25,28.1,1
2022,668731,595284,1.99,8,28.9,0
2022,665482,669004,1.97,20,27.9,1
2022,488726,620443,2.0,20,25.4,0
2022,681082,660688,2.0,46,29.0,1
2022,670623,672515,1.92,14,26.2,1
2022,493329,663728,1.99,47,26.9,0
2022,596103,669221,1.89,33,28.2,0
2022,647304,543877,1.94,37,25.3,0
2022,543760,643376,1.98,22,28.8,0
2022,676801,668939,1.93,24,28.6,1
2022,641553,606992,1.95,29,29.1,1
2023,665161,518735,2.08,69,29.4,0
2023,660670,660688,2.06,64,28.0,0
2023,660821,682626,1.94,57,27.5,0
2023,663611,669127,1.9,68,28.0,1
2023,660670,543592,1.97,28,28.0,0
2023,683737,592663,1.83,50,26.9,0
2023,678225,543510,2.01,25,29.7,1
2023,670764,624431,1.99,18,28.2,0
2023,670764,672386,1.98,48,28.2,0
2023,663757,663743,2.01,44,27.7,0
2023,677594,668939,1.91,51,29.6,0
2023,594807,518735,2.08,69,27.6,0
2023,593160,664874,2.0,28,28.8,0
2023,608070,641680,1.97,57,27.8,0
2023,572191,606992,1.99,15,28.7,0
2023,682622,672515,1.9,33,29.1,0
2023,650402,668670,1.95,30,26.4,0
2023,664728,672386,1.98,48,27.6,0
2023,666149,664954,2.07,11,30.1,0
2023,596115,542194,1.87,39,28.8,0
2024,543807,607732,1.96,44,28.1,0
2024,660670,663743,1.93,60,27.7,0
2024,605141,663743,1.93,60,26.7,1
2024,672356,543510,1.98,38,27.4,1
2024,695391,642136,2.01,15,27.2,1
2024,680474,596117,1.88,22,27.8,1
2024,668930,660688,2.06,57,29.3,0
2024,596019,553869,1.9,33,27.6,0
2024,668930,666310,1.97,38,29.3,0
2024,669911,543309,2.02,44,27.4,0
2024,691026,669257,1.94,57,28.8,1
2024,645302,668832,2.0,18,27.8,0
2024,682998,543309,2.02,44,29.6,0
2025,656941,686780,1.93,52,25.9,0
2025,680574,686780,1.93,52,29.2,0
2025,691026,682626,1.93,35,28.4,1
2025,668804,455117,1.98,31,28.1,0
2025,608070,661388,1.96,46,28.4,0
2025,680757,661388,1.96,46,27.3,0
2025,695578,624431,2.0,47,27.8,1
2025,676356,518595,2.0,33,29.5,0
2025,656716,680777,1.98,34,28.3,0
2025,691723,553869,1.91,25,27.9,0
2025,665862,693307,1.94,60,27.6,0
2025,668227,666163,1.96,19,27.7,0
2021,575929,607732,2.03,29,27.5,0
2021,622534,455117,1.96,32,28.6,1
2021,624641,519390,2.09,18,29.7,1
2021,664238,641470,2.02,30,28.4,0
2021,518586,608596,2.04,26,28.1,0
2021,664702,595978,1.95,27,29.3,0
2021,664023,607732,2.03,29,27.7,0
2022,542932,608348,1.98,39,29.5,0
2022,664702,571466,1.99,38,29.3,0
2022,669242,664731,2.03,15,28.7,0
2022,602074,595751,1.89,16,28.1,1
2022,677594,669221,1.89,33,29.7,0
2022,666971,595284,1.99,8,27.3,0
2023,640492,543228,1.99,45,29.6,0
2023,682998,666023,1.93,27,30.1,1
2023,572233,661388,1.95,47,26.4,0
2023,669707,543592,1.97,28,28.4,1
2023,630105,682626,1.94,57,28.3,0
2023,592192,605131,2.01,29,27.8,0
2023,676946,656024,1.99,12,28.6,0
2023,657077,543510,2.01,25,27.3,0
2024,675961,661388,1.96,58,28.0,0
2024,663647,605131,2.0,27,26.4,0
2024,676801,668670,1.93,30,28.7,1
2024,666160,608348,1.97,51,28.6,0
2024,630105,666163,1.92,47,27.7,0
2025,665750,666163,1.96,19,28.8,0
2025,695578,542963,1.93,5,27.8,0
2025,666158,668939,1.94,29,27.9,0
2025,677951,700337,1.95,46,30.2,0
2025,676572,680779,1.89,25,26.9,0
2025,593428,521692,1.93,17,27.6,1
2025,670231,669257,1.94,53,28.9,0
2025,656716,543877,1.94,39,28.3,0
2025,666160,700337,1.95,46,28.5,0
2025,673490,680777,1.98,34,27.6,0
2025,677800,543877,1.94,39,27.6,0
2025,666971,693307,1.94,60,27.1,1
2025,595777,682626,1.93,35,26.3,0
2025,691781,521692,1.93,17,27.8,1
2025,665862,665966,1.92,63,27.6,0
2025,665019,623168,1.92,38,27.9,0
2025,553993,666023,1.9,35,26.4,0
2025,805300,686948,1.95,63,28.1,0
2021,663757,669257,1.96,56,28.8,0
2023,657077,543510,2.01,25,27.3,0
2021,595777,553869,1.95,20,26.2,0
2021,591720,543877,1.98,43,26.9,1
2021,643393,521692,1.97,28,26.8,0
2021,650489,518735,2.06,29,28.7,0
2022,673357,606992,1.95,29,27.9,0
2022,660271,669257,1.93,32,28.2,1
2022,622761,672515,1.92,14,30.1,1
2022,572204,518595,1.99,36,27.7,0
2022,614173,543228,1.97,28,28.6,1
2022,677594,519390,2.12,7,29.7,0
2022,681082,519222,2.08,18,29.0,0
2022,665926,521692,1.99,18,29.3,1
2022,641553,663728,1.99,47,29.1,1
2023,593160,668670,1.95,30,28.8,0
2023,595909,518735,2.08,69,27.6,0
2023,663837,543510,2.01,25,29.1,1
2023,641531,680777,1.95,27,28.3,0
2023,686668,682626,1.94,57,29.9,0
2023,665742,657136,1.92,60,26.8,0
2023,672695,660688,2.06,64,27.2,0
2023,592663,608348,1.96,23,28.6,0
2023,665489,657136,1.92,60,26.4,0
2023,672356,543228,1.99,45,28.0,1
2023,672695,666165,2.0,21,27.2,1
2023,630105,553869,1.93,51,28.3,0
2023,592885,518735,2.08,69,28.1,0
2023,650559,661388,1.95,47,27.7,0
2023,607208,669221,1.9,53,30.3,0
2024,666969,673237,1.97,73,26.8,0
2024,671289,657136,1.95,46,28.2,0
2024,645302,657136,1.95,46,27.8,0
2024,676356,672386,2.0,55,29.8,0
2024,668942,673237,1.97,73,27.0,0
2024,663368,571912,1.97,27,29.6,1
2024,608385,663886,2.02,64,26.1,0
2024,694192,663743,1.93,60,29.7,1
2024,669127,681351,2.02,59,27.8,1
2024,606192,669127,1.91,70,28.6,0
2024,672761,663728,1.95,70,28.2,1
2024,673357,669127,1.91,70,28.8,0
2024,642180,663698,2.0,35,28.7,0
2024,682657,666163,1.92,47,27.6,0
2025,807712,642136,2.0,38,28.7,0
2025,457759,605131,2.11,11,25.3,0
2025,668715,689414,2.0,38,28.0,0
2025,667472,669127,1.89,67,28.4,0
2025,690987,686948,1.95,63,28.2,0
2025,671739,553869,1.91,25,28.5,0
2025,630105,672275,1.86,44,28.1,1
2025,667472,642136,2.0,38,28.4,1
2025,668942,543309,2.03,45,26.2,1
2025,664056,608348,1.95,39,28.8,0
2025,665862,691019,1.96,31,27.6,0
2021,502054,608596,2.04,26,27.8,0
2021,663697,553882,2.0,47,28.5,1
2021,669256,669221,1.9,31,29.0,0
2021,605141,605170,2.02,28,27.2,1
2022,592663,553869,1.94,28,28.7,0
2022,543305,518735,2.09,29,27.9,0
2022,543829,553869,1.94,28,28.4,0
2022,546991,660688,2.0,46,27.6,1
2022,593871,606992,1.95,29,28.1,0
2022,543543,680777,1.98,25,27.1,1
2022,664728,642336,1.95,24,28.0,1
2022,643217,663728,1.99,47,27.6,0
2022,665161,606992,1.95,29,29.4,0
2022,596019,543592,2.01,36,27.6,0
2023,668930,553882,2.0,25,29.4,0
2023,663457,657136,1.92,60,27.8,0
2023,467793,641680,1.97,57,25.9,0
2023,607054,607732,1.97,41,28.0,0
2023,641343,624512,1.98,21,27.3,0
2023,656716,642851,1.91,23,28.5,0
2023,608671,455117,1.93,55,29.0,0
2023,658668,669257,1.91,56,28.6,1
2023,681546,668939,1.91,51,28.9,0
2023,669392,553882,2.0,25,29.1,0
2023,622761,681351,2.09,20,30.1,0
2023,686668,672275,1.87,51,29.9,0
2023,676801,663728,1.96,66,28.2,1
2024,453568,672515,1.89,26,27.4,0
2024,668930,682626,1.92,37,29.3,0
2024,607208,671056,1.99,28,29.6,0
2024,690993,671056,1.99,28,27.7,0
2024,650859,592663,1.85,39,26.9,0
2024,641343,671056,1.99,28,27.2,0
2024,596019,641680,1.98,70,27.6,0
2024,666181,669221,1.95,39,28.8,0
2024,621020,661388,1.96,58,27.8,0
2024,641857,669221,1.95,39,25.9,0
2024,650489,666310,1.97,38,27.9,0
2023,681546,668939,1.91,51,28.9,0
2024,621020,693307,1.94,8,27.8,0
2024,592626,620443,1.87,19,25.5,1
2024,661388,592663,1.85,39,26.4,0
2024,671732,669224,1.98,45,27.6,0
2024,650489,657136,1.95,46,27.9,1
2024,621439,657136,1.95,46,29.7,0
2025,672695,660688,2.0,42,27.2,0
2025,680776,671056,2.0,6,29.1,0
2025,663968,665966,1.92,63,29.1,0
2025,664034,672275,1.86,44,25.1,0
2025,691026,693307,1.94,60,28.4,1
2025,624413,687221,1.93,15,25.3,1
2025,695734,553869,1.91,25,29.1,1
2025,660670,620443,1.87,29,27.9,0
2025,702332,669257,1.94,53,28.1,1
2025,667472,661388,1.96,46,28.4,0
2025,676609,686780,1.93,52,28.3,0
2025,692216,663728,1.97,55,27.6,0
2025,665862,665966,1.92,63,27.6,0
2025,672580,665561,1.88,24,27.9,0
2021,664702,467092,2.01,12,29.3,0
2021,656775,666163,1.92,8,28.5,0
2021,663624,425784,1.97,15,28.0,1
2021,621453,669221,1.9,31,28.4,0
2021,608070,641470,2.02,30,28.1,0
2021,650402,543877,1.98,43,27.0,1
2021,572191,680777,2.03,34,28.2,1
2021,605141,518595,2.03,14,27.2,0
2022,641933,621512,1.96,30,29.7,0
2022,664056,663698,1.97,22,29.1,0
2022,642201,519222,2.08,18,30.0,0
2022,605204,661531,2.0,27,26.5,1
2022,680757,521692,1.99,18,28.4,0
2022,641553,669257,1.93,32,29.1,0
2022,622761,435559,2.07,16,30.1,0
2022,668731,664874,1.97,14,28.9,1
2022,650402,553882,2.01,23,26.9,1
2022,518692,642851,2.04,15,26.9,0
2023,643217,641511,1.99,27,27.3,0
2023,645302,572287,2.04,33,28.0,0
2023,606132,643376,1.99,30,28.7,0
2023,596019,663886,2.01,36,28.1,1
2023,502671,669257,1.91,56,26.4,0
2023,622761,643376,1.99,30,30.1,0
2023,670042,661388,1.95,47,28.8,0
2023,500871,595956,1.97,30,27.1,0
2023,668804,663728,1.96,66,27.8,0
2023,660670,606992,1.99,15,28.0,0
2023,514888,660688,2.06,64,26.9,0
2023,571771,664874,2.0,28,26.9,0
2023,665487,660688,2.06,64,29.3,0
2023,682928,641680,1.97,57,28.6,0
2023,665926,518735,2.08,69,29.2,0
2023,607054,680777,1.95,27,28.0,0
2023,677594,595453,1.99,18,29.6,1
2023,592192,641680,1.97,57,27.8,1
2023,672695,571912,1.93,36,27.2,0
2023,677594,521692,1.98,26,29.6,0
2023,673490,672275,1.87,51,28.5,0
2024,543760,668832,2.0,18,28.5,0
2024,656413,455117,1.97,17,29.1,0
2024,680869,666310,1.97,38,28.7,0
2024,696285,657136,1.95,46,29.7,1
2024,670042,681351,2.02,59,28.9,0
2024,666152,571912,1.97,27,29.4,0
2024,671289,668670,1.93,30,28.2,0
2024,681297,672386,2.0,55,28.2,1
2024,645302,657136,1.95,46,27.8,0
2024,665862,608348,1.97,51,28.6,0
2024,672695,592663,1.85,39,27.0,0
2024,807799,543877,1.96,32,26.1,0
2025,676356,607732,2.0,36,29.5,0
2025,665161,543877,1.94,39,29.6,0
2025,670770,661388,1.96,46,26.7,1
2025,673962,672275,1.86,44,26.6,1
2025,669364,642136,2.0,38,28.3,0
2025,666149,656180,1.93,35,29.6,0
2025,691406,689414,2.0,38,26.7,0
2025,691718,680779,1.89,25,29.5,0
2025,672695,669127,1.89,67,27.2,0
2025,596019,686948,1.95,63,27.4,0
2021,660271,521692,1.97,28,28.8,0
2021,666158,575929,1.91,37,29.1,0
2021,642180,669221,1.9,31,29.1,0
2021,453568,519390,2.09,18,27.6,0
2021,542454,572287,1.95,28,27.9,1
2022,602074,660688,2.0,46,28.1,1
2022,622534,620443,2.0,20,27.9,0
2022,670770,553882,2.01,23,28.1,0
2022,670764,519222,2.08,18,28.8,0
2022,594777,435559,2.07,16,25.4,0
2022,444482,605244,1.95,15,27.5,0
2022,660757,663728,1.99,47,28.8,1
2022,678225,664731,2.03,15,29.0,0
2022,493329,663728,1.99,47,26.9,0
2023,677951,641680,1.97,57,30.5,0
2023,682928,672515,1.9,33,28.6,0
2023,656716,518735,2.08,69,28.5,0
2023,668715,661388,1.95,47,28.4,0
2023,671289,543877,1.95,35,28.6,0
2023,666397,672386,1.98,48,27.0,0
2023,663368,666310,1.94,44,30.0,1
2023,669242,571466,1.99,21,28.8,0
2023,543760,455117,1.93,55,28.7,0
2023,676609,666165,2.0,21,29.0,0
2023,663538,664874,2.0,28,28.5,0
2024,663368,571912,1.97,27,29.6,0
2024,681297,657136,1.95,46,28.2,0
2024,670032,666163,1.92,47,27.1,0
2024,691718,661388,1.96,58,30.0,0
2024,664023,661388,1.96,58,27.9,1
2024,606192,669224,1.98,45,28.6,0
2024,682622,686780,1.93,39,28.8,0
2024,679845,666310,1.97,38,27.7,0
2024,691718,592200,2.0,31,30.0,0
2024,694192,607732,1.96,44,29.7,0
2024,673357,595978,1.94,19,28.8,0
2024,665953,668939,1.96,55,25.8,1
2024,668930,680728,2.04,13,29.3,0
2024,571970,682626,1.92,37,26.9,0
2025,666182,668939,1.94,29,26.1,1
2025,543807,668939,1.94,29,28.0,0
2025,607208,607732,2.0,36,30.3,0
2025,643396,605131,2.11,11,27.4,0
2025,669224,518595,2.0,33,26.4,0
2025,592518,672275,1.86,44,25.8,0
2025,691176,665966,1.92,63,28.7,0
2025,624428,543309,2.03,45,26.6,0
2025,677594,673237,1.95,72,29.2,0
2025,666152,666023,1.9,35,29.3,1
2025,677951,700337,1.95,46,30.2,0
2025,650333,669257,1.94,53,26.5,0
2025,663616,691019,1.96,31,26.1,0
2025,621035,680862,2.0,9,27.8,0
2025,595751,691019,1.96,31,28.2,0
2021,668227,643376,1.94,12,28.7,0
2021,660162,607732,2.03,29,27.8,0
2021,572191,641470,2.02,30,28.2,0
2021,543068,435559,1.99,26,26.0,0
2021,663757,595284,1.94,15,28.8,0
2021,572041,518595,2.03,14,27.7,0
2021,665862,621512,1.94,16,29.1,1
2022,664023,543592,2.01,36,27.9,0
2022,660670,605131,2.06,17,28.5,0
2022,669374,575929,1.93,23,27.5,0
2022,660670,519222,2.08,18,28.5,0
2022,656775,543228,1.97,28,28.5,0
2022,642731,645444,1.94,11,28.2,0
2022,500743,543228,1.97,28,26.4,0
2022,680757,571466,1.99,38,28.4,1
2022,642708,669004,1.97,20,29.4,0
2023,650402,592663,1.83,50,26.4,1
2023,677951,506702,1.96,11,30.5,0
2023,677951,506702,1.96,11,30.5,0
2023,571970,571466,1.99,21,26.9,0
2023,457705,605131,2.01,29,28.4,0
2023,643396,595956,1.97,30,27.7,0
2023,678246,596117,1.87,18,27.9,0
2023,621035,596117,1.87,18,28.3,0
2023,669127,641680,1.97,57,28.4,1
2023,668472,543592,1.97,28,26.3,0
2023,668227,682626,1.94,57,28.4,0
2023,592885,642336,1.95,24,28.1,0
2023,643396,571912,1.93,36,27.7,1
2023,502054,455117,1.93,55,27.8,0
2023,642715,571912,1.93,36,27.6,1
2023,664056,607732,1.97,41,28.8,0
2023,670770,641511,1.99,27,28.3,0
2023,666134,672386,1.98,48,28.4,0
2023,642708,669221,1.9,53,29.4,0
2024,671739,682626,1.92,37,28.3,0
2024,678662,669134,1.97,25,28.1,0
2024,663368,665804,2.04,50,29.6,0
2024,678882,608348,1.97,51,28.8,1
2024,673357,518735,2.09,31,28.8,0
2024,668942,681351,2.02,59,27.0,1
2024,681082,543877,1.96,32,29.1,0
2024,669004,543877,1.96,32,27.8,0
2024,669364,669257,1.94,57,28.4,0
2024,672640,669257,1.94,57,28.7,0
2025,671218,673237,1.95,72,27.5,0
2025,687401,700337,1.95,46,28.7,0
2025,681082,660688,2.0,42,28.8,0
2025,682998,686948,1.95,63,29.8,1
2025,671289,665966,1.92,63,28.5,1
2025,802415,700337,1.95,46,29.6,0
2025,650489,669257,1.94,53,28.2,1
2025,691023,608348,1.95,39,28.7,0
2025,695336,682663,1.99,53,28.4,0
2025,606466,669257,1.94,53,26.6,0
2025,665862,700337,1.95,46,27.6,0
2025,596146,682663,1.99,53,27.0,0
2025,518692,656577,1.9,18,25.6,0
2021,641584,680777,2.03,34,27.7,1
2021,665926,608700,2.09,26,29.1,0
2021,607043,444489,1.94,21,28.9,1
2022,575929,553882,2.01,23,27.5,0
2022,664913,595978,1.95,39,27.8,0
2022,677594,543592,2.01,36,29.7,0
2022,543807,543877,1.94,37,28.3,0
2022,657041,575929,1.93,23,29.4,1
2022,673548,425877,2.05,19,28.3,0
2022,608070,521692,1.99,18,28.5,1
2022,681987,571912,1.96,31,29.6,0
2022,666801,519222,2.08,18,27.4,0
2022,664983,605131,2.06,17,30.1,0
2022,660644,595978,1.95,39,28.5,0
2023,518692,575929,1.93,34,26.7,0
2023,542932,672515,1.9,33,29.3,1
2023,502671,669257,1.91,56,26.4,0
2023,677551,571466,1.99,21,27.5,0
2023,673962,669257,1.91,56,26.8,1
2023,596019,657136,1.92,60,28.1,0
2023,665742,543510,2.01,25,26.8,1
2023,541645,669257,1.91,56,28.3,0
2023,660670,660688,2.06,64,28.0,0
2023,669003,543228,1.99,45,29.3,1
2024,670032,521692,2.01,24,27.1,1
2022,575929,553882,2.01,23,27.5,0
2024,657041,605131,2.0,27,29.3,0
2024,680977,668832,2.0,18,27.0,1
2024,676356,624512,1.98,16,29.8,1
2024,680118,543309,2.02,44,29.6,0
2024,665161,543877,1.96,32,29.8,1
2024,691718,663886,2.02,64,30.0,0
2024,691718,666163,1.92,47,30.0,0
2024,657041,682626,1.92,37,29.3,0
2024,682998,607732,1.96,44,29.6,0
2024,660271,607732,1.96,44,28.1,0
2025,694374,542963,1.93,5,28.2,0
2025,669701,669224,1.97,42,27.5,1
2025,670770,608348,1.95,39,26.7,0
2025,677951,641598,2.04,23,30.2,0
2025,680776,543877,1.94,39,29.1,0
2025,607208,663728,1.97,55,30.3,0
2025,668904,669127,1.89,67,26.8,1
2025,695734,682663,1.99,53,29.1,0
2025,664023,686948,1.95,63,27.4,0
2025,671739,656180,1.93,35,28.5,0
2025,671739,656180,1.93,35,28.5,0
2021,596451,668800,2.0,13,30.0,0
2021,666969,608596,2.04,26,28.4,0
2021,665862,605131,2.06,21,29.1,0
2021,621020,553882,2.0,47,28.3,0
2021,543333,553882,2.0,47,26.0,0
2021,663662,545358,2.02,25,28.2,0
2021,672284,642336,1.94,17,27.2,1
2021,608070,435559,1.99,26,28.1,0
2021,641531,455117,1.96,32,28.2,1
2021,456715,457763,2.0,26,28.7,0
2021,608070,553882,2.0,47,28.1,0
2021,656669,606992,1.94,21,27.5,0
2021,643396,641470,2.02,30,28.0,0
2022,663647,543228,1.97,28,27.9,1
2022,641914,641680,1.99,46,26.4,0
2022,571657,605170,2.01,34,26.7,0
2022,592518,592200,2.01,13,26.4,0
2022,670032,571466,1.99,38,27.7,1
2022,676480,553869,1.94,28,27.8,0
2022,669450,553869,1.94,28,28.8,1
2022,669352,643376,1.98,22,30.3,0
2022,680757,641680,1.99,46,28.4,0
2022,664983,642851,2.04,15,30.1,0
2023,682998,668800,2.01,33,30.1,0
2023,665926,606992,1.99,15,29.2,0
2023,663457,605131,2.01,29,27.8,0
2023,606192,668670,1.95,30,28.6,0
2023,516782,608348,1.96,23,27.1,0
2023,682928,575929,1.93,34,28.6,0
2023,594807,669127,1.9,68,27.6,0
2023,656716,543877,1.95,35,28.5,1
2023,665862,673237,1.9,35,28.4,0
2023,607680,553869,1.93,51,28.2,0
2023,666310,641680,1.97,57,27.4,0
2023,660670,543228,1.99,45,28.0,0
2024,686554,664874,1.97,10,29.1,0
2024,673490,669257,1.94,57,28.3,1
2024,621563,605131,2.0,27,27.6,0
2024,682829,641680,1.98,70,30.0,0
2024,668885,681351,2.02,59,28.3,0
2024,680776,671056,1.99,28,29.6,0
2024,650333,644433,1.92,9,26.7,1
2024,666152,596142,1.96,20,29.4,0
2024,701538,641680,1.98,70,28.5,0
2024,592192,645305,1.96,18,27.8,0
2024,666160,543877,1.96,32,28.6,1
2024,672569,641680,1.98,70,28.3,0
2025,666624,686948,1.95,63,28.0,0
2025,672515,672275,1.86,44,27.0,1
2025,805367,608348,1.95,39,27.0,0
2025,663538,642136,2.0,38,28.6,0
2025,664770,543309,2.03,45,27.3,0
2025,678246,671056,2.0,6,27.5,0
2025,671732,669224,1.97,42,26.9,0
2025,656716,641598,2.04,23,28.3,0
2025,808975,672275,1.86,44,28.7,0
2025,686797,669257,1.94,53,26.1,0
2025,642215,665966,1.92,63,28.1,1
2025,693304,672275,1.86,44,28.9,1
2025,642715,643376,2.0,60,28.0,0
2025,671277,682663,1.99,53,26.5,0
2025,647304,665861,1.93,6,24.4,0
2025,660271,663728,1.97,55,28.0,0
2021,656775,543877,1.98,43,28.5,0
2021,621433,600474,1.97,23,28.5,0
2021,660271,605244,1.94,7,28.8,0
2021,571970,608348,1.98,21,26.7,0
2021,656775,643376,1.94,12,28.5,0
2021,666182,543309,1.94,28,28.0,0
2021,595281,455117,1.96,32,29.2,1
2022,673548,595284,1.99,8,28.3,0
2022,624503,455139,2.04,20,27.8,1
2022,592348,680777,1.98,25,27.5,0
2022,677594,672386,1.99,27,29.7,1
2022,670770,595978,1.95,39,28.1,0
2022,642165,543592,2.01,36,26.1,0
2022,462101,455117,1.92,40,26.1,0
2022,665926,543877,1.94,37,29.3,0
2022,573262,571466,1.99,38,27.0,0
2022,462101,606992,1.95,29,26.1,0
2023,602074,543592,1.97,28,27.4,0
2023,673490,543228,1.99,45,28.5,0
2023,650489,572287,2.04,33,28.6,0
2023,621439,605131,2.01,29,29.3,0
2023,669242,661388,1.95,47,28.8,0
2023,679529,518735,2.08,69,27.4,0
2023,686894,669127,1.9,68,28.9,0
2023,662139,666165,2.0,21,28.1,1
2023,677551,672515,1.9,33,27.5,1
2023,646240,669127,1.9,68,26.0,0
2023,672724,553869,1.93,51,28.7,0
2023,691023,669127,1.9,68,28.5,0
2023,669392,663728,1.96,66,29.1,0
2023,593160,553869,1.93,51,28.8,0
2023,682998,686676,1.91,17,30.1,0
2024,664314,669127,1.91,70,28.7,0
2024,683011,661531,1.98,7,28.6,0
2024,663457,669127,1.91,70,27.0,0
2024,665862,669257,1.94,57,28.6,0
2024,596019,592663,1.85,39,27.6,0
2024,650402,680777,1.93,40,26.6,0
2024,608671,543877,1.96,32,28.5,0
2024,624503,669134,1.97,25,27.7,0
2024,661388,543228,1.98,12,26.4,0
2024,663647,607732,1.96,44,26.4,0
2024,696285,665804,2.04,50,29.7,1
2024,621493,642020,1.97,15,26.8,0
2024,687093,672386,2.0,55,27.4,0
2025,608070,680777,1.98,34,28.4,0
2025,673357,661388,1.96,46,29.0,1
2025,656811,669224,1.97,42,27.6,1
2025,689200,691019,1.96,31,29.0,0
2025,682928,681351,2.0,50,28.2,0
2025,691176,620443,1.87,29,28.7,0
2025,570482,605170,2.05,28,24.2,1
2025,677951,641680,2.01,44,30.2,0
2025,578428,663886,1.99,35,27.8,0
2025,668227,686780,1.93,52,27.7,1
2025,668904,669224,1.97,42,26.8,0
2021,571980,608348,1.98,21,27.7,0
2021,665926,663886,1.97,22,29.1,0
2021,543939,595956,2.03,14,26.8,0
2021,624428,575929,1.91,37,27.1,1
2021,644374,606992,1.94,21,28.3,0
2021,664314,592663,1.84,16,29.2,0
2021,666182,608700,2.09,26,28.0,0
2021,668731,680777,2.03,34,28.8,1
2021,666182,543877,1.98,43,28.0,0
2021,592518,455117,1.96,32,26.4,0
2021,669016,488771,1.97,11,29.1,0
2022,665120,488771,1.97,11,25.9,1
2022,661388,553882,2.01,23,27.0,0
2022,670032,435559,2.07,16,27.7,0
2022,643396,571912,1.96,31,28.4,0
2022,669242,660688,2.0,46,28.7,0
2022,665926,455117,1.92,40,29.3,0
2022,606019,519222,2.08,18,25.0,0
2022,542932,661388,1.97,18,29.5,0
2023,677594,643376,1.99,30,29.6,0
2023,516782,660688,2.06,64,27.1,0
2023,668930,668939,1.91,51,29.4,0
2023,673357,669257,1.91,56,28.7,0
2023,607208,518595,1.97,39,30.3,0
2023,660271,518735,2.08,69,27.8,0
2023,571448,669221,1.9,53,24.9,0
2023,672724,608348,1.96,23,28.7,1
2023,667472,661388,1.95,47,28.9,0
2023,572233,641680,1.97,57,26.4,0
2024,592885,605170,2.02,35,28.5,1
2024,666397,666023,1.88,23,26.7,0
2024,656248,666310,1.97,38,27.1,0
2024,669222,669221,1.95,39,27.3,0
2024,657041,669221,1.95,39,29.3,1
2024,608701,624431,2.07,44,27.3,1
2024,645302,605170,2.02,35,27.8,0
2024,686676,668670,1.93,30,27.6,0
2025,606466,669224,1.97,42,26.6,1
2025,669364,620443,1.87,29,28.3,0
2025,682657,596142,1.91,9,27.7,0
2025,682829,689414,2.0,38,29.1,0
2025,687957,663728,1.97,55,29.1,0
2025,679032,669127,1.89,67,30.1,0
2025,671277,693307,1.94,60,26.5,0
2025,694497,693307,1.94,60,29.0,1
2025,672724,592663,1.86,50,29.2,0
2025,687363,672275,1.86,44,30.2,1
2021,676801,608596,2.04,26,28.7,0
2021,642180,518735,2.06,29,29.1,0
2021,642708,672386,1.94,15,29.5,0
2021,543281,641680,1.99,25,26.8,0
2021,516782,641680,1.99,25,28.5,0
2021,546318,624513,2.01,28,27.3,0
2021,593160,666163,1.92,8,28.6,1
2022,664059,668939,1.93,24,28.9,0
2022,642727,605170,2.01,34,27.7,1
2022,606132,664874,1.97,14,28.2,0
2022,624503,571912,1.96,31,27.8,1
2022,607208,664731,2.03,15,30.3,0
2022,622761,641680,1.99,46,30.1,0
2022,669701,543877,1.94,37,28.2,0
2023,669222,668800,2.01,33,28.3,0
2023,677594,518735,2.08,69,29.6,0
2023,647304,672515,1.9,33,25.8,0
2023,502054,664874,2.0,28,27.8,0
2023,641584,543228,1.99,45,28.0,0
2023,682622,663728,1.96,66,29.1,1
2024,702358,571912,1.97,27,27.5,0
2024,660670,663743,1.93,60,27.7,0
2024,680776,672275,1.85,58,29.6,0
2024,694497,660688,2.06,57,29.7,0
2024,596019,665804,2.04,50,27.6,0
2024,666624,518735,2.09,31,27.3,1
2024,593160,672275,1.85,58,29.0,0
2024,666181,686780,1.93,39,28.8,1
2024,694671,672275,1.85,58,29.8,0
2024,694192,642136,2.01,15,29.7,1
2024,691718,672275,1.85,58,30.0,0
2024,656305,669257,1.94,57,28.7,0
2024,608070,596142,1.96,20,28.2,0
2024,502054,669224,1.98,45,27.2,0
2025,592450,663698,1.99,39,27.1,0
2025,663656,669257,1.94,53,26.5,0
2025,671289,656180,1.93,35,28.5,0
2025,810938,681351,2.0,50,28.1,0
2025,663968,669257,1.94,53,29.1,0
2025,663853,673237,1.95,72,28.3,1
2025,663743,669127,1.89,67,26.8,0
2025,656775,682663,1.99,53,28.4,0
2025,682998,672275,1.86,44,29.8,0
2021,606132,519390,2.09,18,28.3,0
2021,592178,605170,2.02,28,27.9,0
2021,606466,669257,1.96,56,26.8,0
2022,518586,455117,1.92,40,27.8,0
2022,457705,605244,1.95,15,28.9,1
2022,660670,455117,1.92,40,28.5,1
2022,672695,663698,1.97,22,27.3,0
2023,669743,680777,1.95,27,28.8,1
2023,643396,643376,1.99,30,27.7,0
2023,665862,572287,2.04,33,28.4,0
2023,680776,643376,1.99,30,29.5,0
2023,592885,666165,2.0,21,28.1,0
2023,666181,668939,1.91,51,28.8,0
2023,502054,661388,1.95,47,27.8,0
2023,680779,596142,1.9,24,28.2,0
2023,668227,668800,2.01,33,28.4,0
2023,672695,571912,1.93,36,27.2,0
2024,669707,663743,1.93,60,28.5,0
2024,665161,669224,1.98,45,29.8,0
2024,647351,664874,1.97,10,27.9,1
2024,678225,672275,1.85,58,29.0,1
2024,682829,575929,1.97,29,30.0,0
2024,696285,663886,2.02,64,29.7,0
2024,686797,620443,1.87,19,25.6,0
2024,673357,521692,2.01,24,28.8,0
2024,671732,672386,2.0,55,27.6,0
2024,666969,669224,1.98,45,26.8,0
2024,693304,542194,1.9,29,29.2,0
2024,664983,596142,1.96,20,29.8,0
2025,645277,643376,2.0,60,27.2,0
2025,647304,592663,1.86,50,24.4,0
2025,669397,663698,1.99,39,27.4,1
2025,668930,643376,2.0,60,28.9,0
2025,672744,661388,1.96,46,28.1,0
2025,664059,656180,1.93,35,28.9,0
2025,679032,620443,1.87,29,30.1,0
2025,672761,592663,1.86,50,27.8,1
2025,596019,686948,1.95,63,27.4,0
2025,657136,669224,1.97,42,28.0,0
2021,640449,518735,2.06,29,27.1,0
2021,640449,641470,2.02,30,27.1,0
2024,657136,668939,1.96,55,28.4,0
2024,664983,641680,1.98,70,29.8,0
2024,682829,665804,2.04,50,30.0,0
2024,621439,668832,2.0,18,29.7,0
2024,691718,686780,1.93,39,30.0,0
2024,669369,663698,2.0,35,28.1,1
2024,663538,666310,1.97,38,28.4,0
2024,676391,657136,1.95,46,28.4,0
2024,682829,620443,1.87,19,30.0,1
2024,676609,668939,1.96,55,28.3,0
2024,682657,666163,1.92,47,27.6,1
2024,682829,680777,1.93,40,30.0,1
2024,681297,669224,1.98,45,28.2,0
2024,682829,542194,1.9,29,30.0,0
2024,683011,663698,2.0,35,28.6,0
2025,660271,668670,1.95,20,28.0,0
2025,545361,543309,2.03,45,27.9,0
2025,663853,543877,1.94,39,28.3,1
2025,670770,656180,1.93,35,26.7,0
2025,656537,608348,1.95,39,30.1,0
2025,621439,669127,1.89,67,30.2,0
2025,668930,680779,1.89,25,28.9,1
2025,663853,681351,2.0,50,28.3,0
2025,669364,543877,1.94,39,28.3,0
2025,676609,682663,1.99,53,28.3,0
2025,593428,608348,1.95,39,27.6,0
2021,456715,425877,1.91,24,28.7,0
2021,571976,607732,2.03,29,28.3,1
2021,665487,608596,2.04,26,29.2,0
2021,656308,521692,1.97,28,28.7,1
2021,656185,608700,2.09,26,28.1,0
2021,514917,575929,1.91,37,28.7,1
2021,592325,608348,1.98,21,27.8,1
2021,608070,543877,1.98,43,28.1,0
2024,608070,666163,1.92,47,28.2,1
2021,605141,457763,2.0,26,27.2,0
2022,624585,545358,2.03,33,27.0,1
2022,677551,620443,2.0,20,27.8,0
2022,641553,543309,1.95,22,29.1,0
2022,622168,641680,1.99,46,28.5,0
2022,542932,660688,2.0,46,29.5,0
2022,671739,660688,2.0,46,29.4,0
2022,649557,519390,2.12,7,27.7,0
2022,643217,642336,1.95,24,27.6,0
2022,671739,455117,1.92,40,29.4,0
2022,656775,455117,1.92,40,28.5,0
2022,621563,641680,1.99,46,27.3,1
2022,669701,435559,2.07,16,28.2,0
2022,605141,543592,2.01,36,27.4,1
2023,683011,543877,1.95,35,28.4,0
2023,665926,660688,2.06,64,29.2,0
2023,673548,605131,2.01,29,28.5,1
2023,664983,596117,1.87,18,30.0,0
2023,677551,542208,1.98,13,27.5,1
2023,683011,624512,1.98,21,28.4,0
2023,666139,543592,1.97,28,28.7,0
2023,668709,664874,2.0,28,27.2,0
2023,686823,666023,1.93,27,28.3,0
2023,643393,672275,1.87,51,26.2,0
2023,622569,666023,1.93,27,27.9,0
2023,664314,672515,1.9,33,29.3,0
2023,660670,660688,2.06,64,28.0,0
2024,677951,681351,2.02,59,30.5,0
2024,681624,543309,2.02,44,28.3,0
2024,677951,681351,2.02,59,30.5,0
2024,696100,592200,2.0,31,28.0,0
2024,606466,669134,1.97,25,27.1,0
2024,608070,663728,1.95,70,28.2,0
2024,666624,661388,1.96,58,27.3,1
2024,668227,624431,2.07,44,28.1,1
2024,681460,641680,1.98,70,29.1,0
2024,691718,661388,1.96,58,30.0,0
2024,670042,643376,1.99,38,28.9,0
2024,500743,518735,2.09,31,25.8,0
2023,666969,455117,1.93,55,27.3,0
2024,664983,592200,2.0,31,29.8,0
2024,663897,691011,1.94,11,28.6,0
2024,682998,592200,2.0,31,29.6,0
2021,608070,572287,1.95,28,28.1,0
2021,656185,592663,1.84,16,28.1,0
2021,641933,575929,1.91,37,29.6,0
2021,669242,669257,1.96,56,28.9,0
2021,622534,543877,1.98,43,28.6,1
2022,682928,608348,1.98,39,29.0,1
2022,547180,663728,1.99,47,27.6,0
2022,668227,668939,1.93,24,28.8,0
2022,665482,606992,1.95,29,27.9,0
2023,516416,543877,1.95,35,27.4,0
2023,672695,543592,1.97,28,27.2,0
2023,543760,669127,1.9,68,28.7,0
2023,663368,666310,1.94,44,30.0,0
2023,607208,553882,2.0,25,30.3,0
2023,676801,666310,1.94,44,28.2,0
2023,664983,543877,1.95,35,30.0,0
2023,680869,672386,1.98,48,29.0,0
2023,660644,624512,1.98,21,26.9,1
2023,665923,663728,1.96,66,29.6,1
2023,664059,669127,1.9,68,29.2,0
2024,695578,682626,1.92,37,28.7,0
2025,694192,643376,2.0,60,29.2,0
2025,672580,657136,1.97,32,27.9,0
2025,702616,665966,1.92,63,28.6,0
2025,622761,657136,1.97,32,29.3,0
2025,663604,686948,1.95,63,30.1,0
2025,682829,608348,1.95,39,29.1,1
2025,656716,700337,1.95,46,28.3,0
2025,593871,665966,1.92,63,27.1,0
2025,690993,623168,1.92,38,28.0,1
2025,686452,543877,1.94,39,27.4,0
2025,672640,669224,1.97,42,28.5,0
2025,802415,672275,1.86,44,29.6,0
2025,695578,592663,1.86,50,27.8,1
2025,645302,669127,1.89,67,28.1,0
2025,677942,669257,1.94,53,28.8,0
2025,665862,665966,1.92,63,27.6,0
2025,696030,673237,1.95,72,28.5,0
2025,596115,669127,1.89,67,28.6,0
2025,687637,700337,1.95,46,28.9,0
2021,500743,425877,1.91,24,26.6,0
2021,596103,592663,1.84,16,28.4,0
2021,646240,641680,1.99,25,27.1,1
2021,660162,656180,1.98,13,27.8,0
2021,608070,668800,2.0,13,28.1,1
2021,665487,425784,1.97,15,29.2,0
2021,516782,592663,1.84,16,28.5,0
2021,669288,664874,2.04,13,28.3,0
2022,592273,605131,2.06,17,27.0,1
2022,592206,553869,1.94,28,27.7,0
2022,665161,641680,1.99,46,29.4,0
2022,592885,660688,2.0,46,28.1,0
2022,596451,592200,2.01,13,29.5,1
2022,642708,669087,2.0,11,29.4,0
2022,542340,543592,2.01,36,26.8,0
2022,656775,642336,1.95,24,28.5,0
2022,570731,624512,1.97,34,27.0,0
2022,641553,571466,1.99,38,29.1,0
2023,673357,521692,1.98,26,28.7,0
2023,543807,543877,1.95,35,27.8,1
2023,592206,608348,1.96,23,27.2,0
2023,542932,663728,1.96,66,29.3,0
2023,682998,672275,1.87,51,30.1,0
2023,807799,669127,1.9,68,26.2,0
2023,641584,669257,1.91,56,28.0,0
2023,671221,543228,1.99,45,28.7,0
2023,671739,666165,2.0,21,28.8,0
2023,681481,543309,1.98,43,28.1,0
2023,642731,666310,1.94,44,28.1,0
2023,640492,669257,1.91,56,29.6,0
2023,666182,650907,1.87,11,27.1,0
2023,666139,672386,1.98,48,28.7,0
2023,679032,553882,2.0,25,29.5,0
2023,666971,592663,1.83,50,27.1,0
2024,641584,660688,2.06,57,28.3,1
2024,607680,592663,1.85,39,28.4,0
2024,668715,669134,1.97,25,28.2,0
2024,665742,668939,1.96,55,26.8,0
2024,672640,553869,1.9,33,28.7,0
2024,673490,571912,1.97,27,28.3,0
2024,682928,607732,1.96,44,28.5,1
2024,671277,656577,1.96,26,27.2,0
2024,676609,669224,1.98,45,28.3,0
2024,668709,672386,2.0,55,27.6,1
2024,666624,668939,1.96,55,27.3,0
2024,605141,681351,2.02,59,26.7,0
2024,606115,607732,1.96,44,25.6,0
2024,665750,624431,2.07,44,28.5,0
2024,681082,682626,1.92,37,29.1,1
2025,677951,605170,2.05,28,30.2,1
2025,679032,680862,2.0,9,30.1,1
2025,622761,665966,1.92,63,29.3,0
2025,687401,592663,1.86,50,28.7,0
2025,807713,641598,2.04,23,29.0,0
2025,607208,624431,2.0,47,30.3,0
2025,694192,689414,2.0,38,29.2,0
2025,682668,663886,1.99,35,29.6,0
2021,605141,605170,2.02,28,27.2,0
2021,571976,624513,2.01,28,28.3,0
2021,518586,669221,1.9,31,28.1,0
2021,592450,669221,1.9,31,27.7,1
2022,641313,642336,1.95,24,28.4,0
2022,647351,542194,1.89,19,28.0,0
2022,670764,543877,1.94,37,28.8,1
2022,666182,596117,1.91,17,27.5,0
2022,660670,621512,1.96,30,28.5,1
2022,656448,661531,2.0,27,28.6,0
2022,656185,425877,2.05,19,28.3,0
2023,681082,607732,1.97,41,28.8,0
2023,656775,669127,1.9,68,28.0,0
2023,660670,643376,1.99,30,28.0,0
2023,677594,641680,1.97,57,29.6,0
2023,682928,543592,1.97,28,28.6,0
2023,680776,672275,1.87,51,29.5,1
2023,621438,669134,1.97,10,28.8,0
2023,670042,543309,1.98,43,28.8,0
2023,543760,543877,1.95,35,28.7,1
2023,677941,666310,1.94,44,29.2,1
2023,666181,666310,1.94,44,28.8,0
2023,624428,660688,2.06,64,26.5,0
2024,650489,608348,1.97,51,27.9,0
2024,677951,668670,1.93,30,30.5,0
2024,592885,663743,1.93,60,28.5,0
2024,687263,666310,1.97,38,28.2,1
2024,695578,682626,1.92,37,28.7,1
2024,642715,663698,2.0,35,27.4,0
2024,641658,668939,1.96,55,29.8,1
2025,672640,624431,2.0,47,28.5,0
2025,682622,682663,1.99,53,29.0,0
2025,672640,645444,2.0,25,28.5,0
2025,696030,641598,2.04,23,28.5,0
2025,694497,641598,2.04,23,29.0,0
2025,686668,700337,1.95,46,29.5,0
2025,657557,543877,1.94,39,26.5,0
2025,802415,663728,1.97,55,29.6,1
2025,656716,680777,1.98,34,28.3,0
2025,666160,605170,2.05,28,28.5,0
2021,605141,553869,1.95,20,27.2,1
2021,664728,641680,1.99,25,28.3,0
2021,543257,543877,1.98,43,27.7,0
2021,621563,608596,2.04,26,27.9,0
2021,543281,592663,1.84,16,26.8,0
2021,543063,608348,1.98,21,25.8,0
2022,669701,572287,2.03,13,28.2,0
2022,592450,642336,1.95,24,27.3,0
2022,669242,575929,1.93,23,28.7,0
2022,680776,595978,1.95,39,29.2,0
2022,646240,642336,1.95,24,25.6,1
2022,656775,543228,1.97,28,28.5,0
2022,656555,661388,1.97,18,25.9,0
2022,543939,608348,1.98,39,26.2,0
2022,656716,642020,1.9,11,28.3,0
2023,668939,641680,1.97,57,27.0,1
2023,677950,506702,1.96,11,28.8,0
2023,660162,572287,2.04,33,26.4,0
2023,571745,663743,2.01,44,26.7,0
2023,672580,669257,1.91,56,28.2,0
2023,672284,542194,1.87,39,28.0,0
2023,572233,682626,1.94,57,26.4,0
2023,660670,682626,1.94,57,28.0,1
2023,623205,691016,1.97,8,28.4,0
2024,608324,666310,1.97,38,26.7,0
2024,650489,664874,1.97,10,27.9,0
2024,668227,672386,2.0,55,28.1,0
2024,596019,642136,2.01,15,27.6,0
2024,680118,571912,1.97,27,29.6,0
2024,680977,605131,2.0,27,27.0,1
2024,656305,543309,2.02,44,28.7,0
2024,669707,671056,1.99,28,28.5,0
2025,665833,643376,2.0,60,29.2,0
2025,596115,623168,1.92,38,28.6,0
2025,671739,680777,1.98,34,28.5,0
2025,694374,608348,1.95,39,28.2,0
2025,677951,643376,2.0,60,30.2,0
2025,666182,665966,1.92,63,26.1,0
2025,701358,642136,2.0,38,29.3,0
2025,691718,660688,2.0,42,29.5,0
2025,676391,650968,2.0,24,28.6,1
2025,671289,660688,2.0,42,28.5,1
2025,630105,669257,1.94,53,28.1,0
2025,672695,691019,1.96,31,27.2,1
2025,621020,666023,1.9,35,28.5,0
2025,663538,666023,1.9,35,28.6,0
2025,608070,607732,2.0,36,28.4,0
2025,621439,666023,1.9,35,30.2,0
2025,676609,623168,1.92,38,28.3,0
2025,621020,663698,1.99,39,28.5,0
2025,686217,608348,1.95,39,28.9,0
2021,666969,596142,1.95,25,28.4,0
2021,669242,553882,2.0,47,28.9,0
2021,656541,660688,2.09,6,28.9,0
2021,664056,575929,1.91,37,29.4,0
2022,622761,542194,1.89,19,30.1,1
2022,657656,543877,1.94,37,27.6,1
2022,677951,571912,1.96,31,30.3,1
2023,665828,680777,1.95,27,27.8,0
2023,657041,572287,2.04,33,29.3,0
2023,670764,518735,2.08,69,28.2,0
2023,666150,596117,1.87,18,26.4,1
2023,680574,661388,1.95,47,29.0,1
2023,680757,608348,1.96,23,28.1,0
2023,682641,605131,2.01,29,27.7,0
2023,665161,592200,1.99,13,29.4,0
2023,673490,663728,1.96,66,28.5,0
2023,624413,665804,1.98,17,26.0,0
2023,670770,666310,1.94,44,28.3,0
2023,682998,642851,1.91,23,30.1,0
2023,666134,656024,1.99,12,28.4,0
2023,677950,543228,1.99,45,28.8,0
2024,656582,553882,2.04,18,26.9,0
2024,673548,666163,1.92,47,28.3,0
2024,672284,668670,1.93,30,27.9,0
2024,687263,668832,2.0,18,28.2,0
2024,607680,669127,1.91,70,28.4,0
2024,593160,682626,1.92,37,29.0,0
2024,621438,669127,1.91,70,28.9,0
2024,642715,691011,1.94,11,27.4,0
2024,665487,673237,1.97,73,28.4,0
2024,664040,672386,2.0,55,27.2,1
2025,663647,663743,1.93,48,27.2,0
2025,680577,671056,2.0,6,28.5,0
2025,682998,542963,1.93,5,29.8,0
2025,628451,518595,2.0,33,27.5,0
2025,656941,666163,1.96,19,25.9,0
2025,694192,605170,2.05,28,29.2,0
2025,641355,641680,2.01,44,28.2,1
2025,681082,682663,1.99,53,28.8,0
2025,802415,669224,1.97,42,29.6,0
2025,683011,691019,1.96,31,28.3,0
2025,673490,608348,1.95,39,27.6,1
2025,695336,663728,1.97,55,28.4,0
2021,663757,425877,1.91,24,28.8,0
2021,664057,519390,2.09,18,29.3,1
2021,607208,543510,2.01,35,30.6,0
2021,606192,572287,1.95,28,28.5,1
2021,658668,664874,2.04,13,29.2,0
2021,666176,624431,2.08,29,29.9,0
2021,516416,669257,1.96,56,27.3,1
2021,650489,668800,2.0,13,28.7,1
2021,596103,553882,2.0,47,28.4,0
2021,664702,553882,2.0,47,29.3,0
2021,609275,595978,1.95,27,28.4,0
2022,543939,575929,1.93,23,26.2,0
2022,642201,592663,1.82,44,30.0,0
2022,622761,571466,1.99,38,30.1,0
2022,621020,663743,1.93,23,28.4,0
2022,621550,543309,1.95,22,27.8,1
2022,660670,657709,2.08,21,28.5,0
2022,677951,642336,1.95,24,30.3,0
2022,592325,543228,1.97,28,27.9,0
2022,630105,660688,2.0,46,28.2,0
2022,686681,543592,2.01,36,27.1,0
2022,669720,543877,1.94,37,27.8,1
2022,670032,571466,1.99,38,27.7,0
2022,543807,669087,2.0,11,28.3,0
2022,605548,455139,2.04,20,29.3,0
2023,622761,624512,1.98,21,30.1,0
2023,678225,663886,2.01,36,29.7,0
2023,665862,682626,1.94,57,28.4,0
2023,592885,605131,2.01,29,28.1,0
2023,670042,672386,1.98,48,28.8,0
2023,640492,607732,1.97,41,29.6,1
2023,681546,682626,1.94,57,28.9,1
2023,669743,553882,2.0,25,28.8,1
2023,678225,543228,1.99,45,29.7,0
2023,665742,455117,1.93,55,26.8,0
2023,665862,669221,1.9,53,28.4,0
2023,680118,673237,1.9,35,30.3,0
2024,624512,681351,2.02,59,25.5,0
2024,457759,607732,1.96,44,25.4,1
2024,642708,669224,1.98,45,29.0,0
2024,677587,644433,1.92,9,26.8,0
2024,592518,681351,2.02,59,25.8,0
2024,592192,686452,1.94,12,27.8,0
2024,693049,663728,1.95,70,26.6,1
2024,657088,592200,2.0,31,28.8,1
2024,681624,608348,1.97,51,28.3,1
2024,608070,596117,1.88,22,28.2,0
2024,682829,666163,1.92,47,30.0,0
2024,687363,680777,1.93,40,30.0,0
2024,500743,608348,1.97,51,25.8,1
2024,593428,666163,1.92,47,27.4,0
2025,542932,543309,2.03,45,28.3,0
2025,666624,686948,1.95,63,28.0,0
2025,621439,693307,1.94,60,30.2,0
2025,681624,682663,1.99,53,28.1,0
2025,647304,592663,1.86,50,24.4,0
2025,621438,686948,1.95,63,29.3,0
2025,681962,686780,1.93,52,28.3,0
2025,691023,682663,1.99,53,28.7,0
2025,673357,665561,1.88,24,29.0,0
2025,596115,673237,1.95,72,28.6,0
2025,686475,691019,1.96,31,28.9,1
2021,595281,521692,1.97,28,29.2,0
2021,593428,643376,1.94,12,27.7,0
2021,621453,595284,1.94,15,28.4,0
2021,547180,607732,2.03,29,27.8,1
2021,456715,457763,2.0,26,28.7,0
2021,660271,596142,1.95,25,28.8,0
2021,605548,518735,2.06,29,29.4,1
2021,640458,595956,2.03,14,28.9,0
2021,641355,518595,2.03,14,28.0,0
2022,605141,605244,1.95,15,27.4,0
2022,456715,592663,1.82,44,28.3,1
2022,516782,518595,1.99,36,28.0,1
2022,670032,624512,1.97,34,27.7,0
2022,516416,543592,2.01,36,27.7,0
2022,605421,543592,2.01,36,24.5,0
2022,608369,518735,2.09,29,26.2,0
2022,622682,672515,1.92,14,27.6,1
2022,663845,605244,1.95,15,26.3,0
2022,671739,668663,2.05,8,29.4,0
2022,665833,661531,2.0,27,29.9,0
2022,668942,571912,1.96,31,27.3,0
2022,668942,596117,1.91,17,27.3,1
2022,607208,663698,1.97,22,30.3,0
2022,664728,606992,1.95,29,28.0,1
2022,572204,661531,2.0,27,27.7,0
2023,516782,663743,2.01,44,27.1,1
2023,666915,642336,1.95,24,28.1,0
2023,663697,669221,1.9,53,27.8,0
2023,643289,669221,1.9,53,28.1,0
2023,677649,669127,1.9,68,29.1,1
2023,595879,668939,1.91,51,28.1,0
2023,622534,673237,1.9,35,28.3,1
2023,663368,669127,1.9,68,30.0,1
2023,678225,682626,1.94,57,29.7,0
2023,665828,553869,1.93,51,27.8,0
2023,676059,542194,1.87,39,28.9,0
2023,656775,672515,1.9,33,28.0,0
2023,545121,669257,1.91,56,27.0,0
2023,573262,642851,1.91,23,27.0,0
2023,624512,543510,2.01,25,25.9,0
2024,672284,592663,1.85,39,27.9,1
2024,650402,661531,1.98,7,26.6,0
2024,669224,672386,2.0,55,26.7,0
2024,668227,686676,1.85,46,28.1,0
2024,663368,657136,1.95,46,29.6,0
2024,669720,686676,1.85,46,27.1,1
2024,691026,571912,1.97,27,28.8,1
2024,691026,663886,2.02,64,28.8,1
2024,592450,543877,1.96,32,26.8,0
2024,641584,661388,1.96,58,28.3,0
2024,663538,592200,2.0,31,28.4,0
2024,656413,686780,1.93,39,29.1,0
2024,608671,669127,1.91,70,28.5,0
2024,665926,686676,1.85,46,28.9,1
2024,681393,680777,1.93,40,29.3,1
2024,680118,660688,2.06,57,29.6,0
2025,669242,686948,1.95,63,28.4,0
2025,650333,608348,1.95,39,26.5,0
2025,657557,542963,1.93,5,26.5,0
2024,592450,543877,1.96,32,26.8,0
2025,687363,624431,2.0,47,30.2,0
2025,608671,592663,1.86,50,29.3,0
2025,621020,700337,1.95,46,28.5,0
2025,673357,682626,1.93,35,29.0,0
2025,671739,665966,1.92,63,28.5,0
2025,677594,543877,1.94,39,29.2,1
2025,641857,668800,2.0,13,26.7,1
2025,665487,687221,1.93,15,28.6,0
2025,702616,669224,1.97,42,28.6,0
2025,673490,669127,1.89,67,27.6,0
2025,805249,682626,1.93,35,29.4,0
2025,669397,663698,1.99,39,27.4,1
2021,657656,455117,1.96,32,27.6,1
2021,641856,506702,2.05,18,27.6,0
2021,665742,575929,1.91,37,27.0,1
2021,608671,575929,1.91,37,28.5,0
2021,669289,608700,2.09,26,27.3,0
2021,578428,553869,1.95,20,28.2,1
2021,608070,606992,1.94,21,28.1,0
2022,623993,543877,1.94,37,26.6,1
2022,668227,620443,2.0,20,28.8,1
2022,642180,592663,1.82,44,29.1,0
2022,664029,455117,1.92,40,27.6,0
2022,543305,605170,2.01,34,27.9,0
2023,621020,605170,2.06,31,28.4,1
2023,664702,663728,1.96,66,29.2,0
2023,676801,518735,2.08,69,28.2,0
2023,663647,553869,1.93,51,27.1,0
2023,660271,605170,2.06,31,27.8,0
2023,621020,455117,1.93,55,28.4,0
2023,518692,543877,1.95,35,26.7,0
2023,807799,543592,1.97,28,26.2,0
2023,650559,672275,1.87,51,27.7,0
2023,677594,669221,1.9,53,29.6,0
2023,677951,664874,2.0,28,30.5,1
2023,676609,596142,1.9,24,29.0,1
2023,676609,607732,1.97,41,29.0,0
2023,670770,521692,1.98,26,28.3,0
2023,683011,682626,1.94,57,28.4,0
2023,518692,669127,1.9,68,26.7,0
2023,657136,668670,1.95,30,28.3,0
2023,666139,666310,1.94,44,28.7,0
2023,673490,663743,2.01,44,28.5,1
2023,650489,595956,1.97,30,28.6,0
2023,668930,607732,1.97,41,29.4,0
2024,808982,666163,1.92,47,28.4,0
2024,678662,672386,2.0,55,28.1,0
2024,666182,553869,1.9,33,27.3,0
2024,608385,669221,1.95,39,26.1,0
2024,665862,595978,1.94,19,28.6,0
2024,666152,686676,1.85,46,29.4,0
2024,641645,621512,1.93,27,24.7,0
2024,663697,660688,2.06,57,28.0,0
2024,672642,641680,1.98,70,28.9,0
2024,669364,661388,1.96,58,28.4,0
2024,666158,669127,1.91,70,27.7,1
2024,660821,518595,1.98,37,27.2,0
2024,660271,669127,1.91,70,28.1,0
2024,680869,682626,1.92,37,28.7,0
2024,681082,665804,2.04,50,29.1,0
2024,682868,642136,2.01,15,28.7,1
2025,665833,666163,1.96,19,29.2,0
2025,665926,673237,1.95,72,28.0,0
2025,667472,669127,1.89,67,28.4,0
2025,664770,595978,1.94,21,27.3,1
2025,671739,660688,2.0,42,28.5,1
2025,660271,682626,1.93,35,28.0,1
2025,691019,543309,2.03,45,27.5,0
2025,677649,596142,1.91,9,28.8,0
2025,673357,663698,1.99,39,29.0,0
2025,607043,672275,1.86,44,27.3,0
2025,666139,663728,1.97,55,28.1,0
2025,696285,686948,1.95,63,29.3,1
2025,686475,681351,2.0,50,28.9,0
2025,672515,666163,1.96,19,27.0,1
2025,682668,608348,1.95,39,29.6,0
2025,664056,689414,2.0,38,28.8,1
2025,608070,693307,1.94,60,28.4,1
2025,663538,666023,1.9,35,28.6,1
2021,608336,605170,2.02,28,27.4,0
2021,607680,543877,1.98,43,27.6,1
2021,641313,663886,1.97,22,28.2,0
2021,592348,521692,1.97,28,28.5,0
2021,647351,543309,1.94,28,28.1,0
2021,606192,572287,1.95,28,28.5,0
2021,607054,641470,2.02,30,28.1,0
2021,660271,624431,2.08,29,28.8,1
2021,662139,518595,2.03,14,28.4,0
2022,572039,572287,2.03,13,25.2,0
2022,605141,664850,2.05,7,27.4,0
2022,663993,592663,1.82,44,27.1,1
2022,641553,672386,1.99,27,29.1,0
2022,542932,660688,2.0,46,29.5,0
2022,596103,661531,2.0,27,28.2,0
2023,663457,641511,1.99,27,27.8,0
2023,680977,641511,1.99,27,27.1,0
2023,641531,669221,1.9,53,28.3,0
2023,680757,553869,1.93,51,28.1,0
2025,682998,666163,1.96,19,29.8,1
2023,680776,543309,1.98,43,29.5,0
2023,660271,663728,1.96,66,27.8,0
2024,642180,543228,1.98,12,28.7,0
2024,643217,680777,1.93,40,26.7,0
2024,665923,663698,2.0,35,29.4,1
2024,660644,553869,1.9,33,27.5,1
2024,672279,657136,1.95,46,28.3,1
2024,686668,592200,2.0,31,29.3,0
2024,679032,672275,1.85,58,30.1,0
2024,677594,605170,2.02,35,29.6,0
2024,671739,660688,2.06,57,28.3,0
2024,640492,681351,2.02,59,29.0,0
2024,666152,643376,1.99,38,29.4,0
2024,656413,575929,1.97,29,29.1,0
2024,673357,680777,1.93,40,28.8,0
2024,681351,663728,1.95,70,28.1,0
2024,664056,645305,1.96,18,28.2,1
2024,650559,682626,1.92,37,27.5,0
2024,672580,673237,1.97,73,27.9,0
2024,645305,691011,1.94,11,25.0,0
2024,683002,642020,1.97,15,28.9,1
2024,681393,669221,1.95,39,29.3,0
2024,547180,620443,1.87,19,27.4,0
2025,665833,669224,1.97,42,29.2,0
2025,677587,681351,2.0,50,27.0,1
2025,642715,663728,1.97,55,28.0,0
2025,677800,663728,1.97,55,27.6,0
2025,678882,663728,1.97,55,29.1,0
2025,663656,669257,1.94,53,26.5,0
2025,694192,643376,2.0,60,29.2,0
2025,621438,608348,1.95,39,29.3,0
2025,691406,605170,2.05,28,26.7,0
2025,687401,680779,1.89,25,28.7,0
2025,671732,680777,1.98,34,26.9,0
2025,687363,666023,1.9,35,30.2,0
2025,663368,669257,1.94,53,29.1,0
2025,683002,700337,1.95,46,28.5,0
2021,642715,543877,1.98,43,28.0,1
2021,593160,435559,1.99,26,28.6,0
2021,502054,624513,2.01,28,27.8,0
2021,641505,661388,2.01,11,28.6,0
2021,592696,668800,2.0,13,27.4,0
2021,602074,444489,1.94,21,28.2,1
2021,596115,444489,1.94,21,28.6,0
2021,457705,543510,2.01,35,28.7,0
2021,660271,669221,1.9,31,28.8,1
2021,593160,624512,1.97,14,28.6,0
2021,605113,669257,1.96,56,27.8,0
2021,665926,543877,1.98,43,29.1,0
2021,621563,596142,1.95,25,27.9,0
2021,605141,518595,2.03,14,27.2,0
2022,641680,571912,1.96,31,26.0,0
2022,608070,669087,2.0,11,28.5,0
2022,664238,596142,1.93,29,28.3,0
2022,647304,669257,1.93,32,25.3,0
2022,518934,669221,1.89,33,26.4,0
2022,665833,657709,2.08,21,29.9,0
2022,668942,553869,1.94,28,27.3,0
2022,641933,660688,2.0,46,29.7,1
2022,518692,521692,1.99,18,26.9,0
2022,665750,643376,1.98,22,29.3,0
2022,606132,641680,1.99,46,28.2,0
2022,453568,543228,1.97,28,27.8,0
2022,676801,668939,1.93,24,28.6,0
2023,664774,624431,1.99,18,26.0,0
2023,641355,641680,1.97,57,28.3,0
2023,622761,666023,1.93,27,30.1,0
2023,570482,663743,2.01,44,26.2,0
2023,664040,605131,2.01,29,27.3,0
2023,681546,455117,1.93,55,28.9,0
2023,680574,518595,1.97,39,29.0,0
2023,595777,669257,1.91,56,25.6,0
2023,660670,661388,1.95,47,28.0,0
2023,668670,455117,1.93,55,27.2,0
2023,592192,592663,1.83,50,27.8,0
2023,681481,686676,1.91,17,28.1,0
2023,671221,657136,1.92,60,28.7,0
2023,457705,668800,2.01,33,28.4,0
2023,663538,553869,1.93,51,28.5,0
2023,678225,571912,1.93,36,29.7,0
2024,669699,668670,1.93,30,27.8,0
2024,686668,663728,1.95,70,29.3,0
2023,672695,641680,1.97,57,27.2,0
2024,622761,686676,1.85,46,29.9,0
2024,593160,641680,1.98,70,29.0,0
2024,592885,455117,1.97,17,28.5,0
2024,608385,607732,1.96,44,26.1,0
2024,694192,680777,1.93,40,29.7,0
2024,676356,543510,1.98,38,29.8,0
2024,683002,686676,1.85,46,28.9,0
2024,608070,666023,1.88,23,28.2,1
2024,676356,680777,1.93,40,29.8,0
2024,650559,663886,2.02,64,27.5,1
2024,669242,543309,2.02,44,27.9,0
2025,677347,673237,1.95,72,29.0,0
2025,682928,682626,1.93,35,28.2,0
2025,671739,605131,2.11,11,28.5,0
2025,682998,669257,1.94,53,29.8,1
2025,671221,700337,1.95,46,27.6,0
2025,621439,661388,1.96,46,30.2,0
2025,681987,669224,1.97,42,29.7,1
2025,676679,673237,1.95,72,27.9,0
2025,645277,663728,1.97,55,27.2,0
2025,596146,669257,1.94,53,27.0,0
2021,624414,680777,2.03,34,28.0,0
2021,643393,435559,1.99,26,26.8,1
2021,668227,672386,1.94,15,28.7,0
2022,657557,553882,2.01,23,27.7,0
2022,641553,642336,1.95,24,29.1,0
2022,668731,455117,1.92,40,28.9,1
2022,663845,605244,1.95,15,26.3,0
2022,542932,663698,1.97,22,29.5,0
2022,608070,455139,2.04,20,28.5,1
2022,592743,657709,2.08,21,26.6,0
2022,543760,545358,2.03,33,28.8,0
2022,669016,663743,1.93,23,28.8,1
2023,623168,624512,1.98,21,25.7,0
2023,641355,669127,1.9,68,28.3,1
2023,689172,605170,2.06,31,27.9,0
2023,665839,592663,1.83,50,26.4,0
2023,593160,669221,1.9,53,28.8,0
2023,670097,518735,2.08,69,28.1,0
2023,572233,672275,1.87,51,26.4,0
2023,667452,669257,1.91,56,28.4,0
2023,641355,663886,2.01,36,28.3,0
2023,600869,518595,1.97,39,27.5,0
2023,607054,543877,1.95,35,28.0,0
2023,642708,657136,1.92,60,29.4,0
2023,665923,641680,1.97,57,29.6,1
2023,663697,668800,2.01,33,27.8,0
2023,641584,680777,1.95,27,28.0,0
2023,666134,669134,1.97,10,28.4,0
2023,608070,571912,1.93,36,27.8,0
2024,665926,669127,1.91,70,28.9,0
2024,696285,543877,1.96,32,29.7,0
2024,665750,680777,1.93,40,28.5,0
2024,641584,669257,1.94,57,28.3,0
2024,693304,644433,1.92,9,29.2,0
2024,664023,686676,1.85,46,27.9,0
2024,676694,656577,1.96,26,28.9,0
2024,669364,669221,1.95,39,28.4,0
2024,593160,553869,1.9,33,29.0,0
2024,656537,543309,2.02,44,29.5,0
2024,665926,665804,2.04,50,28.9,0
2024,677587,686676,1.85,46,26.8,0
2024,665487,669257,1.94,57,28.4,0
2024,694671,669127,1.91,70,29.8,0
2025,660271,660688,2.0,42,28.0,0
2025,663656,669087,1.98,11,26.5,0
2025,670156,640902,1.93,13,28.5,0
2025,666149,669127,1.89,67,29.6,1
2025,671221,624431,2.0,47,27.6,0
2025,686555,665966,1.92,63,27.7,0
2025,683011,518595,2.0,33,28.3,1
2025,665833,673237,1.95,72,29.2,0
2025,672695,650968,2.0,24,27.2,0
2025,686668,645444,2.0,25,29.5,0
2021,545121,605131,2.06,21,27.0,0
2021,622534,543510,2.01,35,28.6,1
2021,593160,467092,2.01,12,28.6,0
2021,647351,518735,2.06,29,28.1,0
2021,645277,543510,2.01,35,28.4,0
2021,518692,572287,1.95,28,26.9,0
2021,656847,435559,1.99,26,28.9,0
2021,606192,596142,1.95,25,28.5,0
2021,665862,660688,2.09,6,29.1,0
2022,664702,521692,1.99,18,29.3,0
2022,666139,575929,1.93,23,28.9,0
2022,596103,608348,1.98,39,28.2,0
2022,607054,596142,1.93,29,28.5,1
2022,650402,425877,2.05,19,26.9,1
2022,592144,425877,2.05,19,30.0,0
2022,462101,595978,1.95,39,26.1,0
2022,650402,595978,1.95,39,26.9,0
2023,665862,680777,1.95,27,28.4,1
2023,658668,571912,1.93,36,28.6,0
2023,807799,643376,1.99,30,26.2,0
2023,669369,553882,2.0,25,28.8,0
2023,664983,682626,1.94,57,30.0,0
2023,665923,668670,1.95,30,29.6,0
2023,622761,672386,1.98,48,30.1,0
2023,663611,571912,1.93,36,28.0,0
2023,660271,455117,1.93,55,27.8,0
2023,672580,669127,1.9,68,28.2,0
2023,681082,672275,1.87,51,28.8,0
2023,663647,660688,2.06,64,27.1,0
2023,677592,657136,1.92,60,28.0,0
2023,650489,571912,1.93,36,28.6,0
2023,657088,660688,2.06,64,28.2,0
2024,645302,680779,1.87,10,27.8,0
2024,683011,672386,2.0,55,28.6,0
2024,683002,681351,2.02,59,28.9,0
2024,608070,641680,1.98,70,28.2,0
2024,592206,621512,1.93,27,27.4,1
2024,669016,621512,1.93,27,28.2,0
2024,672580,669224,1.98,45,27.9,0
2024,664056,660688,2.06,57,28.2,0
2024,456781,669221,1.95,39,25.5,0
2024,666158,608348,1.97,51,27.7,1
2024,683011,672386,2.0,55,28.6,0
2024,656775,657136,1.95,46,28.3,0
2024,660644,542194,1.9,29,27.5,1
2024,669003,669127,1.91,70,29.5,1
2024,666969,663728,1.95,70,26.8,1
2024,687263,642020,1.97,15,28.2,0
2024,621020,663886,2.02,64,27.8,0
2024,519317,521692,2.01,24,24.6,0
2025,676475,673237,1.95,72,25.5,0
2025,680977,673237,1.95,72,26.6,0
2025,695578,680779,1.89,25,27.8,1
2025,676801,455117,1.98,31,26.4,0
2025,683737,645444,2.0,25,26.5,0
2025,702332,669127,1.89,67,28.1,0
2025,608070,663698,1.99,39,28.4,0
2025,681082,542963,1.93,5,28.8,0
2025,660271,682663,1.99,53,28.0,0
2025,682998,669087,1.98,11,29.8,0
2025,543807,455117,1.98,31,28.0,0
2025,671732,681351,2.0,50,26.9,0
2025,670224,673237,1.95,72,28.3,0
2025,650859,657136,1.97,32,27.0,1
2025,650489,641680,2.01,44,28.2,1
2025,694497,543877,1.94,39,29.0,0
2025,671732,693307,1.94,60,26.9,0
2025,665742,681351,2.0,50,25.8,0
2025,665742,643376,2.0,60,25.8,0
2025,702616,672275,1.86,44,28.6,0
2025,547180,666163,1.96,19,27.0,0
2025,682622,608348,1.95,39,29.0,0
2021,621439,624431,2.08,29,29.9,0
2021,643396,666163,1.92,8,28.0,0
2021,457708,595978,1.95,27,27.4,1
2021,664058,641680,1.99,25,27.6,1
2021,670764,596142,1.95,25,28.6,0
2021,665487,621512,1.94,16,29.2,0
2021,663647,518735,2.06,29,27.8,0
2021,669242,553869,1.95,20,28.9,0
2021,570256,457763,2.0,26,27.2,0
2021,502671,641598,2.03,15,26.3,0
2021,622761,606988,1.96,9,30.3,0
2021,647351,624431,2.08,29,28.1,1
2021,596019,656180,1.98,13,27.8,0
2021,622534,680777,2.03,34,28.6,0
2021,664023,553882,2.0,47,27.7,0
2022,593160,571466,1.99,38,28.6,0
2022,677594,624512,1.97,34,29.7,0
2022,641487,624512,1.97,34,26.9,0
2022,622761,669004,1.97,20,30.1,0
2022,656308,605131,2.06,17,28.8,0
2022,543807,624431,1.99,29,28.3,0
2022,462101,661531,2.0,27,26.1,0
2022,656941,543592,2.01,36,26.4,0
2023,543807,624431,1.99,18,27.8,1
2023,650333,572287,2.04,33,26.1,1
2023,572233,543592,1.97,28,26.4,0
2023,665862,672515,1.9,33,28.4,0
2023,677951,575929,1.93,34,30.5,0
2023,680118,666310,1.94,44,30.3,0
2023,680574,666310,1.94,44,29.0,0
2023,664023,666023,1.93,27,27.7,0
2023,593871,641511,1.99,27,27.6,0
2023,665923,543510,2.01,25,29.6,1
2023,682928,643376,1.99,30,28.6,0
2023,668227,663728,1.96,66,28.4,0
2023,642708,663743,2.01,44,29.4,1
2024,678882,663728,1.95,70,28.8,1
2024,641584,663728,1.95,70,28.3,0
2024,668942,571912,1.97,27,27.0,1
2024,595777,672515,1.89,26,26.5,0
2024,647304,641680,1.98,70,25.2,0
2024,664056,595978,1.94,19,28.2,0
2024,661388,672386,2.0,55,26.4,0
2024,680776,663886,2.02,64,29.6,0
2024,667670,681351,2.02,59,27.6,0
2024,672515,605131,2.0,27,27.2,0
2024,682622,656577,1.96,26,28.8,0
2024,666149,660688,2.06,57,30.0,0
2024,668709,542194,1.9,29,27.6,0
2025,663757,661388,1.96,46,26.7,1
2025,682657,665966,1.92,63,27.7,0
2025,596019,665804,1.98,7,27.4,0
2025,676391,663728,1.97,55,28.6,0
2025,694374,669257,1.94,53,28.2,0
2025,666139,596142,1.91,9,28.1,0
2025,671289,673237,1.95,72,28.5,0
2025,701350,642136,2.0,38,27.8,0
2025,802415,665966,1.92,63,29.6,0
2025,677942,553869,1.91,25,28.8,0
2025,668930,663728,1.97,55,28.9,1
2025,666185,623168,1.92,38,27.6,0
2025,650333,656577,1.9,18,26.5,1
2025,668227,663743,1.93,48,27.7,0
2025,668227,690924,2.0,14,27.7,0
2025,696030,543877,1.94,39,28.5,1
2021,457705,543510,2.01,35,28.7,0
2021,643396,666163,1.92,8,28.0,1
2021,543760,608596,2.04,26,28.6,0
2021,606132,669257,1.96,56,28.3,0
2021,664058,624431,2.08,29,27.6,0
2021,622534,664874,2.04,13,28.6,0
2021,664702,553882,2.0,47,29.3,0
2021,665487,669257,1.96,56,29.2,0
2021,650559,607732,2.03,29,28.1,1
2022,669242,669004,1.97,20,28.7,0
2022,663647,606992,1.95,29,27.9,1
2022,543760,592663,1.82,44,28.8,1
2022,673490,592200,2.01,13,28.4,0
2022,641487,543877,1.94,37,26.9,0
2022,623205,663728,1.99,47,29.1,0
2022,543807,642336,1.95,24,28.3,0
2022,663897,657709,2.08,21,28.7,0
2022,670764,672515,1.92,14,28.8,0
2023,693049,592663,1.83,50,27.0,1
2023,643217,542194,1.87,39,27.3,0
2023,681082,553869,1.93,51,28.8,0
2023,670770,668800,2.01,33,28.3,0
2023,643565,595453,1.99,18,27.3,0
2023,500743,672275,1.87,51,26.4,0
2023,657077,571466,1.99,21,27.3,0
2023,663368,592663,1.83,50,30.0,0
2023,671277,571466,1.99,21,27.2,0
2023,664983,669221,1.9,53,30.0,0
2023,663550,606992,1.99,15,28.4,1
2023,621545,543228,1.99,45,28.4,0
2023,669707,596117,1.87,18,28.4,0
2023,621020,669221,1.9,53,28.4,0
2023,681082,672515,1.9,33,28.8,0
2024,701538,672275,1.85,58,28.5,0
2024,641584,686676,1.85,46,28.3,0
2024,668715,686676,1.85,46,28.2,0
2024,677594,553869,1.9,33,29.6,0
2024,666915,665804,2.04,50,28.6,0
2024,596019,671056,1.99,28,27.6,0
2024,665926,680777,1.93,40,28.9,0
2024,683002,518595,1.98,37,28.9,0
2024,687263,669127,1.91,70,28.2,0
2024,595909,661388,1.96,58,27.7,0
2024,681351,668832,2.0,18,28.1,1
2024,668715,666163,1.92,47,28.2,0
2024,694671,605170,2.02,35,29.8,0
2024,660766,672275,1.85,58,26.7,0
2024,672640,672275,1.85,58,28.7,0
2024,669911,669221,1.95,39,27.4,0
2024,643565,592663,1.85,39,27.2,1
2025,593871,605170,2.05,28,27.1,0
2025,518792,669127,1.89,67,27.2,1
2025,642708,669257,1.94,53,27.5,0
2025,694497,696100,1.95,45,29.0,0
2025,683083,668939,1.94,29,29.8,0
2025,670224,543877,1.94,39,28.3,0
2025,596019,696100,1.95,45,27.4,0
2025,467793,672275,1.86,44,25.6,0
2025,807799,680777,1.98,34,26.4,0
2025,696285,592663,1.86,50,29.3,0
2025,691781,592663,1.86,50,27.8,0
2025,665862,686780,1.93,52,27.6,0
2025,687859,657136,1.97,32,26.5,0
2025,669288,673237,1.95,72,29.2,1
2025,665833,656577,1.9,18,29.2,1
2025,641487,665861,1.93,6,26.7,0
2025,665742,682663,1.99,53,25.8,0
2021,666971,543877,1.98,43,26.7,0
2021,571976,543510,2.01,35,28.3,1
2021,641470,455117,1.96,32,25.4,1
2021,670032,488771,1.97,11,28.2,0
2022,663624,545358,2.03,33,27.5,0
2022,592325,543592,2.01,36,27.9,0
2022,605141,621512,1.96,30,27.4,0
2022,663837,645444,1.94,11,29.5,1
2022,641355,543228,1.97,28,28.1,0
2022,462101,641680,1.99,46,26.1,1
2022,676475,605170,2.01,34,25.3,0
2023,667452,669221,1.9,53,28.4,1
2023,663538,543592,1.97,28,28.5,0
2023,645277,668939,1.91,51,27.6,0
2023,641857,663743,2.01,44,25.8,0
2023,605141,624431,1.99,18,27.2,0
2023,666181,605170,2.06,31,28.8,0
2023,623912,669221,1.9,53,27.8,1
2023,664728,642336,1.95,24,27.6,0
2023,607054,455117,1.93,55,28.0,0
2023,669242,553882,2.0,25,28.8,0
2023,664314,672386,1.98,48,29.3,0
2023,666176,691016,1.97,8,29.0,0
2023,668731,666310,1.94,44,29.0,0
2024,694192,682626,1.92,37,29.7,0
2024,671289,624512,1.98,16,28.2,1
2024,657061,596117,1.88,22,28.0,0
2024,673548,661388,1.96,58,28.3,0
2024,669004,669257,1.94,57,27.8,1
2024,665750,661388,1.96,58,28.5,0
2024,608671,681351,2.02,59,28.5,0
2024,670042,681351,2.02,59,28.9,1
2024,676914,608348,1.97,51,27.2,0
2024,669364,663886,2.02,64,28.4,0
2024,665750,657136,1.95,46,28.5,0
2024,641584,686780,1.93,39,28.3,0
2024,673490,663698,2.0,35,28.3,0
2024,664238,669257,1.94,57,28.0,1
2024,641645,657136,1.95,46,24.7,0
2024,681082,518595,1.98,37,29.1,0
2024,665926,686676,1.85,46,28.9,0
2024,676609,643376,1.99,38,28.3,0
2025,666152,686780,1.93,52,29.3,0
2025,663968,641680,2.01,44,29.1,0
2025,657041,681351,2.0,50,29.3,0
2025,679032,660688,2.0,42,30.1,0
2025,686217,657136,1.97,32,28.9,0
2025,683002,686780,1.93,52,28.5,1
2025,663656,624431,2.0,47,26.5,0
2025,682177,518595,2.0,33,27.9,0
2025,676609,665966,1.92,63,28.3,0
2025,643396,641598,2.04,23,27.4,0
2025,666152,660688,2.0,42,29.3,0
2025,671732,623168,1.92,38,26.9,1
2025,681297,682663,1.99,53,27.4,0
2025,643446,553869,1.91,25,26.5,0
2025,680776,543877,1.94,39,29.1,0
2025,641487,691019,1.96,31,26.7,0
2021,621439,595978,1.95,27,29.9,0
2021,670032,553882,2.0,47,28.2,0
2021,650402,624431,2.08,29,27.0,0
2021,670541,680777,2.03,34,26.4,0
2021,607208,572287,1.95,28,30.6,0
2021,606132,608596,2.04,26,28.3,0
2021,592450,642336,1.94,17,27.7,0
2021,572191,664874,2.04,13,28.2,0
2021,669016,488771,1.97,11,29.1,0
2021,516782,641680,1.99,25,28.5,0
2021,666185,607732,2.03,29,27.9,1
2021,514888,545358,2.02,25,28.0,0
2021,543939,605131,2.06,21,26.8,0
2022,542194,455139,2.04,20,28.1,0
2022,664238,643376,1.98,22,28.3,0
2022,542932,518595,1.99,36,29.5,0
2022,642350,663728,1.99,47,30.3,0
2022,543760,669221,1.89,33,28.8,0
2022,606157,660688,2.0,46,28.7,1
2022,543807,624512,1.97,34,28.3,0
2022,668227,571466,1.99,38,28.8,1
2022,656716,660688,2.0,46,28.3,0
2022,683002,571912,1.96,31,29.0,0
2022,669004,657136,1.92,15,27.8,0
2022,681987,657136,1.92,15,29.6,0
2022,606132,668939,1.93,24,28.2,1
2022,673490,663698,1.97,22,28.4,0
2023,682998,669257,1.91,56,30.1,0
2023,678225,553869,1.93,51,29.7,1
2023,663656,663728,1.96,66,26.6,1
2023,547180,682626,1.94,57,27.6,0
2023,672284,607732,1.97,41,28.0,0
2023,668904,657136,1.92,60,28.2,0
2023,547180,682626,1.94,57,27.6,0
2023,669004,682626,1.94,57,27.6,0
2023,657041,518735,2.08,69,29.3,0
2023,518692,672275,1.87,51,26.7,0
2024,595879,666163,1.92,47,27.5,0
2024,686823,553869,1.9,33,28.2,0
2024,453568,671056,1.99,28,27.4,0
2024,672356,668939,1.96,55,27.4,0
2024,553993,663698,2.0,35,26.5,1
2024,656537,663886,2.02,64,29.5,1
2024,664023,518735,2.09,31,27.9,0
2024,669289,673237,1.97,73,27.3,0
2024,668845,686780,1.93,39,28.1,1
2025,672640,663698,1.99,39,28.5,0
2025,683011,666023,1.9,35,28.3,0
2025,665742,680779,1.89,25,25.8,0
2025,668227,595978,1.94,21,27.7,0
2025,608070,673237,1.95,72,28.4,0
2025,666624,663886,1.99,35,28.0,0
2025,666181,686948,1.95,63,29.3,0
2025,681082,693307,1.94,60,28.8,0
2025,595777,682663,1.99,53,26.3,0
2025,690987,680779,1.89,25,28.2,0
2025,663538,682626,1.93,35,28.6,0
2025,607208,669257,1.94,53,30.3,0
2021,543281,672386,1.94,15,26.8,1
2021,596103,624513,2.01,28,28.4,0
2021,570481,663886,1.97,22,27.4,0
2021,571771,595284,1.94,15,27.4,0
2021,668804,553869,1.95,20,28.6,0
2021,607208,605170,2.02,28,30.6,0
2021,606132,605170,2.02,28,28.3,0
2021,502481,488771,1.97,11,27.9,0
2021,457759,457763,2.0,26,25.8,0
2022,621453,543592,2.01,36,27.7,0
2022,502054,595284,1.99,8,27.9,0
2022,542194,641680,1.99,46,28.1,0
2022,665926,680777,1.98,25,29.3,0
2022,643217,571466,1.99,38,27.6,1
2022,645302,661388,1.97,18,28.8,0
2022,663757,661531,2.0,27,28.8,0
2022,592450,663728,1.99,47,27.3,1
2023,608671,663886,2.01,36,29.0,0
2023,678225,668800,2.01,33,29.7,0
2023,608070,543592,1.97,28,27.8,0
2023,663757,542194,1.87,39,27.7,0
2023,691023,682626,1.94,57,28.5,0
2023,572191,668939,1.91,51,28.7,1
2023,657088,657136,1.92,60,28.2,1
2023,641355,641511,1.99,27,28.3,0
2023,595281,669127,1.9,68,28.8,1
2023,641933,669221,1.9,53,28.5,0
2023,669004,543309,1.98,43,27.6,1
2024,696285,672275,1.85,58,29.7,0
2024,665742,542194,1.9,29,26.8,0
2024,656305,553882,2.04,18,28.7,0
2024,502054,666310,1.97,38,27.2,0
2024,656555,592663,1.85,39,25.3,0
2024,682998,669134,1.97,25,29.6,0
2024,669911,657136,1.95,46,27.4,0
2024,668885,682626,1.92,37,28.3,0
2024,680118,575929,1.97,29,29.6,0
2024,656541,518595,1.98,37,28.8,1
2024,650333,693307,1.94,8,26.7,0
2024,656976,592200,2.0,31,26.4,0
2025,682985,641680,2.01,44,26.7,0
2025,680474,681351,2.0,50,28.3,0
2025,656775,661388,1.96,46,28.4,0
2025,694192,680779,1.89,25,29.2,1
2025,656305,455117,1.98,31,28.1,0
2025,676609,669127,1.89,67,28.3,0
2025,676609,607732,2.0,36,28.3,0
2025,666969,668670,1.95,20,27.0,0
2025,670097,669127,1.89,67,27.4,1
2025,595777,641680,2.01,44,26.3,0
2025,694671,673237,1.95,72,28.9,0
2025,665019,641680,2.01,44,27.9,0
2021,593871,606988,1.96,9,27.9,0
2021,592518,607732,2.03,29,26.4,0
2021,642708,641470,2.02,30,29.5,0
2021,669222,607732,2.03,29,29.0,1
2021,592348,608596,2.04,26,28.5,0
2021,656775,641598,2.03,15,28.5,0
2021,640457,596142,1.95,25,27.5,0
2021,656537,608596,2.04,26,30.4,0
2021,664774,519390,2.09,18,26.5,0
2021,519299,425784,1.97,15,25.5,1
2021,596146,663886,1.97,22,27.4,0
2021,664913,595978,1.95,27,28.1,0
2021,662139,575929,1.91,37,28.4,0
2021,640457,595978,1.95,27,27.5,1
2021,622761,606992,1.94,21,30.3,1
2022,543807,571912,1.96,31,28.3,1
2022,664983,543228,1.97,28,30.1,0
2022,660670,645444,1.94,11,28.5,1
2022,592696,663743,1.93,23,27.6,0
2022,664059,669127,1.93,14,28.9,0
2022,571448,608348,1.98,39,25.5,0
2022,606132,455139,2.04,20,28.2,0
2023,673357,542194,1.87,39,28.7,0
2023,542932,669221,1.9,53,29.3,0
2023,630105,543877,1.95,35,28.3,0
2023,650859,680777,1.95,27,27.4,0
2023,677551,669257,1.91,56,27.5,0
2023,678894,605170,2.06,31,29.3,0
2023,660670,543228,1.99,45,28.0,0
2023,681082,660688,2.06,64,28.8,0
2023,593160,663886,2.01,36,28.8,0
2024,676609,672386,2.0,55,28.3,0
2024,596115,664874,1.97,10,28.1,1
2024,681546,543309,2.02,44,28.8,0
2024,592663,455117,1.97,17,28.4,0
2024,701538,605131,2.0,27,28.5,0
2024,689172,663698,2.0,35,27.8,0
2024,682829,543228,1.98,12,30.0,0
2024,663330,666023,1.88,23,27.6,1
2024,656716,605170,2.02,35,28.4,0
2024,672820,663743,1.93,60,27.3,0
2024,672279,669221,1.95,39,28.3,0
2024,666176,668832,2.0,18,28.8,0
2024,663647,592663,1.85,39,26.4,1
2023,650859,680777,1.95,27,27.4,0
2024,605346,605170,2.02,35,27.6,1
2024,669242,669224,1.98,45,27.9,0
2025,656537,686948,1.95,63,30.1,0
2025,645302,669087,1.98,11,28.1,0
2025,677588,682626,1.93,35,27.7,1
2025,665833,669257,1.94,53,29.2,0
2025,660844,641680,2.01,44,27.8,0
2025,671732,663743,1.93,48,26.9,0
2025,808975,686948,1.95,63,28.7,0
2025,665833,455117,1.98,31,29.2,0
2025,672580,455117,1.98,31,27.9,0
2025,608070,668670,1.95,20,28.4,0
2025,665862,608348,1.95,39,27.6,1
2025,665862,663743,1.93,48,27.6,0
2025,668904,691019,1.96,31,26.8,0
2025,689200,543309,2.03,45,29.0,1
2025,642715,666163,1.96,19,28.0,0
2025,665487,690924,2.0,14,28.6,0
2025,642201,673237,1.95,72,29.9,0
2021,592348,521692,1.97,28,28.5,0
2021,660271,455117,1.96,32,28.8,0
2021,656976,624513,2.01,28,26.5,0
2021,571980,575929,1.91,37,27.7,0
2021,645277,595284,1.94,15,28.4,0
2021,668731,488771,1.97,11,28.8,0
2021,666182,656180,1.98,13,28.0,0
2021,462101,596142,1.95,25,26.7,0
2021,608070,666163,1.92,8,28.1,0
2021,595281,672386,1.94,15,29.2,0
2022,518586,435559,2.07,16,27.8,1
2022,543939,543592,2.01,36,26.2,1
2022,642708,680777,1.98,25,29.4,0
2022,656941,660688,2.0,46,26.4,1
2022,660670,592663,1.82,44,28.5,0
2022,642731,543228,1.97,28,28.2,1
2022,656896,661531,2.0,27,26.9,0
2022,665833,664731,2.03,15,29.9,0
2023,607208,543309,1.98,43,30.3,0
2023,595978,553869,1.93,51,24.5,0
2023,656976,669221,1.9,53,26.2,1
2023,592885,592200,1.99,13,28.1,0
2023,668715,553869,1.93,51,28.4,0
2023,630105,595453,1.99,18,28.3,1
2023,650489,666023,1.93,27,28.6,0
2023,644374,553882,2.0,25,28.2,0
2023,670770,608348,1.96,23,28.3,1
2023,682928,663886,2.01,36,28.6,0
2023,596115,669257,1.91,56,28.8,0
2023,656775,673237,1.9,35,28.0,0
2023,681082,672515,1.9,33,28.8,0
2024,642715,575929,1.97,29,27.4,0
2024,666176,663886,2.02,64,28.8,0
2024,596019,669257,1.94,57,27.6,0
2024,641313,660688,2.06,57,27.1,0
2024,642708,621512,1.93,27,29.0,0
2024,680118,641680,1.98,70,29.6,0
2024,543807,660688,2.06,57,28.1,0
2024,666152,666163,1.92,47,29.4,0
2024,671277,663728,1.95,70,27.2,0
2024,664983,542194,1.9,29,29.8,0
2024,673237,455117,1.97,17,27.1,0
2024,621438,681351,2.02,59,28.9,0
2024,665828,642020,1.97,15,27.4,0
2024,595281,661388,1.96,58,28.7,1
2024,608070,686676,1.85,46,28.2,0
2025,670156,605170,2.05,28,28.5,0
2025,687957,669257,1.94,53,29.1,1
2025,665828,643376,2.0,60,26.6,1
2025,671221,642136,2.0,38,27.6,0
2025,621020,700337,1.95,46,28.5,0
2025,807713,696100,1.95,45,29.0,0
2025,667472,645444,2.0,25,28.4,0
2025,690924,661388,1.96,46,29.1,0
2025,663656,686780,1.93,52,26.5,0
2025,621020,650968,2.0,24,28.5,0
2025,678882,666023,1.9,35,29.1,0
2025,642715,686780,1.93,52,28.0,0
2025,669701,673237,1.95,72,27.5,0
2025,641343,686780,1.93,52,27.1,0
2025,690993,663728,1.97,55,28.0,1
2021,663624,669221,1.9,31,28.0,0
2021,570481,543592,2.01,18,27.4,0
2021,656775,620443,2.0,9,28.5,0
2021,641658,506702,2.05,18,29.8,0
2021,606132,553882,2.0,47,28.3,0
2021,553993,680777,2.03,34,26.7,1
2021,543333,425784,1.97,15,26.0,0
2021,543877,606988,1.96,9,25.2,1
2021,660829,444489,1.94,21,28.1,1
2021,502481,425877,1.91,24,27.9,1
2021,665742,518595,2.03,14,27.0,0
2021,593643,608596,2.04,26,26.8,0
2021,669256,545358,2.02,25,29.0,1
2022,656775,425877,2.05,19,28.5,0
2022,607043,605244,1.95,15,28.6,1
2022,665750,669221,1.89,33,29.3,0
2022,642133,657709,2.08,21,24.0,0
2022,666801,518595,1.99,36,27.4,0
2022,643396,596142,1.93,29,28.4,0
2022,668227,672386,1.99,27,28.8,0
2023,650489,663743,2.01,44,28.6,1
2023,622761,606992,1.99,15,30.1,0
2023,650489,518735,2.08,69,28.6,1
2023,665923,641680,1.97,57,29.6,1
2023,679631,595453,1.99,18,27.9,0
2023,656514,572287,2.04,33,27.9,0
2023,660670,641680,1.97,57,28.0,0
2023,669242,672275,1.87,51,28.8,0
2023,667452,553882,2.0,25,28.4,0
2023,516782,455117,1.93,55,27.1,0
2023,666181,596142,1.9,24,28.8,0
2023,516782,672275,1.87,51,27.1,1
2023,666181,660688,2.06,64,28.8,0
2023,624414,641680,1.97,57,27.7,1
2023,682998,672275,1.87,51,30.1,0
2023,660670,553882,2.0,25,28.0,0
2023,666139,666310,1.94,44,28.7,0
2023,656305,650907,1.87,11,28.5,0
2023,686668,543228,1.99,45,29.9,1
2024,595879,663698,2.0,35,27.5,0
2024,621466,680779,1.87,10,27.0,0
2024,677587,673237,1.97,73,26.8,0
2024,665926,608348,1.97,51,28.9,0
2024,677951,661388,1.96,58,30.5,0
2024,666182,668939,1.96,55,27.3,0
2024,572233,663886,2.02,64,26.2,0
2024,666971,669257,1.94,57,26.6,0
2024,667452,643376,1.99,38,28.5,0
2024,677951,608348,1.97,51,30.5,0
2024,669222,669221,1.95,39,27.3,1
2024,681082,671056,1.99,28,29.1,0
2024,674441,666310,1.97,38,26.9,0
2024,596117,657136,1.95,46,28.0,0
2024,656716,605131,2.0,27,28.4,0
2024,669289,592200,2.0,31,27.3,0
2024,680776,668939,1.96,55,29.6,0
2024,596103,643376,1.99,38,28.2,0
2024,672275,686780,1.93,39,25.2,0
2025,663968,663698,1.99,39,29.1,0
2025,682668,680777,1.98,34,29.6,0
2025,664056,620443,1.87,29,28.8,1
2025,677950,608348,1.95,39,28.3,0
2025,624424,682663,1.99,53,26.0,0
2025,669242,682663,1.99,53,28.4,0
2025,628451,657136,1.97,32,27.5,0
2025,694192,668939,1.94,29,29.2,0
2025,666139,665966,1.92,63,28.1,0
2025,666185,643376,2.0,60,27.6,0
2025,666160,660688,2.0,42,28.5,0
2025,665487,686452,1.89,6,28.6,0
2025,677595,681351,2.0,50,25.8,0
2025,677587,691019,1.96,31,27.0,0
2025,663853,680779,1.89,25,28.3,1
2025,596019,624431,2.0,47,27.4,1
2021,457708,642336,1.94,17,27.4,0
2021,542932,595284,1.94,15,29.9,0
2021,518692,605131,2.06,21,26.9,0
2021,596019,575929,1.91,37,27.8,0
2021,641584,641680,1.99,25,27.7,0
2022,663647,660688,2.0,46,27.9,0
2022,660634,660688,2.0,46,26.8,0
2022,518792,595751,1.89,16,27.0,0
2022,621035,596117,1.91,17,28.5,1
2022,642456,663728,1.99,47,28.5,0
2022,680911,669257,1.93,32,29.0,0
2022,621006,624512,1.97,34,28.8,0
2022,665750,660688,2.0,46,29.3,0
2022,660670,519222,2.08,18,28.5,0
2022,543760,663728,1.99,47,28.8,0
2022,665742,621512,1.96,30,26.6,0
2022,665926,608348,1.98,39,29.3,0
2022,514917,543592,2.01,36,28.3,0
2022,623205,606992,1.95,29,29.1,0
2023,605119,575929,1.93,34,26.4,1
2023,663624,518735,2.08,69,28.2,0
2023,682928,572287,2.04,33,28.6,0
2023,677551,664874,2.0,28,27.5,1
2023,664056,669127,1.9,68,28.8,1
2023,680776,669221,1.9,53,29.5,0
2023,670032,575929,1.93,34,27.7,0
2023,642136,518735,2.08,69,24.7,0
2023,462101,672386,1.98,48,26.5,1
2023,641857,661388,1.95,47,25.8,1
2023,677594,521692,1.98,26,29.6,0
2023,607043,668800,2.01,33,28.0,1
2023,666139,663728,1.96,66,28.7,1
2023,663538,642851,1.91,23,28.5,0
2023,678894,607732,1.97,41,29.3,0
2023,453568,680777,1.95,27,27.6,0
2023,606466,455117,1.93,55,27.7,0
2024,664761,660688,2.06,57,26.3,0
2024,663886,641680,1.98,70,26.5,0
2024,621550,661388,1.96,58,27.8,0
2024,668930,686676,1.85,46,29.3,0
2024,667670,518595,1.98,37,27.6,1
2024,669357,672275,1.85,58,26.2,0
2023,669016,672515,1.9,33,28.6,0
2024,641933,645305,1.96,18,27.5,0
2024,680474,681351,2.02,59,27.8,0
2024,642708,643376,1.99,38,29.0,0
2024,608070,592663,1.85,39,28.2,0
2024,696285,691011,1.94,11,29.7,0
2024,656537,672275,1.85,58,29.5,0
2024,663538,660688,2.06,57,28.4,1
2024,571970,663743,1.93,60,26.9,0
2024,671732,624431,2.07,44,27.6,0
2025,641343,669224,1.97,42,27.1,0
2025,641584,663728,1.97,55,28.4,1
2025,656716,668939,1.94,29,28.3,0
2025,668804,669257,1.94,53,28.1,0
2025,676475,660688,2.0,42,25.5,0
2025,694192,592663,1.86,50,29.2,0
2025,702616,700337,1.95,46,28.6,0
2025,691777,518595,2.0,33,28.2,0
2025,608070,689414,2.0,38,28.4,0
2025,680869,686780,1.93,52,28.0,1
2025,682668,693307,1.94,60,29.6,0
2025,695578,689414,2.0,38,27.8,1
2025,621020,686948,1.95,63,28.5,0
2025,592663,689414,2.0,38,28.4,0
2021,641658,608348,1.98,21,29.8,0
2021,664761,543510,2.01,35,27.7,0
2021,621433,669221,1.9,31,28.5,0
2021,645302,519390,2.09,18,28.3,0
2021,605119,605131,2.06,21,27.0,0
2021,642721,543877,1.98,43,28.3,1
2021,621550,444489,1.94,21,28.1,1
2021,609280,543510,2.01,35,27.5,1
2021,662139,455139,2.0,8,28.4,0
2021,606132,669257,1.96,56,28.3,0
2021,660271,624512,1.97,14,28.8,0
2021,641658,608348,1.98,21,29.8,0
2021,668227,596142,1.95,25,28.7,0
2021,543257,518735,2.06,29,27.7,0
2022,605137,621512,1.96,30,26.2,1
2022,642180,672386,1.99,27,29.1,0
2022,516416,664850,2.05,7,27.7,0
2022,641313,571912,1.96,31,28.4,0
2022,650559,657709,2.08,21,27.8,0
2022,624428,669221,1.89,33,26.8,0
2022,621020,661531,2.0,27,28.4,1
2022,607208,621512,1.96,30,30.3,0
2022,664983,605131,2.06,17,30.1,0
2022,682928,663743,1.93,23,29.0,0
2022,663647,425877,2.05,19,27.9,0
2022,663538,519222,2.08,18,29.1,0
2023,516782,607732,1.97,41,27.1,0
2023,665862,543228,1.99,45,28.4,0
2023,543807,663728,1.96,66,27.8,0
2023,666139,543228,1.99,45,28.7,0
2023,680574,455117,1.93,55,29.0,0
2023,693049,672386,1.98,48,27.0,1
2023,681807,518595,1.97,39,27.0,0
2023,666624,657136,1.92,60,28.6,0
2023,682928,575929,1.93,34,28.6,0
2023,608701,672275,1.87,51,27.1,1
2023,660271,672275,1.87,51,27.8,0
2023,624512,660688,2.06,64,25.9,0
2023,682928,624512,1.98,21,28.6,0
2023,668904,641680,1.97,57,28.2,1
2023,542364,641680,1.97,57,27.2,1
2023,608070,680777,1.95,27,27.8,0
2023,543305,650907,1.87,11,27.3,0
2024,621020,663743,1.93,60,27.8,1
2024,516782,605131,2.0,27,27.1,0
2024,642715,605170,2.02,35,27.4,0
2024,668804,669257,1.94,57,28.0,0
2024,666152,596117,1.88,22,29.4,0
2024,672695,669257,1.94,57,27.0,0
2024,664983,669257,1.94,57,29.8,0
2024,645277,543309,2.02,44,27.2,0
2024,664023,672386,2.0,55,27.9,0
2024,680977,680777,1.93,40,27.0,0
2024,643396,666310,1.97,38,27.8,0
2024,673548,686452,1.94,12,28.3,0
2024,608070,642020,1.97,15,28.2,0
2025,700242,543877,1.94,39,28.4,0
2025,701358,681351,2.0,50,29.3,0
2025,668715,660688,2.0,42,28.0,0
2025,669707,682626,1.93,35,28.8,0
2025,670156,660688,2.0,42,28.5,1
2025,666971,689414,2.0,38,27.1,1
2025,665489,669127,1.89,67,26.9,0
2025,686555,656180,1.93,35,27.7,0
2025,656716,641598,2.04,23,28.3,0
2025,681351,645444,2.0,25,27.3,0
2025,543760,681351,2.0,50,28.5,0
2025,656775,595978,1.94,21,28.4,0
2025,608348,663698,1.99,39,26.0,0
2025,676609,686780,1.93,52,28.3,0
2025,666139,686780,1.93,52,28.1,0
2025,575929,663743,1.93,48,27.5,1
2025,596019,668670,1.95,20,27.4,0
2025,666150,656180,1.93,35,25.5,0
2021,570482,643376,1.94,12,25.7,0
2021,621439,521692,1.97,28,29.9,0
2021,646240,643376,1.94,12,27.1,0
2021,607208,444489,1.94,21,30.6,0
2021,622534,545358,2.02,25,28.6,0
2021,592696,680777,2.03,34,27.4,0
2021,641355,575929,1.91,37,28.0,0
2021,666969,553869,1.95,20,28.4,0
2021,592325,663886,1.97,22,27.8,0
2021,621438,668800,2.0,13,28.6,0
2021,663656,608700,2.09,26,27.4,0
2022,641584,669257,1.93,32,27.9,0
2022,641531,641680,1.99,46,27.9,0
2022,677594,672386,1.99,27,29.7,0
2022,623912,518735,2.09,29,28.1,0
2022,543877,663728,1.99,47,25.5,0
2022,669397,663728,1.99,47,27.7,1
2022,661388,642851,2.04,15,27.0,0
2022,666185,553882,2.01,23,28.1,0
2022,677951,595978,1.95,39,30.3,0
2022,650489,664874,1.97,14,28.3,0
2022,621028,608348,1.98,39,27.9,0
2022,608070,669004,1.97,20,28.5,0
2023,663656,641511,1.99,27,26.6,0
2023,669352,595453,1.99,18,30.2,0
2023,650489,595956,1.97,30,28.6,0
2023,669016,660688,2.06,64,28.6,0
2023,676609,595453,1.99,18,29.0,0
2023,680574,553869,1.93,51,29.0,1
2023,621439,664874,2.0,28,29.3,0
2023,642731,642851,1.91,23,28.1,0
2023,593428,656024,1.99,12,27.6,1
2024,592696,669257,1.94,57,27.3,1
2024,672356,624512,1.98,16,27.4,0
2024,642180,607732,1.96,44,28.7,0
2024,545121,686676,1.85,46,26.7,0
2024,662139,543510,1.98,38,28.5,0
2024,608841,686676,1.85,46,25.5,0
2024,666152,543510,1.98,38,29.4,0
2024,500743,680779,1.87,10,25.8,0
2024,642180,672515,1.89,26,28.7,0
2024,666181,665804,2.04,50,28.8,0
2024,682928,543309,2.02,44,28.5,0
2024,663368,641680,1.98,70,29.6,0
2024,607680,669127,1.91,70,28.4,0
2024,665833,608348,1.97,51,28.8,0
2024,595777,666163,1.92,47,26.5,0
2024,660271,663743,1.93,60,28.1,0
2024,643396,686780,1.93,39,27.8,0
2024,608385,596142,1.96,20,26.1,0
2024,624413,669257,1.94,57,26.1,0
2024,571771,624431,2.07,44,27.0,1
2025,669257,686948,1.95,63,27.3,0
2025,547180,689414,2.0,38,27.0,0
2025,606192,689414,2.0,38,28.1,0
2025,621438,696100,1.95,45,29.3,0
2025,802415,596142,1.91,9,29.6,0
2025,667472,607732,2.0,36,28.4,1
2025,691785,643376,2.0,60,27.5,1
2025,668227,668670,1.95,20,27.7,0
2025,608070,691019,1.96,31,28.4,0
2025,666139,669224,1.97,42,28.1,0
2025,647304,691019,1.96,31,24.4,0
2025,666139,669127,1.89,67,28.1,0
2025,666139,686780,1.93,52,28.1,0
2025,681624,690924,2.0,14,28.1,0
2025,663757,700337,1.95,46,26.7,0
2025,682829,666023,1.9,35,29.1,0
2025,689200,665861,1.93,6,29.0,0
2021,660271,595978,1.95,27,28.8,1
2021,593160,664874,2.04,13,28.6,0
2021,542364,668800,2.0,13,27.5,0
2022,663656,672386,1.99,27,26.7,0
2022,543257,669257,1.93,32,27.9,0
2022,622534,620443,2.0,20,27.9,0
2022,622761,521692,1.99,18,30.1,0
2022,514888,624431,1.99,29,28.1,0
2022,542932,621512,1.96,30,29.5,0
2022,624413,661388,1.97,18,25.7,0
2022,670764,624431,1.99,29,28.8,0
2022,514888,518735,2.09,29,28.1,0
2023,676801,518735,2.08,69,28.2,0
2023,642350,668670,1.95,30,29.7,0
2023,622761,669127,1.9,68,30.1,0
2023,656716,572287,2.04,33,28.5,1
2023,622761,595453,1.99,18,30.1,0
2023,672284,657136,1.92,60,28.0,0
2023,667452,672386,1.98,48,28.4,0
2023,672580,642336,1.95,24,28.2,0
2023,680118,681807,1.92,8,30.3,1
2023,644374,669221,1.9,53,28.2,0
2023,686681,666310,1.94,44,27.3,0
2023,663538,663886,2.01,36,28.5,0
2023,683002,643376,1.99,30,28.8,0
2023,664238,669127,1.9,68,27.7,0
2023,641933,596142,1.9,24,28.5,0
2023,680777,595956,1.97,30,26.5,1
2024,666149,666163,1.92,47,30.0,0
2024,676356,621512,1.93,27,29.8,0
2024,661388,665804,2.04,50,26.4,0
2024,518792,663886,2.02,64,26.8,0
2024,678882,686780,1.93,39,28.8,0
2024,672356,663743,1.93,60,27.4,1
2024,681082,608348,1.97,51,29.1,0
2024,502671,518595,1.98,37,26.3,0
2024,678009,663886,2.02,64,29.3,1
2024,620443,663698,2.0,35,26.6,1
2024,669261,672515,1.89,26,28.3,0
2024,676609,663728,1.95,70,28.3,0
2024,700242,543309,2.02,44,28.1,0
2024,681393,660688,2.06,57,29.3,1
2025,608070,521692,1.93,17,28.4,1
2025,663538,669127,1.89,67,28.6,0
2025,673237,686780,1.93,52,27.3,1
2025,680577,657136,1.97,32,28.5,0
2025,702332,680779,1.89,25,28.1,0
2025,596019,687221,1.93,15,27.4,0
2025,682928,693307,1.94,60,28.2,0
2025,656716,642136,2.0,38,28.3,0
2025,691176,682663,1.99,53,28.7,0
2025,672580,680777,1.98,34,27.9,0
2025,690993,605170,2.05,28,28.0,0
2025,681508,691019,1.96,31,26.8,0
2025,595879,663728,1.97,55,27.5,0
2021,543333,669257,1.96,56,26.0,0
2021,621020,575929,1.91,37,28.3,0
2021,643396,488771,1.97,11,28.0,0
2021,666931,621512,1.94,16,28.9,0
2021,670032,668800,2.0,13,28.2,0
2021,666182,641470,2.02,30,28.0,0
2021,622682,572287,1.95,28,28.8,0
2021,543510,543877,1.98,43,26.7,0
2021,664728,595978,1.95,27,28.3,0
2021,676480,518735,2.06,29,27.8,0
2022,621433,620443,2.0,20,29.0,0
2022,596115,669087,2.0,11,28.4,0
2022,493329,660688,2.0,46,26.9,0
2022,666158,518735,2.09,29,28.8,1
2022,462101,571912,1.96,31,26.1,1
2022,662139,595978,1.95,39,28.0,0
2022,621450,545358,2.03,33,27.8,0
2022,663647,642020,1.9,11,27.9,0
2023,676480,596117,1.87,18,27.5,0
2023,663837,661388,1.95,47,29.1,0
2023,672779,605131,2.01,29,27.6,0
2023,621439,518735,2.08,69,29.3,0
2023,666624,543877,1.95,35,28.6,1
2023,671277,682626,1.94,57,27.2,0
2023,677594,542194,1.87,39,29.6,0
2023,682998,669221,1.9,53,30.1,0
2023,666134,672515,1.9,33,28.4,0
2023,668904,686676,1.91,17,28.2,0
2023,677951,455117,1.93,55,30.5,0
2023,592663,575929,1.93,34,28.6,0
2023,666971,455117,1.93,55,27.1,0
2024,671739,663743,1.93,60,28.3,0
2024,672580,672386,2.0,55,27.9,0
2024,681351,673237,1.97,73,28.1,0
2024,665828,668939,1.96,55,27.4,1
2024,686217,621512,1.93,27,29.3,0
2024,682829,669221,1.95,39,30.0,0
2023,606466,592663,1.83,50,27.7,0
2023,672695,592663,1.83,50,27.2,0
2024,605131,668939,1.96,55,25.8,0
2024,671739,669257,1.94,57,28.3,0
2024,665862,669257,1.94,57,28.6,0
2025,677594,672275,1.86,44,29.2,0
2025,672580,607732,2.0,36,27.9,0
2025,670770,682663,1.99,53,26.7,0
2025,592206,669127,1.89,67,27.7,0
2025,687263,657136,1.97,32,28.1,0
2025,650859,657136,1.97,32,27.0,1
2025,670764,668670,1.95,20,28.2,0
2025,695336,696100,1.95,45,28.4,0
2025,665742,682663,1.99,53,25.8,0
2025,695391,665966,1.92,63,27.7,0
2025,682998,672275,1.86,44,29.8,0
2025,641933,700337,1.95,46,28.3,0
2025,691594,690924,2.0,14,28.0,0
2021,543333,607732,2.03,29,26.0,0
2021,668731,425784,1.97,15,28.8,0
2021,547180,543510,2.01,35,27.8,0
2021,630105,425784,1.97,15,28.5,1
2021,462101,641470,2.02,30,26.7,0
2022,669087,519222,2.08,18,27.0,0
2022,543760,455117,1.92,40,28.8,0
2022,641355,571912,1.96,31,28.1,0
2022,671289,672386,1.99,27,28.1,0
2022,664983,661531,2.0,27,30.1,0
2022,663656,518595,1.99,36,26.7,0
2022,673962,643376,1.98,22,27.0,0
2023,650402,668939,1.91,51,26.4,1
2023,592273,657136,1.92,60,26.9,1
2023,686894,657136,1.92,60,28.9,0
2023,650859,665804,1.98,17,27.4,0
2023,680776,663743,2.01,44,29.5,0
2023,678894,518595,1.97,39,29.3,0
2023,666139,595956,1.97,30,28.7,0
2023,668227,595956,1.97,30,28.4,0
2023,623205,682626,1.94,57,28.4,0
2023,670764,595956,1.97,30,28.2,0
2024,572191,663743,1.93,60,28.5,0
2024,683011,666310,1.97,38,28.6,0
2024,677594,607732,1.96,44,29.6,1
2024,665742,668939,1.96,55,26.8,0
2024,621438,665804,2.04,50,28.9,0
2024,641355,663886,2.02,64,28.4,0
2024,666152,608348,1.97,51,29.4,0
2024,518792,681351,2.02,59,26.8,0
2024,676475,571912,1.97,27,25.5,1
2024,671218,669127,1.91,70,27.9,1
2024,657136,673237,1.97,73,28.4,1
2024,665926,543877,1.96,32,28.9,0
2024,681297,682626,1.92,37,28.2,0
2024,677941,605170,2.02,35,29.7,0
2025,542932,669257,1.94,53,28.3,0
2025,673548,553869,1.91,25,28.4,1
2025,607680,643376,2.0,60,28.4,0
2025,680574,660688,2.0,42,29.2,0
2025,691718,661388,1.96,46,29.5,1
2025,680757,673237,1.95,72,27.3,0
2025,669364,686948,1.95,63,28.3,0
2025,681082,455117,1.98,31,28.8,0
2025,656775,686948,1.95,63,28.4,0
2025,647304,543309,2.03,45,24.4,0
2025,668904,521692,1.93,17,26.8,0
2025,630105,700337,1.95,46,28.1,0
2021,666211,600474,1.97,23,27.9,0
2021,543281,621512,1.94,16,26.8,0
2021,621566,457763,2.0,26,25.9,0
2021,593643,663886,1.97,22,26.8,0
2021,664058,669221,1.9,31,27.6,0
2021,458731,608700,2.09,26,28.6,0
2021,516782,596142,1.95,25,28.5,0
2021,516782,518735,2.06,29,28.5,0
2021,572191,595978,1.95,27,28.2,0
2021,641355,425877,1.91,24,28.0,0
2022,663886,553882,2.01,23,26.6,0
2022,608686,642336,1.95,24,27.3,0
2022,622761,543309,1.95,22,30.1,0
2022,542932,553869,1.94,28,29.5,0
2022,670712,669257,1.93,32,27.7,0
2022,656448,663698,1.97,22,28.6,0
2022,622534,624512,1.97,34,27.9,0
2022,668731,518735,2.09,29,28.9,0
2022,516416,518595,1.99,36,27.7,0
2023,606466,543592,1.97,28,27.7,0
2023,665862,592200,1.99,13,28.4,0
2023,642708,669221,1.9,53,29.4,0
2023,656448,571912,1.93,36,28.5,1
2023,666397,663728,1.96,66,27.0,0
2023,545350,668939,1.91,51,28.8,1
2023,665155,663743,2.01,44,27.2,0
2023,502054,543877,1.95,35,27.8,0
2023,666906,607732,1.97,41,28.1,0
2023,657136,669257,1.91,56,28.3,0
2023,669016,663743,2.01,44,28.6,0
2023,656775,673237,1.9,35,28.0,0
2023,643393,663728,1.96,66,26.2,1
2023,571912,666310,1.94,44,26.0,0
2024,650489,641680,1.98,70,27.9,0
2024,647304,608348,1.97,51,25.2,0
2024,656716,666310,1.97,38,28.4,0
2024,669016,680777,1.93,40,28.2,0
2024,621028,596117,1.88,22,27.5,0
2024,681082,645305,1.96,18,29.1,0
2024,680118,660688,2.06,57,29.6,0
2025,665750,657136,1.97,32,28.8,0
2025,686217,624431,2.0,47,28.9,0
2025,691594,624431,2.0,47,28.0,1
2025,663586,663886,1.99,35,28.2,0
2025,642201,665966,1.92,63,29.9,0
2025,677951,624431,2.0,47,30.2,0
2025,663538,656180,1.93,35,28.6,0
2025,670764,668670,1.95,20,28.2,0
2025,681987,656180,1.93,35,29.7,0
2025,683002,543592,2.07,5,28.5,0
2021,641487,641598,2.03,15,27.5,0
2021,622534,643376,1.94,12,28.6,0
2021,641470,680777,2.03,34,25.4,0
2021,643217,600474,1.97,23,27.6,1
2021,608070,425877,1.91,24,28.1,1
2021,543807,596142,1.95,25,28.4,0
2022,622761,605170,2.01,34,30.1,0
2022,668227,455139,2.04,20,28.8,0
2022,666182,596117,1.91,17,27.5,1
2022,657557,661531,2.0,27,27.7,1
2022,542194,624431,1.99,29,28.1,0
2022,641584,596117,1.91,17,27.9,1
2022,668709,669221,1.89,33,27.7,0
2022,669242,605170,2.01,34,28.7,0
2022,680757,624431,1.99,29,28.4,0
2023,621035,660688,2.06,64,28.3,0
2023,670156,542194,1.87,39,28.6,0
2023,666152,543877,1.95,35,29.2,0
2023,663611,641511,1.99,27,28.0,0
2023,592206,660688,2.06,64,27.2,0
2023,514888,666310,1.94,44,26.9,0
2023,621035,642851,1.91,23,28.3,0
2023,676609,656024,1.99,12,29.0,0
2023,658668,595956,1.97,30,28.6,0
2023,694497,455117,1.93,55,29.6,0
2024,687363,596117,1.88,22,30.0,0
2024,669289,661388,1.96,58,27.3,0
2024,666181,663728,1.95,70,28.8,0
2024,808982,663743,1.93,60,28.4,1
2024,607208,663886,2.02,64,29.6,0
2024,677800,666163,1.92,47,27.5,0
2024,672640,682626,1.92,37,28.7,0
2024,650559,663886,2.02,64,27.5,0
2024,668930,665804,2.04,50,29.3,0
2024,669364,682626,1.92,37,28.4,0
2024,696285,663743,1.93,60,29.7,0
2025,656413,592663,1.86,50,28.8,0
2025,664023,553869,1.91,25,27.4,1
2025,687363,673237,1.95,72,30.2,0
2025,672580,671056,2.0,6,27.9,0
2025,683146,656180,1.93,35,27.0,0
2025,624428,606992,1.88,8,26.6,0
2025,673548,666023,1.9,35,28.4,0
2025,696285,672275,1.86,44,29.3,0
2025,691019,595978,1.94,21,27.5,0
2021,645277,624512,1.97,14,28.4,0
2021,621311,620443,2.0,9,27.7,0
2021,660271,600474,1.97,23,28.8,0
2021,671277,621512,1.94,16,27.0,1
2021,592192,664874,2.04,13,27.8,0
2021,663837,543510,2.01,35,29.1,0
2022,607208,645444,1.94,11,30.3,1
2022,607208,596117,1.91,17,30.3,0
2022,642180,641680,1.99,46,29.1,0
2022,672779,605131,2.06,17,28.8,0
2022,543807,571466,1.99,38,28.3,0
2022,666182,669221,1.89,33,27.5,1
2022,596019,575929,1.93,23,27.6,0
2022,641796,543877,1.94,37,30.2,0
2022,669003,553869,1.94,28,30.1,0
2022,670764,657136,1.92,15,28.8,0
2022,664702,542194,1.89,19,29.3,0
2023,682829,575929,1.93,34,30.5,0
2023,623205,521692,1.98,26,28.4,0
2023,686894,553882,2.0,25,28.9,1
2023,667452,663728,1.96,66,28.4,0
2023,673490,669257,1.91,56,28.5,0
2023,572204,543309,1.98,43,27.3,0
2023,623205,650907,1.87,11,28.4,0
2023,696285,643376,1.99,30,30.0,0
2023,681481,543309,1.98,43,28.1,0
2024,680776,663728,1.95,70,29.6,0
2024,682829,663728,1.95,70,30.0,0
2024,656775,543877,1.96,32,28.3,0
2024,691026,668832,2.0,18,28.8,0
2024,666310,657136,1.95,46,26.6,0
2024,665828,661388,1.96,58,27.4,0
2024,701538,607732,1.96,44,28.5,0
2024,663662,518595,1.98,37,28.4,0
2024,676356,543228,1.98,12,29.8,0
2024,657656,682626,1.92,37,27.8,0
2024,669911,620443,1.87,19,27.4,0
2024,671218,660688,2.06,57,27.9,0
2024,678009,663728,1.95,70,29.3,0
2025,683011,643376,2.0,60,28.3,0
2025,702616,595978,1.94,21,28.6,1
2025,664238,642851,1.96,19,27.7,1
2025,593428,669257,1.94,53,27.6,0
2025,682663,650968,2.0,24,26.7,0
2025,666152,680862,2.0,9,29.3,1
2025,663968,656577,1.9,18,29.1,0
2021,594809,608596,2.04,26,28.0,0
2021,621035,519390,2.09,18,28.8,0
2021,572191,543309,1.94,28,28.2,0
2021,543760,545358,2.02,25,28.6,0
2022,670768,669257,1.93,32,28.2,0
2022,543543,592663,1.82,44,27.1,0
2022,643396,624512,1.97,34,28.4,0
2022,542932,660688,2.0,46,29.5,1
2022,666176,669004,1.97,20,29.7,0
2022,571980,661388,1.97,18,27.8,0
2022,543760,543877,1.94,37,28.8,0
2022,668227,672515,1.92,14,28.8,1
2022,668227,455117,1.92,40,28.8,0
2023,673490,669221,1.9,53,28.5,1
2023,641355,660688,2.06,64,28.3,0
2023,669477,605170,2.06,31,28.0,0
2023,593428,542194,1.87,39,27.6,0
2023,608671,672386,1.98,48,29.0,0
2023,677551,596142,1.9,24,27.5,0
2023,672284,668939,1.91,51,28.0,0
2023,683011,668939,1.91,51,28.4,0
2023,673357,666310,1.94,44,28.7,0
2023,682998,605131,2.01,29,30.1,0
2023,676701,518595,1.97,39,26.4,0
2023,691176,661388,1.95,47,28.3,0
2023,686823,641680,1.97,57,28.3,1
2023,664023,672515,1.9,33,27.7,1
2024,657041,592663,1.85,39,29.3,0
2024,605141,669134,1.97,25,26.7,0
2024,808982,650907,1.94,8,28.4,0
2024,641857,605170,2.02,35,25.9,1
2024,673490,543228,1.98,12,28.3,0
2024,650859,669134,1.97,25,26.9,0
2024,656305,607732,1.96,44,28.7,0
2024,596019,518595,1.98,37,27.6,0
2024,687263,672386,2.0,55,28.2,1
2024,691026,571912,1.97,27,28.8,0
2025,676694,681351,2.0,50,28.2,0
2025,665161,669127,1.89,67,29.6,0
2025,673357,671056,2.0,6,29.0,0
2025,664702,669127,1.89,67,29.4,0
2025,677587,682663,1.99,53,27.0,0
2025,665487,669257,1.94,53,28.6,1
2025,701350,689414,2.0,38,27.8,0
2025,802415,686780,1.93,52,29.6,0
2025,687263,608348,1.95,39,28.1,0
2025,695734,682663,1.99,53,29.1,1
2021,545341,596142,1.95,25,28.1,1
2021,663611,545358,2.02,25,28.0,1
2021,456781,669257,1.96,56,26.1,0
2021,664058,596142,1.95,25,27.6,0
2021,595879,506702,2.05,18,28.5,0
2021,663656,435559,1.99,26,27.4,0
2021,669289,543309,1.94,28,27.3,0
2022,518586,435559,2.07,16,27.8,0
2022,518626,595978,1.95,39,25.7,1
2022,553902,661388,1.97,18,24.5,0
2022,663743,455117,1.92,40,27.8,0
2022,673490,553869,1.94,28,28.4,0
2022,663457,553869,1.94,28,28.2,0
2022,643393,641680,1.99,46,26.3,0
2022,650489,571912,1.96,31,28.3,1
2022,642350,545358,2.03,33,30.3,0
2022,668227,663743,1.93,23,28.8,0
2023,665750,669127,1.9,68,29.1,1
2023,542932,571466,1.99,21,29.3,1
2023,621466,669257,1.91,56,26.3,0
2023,656413,543228,1.99,45,29.2,0
2023,641355,663886,2.01,36,28.3,0
2023,669261,669221,1.9,53,28.6,0
2023,592206,668800,2.01,33,27.2,0
2024,606466,553869,1.9,33,27.1,0
2024,687263,650907,1.94,8,28.2,0
2024,668227,681351,2.02,59,28.1,0
2024,643565,669134,1.97,25,27.2,0
2024,669911,455117,1.97,17,27.4,0
2024,682998,672386,2.0,55,29.6,0
2024,547180,663698,2.0,35,27.4,0
2024,665828,666163,1.92,47,27.4,0
2024,680869,686676,1.85,46,28.7,0
2024,596103,682626,1.92,37,28.2,1
2024,593871,592200,2.0,31,27.5,0
2024,665862,671056,1.99,28,28.6,0
2024,668930,682626,1.92,37,29.3,0
2025,682829,606992,1.88,8,29.1,1
2025,670156,543309,2.03,45,28.5,1
2025,645277,643376,2.0,60,27.2,0
2025,676391,668939,1.94,29,28.6,0
2025,647304,661388,1.96,46,24.4,0
2025,665926,663728,1.97,55,28.0,0
2025,682928,686948,1.95,63,28.2,0
2025,680577,661388,1.96,46,28.5,0
2025,680776,643376,2.0,60,29.1,0
2021,547180,668800,2.0,13,27.8,0
2021,641584,572287,1.95,28,27.7,0
2022,572228,663698,1.97,22,24.7,0
2022,596019,592663,1.82,44,27.6,1
2022,669352,543877,1.94,37,30.3,0
2022,657041,575929,1.93,23,29.4,1
2022,514917,595751,1.89,16,28.3,0
2022,663538,605170,2.01,34,29.1,1
2023,666971,521692,1.98,26,27.1,0
2023,664983,518595,1.97,39,30.0,0
2023,663611,641511,1.99,27,28.0,0
2023,663656,663886,2.01,36,26.6,0
2023,543760,455117,1.93,55,28.7,0
2023,664702,643376,1.99,30,29.2,0
2023,518692,663728,1.96,66,26.7,0
2024,673490,669257,1.94,57,28.3,0
2024,641857,672515,1.89,26,25.9,1
2024,678662,672515,1.89,26,28.1,1
2024,664983,669257,1.94,57,29.8,0
2024,671732,663728,1.95,70,27.6,0
2024,679032,663743,1.93,60,30.1,0
2024,676914,680777,1.93,40,27.2,0
2024,663656,661388,1.96,58,26.0,0
2024,608385,592663,1.85,39,26.1,0
2024,668227,543877,1.96,32,28.1,0
2024,656413,518735,2.09,31,29.1,0
2024,682985,681351,2.02,59,27.7,1
2024,671732,657136,1.95,46,27.6,0
2024,608070,669224,1.98,45,28.2,0
2024,666181,663698,2.0,35,28.8,0
2025,663656,455117,1.98,31,26.5,0
2025,669065,624431,2.0,47,27.1,0
2025,677951,642136,2.0,38,30.2,0
2025,689200,680779,1.89,25,29.0,0
2025,666464,455117,1.98,31,26.1,0
2025,682928,553869,1.91,25,28.2,0
2025,676609,669127,1.89,67,28.3,1
2025,686797,665861,1.93,6,26.1,0
2025,595978,691019,1.96,31,25.0,1
2025,676609,640902,1.93,13,28.3,0
2025,666152,669127,1.89,67,29.3,0
2021,663624,620443,2.0,9,28.0,0
2021,606192,572287,1.95,28,28.5,0
2021,592696,606992,1.94,21,27.4,1
2021,502054,425784,1.97,15,27.8,1
2021,669242,575929,1.91,37,28.9,1
2021,543257,545358,2.02,25,27.7,0
2021,623205,680777,2.03,34,29.4,0
2021,596146,444489,1.94,21,27.4,0
2022,660634,621512,1.96,30,26.8,0
2022,656669,553869,1.94,28,27.7,0
2022,669242,663698,1.97,22,28.7,0
2022,596019,660688,2.0,46,27.6,0
2022,677649,455117,1.92,40,29.1,0
2022,592663,663743,1.93,23,28.7,0
2022,516782,592663,1.82,44,28.0,0
2023,691023,643376,1.99,30,28.5,0
2023,668930,543592,1.97,28,29.4,0
2023,644374,605170,2.06,31,28.2,0
2023,672284,669221,1.9,53,28.0,1
2023,673490,543309,1.98,43,28.5,0
2023,668731,518735,2.08,69,29.0,0
2023,680574,661388,1.95,47,29.0,0
2023,641857,672275,1.87,51,25.8,0
2023,679032,543510,2.01,25,29.5,0
2023,623912,455117,1.93,55,27.8,1
2023,642350,666310,1.94,44,29.7,0
2023,665923,608348,1.96,23,29.6,0
2023,543305,681807,1.92,8,27.3,0
2023,607208,553882,2.0,25,30.3,0
2023,682928,669221,1.9,53,28.6,0
2024,665161,624431,2.07,44,29.8,1
2024,592885,553882,2.04,18,28.5,0
2024,642731,669224,1.98,45,28.0,1
2024,687263,663728,1.95,70,28.2,0
2024,676694,672275,1.85,58,28.9,0
2024,694192,663886,2.02,64,29.7,0
2024,656541,686452,1.94,12,28.8,1
2024,665926,666023,1.88,23,28.9,1
2024,518692,518595,1.98,37,25.8,0
2024,687597,542194,1.9,29,28.6,1
2025,702616,623168,1.92,38,28.6,0
2025,664702,668939,1.94,29,29.4,0
2025,691016,642136,2.0,38,27.4,0
2025,666969,693307,1.94,60,27.0,1
2025,665742,669257,1.94,53,25.8,0
2025,516782,607732,2.0,36,26.6,0
2025,686217,686780,1.93,52,28.9,0
2025,696285,687221,1.93,15,29.3,1
2025,676609,693307,1.94,60,28.3,0
2025,691785,663886,1.99,35,27.5,1
2025,672695,624431,2.0,47,27.2,1
2025,683002,687221,1.93,15,28.5,0
2021,673357,624431,2.08,29,28.0,0
2021,664023,663886,1.97,22,27.7,0
2021,592348,596142,1.95,25,28.5,0
2021,572191,641470,2.02,30,28.2,0
2021,571980,553869,1.95,20,27.7,0
2021,656775,641470,2.02,30,28.5,0
2021,621550,425877,1.91,24,28.1,0
2021,663647,606992,1.94,21,27.8,0
2021,514888,518595,2.03,14,28.0,0
2022,598265,596142,1.93,29,27.1,1
2022,605141,608348,1.98,39,27.4,0
2022,665862,595751,1.89,16,29.3,0
2022,664761,663728,1.99,47,27.0,1
2022,598265,518595,1.99,36,27.1,1
2022,516416,663728,1.99,47,27.7,0
2022,623912,605170,2.01,34,28.1,0
2022,543939,664731,2.03,15,26.2,0
2022,676694,545358,2.03,33,28.9,1
2022,649966,553869,1.94,28,26.4,1
2025,683002,687221,1.93,15,28.5,0
2022,670032,664874,1.97,14,27.7,0
2022,607043,663743,1.93,23,28.6,0
2023,606992,661388,1.95,47,28.0,1
2023,592206,553869,1.93,51,27.2,1
2023,660271,607732,1.97,41,27.8,0
2023,673490,571466,1.99,21,28.5,0
2023,678662,521692,1.98,26,28.1,0
2023,643217,607732,1.97,41,27.3,1
2023,665155,543877,1.95,35,27.2,1
2023,660670,666310,1.94,44,28.0,0
2023,592663,595956,1.97,30,28.6,0
2023,679032,663743,2.01,44,29.5,0
2023,660271,553882,2.0,25,27.8,0
2023,665487,592663,1.83,50,29.3,0
2023,672580,672386,1.98,48,28.2,1
2023,669707,592663,1.83,50,28.4,0
2023,572233,669257,1.91,56,26.4,0
2024,643217,666310,1.97,38,26.7,1
2024,666176,666163,1.92,47,28.8,0
2024,657077,666163,1.92,47,26.7,0
2024,683002,669127,1.91,70,28.9,0
2024,660821,668832,2.0,18,27.2,0
2024,681481,672386,2.0,55,27.7,1
2024,679032,607732,1.96,44,30.1,0
2024,676801,663743,1.93,60,28.7,0
2024,679032,669257,1.94,57,30.1,0
2024,545121,661388,1.96,58,26.7,0
2024,670764,673237,1.97,73,27.8,0
2024,676694,666163,1.92,47,28.9,0
2024,650333,518735,2.09,31,26.7,0
2024,516782,680728,2.04,13,27.1,0
2024,642708,669221,1.95,39,29.0,0
2024,694671,663728,1.95,70,29.8,0
2024,687401,663698,2.0,35,28.7,0
2024,660821,680777,1.93,40,27.2,0
2025,682622,607732,2.0,36,29.0,0
2025,694671,673237,1.95,72,28.9,0
2025,666152,686948,1.95,63,29.3,0
2024,657757,666310,1.97,38,26.7,1
2025,670224,682626,1.93,35,28.3,0
2025,543309,693307,1.94,60,25.1,0
2025,593428,657136,1.97,32,27.6,0
2025,665862,650968,2.0,24,27.6,0
2021,669222,519390,2.09,18,29.0,0
2021,593160,595978,1.95,27,28.6,0
2021,668227,543309,1.94,28,28.7,0
2021,657077,572287,1.95,28,27.0,1
2021,605204,669257,1.96,56,26.9,0
2021,502481,600474,1.97,23,27.9,0
2021,642180,680777,2.03,34,29.1,0
2022,660644,543877,1.94,37,28.5,1
2022,643393,641680,1.99,46,26.3,1
2022,571448,595751,1.89,16,25.5,1
2022,592885,592663,1.82,44,28.1,0
2022,642731,605244,1.95,15,28.2,0
2022,621035,518595,1.99,36,28.5,0
2022,677951,455117,1.92,40,30.3,1
2022,543228,425877,2.05,19,26.3,0
2022,592450,624512,1.97,34,27.3,1
2022,662139,605131,2.06,17,28.0,0
2022,682998,605131,2.06,17,30.7,0
2023,516782,661388,1.95,47,27.1,0
2023,665923,543510,2.01,25,29.6,0
2023,642731,668800,2.01,33,28.1,0
2023,665750,669127,1.9,68,29.1,0
2023,677551,624431,1.99,18,27.5,0
2023,592450,672386,1.98,48,26.7,0
2023,676609,518595,1.97,39,29.0,0
2023,516782,572287,2.04,33,27.1,0
2023,669743,669257,1.91,56,28.8,0
2023,666139,669127,1.9,68,28.7,0
2023,680118,542194,1.87,39,30.3,0
2023,677551,666023,1.93,27,27.5,1
2023,668930,571912,1.93,36,29.4,0
2023,669743,605170,2.06,31,28.8,1
2023,664056,660688,2.06,64,28.8,0
2023,592885,680777,1.95,27,28.1,0
2023,650859,691016,1.97,8,27.4,0
2024,605141,543877,1.96,32,26.7,0
2024,663538,553882,2.04,18,28.4,0
2024,682998,663886,2.02,64,29.6,1
2024,596117,621512,1.93,27,28.0,0
2024,621439,666163,1.92,47,29.7,0
2024,673357,663743,1.93,60,28.8,0
2024,670764,673237,1.97,73,27.8,1
2024,682928,596117,1.88,22,28.5,0
2024,701538,620443,1.87,19,28.5,1
2024,660821,672386,2.0,55,27.2,0
2025,656305,673237,1.95,72,28.1,0
2025,641933,543877,1.94,39,28.3,0
2025,669394,669224,1.97,42,27.9,0
2025,621028,669127,1.89,67,27.0,0
2025,656413,665561,1.88,24,28.8,1
2025,645277,665561,1.88,24,27.2,1
2025,670231,681508,1.98,14,28.9,0
2025,650333,696100,1.95,45,26.5,0
2025,665862,623168,1.92,38,27.6,1
2021,622761,669257,1.96,56,30.3,0
2021,543063,519390,2.09,18,25.8,0
2021,660634,455117,1.96,32,26.9,0
2021,458731,608700,2.09,26,28.6,0
2022,664023,518595,1.99,36,27.9,1
2022,650402,488771,1.97,11,26.9,0
2022,673357,596142,1.93,29,27.9,1
2022,656775,542194,1.89,19,28.5,1
2022,663897,661388,1.97,18,28.7,0
2022,665489,668939,1.93,24,26.7,0
2022,665828,657136,1.92,15,27.6,0
2022,622534,595978,1.95,39,27.9,1
2022,666182,663728,1.99,47,27.5,0
2023,592518,669221,1.9,53,26.3,0
2023,672724,672386,1.98,48,28.7,0
2023,605141,571466,1.99,21,27.2,0
2023,678225,660688,2.06,64,29.7,0
2023,572191,543592,1.97,28,28.7,0
2023,669394,595956,1.97,30,28.0,1
2023,670242,666165,2.0,21,28.0,0
2023,595453,518735,2.08,69,24.3,1
2023,665923,624431,1.99,18,29.6,0
2023,664023,605170,2.06,31,27.7,0
2023,682928,571912,1.93,36,28.6,0
2023,664057,542194,1.87,39,29.2,0
2023,596019,592663,1.83,50,28.1,0
2024,660670,673237,1.97,73,27.7,0
2024,665926,641680,1.98,70,28.9,0
2024,694192,663743,1.93,60,29.7,0
2024,664901,661388,1.96,58,26.5,0
2024,596103,605170,2.02,35,28.2,0
2024,668930,672386,2.0,55,29.3,0
2024,606466,605131,2.0,27,27.1,0
2024,665862,657136,1.95,46,28.6,0
2024,686668,592200,2.0,31,29.3,0
2024,683002,620443,1.87,19,28.9,0
2024,641645,663743,1.93,60,24.7,0
2024,665833,641680,1.98,70,28.8,0
2024,663853,642020,1.97,15,28.9,0
2024,677594,608348,1.97,51,29.6,0
2025,686668,661388,1.96,46,29.5,0
2025,687263,693307,1.94,60,28.1,0
2025,608070,592663,1.86,50,28.4,1
2025,805367,663728,1.97,55,27.0,0
2025,677347,669127,1.89,67,29.0,0
2025,642715,663743,1.93,48,28.0,0
2025,683146,607732,2.0,36,27.0,0
2025,543807,624431,2.0,47,28.0,0
2025,676391,673237,1.95,72,28.6,1
2021,474832,663886,1.97,22,25.6,1
2021,663538,518595,2.03,14,28.8,0
2021,656941,519390,2.09,18,26.8,0
2021,595777,553882,2.0,47,26.2,0
2021,570256,621512,1.94,16,27.2,0
2021,656775,425784,1.97,15,28.5,1
2021,665862,518595,2.03,14,29.1,0
2022,663538,553882,2.01,23,29.1,0
2022,598265,572287,2.03,13,27.1,0
2022,660271,518735,2.09,29,28.2,0
2022,668942,575929,1.93,23,27.3,0
2022,660271,669221,1.89,33,28.2,0
2022,666969,518735,2.09,29,27.9,0
2022,546318,660688,2.0,46,27.0,0
2022,455139,642336,1.95,24,23.7,0
2022,681082,518595,1.99,36,29.0,0
2022,671739,663743,1.93,23,29.4,0
2022,656775,543877,1.94,37,28.5,0
2022,642727,663698,1.97,22,27.7,0
2022,671739,596117,1.91,17,29.4,0
2023,502671,672386,1.98,48,26.4,0
2023,672284,672386,1.98,48,28.0,0
2023,462101,542194,1.87,39,26.5,0
2023,606132,643376,1.99,30,28.7,0
2023,596019,669221,1.9,53,28.1,0
2023,673490,607732,1.97,41,28.5,0
2023,641313,663728,1.96,66,27.2,0
2023,623205,666023,1.93,27,28.4,0
2023,673490,643376,1.99,30,28.5,0
2023,658668,657136,1.92,60,28.6,0
2023,502054,669257,1.91,56,27.8,1
2023,543939,660688,2.06,64,26.7,1
2023,681082,575929,1.93,34,28.8,0
2023,687952,682626,1.94,57,27.6,0
2023,678662,672275,1.87,51,28.1,0
2023,670097,681351,2.09,20,28.1,0
2023,518692,553869,1.93,51,26.7,0
2024,600869,686676,1.85,46,27.4,1
2024,650859,657136,1.95,46,26.9,0
2024,664983,671056,1.99,28,29.8,0
2023,687952,682626,1.94,57,27.6,0
2024,682829,672515,1.89,26,30.0,0
2024,668731,641680,1.98,70,28.1,0
2024,691718,680777,1.93,40,30.0,0
2024,681082,660688,2.06,57,29.1,0
2024,665750,680777,1.93,40,28.5,0
2024,666181,661388,1.96,58,28.8,1
2024,641343,571912,1.97,27,27.2,0
2025,669701,665804,1.98,7,27.5,1
2025,664238,605170,2.05,28,27.7,0
2025,666969,663728,1.97,55,27.0,0
2025,671277,641680,2.01,44,26.5,1
2025,666969,660688,2.0,42,27.0,0
2025,681460,680777,1.98,34,28.6,0
2025,671289,682663,1.99,53,28.5,0
2021,622761,543510,2.01,35,30.3,0
2021,596115,553882,2.0,47,28.6,0
2022,666624,518735,2.09,29,28.8,1
2022,664670,425877,2.05,19,26.6,0
2022,547180,641680,1.99,46,27.6,0
2022,668227,553882,2.01,23,28.8,0
2022,578428,645444,1.94,11,28.4,1
2022,663538,664850,2.05,7,29.1,0
2022,656185,608348,1.98,39,28.3,0
2022,680814,669127,1.93,14,28.2,0
2022,676701,543228,1.97,28,26.8,1
2023,663611,663728,1.96,66,28.0,1
2023,677551,543309,1.98,43,27.5,1
2023,457705,575929,1.93,34,28.4,0
2023,665489,543877,1.95,35,26.4,1
2023,641355,543309,1.98,43,28.3,0
2023,687799,666023,1.93,27,28.9,0
2023,664057,686676,1.91,17,29.2,1
2023,666181,668800,2.01,33,28.8,0
2023,572233,592663,1.83,50,26.4,0
2023,606466,641680,1.97,57,27.7,1
2024,679032,607732,1.96,44,30.1,0
2024,666134,592663,1.85,39,28.1,0
2024,683734,680777,1.93,40,26.3,0
2024,642715,650907,1.94,8,27.4,0
2024,608385,663743,1.93,60,26.1,0
2024,677594,666023,1.88,23,29.6,1
2024,664056,672275,1.85,58,28.2,1
2024,681624,621512,1.93,27,28.3,1
2024,595879,518735,2.09,31,27.5,1
2024,663697,661388,1.96,58,28.0,0
2024,657088,575929,1.97,29,28.8,0
2024,694388,620443,1.87,19,28.8,1
2024,593871,543877,1.96,32,27.5,0
2024,682829,645305,1.96,18,30.0,0
2024,681297,641680,1.98,70,28.2,0
2024,680118,686676,1.85,46,29.6,0
2024,593428,595978,1.94,19,27.4,0
2024,691026,682626,1.92,37,28.8,0
2024,666152,673237,1.97,73,29.4,0
2025,686475,668939,1.94,29,28.9,0
2025,671277,607732,2.0,36,26.5,0
2025,683002,669224,1.97,42,28.5,0
2025,682729,693307,1.94,60,29.4,0
2025,687263,642851,1.96,19,28.1,1
2025,673548,592663,1.86,50,28.4,0
2025,671732,605170,2.05,28,26.9,0
2025,683002,657136,1.97,32,28.5,0
2025,676609,681508,1.98,14,28.3,0
2025,642215,666163,1.96,19,28.1,1
2021,570256,467092,2.01,12,27.2,0
2021,592885,595956,2.03,14,28.3,0
2021,642180,643376,1.94,12,29.1,0
2021,664238,595978,1.95,27,28.4,1
2021,641829,669221,1.9,31,27.6,0
2021,544369,543877,1.98,43,27.7,0
2021,664702,608596,2.04,26,29.3,0
2021,650489,467092,2.01,12,28.7,0
2022,645277,605131,2.06,17,27.5,0
2022,643396,571466,1.99,38,28.4,0
2022,672695,553869,1.94,28,27.3,1
2022,596019,661531,2.0,27,27.6,0
2022,663656,669087,2.0,11,26.7,0
2022,663611,519222,2.08,18,27.4,0
2023,624428,660688,2.06,64,26.5,1
2023,649557,571912,1.93,36,26.0,0
2023,624641,657136,1.92,60,29.2,1
2023,658668,543592,1.97,28,28.6,0
2023,666134,672275,1.87,51,28.4,0
2023,671739,607732,1.97,41,28.8,0
2023,642731,682626,1.94,57,28.1,1
2023,542364,518595,1.97,39,27.2,0
2023,665487,608348,1.96,23,29.3,0
2023,664728,575929,1.93,34,27.6,0
2023,669016,672275,1.87,51,28.6,0
2023,656716,665804,1.98,17,28.5,0
2023,681082,681351,2.09,20,28.8,0
2023,682928,643376,1.99,30,28.6,0
2023,681082,596142,1.9,24,28.8,0
2024,623912,672275,1.85,58,28.0,0
2024,623912,608348,1.97,51,28.0,0
2024,668930,663698,2.0,35,29.3,0
2024,679032,660688,2.06,57,30.1,0
2024,669701,672515,1.89,26,27.6,0
2024,666152,624431,2.07,44,29.4,0
2024,668227,518595,1.98,37,28.1,1
2024,669357,665804,2.04,50,26.2,0
2024,696285,575929,1.97,29,29.7,0
2024,605361,608348,1.97,51,27.4,1
2024,670764,673237,1.97,73,27.8,0
2024,663647,669134,1.97,25,26.4,0
2024,678246,669127,1.91,70,28.6,1
2024,660271,680728,2.04,13,28.1,0
2024,677594,669127,1.91,70,29.6,0
2024,592206,682626,1.92,37,27.4,0
2025,669208,669127,1.89,67,28.4,0
2025,663656,669127,1.89,67,26.5,0
2025,676475,673237,1.95,72,25.5,0
2025,571448,673237,1.95,72,25.5,0
2025,645277,669257,1.94,53,27.2,0
2025,664056,657136,1.97,32,28.8,0
2025,623168,643376,2.0,60,26.3,0
2025,687597,641680,2.01,44,28.7,0
2025,683011,663728,1.97,55,28.3,0
2025,687597,605170,2.05,28,28.7,0
2025,656775,620443,1.87,29,28.4,0
2025,677951,623168,1.92,38,30.2,0
2025,642086,620443,1.87,29,25.7,0
2025,669364,686948,1.95,63,28.3,0
2025,642201,689414,2.0,38,29.9,0
2025,502054,663886,1.99,35,27.2,0
2021,642715,663886,1.97,22,28.0,0
2021,502671,506702,2.05,18,26.3,0
2021,592669,661388,2.01,11,27.2,1
2021,621433,592663,1.84,16,28.5,0
2021,595281,455117,1.96,32,29.2,1
2022,642180,660688,2.0,46,29.1,1
2022,663743,661531,2.0,27,27.8,0
2022,656775,543309,1.95,22,28.5,1
2022,605548,543877,1.94,37,29.3,0
2025,669208,669127,1.89,67,28.4,0
2023,543807,642336,1.95,24,27.8,0
2023,608070,660688,2.06,64,27.8,1
2023,642180,682626,1.94,57,28.9,0
2023,660271,669127,1.9,68,27.8,0
2023,676701,572287,2.04,33,26.4,0
2023,593160,669221,1.9,53,28.8,0
2023,595879,680777,1.95,27,28.1,0
2023,600869,455117,1.93,55,27.5,0
2023,663837,680777,1.95,27,29.1,1
2023,673357,682626,1.94,57,28.7,0
2023,642708,657136,1.92,60,29.4,0
2023,673490,669127,1.9,68,28.5,0
2023,678009,666310,1.94,44,29.0,0
2023,681082,672515,1.9,33,28.8,0
2024,547180,518595,1.98,37,27.4,0
2024,642708,668670,1.93,30,29.0,1
2024,666915,672275,1.85,58,28.6,0
2024,607208,681351,2.02,59,29.6,0
2024,690993,673237,1.97,73,27.7,0
2024,543257,682626,1.92,37,27.7,0
2024,663368,663698,2.0,35,29.6,0
2024,680869,673237,1.97,73,28.7,0
2024,663538,663886,2.02,64,28.4,0
2024,500743,575929,1.97,29,25.8,1
2024,681393,691011,1.94,11,29.3,0
2024,676391,686482,1.87,6,28.4,0
2024,608070,669224,1.98,45,28.2,0
2025,671218,663728,1.97,55,27.5,0
2025,807712,700337,1.95,46,28.7,0
2025,667472,669257,1.94,53,28.4,0
2025,642136,682663,1.99,53,25.2,0
2025,664059,642136,2.0,38,28.9,0
2025,681807,669224,1.97,42,26.6,0
2025,807713,660688,2.0,42,29.0,0
2025,691176,663728,1.97,55,28.7,1
2025,802415,607732,2.0,36,29.6,0
2025,647304,681351,2.0,50,24.4,0
2025,669743,543877,1.94,39,27.8,1
2025,547180,700250,2.07,10,27.0,0
2025,665161,665966,1.92,63,29.6,0
2025,607208,656180,1.93,35,30.3,0
2025,682829,669127,1.89,67,29.1,0
2025,683227,673237,1.95,72,27.5,1
2025,668227,693307,1.94,60,27.7,0
2021,669256,672386,1.94,15,29.0,0
2021,656775,620443,2.0,9,28.5,1
2021,641313,543877,1.98,43,28.2,0
2021,602074,543592,2.01,18,28.2,0
2021,622268,669221,1.9,31,26.9,0
2021,592518,669257,1.96,56,26.4,0
2021,542932,605131,2.06,21,29.9,0
2021,666182,521692,1.97,28,28.0,0
2021,643217,488771,1.97,11,27.6,1
2021,546990,425877,1.91,24,29.6,0
2021,666971,596142,1.95,25,26.7,1
2021,607208,543592,2.01,18,30.6,0
2021,622110,425877,1.91,24,26.4,0
2022,624503,606992,1.95,29,27.8,1
2022,592669,518595,1.99,36,27.1,1
2022,546318,669257,1.93,32,27.0,0
2022,677594,543877,1.94,37,29.7,0
2022,670768,596117,1.91,17,28.2,1
2022,593160,641680,1.99,46,28.6,0
2022,621020,519222,2.08,18,28.4,0
2022,519203,624512,1.97,34,25.5,1
2023,622761,624512,1.98,21,30.1,0
2023,665161,641680,1.97,57,29.4,0
2023,596019,669127,1.9,68,28.1,0
2023,682985,682626,1.94,57,28.1,0
2023,665161,669127,1.9,68,29.4,1
2023,671739,592663,1.83,50,28.8,0
2023,680574,669257,1.91,56,29.0,0
2023,670770,518595,1.97,39,28.3,0
2023,686668,669257,1.91,56,29.9,0
2023,676609,455117,1.93,55,29.0,0
2023,665926,666023,1.93,27,29.2,0
2023,691023,665804,1.98,17,28.5,0
2023,645277,641511,1.99,27,27.6,0
2023,687799,668939,1.91,51,28.9,1
2023,677594,455117,1.93,55,29.6,0
2023,682998,571912,1.93,36,30.1,0
2023,547989,641680,1.97,57,25.5,0
2024,665923,680779,1.87,10,29.4,0
2024,672580,681351,2.02,59,27.9,0
2024,669261,665804,2.04,50,28.3,0
2024,676609,543510,1.98,38,28.3,0
2024,656305,686780,1.93,39,28.7,0
2024,668227,660688,2.06,57,28.1,1
2024,676356,660688,2.06,57,29.8,0
2024,656305,553869,1.9,33,28.7,0
2024,642715,663886,2.02,64,27.4,0
2024,668715,672386,2.0,55,28.2,1
2024,669016,673237,1.97,73,28.2,0
2024,682998,672275,1.85,58,29.6,0
2024,667670,686676,1.85,46,27.6,0
2024,686611,663743,1.93,60,29.3,0
2025,682848,663743,1.93,48,27.1,1
2025,676356,543309,2.03,45,29.5,0
2025,694497,693307,1.94,60,29.0,0
2025,683002,665966,1.92,63,28.5,0
2025,663457,641680,2.01,44,27.0,1
2025,663538,680779,1.89,25,28.6,0
2025,678662,680779,1.89,25,27.6,0
2025,607208,656180,1.93,35,30.3,0
2025,702332,663698,1.99,39,28.1,0
2025,672640,641680,2.01,44,28.5,0
2021,592192,600474,1.97,23,27.8,0
2021,664702,518735,2.06,29,29.3,0
2021,541645,521692,1.97,28,28.6,1
2021,571448,553882,2.0,47,25.5,0
2021,622534,672386,1.94,15,28.6,1
2021,592178,624513,2.01,28,27.9,0
2022,677951,455117,1.92,40,30.3,0
2022,502054,575929,1.93,23,27.9,0
2022,669289,519390,2.12,7,27.0,0
2022,663837,518595,1.99,36,29.5,0
2022,663611,657709,2.08,21,27.4,0
2022,668939,455117,1.92,40,27.1,0
2022,676694,642336,1.95,24,28.9,0
2023,681987,641680,1.97,57,29.5,0
2023,642180,595453,1.99,18,28.9,0
2023,602104,657136,1.92,60,26.7,1
2023,665155,518735,2.08,69,27.2,1
2023,650489,666023,1.93,27,28.6,0
2023,572233,543877,1.95,35,26.4,0
2023,682928,663886,2.01,36,28.6,0
2023,624428,673237,1.9,35,26.5,0
2023,642708,553869,1.93,51,29.4,0
2024,642715,543877,1.96,32,27.4,0
2024,665862,624431,2.07,44,28.6,0
2024,660821,624431,2.07,44,27.2,0
2024,543257,666310,1.97,38,27.7,0
2024,666971,607732,1.96,44,26.6,0
2024,642708,624431,2.07,44,29.0,0
2021,668227,672386,1.94,15,28.7,1
2024,670042,672515,1.89,26,28.9,0
2024,682829,605131,2.0,27,30.0,0
2024,621438,592663,1.85,39,28.9,0
2024,672640,596142,1.96,20,28.7,0
2024,664913,673237,1.97,73,27.4,0
2024,679032,621512,1.93,27,30.1,1
2024,607043,681351,2.02,59,28.0,0
2024,664728,575929,1.97,29,27.9,0
2024,666149,693307,1.94,8,30.0,0
2024,621035,682626,1.92,37,28.1,0
2025,687597,643376,2.0,60,28.7,0
2025,676694,455117,1.98,31,28.2,0
2025,650859,680777,1.98,34,27.0,1
2025,682668,645444,2.0,25,29.6,0
2025,669288,553869,1.91,25,29.2,0
2025,656716,663886,1.99,35,28.3,0
2025,592885,680777,1.98,34,28.2,0
2025,663968,596142,1.91,9,29.1,0
2025,571657,661388,1.96,46,26.2,1
2025,807713,700337,1.95,46,29.0,0
2025,663368,663743,1.93,48,29.1,0
2025,802415,624431,2.0,47,29.6,1
2025,686475,669127,1.89,67,28.9,0
2021,665487,605131,2.06,21,29.2,0
2021,596115,457763,2.0,26,28.6,0
2021,670032,641470,2.02,30,28.2,0
2021,542340,608348,1.98,21,27.3,0
2021,672284,669221,1.9,31,27.2,0
2021,664238,572287,1.95,28,28.4,0
2021,571657,593590,1.9,7,27.0,0
2021,669720,543309,1.94,28,27.3,0
2021,660634,553869,1.95,20,26.9,1
2025,592885,680777,1.98,34,28.2,0
2021,493329,543877,1.98,43,27.0,0
2022,453568,571466,1.99,38,27.8,0
2022,641857,571466,1.99,38,25.8,1
2022,592325,575929,1.93,23,27.9,0
2022,664238,435559,2.07,16,28.3,0
2022,656582,669257,1.93,32,26.8,0
2022,657656,672386,1.99,27,27.6,1
2022,607054,663698,1.97,22,28.5,0
2022,642423,571912,1.96,31,29.5,0
2022,669242,605170,2.01,34,28.7,0
2022,663656,608348,1.98,39,26.7,0
2022,572191,571466,1.99,38,28.7,0
2022,666969,624431,1.99,29,27.9,1
2023,643396,681351,2.09,20,27.7,0
2023,663757,672515,1.9,33,27.7,1
2023,678225,642336,1.95,24,29.7,0
2023,669242,605170,2.06,31,28.8,0
2023,670042,682626,1.94,57,28.8,0
2023,457705,672275,1.87,51,28.4,0
2023,671739,668670,1.95,30,28.8,0
2023,669016,642336,1.95,24,28.6,0
2023,593160,665804,1.98,17,28.8,0
2023,680574,681351,2.09,20,29.0,0
2023,657136,686676,1.91,17,28.3,0
2024,641658,668939,1.96,55,29.8,0
2024,666176,650907,1.94,8,28.8,1
2024,682829,596117,1.88,22,30.0,0
2024,624503,608348,1.97,51,27.7,0
2024,664913,605170,2.02,35,27.4,0
2024,655316,542194,1.9,29,27.6,0
2024,657041,669221,1.95,39,29.3,0
2024,680776,608348,1.97,51,29.6,1
2024,682998,660688,2.06,57,29.6,1
2024,669003,665804,2.04,50,29.5,0
2024,647351,605170,2.02,35,27.9,0
2024,660271,672275,1.85,58,28.1,0
2024,621439,592663,1.85,39,29.7,0
2024,672580,693307,1.94,8,27.9,0
2024,664238,663698,2.0,35,28.0,0
2024,665742,663728,1.95,70,26.8,0
2025,682829,641680,2.01,44,29.1,0
2025,810938,624431,2.0,47,28.1,1
2025,667472,665561,1.88,24,28.4,0
2025,656976,672275,1.86,44,26.3,1
2025,691016,693307,1.94,60,27.4,1
2025,657757,656180,1.93,35,27.0,1
2025,677594,543877,1.94,39,29.2,0
2025,681082,543309,2.03,45,28.8,0
2025,687231,656577,1.9,18,28.2,1
2025,605141,623168,1.92,38,26.9,1
2025,660670,700337,1.95,46,27.9,0
2025,671056,682663,1.99,53,26.3,0
2025,663538,643376,2.0,60,28.6,0
2025,670242,666023,1.9,35,26.8,0
2025,592450,700337,1.95,46,27.1,0
2021,666182,543877,1.98,43,28.0,0
2021,664702,641680,1.99,25,29.3,0
2021,673357,455117,1.96,32,28.0,1
2021,656941,572287,1.95,28,26.8,0
2022,672284,624512,1.97,34,27.3,0
2022,656775,542194,1.89,19,28.5,1
2022,641914,663698,1.97,22,26.4,0
2022,668227,672386,1.99,27,28.8,1
2022,641933,605244,1.95,15,29.7,0
2022,622761,624512,1.97,34,30.1,0
2022,642708,543877,1.94,37,29.4,0
2022,664059,543592,2.01,36,28.9,0
2022,641796,543877,1.94,37,30.2,0
2022,624415,543877,1.94,37,28.5,0
2022,664983,543592,2.01,36,30.1,0
2023,660670,543592,1.97,28,28.0,0
2023,595909,663886,2.01,36,27.6,0
2023,665161,669221,1.9,53,29.4,0
2023,641355,605131,2.01,29,28.3,0
2023,682985,595956,1.97,30,28.1,0
2023,665923,663728,1.96,66,29.6,0
2023,672580,595453,1.99,18,28.2,0
2023,677649,643376,1.99,30,29.1,1
2023,596019,592663,1.83,50,28.1,0
2023,660670,660688,2.06,64,28.0,0
2024,676609,553869,1.9,33,28.3,0
2024,664056,571912,1.97,27,28.2,0
2024,679032,553869,1.9,33,30.1,0
2024,677942,621512,1.93,27,28.6,0
2024,656413,665804,2.04,50,29.1,0
2024,608671,669257,1.94,57,28.5,1
2024,665862,624512,1.98,16,28.6,1
2024,662139,673237,1.97,73,28.5,1
2024,663662,681351,2.02,59,28.4,0
2024,572761,661388,1.96,58,24.6,1
2024,669003,663886,2.02,64,29.5,0
2024,571448,666310,1.97,38,25.3,1
2024,676694,681351,2.02,59,28.9,0
2025,676694,641598,2.04,23,28.2,0
2025,694374,605131,2.11,11,28.2,0
2025,664059,666023,1.9,35,28.9,1
2025,676609,596142,1.91,9,28.3,1
2025,666969,607732,2.0,36,27.0,1
2025,663728,691019,1.96,31,26.0,0
2025,671739,620443,1.87,29,28.5,0
2025,687597,645444,2.0,25,28.7,0
2025,671739,656180,1.93,35,28.5,0
2021,543257,641470,2.02,30,27.7,0
2021,666182,669221,1.9,31,28.0,0
2021,621028,457763,2.0,26,28.4,0
2021,677551,519390,2.09,18,28.5,1
2021,570256,553882,2.0,47,27.2,0
2021,642165,624513,2.01,28,26.8,0
2022,516782,592663,1.82,44,28.0,1
2022,592518,595284,1.99,8,26.4,0
2022,670764,596142,1.93,29,28.8,0
2022,658668,606992,1.95,29,28.6,1
2022,545341,518735,2.09,29,28.0,0
2022,592450,643376,1.98,22,27.3,0
2022,650489,545358,2.03,33,28.3,0
2022,687093,663728,1.99,47,27.7,0
2023,656775,624512,1.98,21,28.0,0
2023,571976,592663,1.83,50,28.0,1
2023,593160,681351,2.09,20,28.8,0
2023,680757,663728,1.96,66,28.1,0
2023,608070,624512,1.98,21,27.8,0
2023,682829,518595,1.97,39,30.5,0
2023,641355,661388,1.95,47,28.3,1
2023,592885,665804,1.98,17,28.1,0
2023,643217,682626,1.94,57,27.3,0
2023,663656,553869,1.93,51,26.6,0
2023,686894,553869,1.93,51,28.9,1
2023,669242,542194,1.87,39,28.8,1
2023,686823,663886,2.01,36,28.3,0
2023,678545,642851,1.91,23,28.6,1
2023,664238,650907,1.87,11,27.7,0
2023,643393,664954,2.07,11,26.2,0
2023,664056,682626,1.94,57,28.8,0
2023,666134,669257,1.91,56,28.4,1
2024,665833,624512,1.98,16,28.8,0
2024,543877,681351,2.02,59,24.8,0
2024,645302,664874,1.97,10,27.8,0
2024,663697,605131,2.0,27,28.0,0
2024,669016,553869,1.9,33,28.2,1
2024,686217,592663,1.85,39,29.3,0
2024,694671,605131,2.0,27,29.8,0
2024,666139,521692,2.01,24,28.4,0
2024,665926,666163,1.92,47,28.9,0
2024,676609,575929,1.97,29,28.3,0
2024,624413,553869,1.9,33,26.1,0
2024,694192,669221,1.95,39,29.7,0
2024,694192,669221,1.95,39,29.7,0
2024,667670,641680,1.98,70,27.6,0
2024,668804,666310,1.97,38,28.0,0
2024,656775,691011,1.94,11,28.3,0
2024,679032,663743,1.93,60,30.1,0
2024,596115,672386,2.0,55,28.1,0
2024,608070,673237,1.97,73,28.2,0
2024,668930,682626,1.92,37,29.3,0
2025,695578,669257,1.94,53,27.8,0
2025,671739,607732,2.0,36,28.5,0
2025,669397,607732,2.0,36,27.4,1
2025,663538,689414,2.0,38,28.6,0
2025,664702,693307,1.94,60,29.4,0
2025,677595,696100,1.95,45,25.8,0
2025,680718,669127,1.89,67,27.7,0
2025,669326,663743,1.93,48,29.9,0
2025,596115,521692,1.93,17,28.6,0
2025,671056,669257,1.94,53,26.3,0
2025,592450,681508,1.98,14,27.1,0
2025,668904,700337,1.95,46,26.8,0
2025,691781,682663,1.99,53,27.8,0
2025,650333,696100,1.95,45,26.5,0
2025,678009,595978,1.94,21,29.0,0
2025,665861,661388,1.96,46,24.8,0
2025,677942,666023,1.9,35,28.8,1
2021,621439,553882,2.0,47,29.9,0
2021,592192,680777,2.03,34,27.8,0
2021,543760,543877,1.98,43,28.6,0
2021,502481,572287,1.95,28,27.9,0
2021,642221,606992,1.94,21,27.8,1
2021,608070,455117,1.96,32,28.1,0
2021,593160,488771,1.97,11,28.6,0
2021,657041,444489,1.94,21,29.0,0
2021,458731,545358,2.02,25,28.6,0
2022,682928,518595,1.99,36,29.0,0
2022,664056,605244,1.95,15,29.1,0
2022,677594,488771,1.97,11,29.7,0
2022,607208,596142,1.93,29,30.3,0
2022,664238,543309,1.95,22,28.3,0
2022,572191,608348,1.98,39,28.7,0
2022,668942,669004,1.97,20,27.3,1
2022,664983,455117,1.92,40,30.1,0
2022,662139,455117,1.92,40,28.0,0
2023,662139,668670,1.95,30,28.1,0
2023,624428,669221,1.9,53,26.5,1
2023,641584,553869,1.93,51,28.0,0
2023,642350,682626,1.94,57,29.7,0
2023,676475,663886,2.01,36,25.6,1
2021,657041,444489,1.94,21,29.0,0
2023,666165,672386,1.98,48,27.4,1
2023,668227,543510,2.01,25,28.4,0
2023,668731,518735,2.08,69,29.0,0
2023,679032,668800,2.01,33,29.5,0
2023,643565,518595,1.97,39,27.3,0
2023,682928,518595,1.97,39,28.6,0
2024,683083,592663,1.85,39,29.5,1
2024,621438,672275,1.85,58,28.9,0
2024,643565,663886,2.02,64,27.2,0
2024,592626,686676,1.85,46,25.5,0
2024,665862,665561,1.87,6,28.6,1
2024,621438,553869,1.9,33,28.9,1
2024,606466,672386,2.0,55,27.1,0
2024,702358,661388,1.96,58,27.5,0
2024,666149,607732,1.96,44,30.0,1
2024,666023,657136,1.95,46,26.6,0
2024,683011,666310,1.97,38,28.6,0
2024,666149,663743,1.93,60,30.0,1
2024,691023,669224,1.98,45,28.4,0
2024,664238,624431,2.07,44,28.0,0
2024,683002,672275,1.85,58,28.9,0
2024,607680,642020,1.97,15,28.4,0
2024,677951,660688,2.06,57,30.5,0
2024,642715,682626,1.92,37,27.4,0
2025,667472,620443,1.87,29,28.4,1
2025,673357,693307,1.94,60,29.0,1
2025,678662,640902,1.93,13,27.6,0
2025,656248,660688,2.0,42,26.8,0
2025,677951,643376,2.0,60,30.2,1
2025,683737,700337,1.95,46,26.5,0
2025,660670,682663,1.99,53,27.9,0
2025,543807,657136,1.97,32,28.0,0
2025,672820,595978,1.94,21,26.7,0
2025,671732,623168,1.92,38,26.9,0
2025,665742,553869,1.91,25,25.8,0
2025,666152,543877,1.94,39,29.3,0
2025,687515,686452,1.89,6,28.6,0
2025,677594,666023,1.9,35,29.2,0
2025,650859,640902,1.93,13,27.0,0
2021,602104,543877,1.98,43,27.0,1
2021,641796,621512,1.94,16,30.6,0
2021,608070,435559,1.99,26,28.1,0
2021,664238,656180,1.98,13,28.4,0
2021,607054,663886,1.97,22,28.1,0
2021,521692,553882,2.0,47,26.1,0
2021,592450,661388,2.01,11,27.7,0
2021,592663,455139,2.0,8,28.8,0
2021,670032,680777,2.03,34,28.2,0
2021,650490,543309,1.94,28,26.6,0
2022,641857,608348,1.98,39,25.8,0
2022,642731,543592,2.01,36,28.2,0
2022,682985,519390,2.12,7,27.7,1
2022,660670,608348,1.98,39,28.5,0
2022,624414,643376,1.98,22,27.8,0
2022,645302,669127,1.93,14,28.8,0
2022,668942,605170,2.01,34,27.3,0
2022,663538,519222,2.08,18,29.1,0
2022,669242,519222,2.08,18,28.7,0
2023,677594,572287,2.04,33,29.6,1
2023,543760,592663,1.83,50,28.7,1
2023,518692,668800,2.01,33,26.7,0
2023,658668,680777,1.95,27,28.6,0
2023,673357,669127,1.9,68,28.7,0
2023,622761,643376,1.99,30,30.1,0
2023,622534,666310,1.94,44,28.3,0
2023,680869,521692,1.98,26,29.0,0
2024,643565,673237,1.97,73,27.2,1
2024,663538,673237,1.97,73,28.4,0
2024,696285,657136,1.95,46,29.7,0
2024,683002,664874,1.97,10,28.9,0
2024,666152,624431,2.07,44,29.4,0
2024,664056,669134,1.97,25,28.2,0
2024,673490,666310,1.97,38,28.3,1
2024,650859,669127,1.91,70,26.9,0
2024,665833,672515,1.89,26,28.8,0
2024,676391,668939,1.96,55,28.4,0
2024,656305,543309,2.02,44,28.7,0
2024,543760,642136,2.01,15,28.5,0
2024,660271,691011,1.94,11,28.1,0
2025,691718,605131,2.11,11,29.5,0
2025,643396,682626,1.93,35,27.4,0
2025,673357,641680,2.01,44,29.0,0
2025,808975,682626,1.93,35,28.7,0
2025,696285,455117,1.98,31,29.3,0
2025,664059,596142,1.91,9,28.9,0
2025,663968,607732,2.0,36,29.1,0
2025,807713,665966,1.92,63,29.0,0
2025,593428,656180,1.93,35,27.6,0
2025,668930,669257,1.94,53,28.9,0
2025,669364,686948,1.95,63,28.3,0
2025,595777,673237,1.95,72,26.3,1
2021,593160,672386,1.94,15,28.6,0
2021,664056,543510,2.01,35,29.4,0
2021,456715,592663,1.84,16,28.7,0
2021,656537,518735,2.06,29,30.4,0
2021,502054,543510,2.01,35,27.8,0
2021,660271,608596,2.04,26,28.8,0
2021,642708,672386,1.94,15,29.5,0
2021,573262,624513,2.01,28,27.4,0
2021,596019,660688,2.09,6,27.8,1
2021,643393,643376,1.94,12,26.8,1
2021,595879,543309,1.94,28,28.5,0
2021,663656,545358,2.02,25,27.4,0
2021,669242,553882,2.0,47,28.9,0
2022,650490,620443,2.0,20,27.1,1
2022,643396,435559,2.07,16,28.4,0
2022,621020,661531,2.0,27,28.4,0
2022,666182,664874,1.97,14,27.5,0
2022,682985,624512,1.97,34,27.7,1
2022,660670,660688,2.0,46,28.5,0
2022,663837,661388,1.97,18,29.5,0
2022,514888,606992,1.95,29,28.1,0
2023,592885,553882,2.0,25,28.1,0
2023,663616,518735,2.08,69,26.7,1
2023,657557,657136,1.92,60,26.8,0
2023,642731,669257,1.91,56,28.1,0
2023,669242,682626,1.94,57,28.8,0
2023,660670,608348,1.96,23,28.0,0
2023,668942,521692,1.98,26,26.7,0
2024,665750,607732,1.96,44,28.5,0
2024,622761,663728,1.95,70,29.9,0
2024,621439,518735,2.09,31,29.7,0
2024,543760,672275,1.85,58,28.5,0
2024,621020,672275,1.85,58,27.8,1
2024,677956,553869,1.9,33,29.2,0
2024,609280,657136,1.95,46,26.6,0
2024,665742,666163,1.92,47,26.8,0
2024,672761,595978,1.94,19,28.2,0
2024,453568,681351,2.02,59,27.4,1
2024,660844,682626,1.92,37,28.3,0
2024,673962,686676,1.85,46,27.3,0
2024,578428,680728,2.04,13,28.6,0
2024,694377,686780,1.93,39,28.9,0
2025,671732,607732,2.0,36,26.9,0
2025,660271,592663,1.86,50,28.0,1
2025,805367,666023,1.9,35,27.0,0
2025,663656,682663,1.99,53,26.5,0
2025,666971,650968,2.0,24,27.1,0
2025,622761,665966,1.92,63,29.3,0
2025,694374,686948,1.95,63,28.2,1
2025,691781,553869,1.91,25,27.8,0
2025,656775,641680,2.01,44,28.4,1
2025,802415,668670,1.95,20,29.6,0
2025,666176,641598,2.04,23,27.9,1
2025,672386,543309,2.03,45,24.3,0
2025,672695,624431,2.0,47,27.2,0
2025,592450,640902,1.93,13,27.1,0
2025,677649,680777,1.98,34,28.8,0
2021,543939,575929,1.91,37,26.8,0
2021,660271,455117,1.96,32,28.8,0
2021,664702,620443,2.0,9,29.3,0
2021,665926,575929,1.91,37,29.1,0
2021,621035,620443,2.0,9,28.8,0
2021,500743,543592,2.01,18,26.6,0
2021,518934,543877,1.98,43,26.6,0
2021,641531,624512,1.97,14,28.2,0
2021,605612,518735,2.06,29,26.2,0
2024,621020,672275,1.85,58,27.8,1
2024,666624,672275,1.85,58,27.3,1
2022,670764,624512,1.97,34,28.8,0
2022,542364,518595,1.99,36,27.1,1
2022,544725,543877,1.94,37,28.4,0
2022,462101,624431,1.99,29,26.1,0
2023,656775,624512,1.98,21,28.0,0
2023,543063,624431,1.99,18,25.8,0
2023,665833,518735,2.08,69,28.7,0
2023,663743,669221,1.9,53,27.6,1
2023,665750,663728,1.96,66,29.1,1
2023,669004,660688,2.06,64,27.6,0
2023,667452,542208,1.98,13,28.4,0
2023,680574,543228,1.99,45,29.0,0
2023,660670,592663,1.83,50,28.0,1
2023,668709,641511,1.99,27,27.2,0
2023,670764,669127,1.9,68,28.2,0
2023,666139,669127,1.9,68,28.7,0
2023,676609,668939,1.91,51,29.0,0
2023,457705,663743,2.01,44,28.4,0
2023,680574,661388,1.95,47,29.0,0
2023,666181,661388,1.95,47,28.8,0
2023,671739,641511,1.99,27,28.8,0
2023,668930,641680,1.97,57,29.4,0
2023,592663,605170,2.06,31,28.6,0
2023,665926,666165,2.0,21,29.2,0
2023,664023,553869,1.93,51,27.7,0
2023,670156,553869,1.93,51,28.6,0
2023,694497,650907,1.87,11,29.6,0
2024,678882,681351,2.02,59,28.8,1
2024,680700,661388,1.96,58,27.9,0
2024,672279,608348,1.97,51,28.3,1
2024,664023,644433,1.92,9,27.9,0
2024,664913,553869,1.9,33,27.4,0
2024,682985,657136,1.95,46,27.7,0
2024,677951,605131,2.0,27,30.5,0
2023,669004,660688,2.06,64,27.6,0
2024,664728,681351,2.02,59,27.9,0
2024,641343,592200,2.0,31,27.2,0
2024,695578,624431,2.07,44,28.7,0
2024,650489,686482,1.87,6,27.9,0
2024,673962,624431,2.07,44,27.3,0
2024,543807,686780,1.93,39,28.1,0
2024,687093,680777,1.93,40,27.4,0
2024,595777,686676,1.85,46,26.5,0
2024,606192,543309,2.02,44,28.6,0
2025,668227,641680,2.01,44,27.7,0
2025,671739,666163,1.96,19,28.5,0
2025,666176,680777,1.98,34,27.9,0
2025,624415,668939,1.94,29,28.1,0
2025,641343,643376,2.0,60,27.1,0
2025,645277,657136,1.97,32,27.2,0
2025,666152,663886,1.99,35,29.3,0
2025,671056,686948,1.95,63,26.3,0
2025,687263,645444,2.0,25,28.1,0
2025,676356,700250,2.07,10,29.5,0
2025,621020,656180,1.93,35,28.5,0
2025,805367,693307,1.94,60,27.0,1
2025,681297,669224,1.97,42,27.4,0
2025,687597,681351,2.0,50,28.7,0
2021,669242,663886,1.97,22,28.9,0
2021,664058,608596,2.04,26,27.6,0
2021,571657,607732,2.03,29,27.0,0
2021,656555,543877,1.98,43,26.4,0
2021,606466,669257,1.96,56,26.8,0
2021,596146,641680,1.99,25,27.4,0
2021,663586,663886,1.97,22,27.8,1
2021,643265,669257,1.96,56,26.2,0
2021,571740,641598,2.03,15,29.5,0
2021,660271,669221,1.9,31,28.8,0
2021,596103,605131,2.06,21,28.4,0
2021,624428,553869,1.95,20,27.1,1
2021,641933,669257,1.96,56,29.6,0
2021,456715,518595,2.03,14,28.7,0
2021,645277,669257,1.96,56,28.4,0
2022,488726,620443,2.0,20,25.4,1
2022,640458,672386,1.99,27,28.4,1
2022,664056,621512,1.96,30,29.1,0
2022,543807,680777,1.98,25,28.3,0
2022,656541,543592,2.01,36,28.7,0
2022,514917,669257,1.93,32,28.3,0
2022,664728,545358,2.03,33,28.0,0
2022,657041,543592,2.01,36,29.4,0
2022,607208,663743,1.93,23,30.3,0
2022,677594,661388,1.97,18,29.7,1
2022,664702,596142,1.93,29,29.3,0
2022,668942,663698,1.97,22,27.3,0
2022,673490,621512,1.96,30,28.4,0
2023,663538,663886,2.01,36,28.5,0
2023,682928,681351,2.09,20,28.6,0
2023,689172,605170,2.06,31,27.9,0
2023,516416,669127,1.9,68,27.4,0
2023,621563,518735,2.08,69,27.8,0
2023,656582,682626,1.94,57,27.1,1
2023,665161,691016,1.97,8,29.4,1
2023,575929,543877,1.95,35,26.7,0
2023,678882,668939,1.91,51,28.7,0
2024,676694,672386,2.0,55,28.9,1
2024,694192,571912,1.97,27,29.7,0
2024,680700,455117,1.97,17,27.9,0
2024,624503,668832,2.0,18,27.7,1
2024,666176,666310,1.97,38,28.8,0
2024,542932,543877,1.96,32,29.0,0
2024,682829,605131,2.0,27,30.0,1
2024,686668,596117,1.88,22,29.3,0
2024,669701,668670,1.93,30,27.6,0
2024,668227,680777,1.93,40,28.1,0
2024,676609,669224,1.98,45,28.3,1
2024,607208,680777,1.93,40,29.6,0
2024,682928,668939,1.96,55,28.5,0
2024,453568,663743,1.93,60,27.4,0
2024,624428,660688,2.06,57,26.7,0
2025,573262,661388,1.96,46,26.9,1
2025,672695,686948,1.95,63,27.2,0
2025,663697,673237,1.95,72,28.2,1
2025,663604,672275,1.86,44,30.1,0
2025,663886,606992,1.88,8,26.8,1
2025,665487,641680,2.01,44,28.6,0
2025,656716,641680,2.01,44,28.3,0
2025,682928,543877,1.94,39,28.2,0
2025,807712,668670,1.95,20,28.7,1
2021,571740,545358,2.02,25,29.5,0
2021,605141,425877,1.91,24,27.2,1
2021,608385,593590,1.9,7,25.8,0
2021,575929,444489,1.94,21,27.5,0
2022,663624,624512,1.97,34,27.5,1
2022,666185,643376,1.98,22,28.1,1
2022,663845,519222,2.08,18,26.3,0
2022,664913,592200,2.01,13,27.8,0
2022,621028,624431,1.99,29,27.9,0
2022,665506,545358,2.03,33,28.6,0
2023,664702,669127,1.9,68,29.2,0
2023,673490,571466,1.99,21,28.5,0
2023,669016,571466,1.99,21,28.6,0
2023,622534,543228,1.99,45,28.3,0
2023,677951,592200,1.99,13,30.5,0
2023,682829,521692,1.98,26,30.5,0
2023,595281,607732,1.97,41,28.8,0
2023,657136,641680,1.97,57,28.3,0
2023,670764,592663,1.83,50,28.2,0
2023,680869,680777,1.95,27,29.0,0
2023,663538,643376,1.99,30,28.5,1
2023,596115,455117,1.93,55,28.8,0
2023,608070,669257,1.91,56,27.8,0
2023,665750,680777,1.95,27,29.1,0
2023,672284,641680,1.97,57,28.0,0
2024,645302,680779,1.87,10,27.8,0
2024,664774,663743,1.93,60,25.2,1
2024,547180,553869,1.9,33,27.4,1
2024,677951,643376,1.99,38,30.5,0
2024,655316,518735,2.09,31,27.6,0
2024,660271,672515,1.89,26,28.1,0
2024,669016,641680,1.98,70,28.2,0
2024,543807,673237,1.97,73,28.1,0
2024,666176,607732,1.96,44,28.8,0
2024,666149,669127,1.91,70,30.0,1
2024,657041,641680,1.98,70,29.3,0
2024,660271,669224,1.98,45,28.1,1
2025,677347,671056,2.0,6,29.0,0
2025,666134,642136,2.0,38,27.6,0
2025,666181,680779,1.89,25,29.3,1
2025,665489,650968,2.0,24,26.9,0
2025,602104,668670,1.95,20,27.0,0
2025,680577,663886,1.99,35,28.5,1
2025,665489,691019,1.96,31,26.9,0
2025,681624,623168,1.92,38,28.1,0
2025,682829,680779,1.89,25,29.1,0
2025,592450,623168,1.92,38,27.1,0
2025,575929,663886,1.99,35,27.5,0
2025,669707,608348,1.95,39,28.8,0
2025,680776,663743,1.93,48,29.1,0
2025,596115,669224,1.97,42,28.6,0
2021,656716,668800,2.0,13,28.0,0
2021,547180,519390,2.09,18,27.8,0
2022,663697,669257,1.93,32,27.7,1
2022,680700,680777,1.98,25,27.8,0
2022,650333,571912,1.96,31,26.9,0
2022,643393,663728,1.99,47,26.3,0
2022,514917,592663,1.82,44,28.3,0
2022,666969,571466,1.99,38,27.9,0
2022,665926,608348,1.98,39,29.3,0
2022,665482,624431,1.99,29,27.9,0
2022,543939,425877,2.05,19,26.2,1
2023,676480,669127,1.9,68,27.5,0
2023,543760,543309,1.98,43,28.7,0
2023,663743,660688,2.06,64,27.6,0
2023,516782,571466,1.99,21,27.1,0
2023,621439,666165,2.0,21,29.3,0
2023,640449,663743,2.01,44,27.7,0
2023,606192,518735,2.08,69,28.6,0
2023,663630,682626,1.94,57,28.7,0
2023,665926,543877,1.95,35,29.2,0
2023,670097,571912,1.93,36,28.1,0
2024,608671,521692,2.01,24,28.5,0
2024,676475,681351,2.02,59,25.5,0
2024,640492,663886,2.02,64,29.0,0
2024,621550,672275,1.85,58,27.8,0
2024,686780,672275,1.85,58,25.9,0
2024,514888,669257,1.94,57,27.1,1
2024,676356,668832,2.0,18,29.8,0
2024,668227,669257,1.94,57,28.1,0
2024,807799,605170,2.02,35,26.1,0
2024,668930,663886,2.02,64,29.3,0
2024,668930,663886,2.02,64,29.3,0
2024,678662,543510,1.98,38,28.1,1
2024,665750,672386,2.0,55,28.5,0
2025,543760,608348,1.95,39,28.5,1
2025,672695,542963,1.93,5,27.2,0
2025,686475,673237,1.95,72,28.9,0
2025,641857,672275,1.86,44,26.7,0
2025,669224,553869,1.91,25,26.4,0
2025,672515,605131,2.11,11,27.0,0
2025,676609,661388,1.96,46,28.3,1
2025,665487,669257,1.94,53,28.6,0
2025,691781,690924,2.0,14,27.8,0
2025,682928,690924,2.0,14,28.2,0
2025,680474,668670,1.95,20,28.3,0
2025,664983,455117,1.98,31,29.9,1
2025,678882,592663,1.86,50,29.1,0
2025,595777,672275,1.86,44,26.3,0
2025,702616,623168,1.92,38,28.6,0
2025,680757,689414,2.0,38,27.3,0
2025,669701,643376,2.0,60,27.5,0
2021,543760,543877,1.98,43,28.6,0
2021,664238,595978,1.95,27,28.4,0
2021,622569,607732,2.03,29,27.7,0
2021,594807,661388,2.01,11,28.5,0
2025,665487,669257,1.94,53,28.6,0
2025,545341,455117,1.98,31,27.1,1
2021,606192,608596,2.04,26,28.5,0
2021,516782,592663,1.84,16,28.5,0
2021,663897,543592,2.01,18,28.9,0
2022,571657,518595,1.99,36,26.7,0
2022,669242,645444,1.94,11,28.7,0
2022,669222,645444,1.94,11,28.7,0
2022,664238,435559,2.07,16,28.3,0
2022,657077,642336,1.95,24,26.8,0
2022,623912,543877,1.94,37,28.1,1
2022,516782,592663,1.82,44,28.0,0
2022,657041,663743,1.93,23,29.4,0
2023,656775,624512,1.98,21,28.0,0
2023,677950,605131,2.01,29,28.8,0
2023,665923,624431,1.99,18,29.6,0
2023,608701,595956,1.97,30,27.1,0
2023,642350,596142,1.9,24,29.7,0
2023,665750,642336,1.95,24,29.1,0
2023,657041,596117,1.87,18,29.3,0
2023,668731,680777,1.95,27,29.0,1
2023,677950,543228,1.99,45,28.8,0
2023,679032,575929,1.93,34,29.5,0
2024,662139,669134,1.97,25,28.5,0
2024,672279,621512,1.93,27,28.3,0
2024,596019,671056,1.99,28,27.6,0
2024,642715,666023,1.88,23,27.4,0
2024,668804,665804,2.04,50,28.0,0
2024,678882,596142,1.96,20,28.8,0
2024,679032,661388,1.96,58,30.1,0
2024,516782,542194,1.9,29,27.1,0
2024,664056,624431,2.07,44,28.2,0
2024,643446,624431,2.07,44,26.3,0
2024,680977,621512,1.93,27,27.0,0
2024,691718,686780,1.93,39,30.0,0
2024,678225,543309,2.02,44,29.0,1
2024,671218,661388,1.96,58,27.9,0
2025,665833,455117,1.98,31,29.2,0
2025,676572,669127,1.89,67,26.9,1
2025,694497,605170,2.05,28,29.0,0
2025,665742,660688,2.0,42,25.8,0
2025,672761,641598,2.04,23,27.8,0
2025,673357,643376,2.0,60,29.0,0
2025,671289,595978,1.94,21,28.5,1
2025,661388,624431,2.0,47,26.2,0
2025,701358,656577,1.9,18,29.3,0
2025,671289,672275,1.86,44,28.5,1
2025,647304,666163,1.96,19,24.4,0
2021,624428,575929,1.91,37,27.1,0
2021,595943,467092,2.01,12,27.6,0
2021,605119,444489,1.94,21,27.0,0
2021,663656,680777,2.03,34,27.4,0
2021,607208,518595,2.03,14,30.6,0
2021,621035,518595,2.03,14,28.8,0
2022,672284,455117,1.92,40,27.3,1
2022,621563,518595,1.99,36,27.3,0
2022,642180,518735,2.09,29,29.1,0
2022,663656,680777,1.98,25,26.7,0
2022,645302,661531,2.0,27,28.8,0
2022,621020,553869,1.94,28,28.4,1
2022,518692,553869,1.94,28,26.9,0
2022,660271,455139,2.04,20,28.2,1
2022,677950,661531,2.0,27,29.3,1
2022,668227,668939,1.93,24,28.8,0
2022,493329,663728,1.99,47,26.9,0
2022,669242,553869,1.94,28,28.7,0
2022,543510,657709,2.08,21,26.1,0
2022,665120,519390,2.12,7,25.9,0
2022,643396,595978,1.95,39,28.4,0
2022,493329,592663,1.82,44,26.9,0
2023,642708,663728,1.96,66,29.4,0
2023,666165,575929,1.93,34,27.4,0
2023,642350,543309,1.98,43,29.7,0
2023,668930,668800,2.01,33,29.4,1
2023,641584,605170,2.06,31,28.0,0
2023,666134,596142,1.9,24,28.4,0
2023,543305,521692,1.98,26,27.3,0
2023,665923,666310,1.94,44,29.6,0
2023,657088,661388,1.95,47,28.2,0
2023,542932,642851,1.91,23,29.3,0
2023,665828,518595,1.97,39,27.8,0
2023,514888,663743,2.01,44,26.9,0
2023,665926,650907,1.87,11,29.2,0
2023,656716,686676,1.91,17,28.5,1
2023,669261,669221,1.9,53,28.6,0
2023,543939,660688,2.06,64,26.7,0
2023,502054,665804,1.98,17,27.8,0
2023,666181,668800,2.01,33,28.8,1
2024,680869,608348,1.97,51,28.7,0
2024,677587,680777,1.93,40,26.8,1
2024,514888,518595,1.98,37,27.1,0
2024,608070,624512,1.98,16,28.2,0
2024,543877,686676,1.85,46,24.8,0
2024,676609,661388,1.96,58,28.3,1
2024,666624,669134,1.97,25,27.3,0
2024,624503,669134,1.97,25,27.7,0
2024,595909,671056,1.99,28,27.7,0
2024,677594,543877,1.96,32,29.6,0
2024,668715,686780,1.93,39,28.2,0
2024,686217,575929,1.97,29,29.3,0
2024,665926,669224,1.98,45,28.9,0
2024,680118,673237,1.97,73,29.6,0
2024,676391,680777,1.93,40,28.4,0
2024,680118,669224,1.98,45,29.6,0
2024,518692,663743,1.93,60,25.8,0
2024,682928,665804,2.04,50,28.5,0
2025,545361,595978,1.94,21,27.9,0
2025,514888,680777,1.98,34,26.9,0
2025,677587,680779,1.89,25,27.0,0
2025,607208,643376,2.0,60,30.3,0
2025,608070,656577,1.9,18,28.4,0
2025,553993,691019,1.96,31,26.4,0
2025,668885,668670,1.95,20,28.3,0
2025,663368,663698,1.99,39,29.1,0
2025,663616,669224,1.97,42,26.1,0
2025,702332,681351,2.0,50,28.1,0
2021,621311,545358,2.02,25,27.7,1
2021,663656,620443,2.0,9,27.4,0
2021,578428,669257,1.96,56,28.2,1
2021,596103,543592,2.01,18,28.4,0
2021,621566,624431,2.08,29,25.9,0
2021,645277,543510,2.01,35,28.4,0
2021,642715,663886,1.97,22,28.0,1
2021,572191,518735,2.06,29,28.2,1
2021,660271,488771,1.97,11,28.8,1
2021,642180,624431,2.08,29,29.1,0
2022,657077,624512,1.97,34,26.8,1
2022,623912,571466,1.99,38,28.1,1
2022,666801,553869,1.94,28,27.4,1
2022,668804,645444,1.94,11,28.2,1
2022,608336,642336,1.95,24,27.2,0
2022,641531,435559,2.07,16,27.9,1
2022,669352,669221,1.89,33,30.3,0
2022,543510,660688,2.0,46,26.1,0
2022,500743,592663,1.82,44,26.4,1
2023,669743,668939,1.91,51,28.8,0
2023,592885,666165,2.0,21,28.1,0
2023,678246,571912,1.93,36,27.9,0
2023,656896,660688,2.06,64,27.1,0
2023,668227,669127,1.9,68,28.4,1
2023,671739,592663,1.83,50,28.8,0
2023,681546,672386,1.98,48,28.9,0
2023,666906,661388,1.95,47,28.1,0
2023,642708,553869,1.93,51,29.4,1
2023,677595,660688,2.06,64,27.7,0
2023,641943,661388,1.95,47,28.2,0
2023,596019,660688,2.06,64,28.1,0
2023,488726,680777,1.95,27,25.4,0
2024,595281,673237,1.97,73,28.7,0
2024,680977,543309,2.02,44,27.0,1
2024,642715,665804,2.04,50,27.4,0
2024,682829,668939,1.96,55,30.0,0
2024,672012,665804,2.04,50,26.7,0
2024,622761,663886,2.02,64,29.9,0
2024,542932,656577,1.96,26,29.0,0
2024,664728,543877,1.96,32,27.9,0
2024,678882,624431,2.07,44,28.8,0
2024,680776,624431,2.07,44,29.6,0
2024,671289,592200,2.0,31,28.2,1
2024,664761,663728,1.95,70,26.3,0
2024,663538,543877,1.96,32,28.4,0
2024,694388,681351,2.02,59,28.8,0
2024,691718,518735,2.09,31,30.0,0
2024,701538,671056,1.99,28,28.5,0
2024,678882,686482,1.87,6,28.8,1
2025,808982,624431,2.0,47,28.2,0
2025,663698,663743,1.93,48,26.6,0
2025,664761,672275,1.86,44,26.5,0
2025,668227,624431,2.0,47,27.7,0
2025,687363,645444,2.0,25,30.2,0
2025,607208,669127,1.89,67,30.3,0
2025,695578,553869,1.91,25,27.8,0
2025,673357,641598,2.04,23,29.0,0
2025,805300,665561,1.88,24,28.1,0
2021,669242,608348,1.98,21,28.9,0
2021,543257,543309,1.94,28,27.7,0
2021,641313,642336,1.94,17,28.2,0
2021,542364,664874,2.04,13,27.5,0
2021,592450,664874,2.04,13,27.7,0
2021,669242,606988,1.96,9,28.9,0
2021,542340,656180,1.98,13,27.3,0
2021,642350,545358,2.02,25,30.2,0
2021,621550,641598,2.03,15,28.1,0
2022,622761,521692,1.99,18,30.1,0
2022,624414,545358,2.03,33,27.8,0
2022,666185,605170,2.01,34,28.1,0
2022,665750,663728,1.99,47,29.3,1
2022,670032,643376,1.98,22,27.7,1
2022,664059,624431,1.99,29,28.9,1
2023,516782,542208,1.98,13,27.1,0
2023,670770,543592,1.97,28,28.3,0
2023,593428,542194,1.87,39,27.6,0
2023,666139,663728,1.96,66,28.7,0
2023,665862,605131,2.01,29,28.4,0
2023,669257,663743,2.01,44,27.2,0
2023,665742,669127,1.9,68,26.8,0
2023,696285,669221,1.9,53,30.0,0
2024,694192,666163,1.92,47,29.7,0
2024,642731,624512,1.98,16,28.0,0
2024,681807,543877,1.96,32,26.2,0
2024,665487,542194,1.9,29,28.4,1
2024,671056,673237,1.97,73,27.3,0
2024,518934,669257,1.94,57,26.1,1
2024,665750,668939,1.96,55,28.5,0
2024,681351,641680,1.98,70,28.1,1
2024,665833,686780,1.93,39,28.8,0
2024,543685,663728,1.95,70,26.8,0
2024,665926,680777,1.93,40,28.9,0
2024,686668,672515,1.89,26,29.3,0
2024,680776,543877,1.96,32,29.6,0
2024,681481,543510,1.98,38,27.7,1
2024,642215,620443,1.87,19,28.1,0
2025,606192,592663,1.86,50,28.1,0
2025,663538,669257,1.94,53,28.6,1
2025,596019,608348,1.95,39,27.4,0
2025,641598,605170,2.05,28,26.0,0
2025,663968,668670,1.95,20,29.1,0
2025,666134,663728,1.97,55,27.6,0
2025,669326,641598,2.04,23,29.9,0
2025,666397,641680,2.01,44,27.5,1
2025,650333,643376,2.0,60,26.5,1
2021,575929,553882,2.0,47,27.5,1
2021,666969,435559,1.99,26,28.4,0
2021,643565,641680,1.99,25,27.2,1
2021,572761,518735,2.06,29,25.7,0
2021,606132,444489,1.94,21,28.3,0
2021,621020,607732,2.03,29,28.3,0
2021,668942,624513,2.01,28,27.6,1
2022,669450,455117,1.92,40,28.8,0
2022,663662,521692,1.99,18,28.6,0
2022,543760,571912,1.96,31,28.8,0
2022,665742,663743,1.93,23,26.6,0
2022,663630,642336,1.95,24,29.2,0
2022,666915,672386,1.99,27,28.2,0
2022,641313,545358,2.03,33,28.4,0
2022,657656,518735,2.09,29,27.6,0
2022,666139,571912,1.96,31,28.9,0
2022,519390,435559,2.07,16,25.7,0
2022,668227,521692,1.99,18,28.8,0
2022,641658,608348,1.98,39,29.4,1
2023,677594,595956,1.97,30,29.6,0
2023,665923,682626,1.94,57,29.6,0
2023,516782,669127,1.9,68,27.1,0
2023,682998,543592,1.97,28,30.1,0
2023,663457,572287,2.04,33,27.8,1
2023,665839,572287,2.04,33,26.4,0
2023,666134,666165,2.0,21,28.4,0
2023,605141,518735,2.08,69,27.2,0
2023,660670,668670,1.95,30,28.0,1
2023,643393,643376,1.99,30,26.2,0
2023,668804,605170,2.06,31,27.8,0
2023,682928,592663,1.83,50,28.6,0
2023,665926,643376,1.99,30,29.2,0
2023,686668,518735,2.08,69,29.9,0
2023,668731,686676,1.91,17,29.0,0
2024,571466,607732,1.96,44,24.4,0
2024,686452,542194,1.9,29,28.3,0
2024,694384,592200,2.0,31,26.4,0
2024,668930,543309,2.02,44,29.3,1
2024,669016,645305,1.96,18,28.2,0
2024,672580,595978,1.94,19,27.9,0
2024,687263,668832,2.0,18,28.2,0
2024,642708,663698,2.0,35,29.0,1
2024,694192,592200,2.0,31,29.7,0
2024,642350,680777,1.93,40,29.9,0
2024,682928,663743,1.93,60,28.5,0
2024,621020,660688,2.06,57,27.8,0
2024,678009,595978,1.94,19,29.3,0
2025,665926,668939,1.94,29,28.0,0
2025,691718,592663,1.86,50,29.5,0
2025,681624,620443,1.87,29,28.1,0
2025,672761,624431,2.0,47,27.8,0
2025,669016,455117,1.98,31,28.3,0
2025,677649,641598,2.04,23,28.8,0
2025,665833,661388,1.96,46,29.2,0
2025,666160,666023,1.9,35,28.5,0
2025,608070,691019,1.96,31,28.4,0
2025,621035,690924,2.0,14,27.8,1
2025,701398,666163,1.96,19,25.8,0
2021,543333,607732,2.03,29,26.0,1
2021,592696,518735,2.06,29,27.4,0
2021,656941,600474,1.97,23,26.8,1
2021,546318,543877,1.98,43,27.3,0
2021,542454,543309,1.94,28,27.9,0
2021,641313,608596,2.04,26,28.2,0
2021,605412,669257,1.96,56,26.2,0
2021,642708,572287,1.95,28,29.5,0
2021,516782,545358,2.02,25,28.5,0
2021,664058,605131,2.06,21,27.6,0
2021,595978,624431,2.08,29,24.5,0
2021,656775,435559,1.99,26,28.5,0
2021,665750,595978,1.95,27,29.7,0
2021,642350,608596,2.04,26,30.2,0
2021,541645,606992,1.94,21,28.6,0
2021,640458,518735,2.06,29,28.9,0
2022,669289,519390,2.12,7,27.0,0
2022,650489,543309,1.95,22,28.3,1
2022,594807,592663,1.82,44,28.0,1
2022,663656,545358,2.03,33,26.7,0
2022,592663,518595,1.99,36,28.7,0
2022,681987,664874,1.97,14,29.6,0
2022,595978,663728,1.99,47,24.5,0
2022,656775,455117,1.92,40,28.5,0
2022,669352,672386,1.99,27,30.3,0
2022,665742,669257,1.93,32,26.6,0
2023,543807,521692,1.98,26,27.8,0
2023,680776,681351,2.09,20,29.5,0
2023,593428,669257,1.91,56,27.6,0
2023,641857,596117,1.87,18,25.8,0
2023,607054,605170,2.06,31,28.0,0
2023,673490,672275,1.87,51,28.5,0
2023,663586,663886,2.01,36,28.1,0
2023,677951,543309,1.98,43,30.5,0
2023,660670,605170,2.06,31,28.0,0
2023,596146,663886,2.01,36,27.4,0
2024,543685,663886,2.02,64,26.8,0
2024,668942,673237,1.97,73,27.0,0
2024,680700,553882,2.04,18,27.9,0
2024,543257,671056,1.99,28,27.7,0
2024,676609,624512,1.98,16,28.3,1
2024,681807,621512,1.93,27,26.2,0
2024,658668,669257,1.94,57,27.8,0
2024,680474,643376,1.99,38,27.8,0
2024,666160,663728,1.95,70,28.6,1
2024,671277,543309,2.02,44,27.2,0
2024,670042,642136,2.01,15,28.9,0
2024,682998,521692,2.01,24,29.6,0
2024,666023,518735,2.09,31,26.6,0
2025,666134,642136,2.0,38,27.6,1
2025,666160,693307,1.94,60,28.5,0
2025,608070,624431,2.0,47,28.4,1
2025,622761,671056,2.0,6,29.3,0
2025,805367,682626,1.93,35,27.0,1
2025,807713,696100,1.95,45,29.0,0
2025,671739,682663,1.99,53,28.5,0
2025,669369,656180,1.93,35,28.5,0
2025,680718,668800,2.0,13,27.7,1
2025,682998,650968,2.0,24,29.8,0
2025,595879,518595,2.0,33,27.5,0
2025,664056,641680,2.01,44,28.8,1
2025,621439,668670,1.95,20,30.2,0
2025,681082,620443,1.87,29,28.8,0
2025,656305,608348,1.95,39,28.1,0
2025,676391,681508,1.98,14,28.6,1
2025,592450,673237,1.95,72,27.1,1
2025,645302,693307,1.94,60,28.1,1
2021,596146,620443,2.0,9,27.4,0
2021,657656,455117,1.96,32,27.6,0
2021,668227,545358,2.02,25,28.7,0
2021,641658,457763,2.0,26,29.8,0
2021,605548,518735,2.06,29,29.4,0
2021,668227,543877,1.98,43,28.7,1
2021,645277,543510,2.01,35,28.4,0
2022,669256,669004,1.97,20,28.6,0
2022,641914,606992,1.95,29,26.4,0
2022,641487,455117,1.92,40,26.9,0
2022,519203,642336,1.95,24,25.5,0
2022,680776,595978,1.95,39,29.2,0
2022,656695,545358,2.03,33,26.8,0
2022,621028,642020,1.9,11,27.9,0
2022,686823,542194,1.89,19,27.5,1
2022,664238,669087,2.0,11,28.3,0
2023,622534,660688,2.06,64,28.3,0
2023,572191,663743,2.01,44,28.7,0
2023,607208,607732,1.97,41,30.3,0
2023,607680,663743,2.01,44,28.2,0
2023,669261,605131,2.01,29,28.6,0
2023,656976,661388,1.95,47,26.2,0
2023,572233,661388,1.95,47,26.4,0
2023,518692,666023,1.93,27,26.7,0
2023,592885,680777,1.95,27,28.1,0
2023,663538,553869,1.93,51,28.5,0
2023,647304,666165,2.0,21,25.8,0
2023,680118,656024,1.99,12,30.3,0
2023,642731,669257,1.91,56,28.1,1
2024,663656,518595,1.98,37,26.0,0
2024,677942,543228,1.98,12,28.6,1
2024,650333,553869,1.9,33,26.7,0
2024,691718,666163,1.92,47,30.0,0
2024,663550,686676,1.85,46,27.9,1
2024,673357,663743,1.93,60,28.8,0
2024,671277,686780,1.93,39,27.2,0
2024,608070,668939,1.96,55,28.2,0
2024,680776,641680,1.98,70,29.6,0
2024,676356,680728,2.04,13,29.8,0
2024,694192,666310,1.97,38,29.7,0
2024,682829,666023,1.88,23,30.0,1
2024,664238,592200,2.0,31,28.0,0
2024,608070,641680,1.98,70,28.2,0
2024,676356,668939,1.96,55,29.8,1
2024,621438,663886,2.02,64,28.9,0
2025,664238,642136,2.0,38,27.7,0
2025,660821,696100,1.95,45,27.0,0
2025,592450,521692,1.93,17,27.1,0
2025,664068,665966,1.92,63,28.3,1
2025,682668,681351,2.0,50,29.6,0
2025,692216,681508,1.98,14,27.6,0
2021,516782,457763,2.0,26,28.5,0
2021,598265,607732,2.03,29,27.2,0
2021,680911,680777,2.03,34,29.1,0
2021,608070,518735,2.06,29,28.1,0
2021,624428,518595,2.03,14,27.1,0
2021,605141,457763,2.0,26,27.2,0
2022,666971,657136,1.92,15,27.3,0
2022,541645,660688,2.0,46,28.3,0
2022,680757,624512,1.97,34,28.4,0
2022,660271,669221,1.89,33,28.2,1
2022,641857,669257,1.93,32,25.8,0
2022,606157,592663,1.82,44,28.7,1
2022,642731,605131,2.06,17,28.2,0
2022,669289,668939,1.93,24,27.0,0
2023,516782,669127,1.9,68,27.1,0
2023,642731,660688,2.06,64,28.1,0
2023,641680,641511,1.99,27,25.8,0
2023,666182,542194,1.87,39,27.1,0
2023,667452,595956,1.97,30,28.4,1
2023,677551,596142,1.9,24,27.5,0
2023,666197,592200,1.99,13,26.6,1
2023,621493,521692,1.98,26,28.0,0
2023,624413,661388,1.95,47,26.0,0
2023,682928,663728,1.96,66,28.6,0
2023,514888,672515,1.9,33,26.9,0
2024,643396,624431,2.07,44,27.8,0
2024,545361,666163,1.92,47,28.9,0
2024,642708,621512,1.93,27,29.0,0
2024,453568,669127,1.91,70,27.4,0
2024,641584,669224,1.98,45,28.3,0
2024,666310,686676,1.85,46,26.6,0
2024,669720,595978,1.94,19,27.1,0
2024,694671,518735,2.09,31,29.8,0
2024,665161,657136,1.95,46,29.8,1
2024,643396,595978,1.94,19,27.8,0
2024,663897,672386,2.0,55,28.6,0
2024,642715,691011,1.94,11,27.4,0
2024,643396,686452,1.94,12,27.8,1
2024,677588,663698,2.0,35,28.1,0
2025,680776,543309,2.03,45,29.1,0
2025,680977,620443,1.87,29,26.6,0
2025,672820,682663,1.99,53,26.7,0
2025,680718,700250,2.07,10,27.7,0
2025,687363,689414,2.0,38,30.2,0
2025,672761,680777,1.98,34,27.8,0
2025,624641,656180,1.93,35,29.4,1
2025,663624,641598,2.04,23,27.6,0
2021,607208,425877,1.91,24,30.6,0
2021,664058,669257,1.96,56,27.6,0
2021,643217,680777,2.03,34,27.6,0
2021,592348,518735,2.06,29,28.5,0
2021,668804,553882,2.0,47,28.6,0
2021,670032,543877,1.98,43,28.2,0
2021,606157,605170,2.02,28,28.3,0
2021,516782,661388,2.01,11,28.5,0
2021,656305,543592,2.01,18,28.1,0
2021,660634,608596,2.04,26,26.9,0
2021,608070,553882,2.0,47,28.1,0
2022,542364,553882,2.01,23,27.1,1
2022,518692,571466,1.99,38,26.9,0
2022,664023,543309,1.95,22,27.9,0
2022,663897,621512,1.96,30,28.7,0
2022,542932,621512,1.96,30,29.5,0
2022,502054,661388,1.97,18,27.9,0
2022,663457,519222,2.08,18,28.2,0
2022,669911,642020,1.9,11,28.3,1
2022,543760,657136,1.92,15,28.8,0
2022,681987,620443,2.0,20,29.6,0
2022,656775,624431,1.99,29,28.5,0
2022,650559,661388,1.97,18,27.8,0
2022,592885,608348,1.98,39,28.1,1
2023,656413,592663,1.83,50,29.2,0
2023,665161,672386,1.98,48,29.4,0
2023,643289,666165,2.0,21,28.1,0
2023,663457,571466,1.99,21,27.8,0
2023,676609,506702,1.96,11,29.0,0
2023,668227,672386,1.98,48,28.4,0
2023,665487,663743,2.01,44,29.3,0
2023,642731,553869,1.93,51,28.1,0
2023,592885,666310,1.94,44,28.1,0
2023,664056,518735,2.08,69,28.8,0
2023,677951,657136,1.92,60,30.5,0
2023,682829,682626,1.94,57,30.5,0
2023,571771,663728,1.96,66,26.9,0
2023,682829,595956,1.97,30,30.5,0
2023,645277,543228,1.99,45,27.6,1
2023,665923,543877,1.95,35,29.6,1
2024,670032,666023,1.88,23,27.1,1
2024,696285,663743,1.93,60,29.7,0
2024,696285,663743,1.93,60,29.7,0
2024,593428,644433,1.92,9,27.4,0
2024,671289,642136,2.01,15,28.2,0
2024,657136,663743,1.93,60,28.4,0
2024,673490,518595,1.98,37,28.3,0
2024,668227,666310,1.97,38,28.1,0
2024,673357,663698,2.0,35,28.8,0
2024,621020,680777,1.93,40,27.8,0
2024,672695,666163,1.92,47,27.0,1
2024,656775,657136,1.95,46,28.3,0
2024,670764,669257,1.94,57,27.8,1
2024,687529,680728,2.04,13,29.2,0
2024,678662,669221,1.95,39,28.1,0
2024,656582,624431,2.07,44,26.9,1
2025,621438,663743,1.93,48,29.3,1
2025,691176,682626,1.93,35,28.7,0
2025,669707,645444,2.0,25,28.8,0
2025,669261,668670,1.95,20,27.9,0
2025,676609,691019,1.96,31,28.3,0
2025,802415,669127,1.89,67,29.6,1
2025,681987,680862,2.0,9,29.7,0
2025,665742,682663,1.99,53,25.8,0
2021,605119,595284,1.94,15,27.0,0
2021,642423,608700,2.09,26,28.8,0
2021,660670,621512,1.94,16,29.4,1
2021,621433,545358,2.02,25,28.5,0
2021,621439,455139,2.0,8,29.9,1
2021,666182,596142,1.95,25,28.0,0
2022,596019,645444,1.94,11,27.6,0
2022,453568,575929,1.93,23,27.8,1
2022,663457,605244,1.95,15,28.2,0
2022,542932,661388,1.97,18,29.5,0
2022,650559,455117,1.92,40,27.8,0
2022,665862,553869,1.94,28,29.3,1
2022,656716,660688,2.0,46,28.3,0
2022,543257,553869,1.94,28,27.9,0
2022,666182,657136,1.92,15,27.5,0
2022,669016,543877,1.94,37,28.8,0
2023,641584,669221,1.9,53,28.0,0
2023,677594,575929,1.93,34,29.6,0
2023,650402,643376,1.99,30,26.4,1
2023,683002,521692,1.98,26,28.8,0
2023,687263,663728,1.96,66,27.7,0
2023,623205,455117,1.93,55,28.4,0
2023,502054,686676,1.91,17,27.8,0
2024,682626,680779,1.87,10,25.8,0
2024,669016,571912,1.97,27,28.2,0
2024,642350,661388,1.96,58,29.9,1
2024,664983,543309,2.02,44,29.8,0
2024,669234,605170,2.02,35,26.6,1
2024,608369,661388,1.96,58,25.3,0
2024,669911,686676,1.85,46,27.4,0
2024,664238,673237,1.97,73,28.0,1
2024,665161,643376,1.99,38,29.8,0
2025,669364,660688,2.0,42,28.3,0
2025,670764,592663,1.86,50,28.2,1
2025,673962,673237,1.95,72,26.6,0
2025,643446,696100,1.95,45,26.5,0
2025,694384,642851,1.96,19,26.0,0
2025,696285,681351,2.0,50,29.3,0
2025,596115,660688,2.0,42,28.6,0
2025,677649,455117,1.98,31,28.8,0
2025,701350,543877,1.94,39,27.8,1
2025,650489,665966,1.92,63,28.2,0
2025,670764,681351,2.0,50,28.2,0
2025,664702,696100,1.95,45,29.4,0
2025,678882,673237,1.95,72,29.1,0
2025,666152,694212,1.93,8,29.3,1
2025,682829,687221,1.93,15,29.1,0
2025,682928,682663,1.99,53,28.2,0
2025,671286,641680,2.01,44,27.0,0
2025,808982,696100,1.95,45,28.2,1
2025,805300,682626,1.93,35,28.1,0
2021,641796,425877,1.91,24,30.6,0
2021,664058,518735,2.06,29,27.6,1
2021,665926,624431,2.08,29,29.1,0
2021,669374,605131,2.06,21,27.2,0
2022,628451,661388,1.97,18,27.4,0
2022,516416,518595,1.99,36,27.7,0
2022,642180,592663,1.82,44,29.1,1
2022,623205,663728,1.99,47,29.1,0
2022,669397,543877,1.94,37,27.7,0
2022,657077,669004,1.97,20,26.8,1
2022,594777,663728,1.99,47,25.4,0
2022,668731,663728,1.99,47,28.9,0
2021,641786,606992,1.94,21,27.7,0
2021,606192,596142,1.95,25,28.5,0
2021,516782,669257,1.96,56,28.5,0
2021,656555,596142,1.95,25,26.4,1
2021,668942,607732,2.03,29,27.6,1
2021,669289,664874,2.04,13,27.3,0
2021,543592,455117,1.96,32,26.1,1
2021,666182,642336,1.94,17,28.0,0
2022,643393,455139,2.04,20,26.3,0
2022,543305,641680,1.99,46,27.9,0
2022,664728,518735,2.09,29,28.0,1
2022,608070,661531,2.0,27,28.5,0
2022,677951,519390,2.12,7,30.3,0
2022,607208,518595,1.99,36,30.3,0
2022,514917,669127,1.93,14,28.3,0
2022,663538,425877,2.05,19,29.1,0
2022,665161,669087,2.0,11,29.4,0
2022,665161,669087,2.0,11,29.4,0
2023,663647,553869,1.93,51,27.1,1
2023,668843,571912,1.93,36,27.0,1
2023,670032,680777,1.95,27,27.7,0
2023,665923,455117,1.93,55,29.6,0
2023,593160,661388,1.95,47,28.8,0
2023,664983,660688,2.06,64,30.0,0
2023,664983,660688,2.06,64,30.0,0
2023,660670,592663,1.83,50,28.0,0
2023,671739,657136,1.92,60,28.8,0
2023,672580,682626,1.94,57,28.2,0
2023,593428,608348,1.96,23,27.6,0
2023,660670,682626,1.94,57,28.0,0
2023,621466,592663,1.83,50,26.3,1
2024,660670,663743,1.93,60,27.7,0
2024,676609,608348,1.97,51,28.3,0
2024,677951,672386,2.0,55,30.5,0
2024,701538,672515,1.89,26,28.5,0
2024,592626,669134,1.97,25,25.5,0
2024,681297,596117,1.88,22,28.2,0
2024,592885,641680,1.98,70,28.5,0
2024,680118,663743,1.93,60,29.6,0
2024,650489,673237,1.97,73,27.9,1
2024,686217,518595,1.98,37,29.3,0
2024,650333,668670,1.93,30,26.7,0
2024,664056,592663,1.85,39,28.2,0
2025,664056,620443,1.87,29,28.8,0
2025,621493,543309,2.03,45,27.3,1
2025,807712,642136,2.0,38,28.7,0
2025,578428,623168,1.92,38,27.8,1
2025,669065,518595,2.0,33,27.1,0
2025,663728,518595,2.0,33,26.0,0
2025,686475,642851,1.96,19,28.9,0
2025,656941,672275,1.86,44,25.9,0
2025,578428,650968,2.0,24,27.8,0
2025,664238,641680,2.01,44,27.7,0
2025,645277,689414,2.0,38,27.2,0
2025,678554,641598,2.04,23,26.9,0
2025,547180,543309,2.03,45,27.0,1
2025,661388,686780,1.93,52,26.2,1
2025,642215,682663,1.99,53,28.1,0
2021,593160,641470,2.02,30,28.6,1
2021,665750,605170,2.02,28,29.7,0
2021,607043,624513,2.01,28,28.9,0
2021,663656,624431,2.08,29,27.4,0
2021,543105,669257,1.96,56,26.7,0
2021,518792,592663,1.84,16,26.8,0
2021,657656,641680,1.99,25,27.6,0
2021,668227,624512,1.97,14,28.7,1
2021,642165,457763,2.0,26,26.8,0
2021,669242,444489,1.94,21,28.9,0
2021,621028,575929,1.91,37,28.4,0
2022,516782,592663,1.82,44,28.0,0
2022,677951,624512,1.97,34,30.3,0
2022,669242,518595,1.99,36,28.7,0
2022,542932,641680,1.99,46,29.5,0
2022,660670,642851,2.04,15,28.5,0
2023,572228,666023,1.93,27,24.9,0
2023,663647,668939,1.91,51,27.1,0
2023,596019,668800,2.01,33,28.1,0
2023,622761,543877,1.95,35,30.1,0
2023,606132,592663,1.83,50,28.7,0
2023,686668,673237,1.9,35,29.9,0
2023,673548,664874,2.0,28,28.5,0
2023,682998,668800,2.01,33,30.1,0
2023,670156,664874,2.0,28,28.6,0
2023,681481,666310,1.94,44,28.1,0
2023,622761,624512,1.98,21,30.1,0
2024,681807,668832,2.0,18,26.2,0
2024,680776,666310,1.97,38,29.6,0
2024,622761,681351,2.02,59,29.9,0
2024,665489,680777,1.93,40,27.2,0
2024,664761,663743,1.93,60,26.3,0
2024,656775,624431,2.07,44,28.3,0
2024,641355,672275,1.85,58,28.4,0
2024,680700,645305,1.96,18,27.9,0
2024,606192,518735,2.09,31,28.6,0
2023,694497,455117,1.93,55,29.6,0
2023,572233,592663,1.83,50,26.4,0
2024,666310,596142,1.96,20,26.6,1
2025,666149,663728,1.97,55,29.6,0
2025,669397,623168,1.92,38,27.4,0
2025,677951,607732,2.0,36,30.2,0
2025,687263,543309,2.03,45,28.1,0
2025,672695,686780,1.93,52,27.2,0
2025,676475,696100,1.95,45,25.5,0
2025,691016,663728,1.97,55,27.4,0
2025,672515,640902,1.93,13,27.0,0
2025,660670,656180,1.93,35,27.9,0
2025,641343,666023,1.9,35,27.1,1
2021,643217,435559,1.99,26,27.6,0
2021,614173,641470,2.02,30,28.6,0
2021,594807,608348,1.98,21,28.5,0
2021,664040,624512,1.97,14,27.6,1
2021,663697,592663,1.84,16,28.5,0
2021,572041,595284,1.94,15,27.7,0
2021,669720,641680,1.99,25,27.3,1
2021,664913,455117,1.96,32,28.1,1
2021,663647,592663,1.84,16,27.8,0
2021,609275,680777,2.03,34,28.4,0
2022,660271,664874,1.97,14,28.2,0
2022,662139,553869,1.94,28,28.0,1
2022,665489,606992,1.95,29,26.7,0
2022,596103,669257,1.93,32,28.2,0
2022,643289,518595,1.99,36,28.2,0
2022,676694,518595,1.99,36,28.9,0
2022,542364,643376,1.98,22,27.1,0
2022,543257,663728,1.99,47,27.9,0
2022,642350,669087,2.0,11,30.3,0
2022,663757,661531,2.0,27,28.8,1
2023,643217,673237,1.9,35,27.3,0
2023,669720,624512,1.98,21,27.4,0
2023,675656,682626,1.94,57,27.3,0
2023,621020,605131,2.01,29,28.4,0
2023,502671,663728,1.96,66,26.4,1
2023,668227,641511,1.99,27,28.4,1
2023,680776,643376,1.99,30,29.5,0
2023,664913,673237,1.9,35,27.3,0
2023,605141,553869,1.93,51,27.2,0
2023,641355,669221,1.9,53,28.3,0
2023,686217,641511,1.99,27,28.6,0
2023,543760,661388,1.95,47,28.7,0
2023,677595,663728,1.96,66,27.7,0
2023,543807,642851,1.91,23,27.8,1
2023,668904,641680,1.97,57,28.2,0
2023,666139,680777,1.95,27,28.7,0
2023,681082,682626,1.94,57,28.8,1
2024,660271,669134,1.97,25,28.1,0
2024,668804,596117,1.88,22,28.0,0
2024,656941,642136,2.01,15,25.8,0
2024,686668,641680,1.98,70,29.3,0
2024,680474,607732,1.96,44,27.8,0
2024,696285,607732,1.96,44,29.7,1
2024,669016,518595,1.98,37,28.2,0
2024,667472,686676,1.85,46,28.5,1
2024,602104,672386,2.0,55,26.9,1
2024,665926,543877,1.96,32,28.9,0
2024,664040,668939,1.96,55,27.2,0
2024,673357,592200,2.0,31,28.8,0
2024,671277,624431,2.07,44,27.2,0
2024,673357,641680,1.98,70,28.8,0
2024,666152,672386,2.0,55,29.4,0
2024,666139,680777,1.93,40,28.4,0
2024,665862,657136,1.95,46,28.6,1
2023,669357,663728,1.96,66,26.5,1
2025,650559,666163,1.96,19,27.8,0
2025,573262,680777,1.98,34,26.9,0
2025,681393,642136,2.0,38,28.8,1
2025,694192,592663,1.86,50,29.2,1
2025,663647,665561,1.88,24,27.2,1
2025,666139,620443,1.87,29,28.1,1
2025,686217,656180,1.93,35,28.9,0
2025,543309,605170,2.05,28,25.1,0
2025,681297,700250,2.07,10,27.4,0
2021,467793,641470,2.02,30,25.0,0
2021,592518,663886,1.97,22,26.4,0
2021,608686,605131,2.06,21,27.2,0
2021,608070,624431,2.08,29,28.1,0
2021,622761,521692,1.97,28,30.3,0
2022,542364,595751,1.89,16,27.1,1
2022,668227,605170,2.01,34,28.8,0
2022,671277,592663,1.82,44,27.0,1
2022,493329,663728,1.99,47,26.9,0
2022,680757,571466,1.99,38,28.4,0
2023,668930,672515,1.9,33,29.4,1
2023,656541,607732,1.97,41,28.9,0
2023,622569,542194,1.87,39,27.9,0
2023,677951,668939,1.91,51,30.5,1
2023,643289,595956,1.97,30,28.1,0
2023,677951,543877,1.95,35,30.5,0
2023,608671,605131,2.01,29,29.0,0
2023,666160,643376,1.99,30,28.6,1
2023,670032,680777,1.95,27,27.7,0
2023,681082,607732,1.97,41,28.8,0
2023,641355,518595,1.97,39,28.3,0
2023,666135,682626,1.94,57,27.2,0
2023,661388,668800,2.01,33,26.5,0
2023,668942,455117,1.93,55,26.7,0
2024,545361,663743,1.93,60,28.9,0
2024,666969,669127,1.91,70,26.8,0
2024,665926,686676,1.85,46,28.9,0
2024,605141,643376,1.99,38,26.7,0
2024,665862,668832,2.0,18,28.6,0
2024,650859,673237,1.97,73,26.9,0
2024,643396,668670,1.93,30,27.8,0
2024,668930,657136,1.95,46,29.3,0
2024,680776,455117,1.97,17,29.6,0
2024,664901,673237,1.97,73,26.5,0
2024,676609,680777,1.93,40,28.3,0
2024,682829,686780,1.93,39,30.0,0
2024,592325,660688,2.06,57,26.9,0
2024,695578,661388,1.96,58,28.7,0
2024,664056,681351,2.02,59,28.2,0
2024,666176,682626,1.92,37,28.8,1
2024,677587,668939,1.96,55,26.8,0
2024,664238,682626,1.92,37,28.0,0
2024,660271,661388,1.96,58,28.1,0
2024,679032,645305,1.96,18,30.1,0
2025,670541,663728,1.97,55,26.2,0
2025,668930,669127,1.89,67,28.9,0
2025,649966,672275,1.86,44,26.0,0
2025,621020,700337,1.95,46,28.5,0
2025,681082,663698,1.99,39,28.8,0
2025,805367,672275,1.86,44,27.0,0
2025,691594,645444,2.0,25,28.0,1
2025,669357,595978,1.94,21,25.9,0
2025,694192,687221,1.93,15,29.2,0
2025,669065,606992,1.88,8,27.1,0
2025,671277,665561,1.88,24,26.5,0
2025,687859,665561,1.88,24,26.5,0
2025,686668,666023,1.9,35,29.5,1
2025,669261,686948,1.95,63,27.9,0
2025,671277,691019,1.96,31,26.5,0
2021,605170,605131,2.06,21,24.9,0
2021,641561,553869,1.95,20,28.2,1
2022,593160,595978,1.95,39,28.6,0
2022,664728,596142,1.93,29,28.0,0
2022,650489,669004,1.97,20,28.3,0
2022,650859,571912,1.96,31,27.9,1
2022,668751,519222,2.08,18,26.1,0
2022,669352,663728,1.99,47,30.3,0
2023,516416,680777,1.95,27,27.4,1
2023,572228,553882,2.0,25,24.9,0
2023,592192,543592,1.97,28,27.8,0
2023,621439,518735,2.08,69,29.3,0
2023,665862,669221,1.9,53,28.4,1
2023,677951,518735,2.08,69,30.5,0
2023,670764,571466,1.99,21,28.2,0
2023,665923,666310,1.94,44,29.6,0
2023,645277,664874,2.0,28,27.6,0
2023,676801,595453,1.99,18,28.2,0
2023,650402,607732,1.97,41,26.4,0
2023,677595,663728,1.96,66,27.7,0
2024,691026,669134,1.97,25,28.8,0
2024,677800,666310,1.97,38,27.5,0
2024,650859,543510,1.98,38,26.9,0
2024,665161,666310,1.97,38,29.8,0
2024,596019,672515,1.89,26,27.6,0
2024,545121,666310,1.97,38,26.7,0
2024,664238,666310,1.97,38,28.0,0
2024,666139,641680,1.98,70,28.4,0
2024,667472,663886,2.02,64,28.5,0
2024,656541,681351,2.02,59,28.8,0
2024,680757,668939,1.96,55,27.1,0
2024,666134,624431,2.07,44,28.1,0
2024,606192,666163,1.92,47,28.6,0
2024,645302,641680,1.98,70,27.8,0
2024,677594,641680,1.98,70,29.6,0
2025,680776,623168,1.92,38,29.1,0
2025,682829,663728,1.97,55,29.1,0
2025,572191,693307,1.94,60,27.8,0
2025,663728,645444,2.0,25,26.0,1
2025,621439,641680,2.01,44,30.2,0
2025,663656,650968,2.0,24,26.5,0
2025,608701,696100,1.95,45,26.7,0
2025,676572,663886,1.99,35,26.9,0
2025,592206,665966,1.92,63,27.7,0
2025,672724,696100,1.95,45,29.2,0
2021,670351,641680,1.99,25,27.2,0
2021,592206,553882,2.0,47,27.6,0
2021,591720,605131,2.06,21,26.9,0
2021,624503,572287,1.95,28,27.8,0
2022,621493,488771,1.97,11,28.4,1
2022,621563,660688,2.0,46,27.3,0
2022,663647,605131,2.06,17,27.9,0
2022,668804,605131,2.06,17,28.2,0
2022,457705,672515,1.92,14,28.9,1
2022,669352,455117,1.92,40,30.3,1
2022,666624,621512,1.96,30,28.8,0
2023,669242,661388,1.95,47,28.8,1
2023,682998,607732,1.97,41,30.1,0
2023,665926,660688,2.06,64,29.2,0
2023,543228,605131,2.01,29,26.2,0
2023,660670,455117,1.93,55,28.0,0
2023,666139,518735,2.08,69,28.7,0
2023,677551,643376,1.99,30,27.5,0
2023,657557,641680,1.97,57,26.8,1
2023,623912,641680,1.97,57,27.8,0
2023,670770,673237,1.9,35,28.3,1
2023,600869,571912,1.93,36,27.5,0
2023,643393,455117,1.93,55,26.2,0
2023,656811,682626,1.94,57,27.7,0
2023,605141,669134,1.97,10,27.2,0
2023,680118,624512,1.98,21,30.3,1
2023,677951,543228,1.99,45,30.5,0
2023,666160,650907,1.87,11,28.6,0
2023,643446,668800,2.01,33,27.4,0
2023,669242,518595,1.97,39,28.8,1
2023,605141,669134,1.97,10,27.2,0
2023,680757,668670,1.95,30,28.1,0
2024,642350,553869,1.9,33,29.9,0
2024,676609,657136,1.95,46,28.3,0
2024,677951,543309,2.02,44,30.5,0
2024,672284,668939,1.96,55,27.9,0
2024,666139,518735,2.09,31,28.4,0
2024,666624,543510,1.98,38,27.3,1
2024,667670,657136,1.95,46,27.6,0
2024,642708,643376,1.99,38,29.0,0
2024,668709,682626,1.92,37,27.6,0
2024,641933,668670,1.93,30,27.5,0
2024,663368,663886,2.02,64,29.6,0
2024,607208,661388,1.96,58,29.6,1
2024,664056,592663,1.85,39,28.2,0
2024,608070,624431,2.07,44,28.2,0
2025,669208,669127,1.89,67,28.4,0
2025,596115,543309,2.03,45,28.6,0
2025,682998,620443,1.87,29,29.8,1
2025,682657,660688,2.0,42,27.7,0
2025,680474,641598,2.04,23,28.3,0
2025,694374,605131,2.11,11,28.2,0
2025,681393,700337,1.95,46,28.8,0
2025,687263,642851,1.96,19,28.1,0
2025,666181,543877,1.94,39,29.3,1
2025,701358,665561,1.88,24,29.3,0
2025,666134,656577,1.9,18,27.6,0
2025,669397,661388,1.96,46,27.4,0
2025,663538,623168,1.92,38,28.6,0
2025,672275,696100,1.95,45,25.7,0
2025,641584,608348,1.95,39,28.4,1
2025,663538,686948,1.95,63,28.6,1
2021,657656,669257,1.96,56,27.6,0
2021,606132,455117,1.96,32,28.3,1
2021,593160,518735,2.06,29,28.6,0
2021,542932,595284,1.94,15,29.9,0
2021,543257,518735,2.06,29,27.7,1
2021,645277,425877,1.91,24,28.4,0
2021,642715,575929,1.91,37,28.0,0
2021,453568,669257,1.96,56,27.6,0
2021,596115,669257,1.96,56,28.6,1
2021,643217,664874,2.04,13,27.6,0
2021,665862,656180,1.98,13,29.1,0
2021,641933,543592,2.01,18,29.6,0
2022,592885,592663,1.82,44,28.1,0
2022,542932,455117,1.92,40,29.5,0
2022,575929,661388,1.97,18,27.5,0
2022,542932,621512,1.96,30,29.5,0
2022,670768,608348,1.98,39,28.2,0
2022,650333,643376,1.98,22,26.9,0
2022,663697,624512,1.97,34,27.7,0
2022,607043,605170,2.01,34,28.6,0
2023,668227,669127,1.9,68,28.4,0
2023,668227,571912,1.93,36,28.4,0
2023,607208,518735,2.08,69,30.3,0
2023,686668,592663,1.83,50,29.9,0
2023,668227,596142,1.9,24,28.4,1
2023,670764,596142,1.9,24,28.2,1
2023,670770,518595,1.97,39,28.3,0
2023,671289,518595,1.97,39,28.6,0
2023,672779,672275,1.87,51,27.6,1
2023,623205,455117,1.93,55,28.4,0
2023,669743,575929,1.93,34,28.8,1
2023,543807,672515,1.9,33,27.8,1
2023,662139,666310,1.94,44,28.1,0
2023,665923,668800,2.01,33,29.6,0
2023,677594,666023,1.93,27,29.6,1
2023,543760,672515,1.9,33,28.7,0
2023,681082,607732,1.97,41,28.8,0
2023,663845,518595,1.97,39,26.9,0
2023,678009,681351,2.09,20,29.0,0
2024,680118,455117,1.97,17,29.6,0
2024,683002,596142,1.96,20,28.9,0
2024,702358,669127,1.91,70,27.5,1
2024,687401,668939,1.96,55,28.7,1
2024,502054,656577,1.96,26,27.2,1
2024,607680,641680,1.98,70,28.4,0
2024,686668,592663,1.85,39,29.3,0
2024,677594,660688,2.06,57,29.6,0
2024,682928,607732,1.96,44,28.5,0
2024,681351,669127,1.91,70,28.1,1
2024,672580,645305,1.96,18,27.9,0
2024,657656,660688,2.06,57,27.8,0
2024,660821,672275,1.85,58,27.2,1
2024,665750,642136,2.01,15,28.5,1
2024,694384,543877,1.96,32,26.4,0
2025,663757,681508,1.98,14,26.7,1
2025,467793,682663,1.99,53,25.6,0
2025,673490,668800,2.0,13,27.6,0
2025,668930,592663,1.86,50,28.9,0
2025,691594,656180,1.93,35,28.0,0
2025,680577,592663,1.86,50,28.5,0
2021,546990,575929,1.91,37,29.6,0
2021,664789,575929,1.91,37,28.0,0
2021,657557,624513,2.01,28,27.5,0
2021,621035,435559,1.99,26,28.8,0
2021,607208,444489,1.94,21,30.6,0
2021,660670,425877,1.91,24,29.4,1
2021,503556,669221,1.9,31,26.8,1
2021,641553,680777,2.03,34,29.7,0
2021,595751,596142,1.95,25,28.3,0
2021,663656,518595,2.03,14,27.4,0
2022,664056,664731,2.03,15,29.1,0
2022,660644,680777,1.98,25,28.5,0
2022,642727,661531,2.0,27,27.7,1
2022,668939,663728,1.99,47,27.1,0
2022,605131,663698,1.97,22,26.7,1
2022,622682,595978,1.95,39,27.6,0
2022,660271,543309,1.95,22,28.2,1
2022,666624,661531,2.0,27,28.8,1
2022,656941,455117,1.92,40,26.4,0
2023,621028,641680,1.97,57,28.0,1
2023,514888,572287,2.04,33,26.9,0
2023,664056,663728,1.96,66,28.8,0
2023,624424,641511,1.99,27,26.1,0
2023,605612,518735,2.08,69,26.5,0
2023,668942,673237,1.9,35,26.7,0
2023,622110,665804,1.98,17,27.0,0
2023,608336,641680,1.97,57,26.6,0
2023,656716,686676,1.91,17,28.5,0
2024,656413,553882,2.04,18,29.1,0
2024,607208,660688,2.06,57,29.6,0
2024,608841,669257,1.94,57,25.5,0
2024,694671,663728,1.95,70,29.8,0
2024,543807,543510,1.98,38,28.1,0
2024,650559,672515,1.89,26,27.5,1
2024,672580,656577,1.96,26,27.9,0
2024,664238,660688,2.06,57,28.0,0
2024,677951,666310,1.97,38,30.5,0
2024,621438,543309,2.02,44,28.9,1
2024,608070,543510,1.98,38,28.2,0
2024,672279,660688,2.06,57,28.3,0
2024,642215,669127,1.91,70,28.1,0
2024,695578,661388,1.96,58,28.7,0
2024,694384,663728,1.95,70,26.4,0
2024,680776,663728,1.95,70,29.6,0
2024,660271,661388,1.96,58,28.1,0
2024,680757,624431,2.07,44,27.1,0
2024,672695,663743,1.93,60,27.0,0
2024,660821,592200,2.0,31,27.2,0
2024,456781,669257,1.94,57,25.5,0
2024,666160,642020,1.97,15,28.6,0
2024,672279,607732,1.96,44,28.3,0
2025,592518,608348,1.95,39,25.8,0
2025,647304,660688,2.0,42,24.4,0
2025,643289,518595,2.0,33,28.0,0
2025,672356,680777,1.98,34,27.0,0
2025,677951,700337,1.95,46,30.2,0
2025,671221,700337,1.95,46,27.6,0
2025,664040,689414,2.0,38,26.9,0
2025,666185,686780,1.93,52,27.6,0
2025,671289,668800,2.0,13,28.5,0
2025,667472,645444,2.0,25,28.4,0
2025,602104,643376,2.0,60,27.0,0
2025,802415,680777,1.98,34,29.6,0
2025,677594,668670,1.95,20,29.2,0
2025,665862,686452,1.89,6,27.6,0
2025,660271,696100,1.95,45,28.0,0
2025,592518,663886,1.99,35,25.8,0
2025,596115,669127,1.89,67,28.6,0
2025,621439,669224,1.97,42,30.2,0
2025,663698,686948,1.95,63,26.6,1
2025,694192,624431,2.0,47,29.2,0
2021,592696,666163,1.92,8,27.4,0
2021,677551,543877,1.98,43,28.5,0
2021,656537,425784,1.97,15,30.4,0
2021,606132,519390,2.09,18,28.3,0
2021,516782,669257,1.96,56,28.5,0
2021,641933,575929,1.91,37,29.6,1
2021,607208,506702,2.05,18,30.6,0
2021,660271,488771,1.97,11,28.8,0
2022,665742,663698,1.97,22,26.6,0
2022,593160,435559,2.07,16,28.6,0
2022,546318,543592,2.01,36,27.0,0
2022,605244,592200,2.01,13,26.0,1
2022,642708,624431,1.99,29,29.4,1
2022,642715,543309,1.95,22,27.8,0
2022,622761,672386,1.99,27,30.1,0
2023,667452,592663,1.83,50,28.4,0
2023,665828,542194,1.87,39,27.8,0
2023,571448,605131,2.01,29,24.9,1
2023,642731,663743,2.01,44,28.1,0
2023,676694,660688,2.06,64,29.2,0
2023,670156,518735,2.08,69,28.6,0
2023,669392,682626,1.94,57,29.1,0
2023,605141,666310,1.94,44,27.2,0
2023,683002,686676,1.91,17,28.8,0
2023,595281,660688,2.06,64,28.8,0
2023,592663,553882,2.0,25,28.6,0
2024,672580,543510,1.98,38,27.9,0
2024,650859,666310,1.97,38,26.9,1
2024,676609,621512,1.93,27,28.3,1
2024,592450,668670,1.93,30,26.8,0
2024,670541,661388,1.96,58,26.1,0
2024,668804,665804,2.04,50,28.0,0
2024,650859,641680,1.98,70,26.9,1
2024,669127,666163,1.92,47,27.8,0
2024,702358,663743,1.93,60,27.5,1
2024,676914,643376,1.99,38,27.2,0
2024,669016,608348,1.97,51,28.2,1
2024,676914,624512,1.98,16,27.2,0
2024,656541,521692,2.01,24,28.8,0
2024,687263,621512,1.93,27,28.2,0
2024,678882,669224,1.98,45,28.8,0
2024,657041,686780,1.93,39,29.3,0
2024,663538,575929,1.97,29,28.4,0
2024,682829,672275,1.85,58,30.0,1
2024,643396,543309,2.02,44,27.8,0
2024,666624,668939,1.96,55,27.3,1
2024,672279,661531,1.98,7,28.3,0
2024,518792,681351,2.02,59,26.8,0
2024,669364,660688,2.06,57,28.4,0
2024,656775,669224,1.98,45,28.3,0
2024,683011,663698,2.0,35,28.6,1
2025,502054,666163,1.96,19,27.2,0
2025,668804,666163,1.96,19,28.1,1
2025,680577,620443,1.87,29,28.5,1
2025,641584,689414,2.0,38,28.4,0
2025,665926,595978,1.94,21,28.0,0
2025,676391,595978,1.94,21,28.6,0
2025,663538,686780,1.93,52,28.6,0
2025,607043,624431,2.0,47,27.3,0
2025,596115,673237,1.95,72,28.6,0
2025,650859,700337,1.95,46,27.0,0
2025,596146,543309,2.03,45,27.0,0
2025,669236,665966,1.92,63,27.6,1
2025,672744,623168,1.92,38,28.1,0
2025,669127,663886,1.99,35,28.6,0
2021,649966,425877,1.91,24,26.5,0
2021,596115,605170,2.02,28,28.6,0
2021,592348,543309,1.94,28,28.5,0
2021,462101,435559,1.99,26,26.7,1
2021,493329,624512,1.97,14,27.0,0
2021,543333,624513,2.01,28,26.0,1
2021,570256,553869,1.95,20,27.2,0
2021,650402,608700,2.09,26,27.0,0
2021,656775,596142,1.95,25,28.5,0
2021,664238,672386,1.94,15,28.4,0
2021,665862,543510,2.01,35,29.1,0
2022,641355,680777,1.98,25,28.1,0
2022,642715,455139,2.04,20,27.8,1
2022,666176,595978,1.95,39,29.7,1
2022,663897,663698,1.97,22,28.7,1
2022,518626,596142,1.93,29,25.7,0
2022,656305,543877,1.94,37,28.4,0
2022,642350,643376,1.98,22,30.3,0
2025,672744,623168,1.92,38,28.1,0
2022,666969,606992,1.95,29,27.9,0
2023,663611,605131,2.01,29,28.0,0
2023,677649,571912,1.93,36,29.1,0
2023,678225,668800,2.01,33,29.7,0
2023,665487,681807,1.92,8,29.3,0
2023,643565,668939,1.91,51,27.3,0
2023,500871,668800,2.01,33,27.1,0
2023,665926,571466,1.99,21,29.2,0
2023,673548,664874,2.0,28,28.5,1
2023,608671,518735,2.08,69,29.0,0
2023,665923,518735,2.08,69,29.6,0
2023,623912,543309,1.98,43,27.8,0
2024,682998,553869,1.9,33,29.6,0
2024,656775,669224,1.98,45,28.3,1
2024,666397,643376,1.99,38,26.7,0
2024,656248,666310,1.97,38,27.1,0
2024,664023,663886,2.02,64,27.9,0
2024,668227,543877,1.96,32,28.1,0
2024,663853,643376,1.99,38,28.9,0
2024,663647,518595,1.98,37,26.4,0
2024,666149,669257,1.94,57,30.0,0
2024,680700,624431,2.07,44,27.9,0
2024,467793,592663,1.85,39,25.9,0
2024,665833,686780,1.93,39,28.8,0
2024,664983,660688,2.06,57,29.8,0
2024,656537,669134,1.97,25,29.5,0
2024,669743,607732,1.96,44,28.0,0
2024,621020,693307,1.94,8,27.8,0
2024,664238,669127,1.91,70,28.0,0
2024,645302,641680,1.98,70,27.8,0
2024,642201,682626,1.92,37,29.6,0
2024,683011,521692,2.01,24,28.6,0
2025,669127,543309,2.03,45,28.6,0
2025,660271,663743,1.93,48,28.0,0
2025,665833,686780,1.93,52,29.2,1
2025,592885,673237,1.95,72,28.2,0
2025,682177,668670,1.95,20,27.9,0
2025,669701,643376,2.0,60,27.5,1
2025,690022,680777,1.98,34,29.2,0
2025,650859,641598,2.04,23,27.0,0
2025,678882,663698,1.99,39,29.1,1
2025,665742,682663,1.99,53,25.8,0
2025,668715,669127,1.89,67,28.0,0
2025,682928,686948,1.95,63,28.2,0
2025,687363,624431,2.0,47,30.2,0
2025,680757,693307,1.94,60,27.3,0
2025,596115,669127,1.89,67,28.6,1
2021,663611,620443,2.0,9,28.0,0
2021,519203,444489,1.94,21,25.2,0
2021,621493,455117,1.96,32,28.2,1
2021,641658,621512,1.94,16,29.8,1
2021,642086,608348,1.98,21,26.3,0
2021,543257,641680,1.99,25,27.7,0
2021,642708,624431,2.08,29,29.5,0
2021,668731,518735,2.06,29,28.8,0
2022,543685,641680,1.99,46,26.3,0
2022,642350,669221,1.89,33,30.3,0
2022,642708,669087,2.0,11,29.4,0
2022,641658,608348,1.98,39,29.4,0
2022,571970,553869,1.94,28,27.2,0
2022,666971,606992,1.95,29,27.3,1
2022,664913,435559,2.07,16,27.8,0
2022,621493,663728,1.99,47,28.4,0
2022,642708,624431,1.99,29,29.4,0
2023,668930,571466,1.99,21,29.4,0
2023,650859,672386,1.98,48,27.4,0
2023,668227,664874,2.0,28,28.4,1
2023,553993,641680,1.97,57,26.4,0
2023,666969,663728,1.96,66,27.3,0
2023,664983,657136,1.92,60,30.0,0
2023,681082,518595,1.97,39,28.8,0
2023,691023,506702,1.96,11,28.5,1
2023,624415,673237,1.9,35,28.3,1
2023,680779,663743,2.01,44,28.2,0
2023,682829,518595,1.97,39,30.5,0
2023,657041,641680,1.97,57,29.3,0
2023,673357,666310,1.94,44,28.7,0
2023,596115,666023,1.93,27,28.8,1
2023,656811,669127,1.9,68,27.7,0
2023,673490,672515,1.9,33,28.5,1
2023,671739,666165,2.0,21,28.8,0
2023,500743,624512,1.98,21,26.4,0
2023,669242,641511,1.99,27,28.8,0
2023,680757,542194,1.87,39,28.1,0
2023,682998,661388,1.95,47,30.1,1
2024,681297,661388,1.96,58,28.2,0
2024,682729,607732,1.96,44,30.0,0
2024,656775,666023,1.88,23,28.3,1
2024,593160,642136,2.01,15,29.0,0
2024,592626,663886,2.02,64,25.5,0
2024,656775,686676,1.85,46,28.3,0
2024,666152,608348,1.97,51,29.4,1
2024,664040,543510,1.98,38,27.2,0
2024,682829,661388,1.96,58,30.0,0
2024,605113,543309,2.02,44,27.7,0
2024,687363,669134,1.97,25,30.0,0
2024,660821,660688,2.06,57,27.2,0
2024,673548,518735,2.09,31,28.3,0
2024,665742,608348,1.97,51,26.8,1
2024,696285,663743,1.93,60,29.7,1
2025,676356,607732,2.0,36,29.5,0
2025,669701,643376,2.0,60,27.5,0
2025,677950,656180,1.93,35,28.3,1
2025,663616,665966,1.92,63,26.1,1
2025,663616,666023,1.9,35,26.1,1
2025,670231,668670,1.95,20,28.9,1
2025,663538,663886,1.99,35,28.6,1
2025,668930,592663,1.86,50,28.9,1
2025,676694,681351,2.0,50,28.2,0
2025,596115,642136,2.0,38,28.6,0
2025,661388,656180,1.93,35,26.2,1
2025,676475,686948,1.95,63,25.5,0
2025,666139,687221,1.93,15,28.1,0
2025,663968,650968,2.0,24,29.1,0
2025,690022,681351,2.0,50,29.2,1
2021,543939,575929,1.91,37,26.8,0
2021,543877,624431,2.08,29,25.2,0
2021,670351,488771,1.97,11,27.2,0
2021,663697,553869,1.95,20,28.5,0
2021,596115,444489,1.94,21,28.6,0
2021,664702,595978,1.95,27,29.3,0
2021,656775,572287,1.95,28,28.5,0
2021,641857,518595,2.03,14,26.2,0
2021,676801,435559,1.99,26,28.7,0
2021,646240,596142,1.95,25,27.1,0
2021,642180,543877,1.98,43,29.1,1
2022,643393,672386,1.99,27,26.3,0
2022,668942,543228,1.97,28,27.3,0
2022,671277,620443,2.0,20,27.0,1
2022,663743,657709,2.08,21,27.8,0
2022,493329,669221,1.89,33,26.9,0
2022,642133,543228,1.97,28,24.0,1
2022,642731,543228,1.97,28,28.2,0
2022,624428,519390,2.12,7,26.8,0
2022,677594,543877,1.94,37,29.7,0
2023,656716,661388,1.95,47,28.5,0
2023,641584,607732,1.97,41,28.0,0
2023,680911,672275,1.87,51,29.0,0
2023,606132,642336,1.95,24,28.7,0
2023,656413,661388,1.95,47,29.2,0
2023,668715,669221,1.9,53,28.4,0
2023,673357,553882,2.0,25,28.7,0
2023,693049,680777,1.95,27,27.0,1
2023,664238,672386,1.98,48,27.7,0
2023,592696,672275,1.87,51,28.0,0
2023,543807,595956,1.97,30,27.8,0
2023,665742,592663,1.83,50,26.8,0
2023,621035,668670,1.95,30,28.3,0
2023,605141,642851,1.91,23,27.2,0
2024,677942,624431,2.07,44,28.6,0
2024,663457,553882,2.04,18,27.0,0
2024,642708,621512,1.93,27,29.0,1
2024,657557,643376,1.99,38,26.8,0
2024,592696,543877,1.96,32,27.3,0
2024,665862,596142,1.96,20,28.6,0
2024,696100,596117,1.88,22,28.0,1
2024,608385,663728,1.95,70,26.1,0
2024,641355,663886,2.02,64,28.4,0
2024,543760,668939,1.96,55,28.5,1
2024,680474,681351,2.02,59,27.8,0
2024,645302,592663,1.85,39,27.8,0
2024,664983,663698,2.0,35,29.8,0
2024,686668,669221,1.95,39,29.3,0
2024,660271,543510,1.98,38,28.1,0
2024,660271,665804,2.04,50,28.1,0
2024,694384,605170,2.02,35,26.4,0
2024,673357,669127,1.91,70,28.8,1
2025,682668,686780,1.93,52,29.6,0
2025,595879,596142,1.91,9,27.5,0
2025,680757,660688,2.0,42,27.3,0
2025,642731,661388,1.96,46,27.8,0
2025,668930,690924,2.0,14,28.9,0
2025,691718,686780,1.93,52,29.5,0
2025,687597,543877,1.94,39,28.7,1
2025,647304,686948,1.95,63,24.4,0
2021,664238,572287,1.95,28,28.4,0
2021,595777,669221,1.9,31,26.2,1
2021,663656,608596,2.04,26,27.4,0
2024,592696,543877,1.96,32,27.3,0
2022,660271,455139,2.04,20,28.2,1
2022,570731,595978,1.95,39,27.0,0
2022,665120,624431,1.99,29,25.9,0
2022,642201,572287,2.03,13,30.0,0
2022,542932,660688,2.0,46,29.5,0
2022,664702,542194,1.89,19,29.3,0
2023,650402,592663,1.83,50,26.4,0
2023,641796,661388,1.95,47,29.2,0
2023,542932,592663,1.83,50,29.3,0
2023,660670,571912,1.93,36,28.0,0
2023,677551,682626,1.94,57,27.5,0
2023,656775,672386,1.98,48,28.0,1
2023,502054,666310,1.94,44,27.8,0
2023,600869,669257,1.91,56,27.5,0
2023,677649,664874,2.0,28,29.1,0
2023,643393,668670,1.95,30,26.2,0
2023,680776,641680,1.97,57,29.5,0
2023,669004,642336,1.95,24,27.6,0
2023,663368,571912,1.93,36,30.0,0
2023,664023,668670,1.95,30,27.7,0
2023,679032,518595,1.97,39,29.5,0
2023,572233,672275,1.87,51,26.4,0
2023,623993,455117,1.93,55,26.7,0
2024,694497,650907,1.94,8,29.7,0
2024,643396,663728,1.95,70,27.8,0
2024,686676,543877,1.96,32,27.6,0
2024,680869,656577,1.96,26,28.7,0
2024,606466,681351,2.02,59,27.1,0
2024,456781,596117,1.88,22,25.5,1
2024,666139,666310,1.97,38,28.4,0
2024,660271,608348,1.97,51,28.1,0
2024,677950,666023,1.88,23,27.8,0
2024,621020,661388,1.96,58,27.8,0
2024,668715,682626,1.92,37,28.2,0
2024,677950,666023,1.88,23,27.8,0
2024,516782,686452,1.94,12,27.1,0
2024,518692,663743,1.93,60,25.8,0
2024,663538,663886,2.02,64,28.4,1
2025,573262,665561,1.88,24,26.9,1
2025,687363,592663,1.86,50,30.2,0
2025,665161,521692,1.93,17,29.6,1
2025,547180,696100,1.95,45,27.0,0
2025,676609,673237,1.95,72,28.3,0
2025,663538,660688,2.0,42,28.6,0
2025,669364,592663,1.86,50,28.3,0
2025,691718,661388,1.96,46,29.5,1
2021,592192,606988,1.96,9,27.8,0
2021,665487,669257,1.96,56,29.2,0
2021,664774,518595,2.03,14,26.5,0
2021,660634,545358,2.02,25,26.9,0
2021,573262,553869,1.95,20,27.4,0
2021,572816,680777,2.03,34,27.3,0
2022,641531,595978,1.95,39,27.9,1
2022,621028,425877,2.05,19,27.9,1
2022,666176,488771,1.97,11,29.7,0
2022,621035,596117,1.91,17,28.5,0
2022,681082,592200,2.01,13,29.0,0
2022,543257,641680,1.99,46,27.9,1
2022,664023,605170,2.01,34,27.9,0
2022,677551,543877,1.94,37,27.8,0
2025,547180,696100,1.95,45,27.0,0
2022,669352,553869,1.94,28,30.3,0
2022,606192,663728,1.99,47,28.6,0
2023,467793,660688,2.06,64,25.9,0
2023,665862,672515,1.9,33,28.4,0
2023,680911,543228,1.99,45,29.0,0
2023,677951,666310,1.94,44,30.5,0
2023,663837,543877,1.95,35,29.1,1
2023,664238,521692,1.98,26,27.7,0
2023,624415,660688,2.06,64,28.3,0
2023,663538,642851,1.91,23,28.5,1
2024,673490,672275,1.85,58,28.3,0
2024,606192,543228,1.98,12,28.6,0
2024,668715,641680,1.98,70,28.2,0
2024,660821,668670,1.93,30,27.2,1
2024,669364,543510,1.98,38,28.4,0
2024,657041,575929,1.97,29,29.3,0
2024,660271,673237,1.97,73,28.1,0
2024,663837,680777,1.93,40,28.8,0
2024,680869,656577,1.96,26,28.7,0
2024,543760,518735,2.09,31,28.5,0
2024,686611,663698,2.0,35,29.3,0
2024,687529,668939,1.96,55,29.2,0
2024,686823,671056,1.99,28,28.2,0
2024,645277,543309,2.02,44,27.2,0
2025,696285,592663,1.86,50,29.3,0
2025,673357,640902,1.93,13,29.0,0
2025,691594,669257,1.94,53,28.0,0
2025,682998,656180,1.93,35,29.8,0
2025,596115,643376,2.0,60,28.6,0
2025,672016,642136,2.0,38,29.5,0
2025,802415,642851,1.96,19,29.6,0
2025,596115,642136,2.0,38,28.6,0
2025,686668,686780,1.93,52,29.5,1
2025,682829,656180,1.93,35,29.1,0
2025,677951,686948,1.95,63,30.2,0
2025,701358,518595,2.0,33,29.3,0
2021,572039,641598,2.03,15,25.9,0
2021,592663,661388,2.01,11,28.8,0
2021,516782,661388,2.01,11,28.5,0
2021,593160,543877,1.98,43,28.6,0
2021,605412,661388,2.01,11,26.2,0
2021,595751,543592,2.01,18,28.3,0
2021,596115,660688,2.09,6,28.6,0
2022,677551,596142,1.93,29,27.8,0
2022,592518,595978,1.95,39,26.4,0
2022,656537,595978,1.95,39,29.6,0
2022,641553,664731,2.03,15,29.1,0
2022,596019,595751,1.89,16,27.6,0
2022,516782,595751,1.89,16,28.0,0
2022,621493,669004,1.97,20,28.4,0
2022,672284,435559,2.07,16,27.3,0
2022,621439,545358,2.03,33,29.1,0
2022,660670,663743,1.93,23,28.5,0
2022,543939,575929,1.93,23,26.2,0
2022,671739,596117,1.91,17,29.4,1
2023,622761,624512,1.98,21,30.1,0
2023,672515,663743,2.01,44,27.2,0
2023,663647,553869,1.93,51,27.1,1
2023,621566,592663,1.83,50,26.2,0
2023,518792,660688,2.06,64,27.1,0
2023,666969,668670,1.95,30,27.3,0
2023,663656,571912,1.93,36,26.6,0
2023,680776,518735,2.08,69,29.5,0
2023,643446,608348,1.96,23,27.4,0
2023,656775,607732,1.97,41,28.0,0
2023,660670,518735,2.08,69,28.0,0
2023,665926,664874,2.0,28,29.2,0
2023,671221,657136,1.92,60,28.7,0
2023,678894,668800,2.01,33,29.3,0
2023,608369,672515,1.9,33,26.2,0
2023,686217,665804,1.98,17,28.6,0
2023,668227,663743,2.01,44,28.4,0
2023,608070,641680,1.97,57,27.8,0
2023,672515,543228,1.99,45,27.2,0
2024,641313,671056,1.99,28,27.1,0
2024,650489,681351,2.02,59,27.9,1
2024,665926,644433,1.92,9,28.9,0
2024,553993,663886,2.02,64,26.5,0
2024,677594,543877,1.96,32,29.6,0
2024,518792,680779,1.87,10,26.8,0
2024,664238,686676,1.85,46,28.0,0
2024,680474,681351,2.02,59,27.8,0
2024,669701,666310,1.97,38,27.6,1
2024,672820,693307,1.94,8,27.3,1
2024,650559,660688,2.06,57,27.5,0
2024,663368,682626,1.92,37,29.6,0
2024,669003,682626,1.92,37,29.5,0
2025,664023,543309,2.03,45,27.4,0
2025,808975,686780,1.93,52,28.7,0
2025,657656,643376,2.0,60,27.8,1
2025,621439,668670,1.95,20,30.2,0
2025,694671,605170,2.05,28,28.9,0
2025,680577,669257,1.94,53,28.5,0
2025,572233,686452,1.89,6,26.2,1
2025,683146,663728,1.97,55,27.0,0
2025,676679,553869,1.91,25,27.9,0
2025,676609,693307,1.94,60,28.3,0
2021,621433,521692,1.97,28,28.5,1
2021,676801,605170,2.02,28,28.7,0
2021,542340,605170,2.02,28,27.3,0
2021,605141,575929,1.91,37,27.2,0
2021,645302,669257,1.96,56,28.3,1
2021,593871,641470,2.02,30,27.9,0
2021,593934,606992,1.94,21,26.5,1
2021,656775,606992,1.94,21,28.5,0
2021,656541,605170,2.02,28,28.9,0
2021,607043,506702,2.05,18,28.9,1
2021,665862,543510,2.01,35,29.1,0
2022,665862,518595,1.99,36,29.3,0
2022,592743,518735,2.09,29,26.6,0
2022,670768,669257,1.93,32,28.2,0
2022,669720,669004,1.97,20,27.8,1
2022,668227,553882,2.01,23,28.8,0
2022,503556,543877,1.94,37,26.4,0
2022,671739,668663,2.05,8,29.4,0
2022,593428,571912,1.96,31,27.9,0
2022,624428,624431,1.99,29,26.8,0
2022,650489,596142,1.93,29,28.3,0
2022,681082,657709,2.08,21,29.0,0
2023,656413,641680,1.97,57,29.2,0
2023,686681,669127,1.9,68,27.3,0
2023,606132,592663,1.83,50,28.7,0
2023,677951,668670,1.95,30,30.5,0
2023,621439,672275,1.87,51,29.3,0
2023,663586,660688,2.06,64,28.1,0
2023,643393,624431,1.99,18,26.2,0
2023,672779,672515,1.9,33,27.6,0
2023,669242,553882,2.0,25,28.8,0
2023,596019,663728,1.96,66,28.1,0
2023,691026,663886,2.01,36,29.2,0
2023,671277,605170,2.06,31,27.2,0
2023,666134,680777,1.95,27,28.4,0
2024,642715,663698,2.0,35,27.4,0
2024,657061,596117,1.88,22,28.0,1
2024,608385,518595,1.98,37,26.1,0
2024,677587,666023,1.88,23,26.8,1
2024,682928,543309,2.02,44,28.5,0
2024,607043,663743,1.93,60,28.0,0
2024,663616,665804,2.04,50,26.3,0
2024,665833,543309,2.02,44,28.8,0
2024,686668,669224,1.98,45,29.3,0
2024,694388,608348,1.97,51,28.8,1
2024,669701,669127,1.91,70,27.6,0
2025,596019,663743,1.93,48,27.4,0
2025,670770,668939,1.94,29,26.7,0
2025,660271,689414,2.0,38,28.0,0
2025,702616,693307,1.94,60,28.6,0
2025,671284,605170,2.05,28,27.8,0
2025,702332,663743,1.93,48,28.1,0
2025,669065,656577,1.9,18,27.1,0
2025,677951,620443,1.87,29,30.2,1
2025,692216,682663,1.99,53,27.6,0
2025,666211,623168,1.92,38,28.2,0
2025,641355,681508,1.98,14,28.2,0
2021,664702,606992,1.94,21,29.3,0
2021,665742,572287,1.95,28,27.0,0
2021,641313,680777,2.03,34,28.2,0
2021,621028,663886,1.97,22,28.4,0
2021,664058,488771,1.97,11,27.6,0
2021,656541,605131,2.06,21,28.9,0
2021,672284,608700,2.09,26,27.2,0
2021,664774,605170,2.02,28,26.5,1
2021,645277,543510,2.01,35,28.4,0
2022,676801,435559,2.07,16,28.6,1
2022,663656,672386,1.99,27,26.7,0
2022,664314,641680,1.99,46,27.9,0
2022,642731,661531,2.0,27,28.2,0
2022,571448,672386,1.99,27,25.5,1
2022,664056,553882,2.01,23,29.1,0
2022,640492,575929,1.93,23,29.4,0
2022,663897,592663,1.82,44,28.7,0
2022,669242,664731,2.03,15,28.7,0
2022,643393,543877,1.94,37,26.3,0
2023,807799,668939,1.91,51,26.2,0
2023,693049,455117,1.93,55,27.0,0
2023,677551,668670,1.95,30,27.5,0
2023,669357,641511,1.99,27,26.5,0
2023,667452,672386,1.98,48,28.4,0
2023,672284,660688,2.06,64,28.0,0
2023,642136,608348,1.96,23,24.7,0
2023,641584,605170,2.06,31,28.0,0
2023,668939,643376,1.99,30,27.0,0
2023,682829,681351,2.09,20,30.5,1
2023,682829,681351,2.09,20,30.5,0
2023,670156,553869,1.93,51,28.6,0
2023,672695,641680,1.97,57,27.2,0
2023,606466,641680,1.97,57,27.7,0
2024,673490,553869,1.9,33,28.3,0
2024,691026,661388,1.96,58,28.8,0
2024,640492,663743,1.93,60,29.0,0
2024,669364,686676,1.85,46,28.4,1
2024,624641,663698,2.0,35,29.2,0
2024,682928,686780,1.93,39,28.5,0
2024,608701,641680,1.98,70,27.3,0
2024,656305,518595,1.98,37,28.7,1
2024,686765,608348,1.97,51,27.7,0
2024,545121,668939,1.96,55,26.7,0
2024,669003,686780,1.93,39,29.5,0
2024,593428,669257,1.94,57,27.4,1
2025,677594,669127,1.89,67,29.2,0
2025,643396,663743,1.93,48,27.4,0
2025,669065,663698,1.99,39,27.1,0
2025,650859,693307,1.94,60,27.0,0
2025,677950,700337,1.95,46,28.3,0
2025,676059,620443,1.87,29,29.0,1
2025,665742,693307,1.94,60,25.8,0
2025,669326,521692,1.93,17,29.9,0
2025,672356,700337,1.95,46,27.0,0
2021,595777,457763,2.0,26,26.2,0
2021,543760,596142,1.95,25,28.6,0
2021,660670,608700,2.09,26,29.4,0
2021,676391,606988,1.96,9,28.5,1
2021,624503,521692,1.97,28,27.8,0
2021,592669,518735,2.06,29,27.2,0
2021,543333,669257,1.96,56,26.0,1
2022,621035,680777,1.98,25,28.5,0
2022,572233,660688,2.0,46,26.6,1
2022,664056,608348,1.98,39,29.1,0
2022,663586,595751,1.89,16,27.8,0
2022,608703,595284,1.99,8,27.4,0
2022,642201,543877,1.94,37,30.0,0
2022,677951,455139,2.04,20,30.3,0
2022,658668,643376,1.98,22,28.6,1
2022,622761,543309,1.95,22,30.1,0
2022,596019,592663,1.82,44,27.6,0
2022,668804,543228,1.97,28,28.2,0
2023,665923,682626,1.94,57,29.6,0
2023,683011,572287,2.04,33,28.4,0
2023,596103,673237,1.9,35,27.7,1
2023,516416,663886,2.01,36,27.4,1
2023,623205,666023,1.93,27,28.4,1
2023,650489,663728,1.96,66,28.6,0
2023,641943,543228,1.99,45,28.2,0
2023,682829,663728,1.96,66,30.5,1
2023,686217,660688,2.06,64,28.6,0
2023,682928,669221,1.9,53,28.6,0
2024,666152,660688,2.06,57,29.4,0
2024,676059,672515,1.89,26,29.0,0
2024,607680,521692,2.01,24,28.4,0
2024,686668,641680,1.98,70,29.3,0
2024,668942,668939,1.96,55,27.0,1
2024,676059,643376,1.99,38,29.0,0
2024,608070,542194,1.9,29,28.2,0
2024,691182,686780,1.93,39,26.2,0
2024,592696,596142,1.96,20,27.3,0
2024,686765,673237,1.97,73,27.7,0
2024,628451,592200,2.0,31,27.6,1
2024,643217,673237,1.97,73,26.7,0
2024,665926,596142,1.96,20,28.9,0
2024,680776,543510,1.98,38,29.6,0
2024,672580,673237,1.97,73,27.9,1
2024,669242,668939,1.96,55,27.9,0
2024,682829,605170,2.02,35,30.0,0
2024,656775,642020,1.97,15,28.3,0
2024,665862,641680,1.98,70,28.6,0
2024,665750,624431,2.07,44,28.5,0
2024,672580,669224,1.98,45,27.9,0
2025,691594,665804,1.98,7,28.0,0
2025,678554,605170,2.05,28,26.9,0
2025,656537,681351,2.0,50,30.1,0
2025,672640,681351,2.0,50,28.5,0
2025,687363,608348,1.95,39,30.2,0
2025,683002,642136,2.0,38,28.5,0
2025,682829,643376,2.0,60,29.1,0
2025,516782,686948,1.95,63,26.6,0
2025,686217,672275,1.86,44,28.9,1
2025,596115,663698,1.99,39,28.6,0
2025,664056,682626,1.93,35,28.8,1
2025,672640,656180,1.93,35,28.5,0
2025,645302,665861,1.93,6,28.1,1
2025,677951,665561,1.88,24,30.2,0
2021,668227,455117,1.96,32,28.7,0
2021,666211,545358,2.02,25,27.9,0
2021,543543,506702,2.05,18,27.4,0
2021,543939,624513,2.01,28,26.8,0
2021,500743,663886,1.97,22,26.6,1
2021,643524,518735,2.06,29,26.2,1
2021,664702,680777,2.03,34,29.3,0
2021,647351,435559,1.99,26,28.1,0
2022,596103,669221,1.89,33,28.2,0
2022,664670,672386,1.99,27,26.6,1
2022,502671,518595,1.99,36,26.3,0
2022,660670,660688,2.0,46,28.5,0
2022,621563,669257,1.93,32,27.3,0
2022,642715,543309,1.95,22,27.8,0
2023,641313,673237,1.9,35,27.2,0
2023,676801,664874,2.0,28,28.2,0
2023,457705,518735,2.08,69,28.4,0
2023,666139,661388,1.95,47,28.7,0
2023,592696,592663,1.83,50,28.0,1
2023,670764,669257,1.91,56,28.2,0
2023,606466,657136,1.92,60,27.7,0
2023,682829,661388,1.95,47,30.5,0
2023,462101,666310,1.94,44,26.5,0
2023,696285,607732,1.97,41,30.0,0
2023,671289,666165,2.0,21,28.6,0
2024,665923,666310,1.97,38,29.4,0
2024,642180,669257,1.94,57,28.7,0
2024,679032,455117,1.97,17,30.1,0
2024,641658,681351,2.02,59,29.8,0
2024,693304,543228,1.98,12,29.2,0
2024,663330,664874,1.97,10,27.6,0
2024,595281,518735,2.09,31,28.7,0
2024,595978,666023,1.88,23,25.3,0
2024,672284,596117,1.88,22,27.9,0
2024,578428,663743,1.93,60,28.6,0
2024,665750,668939,1.96,55,28.5,0
2024,656775,672386,2.0,55,28.3,0
2024,642136,553869,1.9,33,24.9,0
2024,607043,543877,1.96,32,28.0,0
2024,676801,643376,1.99,38,28.7,0
2024,605141,668939,1.96,55,26.7,0
2024,542194,518735,2.09,31,27.5,0
2024,686611,663743,1.93,60,29.3,0
2025,691176,669087,1.98,11,28.7,0
2025,669707,669257,1.94,53,28.8,0
2025,621020,592663,1.86,50,28.5,0
2025,696285,624431,2.0,47,29.3,0
2025,663662,665804,1.98,7,27.7,0
2025,664056,666023,1.9,35,28.8,0
2025,502671,669257,1.94,53,26.1,0
2025,514888,681351,2.0,50,26.9,1
2025,691026,624431,2.0,47,28.4,0
2025,676609,680777,1.98,34,28.3,0
2025,682998,665966,1.92,63,29.8,0
2025,802415,657136,1.97,32,29.6,0
2021,663624,572287,1.95,28,28.0,1
2021,660271,606988,1.96,9,28.8,0
2021,676694,518735,2.06,29,29.2,0
2022,622761,543309,1.95,22,30.1,0
2022,665161,641680,1.99,46,29.4,0
2022,668227,518735,2.09,29,28.8,0
2022,664913,620443,2.0,20,27.8,0
2022,660670,621512,1.96,30,28.5,0
2022,677649,663728,1.99,47,29.1,0
2022,677951,518735,2.09,29,30.3,0
2022,543760,669127,1.93,14,28.8,1
2022,642731,596142,1.93,29,28.2,1
2022,462101,543592,2.01,36,26.1,0
2023,680757,624431,1.99,18,28.1,0
2023,572191,572287,2.04,33,28.7,0
2023,663697,607732,1.97,41,27.8,0
2023,607208,669221,1.9,53,30.3,0
2023,621035,592663,1.83,50,28.3,0
2023,672284,680777,1.95,27,28.0,0
2023,682928,543228,1.99,45,28.6,0
2023,663656,669134,1.97,10,26.6,0
2023,606192,669127,1.9,68,28.6,0
2023,677951,608348,1.96,23,30.5,1
2023,670156,669221,1.9,53,28.6,0
2024,656305,686452,1.94,12,28.7,0
2024,664238,672386,2.0,55,28.0,0
2024,672580,673237,1.97,73,27.9,0
2024,682829,607732,1.96,44,30.0,1
2024,681082,620443,1.87,19,29.1,0
2024,669364,669221,1.95,39,28.4,0
2024,669003,605131,2.0,27,29.5,0
2024,669364,592663,1.85,39,28.4,0
2024,665833,542194,1.9,29,28.8,0
2024,666176,668670,1.93,30,28.8,1
2024,666310,686676,1.85,46,26.6,0
2024,672640,660688,2.06,57,28.7,0
2024,683002,668670,1.93,30,28.9,0
2024,672640,680777,1.93,40,28.7,0
2025,686555,624431,2.0,47,27.7,0
2025,592450,645444,2.0,25,27.1,0
2025,664238,640902,1.93,13,27.7,0
2025,650859,687221,1.93,15,27.0,1
2025,694192,624431,2.0,47,29.2,0
2025,686217,686780,1.93,52,28.9,0
2025,680574,620443,1.87,29,29.2,0
2025,647351,687221,1.93,15,27.9,0
2025,687401,663698,1.99,39,28.7,0
2025,676391,663743,1.93,48,28.6,0
2025,662139,669257,1.94,53,28.4,1
2021,656669,606988,1.96,9,27.5,1
2021,630105,605131,2.06,21,28.5,0
2021,572122,624513,2.01,28,25.7,1
2021,663656,641470,2.02,30,27.4,0
2021,650333,543309,1.94,28,26.8,0
2021,670032,455139,2.0,8,28.2,0
2022,621439,663728,1.99,47,29.1,0
2022,675656,595978,1.95,39,27.6,0
2022,650489,680777,1.98,25,28.3,0
2022,642180,663728,1.99,47,29.1,0
2022,542364,605170,2.01,34,27.1,0
2022,669352,657136,1.92,15,30.3,0
2022,660757,664874,1.97,14,28.8,1
2022,681987,596142,1.93,29,29.6,0
2022,502671,553882,2.01,23,26.3,0
2023,596103,575929,1.93,34,27.7,1
2023,656811,543309,1.98,43,27.7,0
2023,623993,663743,2.01,44,26.7,0
2023,621020,668670,1.95,30,28.4,0
2023,453568,672386,1.98,48,27.6,0
2023,677594,553882,2.0,25,29.6,0
2023,502054,682626,1.94,57,27.8,0
2023,668731,663886,2.01,36,29.0,0
2023,665923,668670,1.95,30,29.6,0
2024,677951,668939,1.96,55,30.5,0
2024,596019,518595,1.98,37,27.6,1
2024,668709,605170,2.02,35,27.6,1
2024,665926,641680,1.98,70,28.9,1
2024,645277,660688,2.06,57,27.2,0
2024,656775,645305,1.96,18,28.3,1
2024,664238,669127,1.91,70,28.0,0
2025,691718,645444,2.0,25,29.5,0
2025,665750,642136,2.0,38,28.8,0
2025,802415,673237,1.95,72,29.6,0
2025,671277,663728,1.97,55,26.5,1
2025,656941,608348,1.95,39,25.9,0
2025,686668,668800,2.0,13,29.5,0
2025,691176,624431,2.0,47,28.7,0
2025,691026,682663,1.99,53,28.4,0
2025,596019,689414,2.0,38,27.4,0
2025,695681,696100,1.95,45,28.4,0
2021,669242,592663,1.84,16,28.9,1
2021,570256,543592,2.01,18,27.2,0
2021,596146,624431,2.08,29,27.4,0
2021,668670,641470,2.02,30,27.3,0
2021,621433,543877,1.98,43,28.5,0
2021,668731,641470,2.02,30,28.8,0
2021,607054,425877,1.91,24,28.1,0
2021,622110,607732,2.03,29,26.4,0
2022,666464,621512,1.96,30,27.7,0
2022,607208,595978,1.95,39,30.3,0
2022,642731,553882,2.01,23,28.2,0
2022,663698,605131,2.06,17,27.2,0
2023,677594,572287,2.04,33,29.6,0
2023,596019,663743,2.01,44,28.1,0
2023,680911,669134,1.97,10,29.0,0
2023,656716,666165,2.0,21,28.5,0
2023,592885,657136,1.92,60,28.1,0
2023,670764,664874,2.0,28,28.2,0
2023,656775,668670,1.95,30,28.0,0
2023,595879,595956,1.97,30,28.1,0
2023,642350,641680,1.97,57,29.7,1
2023,592518,642336,1.95,24,26.3,0
2023,666185,663743,2.01,44,27.6,0
2023,607208,542194,1.87,39,30.3,0
2023,671221,543309,1.98,43,28.7,0
2023,670770,660688,2.06,64,28.3,0
2023,668715,595956,1.97,30,28.4,0
2023,665487,543510,2.01,25,29.3,0
2023,668731,543877,1.95,35,29.0,0
2023,663656,624512,1.98,21,26.6,1
2023,677951,518735,2.08,69,30.5,0
2024,642350,672386,2.0,55,29.9,0
2024,665877,686676,1.85,46,28.9,0
2024,702358,686676,1.85,46,27.5,0
2024,672580,663728,1.95,70,27.9,0
2024,642708,624512,1.98,16,29.0,1
2024,571657,669127,1.91,70,25.9,1
2024,676391,672275,1.85,58,28.4,0
2024,678882,669224,1.98,45,28.8,0
2024,671732,681351,2.02,59,27.6,0
2024,670242,641680,1.98,70,27.5,0
2024,668952,669127,1.91,70,27.5,0
2024,642201,663886,2.02,64,29.6,0
2025,641680,608348,1.95,39,25.2,0
2025,664040,518595,2.0,33,26.9,1
2025,681624,663698,1.99,39,28.1,0
2025,682177,543877,1.94,39,27.9,1
2025,687597,672275,1.86,44,28.7,1
2025,668942,666023,1.9,35,26.2,0
2025,667670,641598,2.04,23,27.5,0
2025,608070,592663,1.86,50,28.4,0
2025,596019,665966,1.92,63,27.4,0
2025,701350,641598,2.04,23,27.8,0
2025,663656,595978,1.94,21,26.5,0
2025,805367,669257,1.94,53,27.0,0
2025,650489,682663,1.99,53,28.2,0
2025,650333,682663,1.99,53,26.5,0
2025,457705,693307,1.94,60,27.1,1
2025,681082,663728,1.97,55,28.8,0
2025,673548,686948,1.95,63,28.4,0
2025,690987,689414,2.0,38,28.2,0
2025,680700,700337,1.95,46,26.7,0
2021,664761,643376,1.94,12,27.7,0
2021,621563,595956,2.03,14,27.9,1
2021,605548,669221,1.9,31,29.4,0
2021,664913,595978,1.95,27,28.1,0
2021,543257,642336,1.94,17,27.7,0
2022,457705,660688,2.0,46,28.9,0
2022,675656,595978,1.95,39,27.6,0
2022,571657,543228,1.97,28,26.7,1
2022,680776,642336,1.95,24,29.2,0
2022,677951,571466,1.99,38,30.3,0
2022,673548,553882,2.01,23,28.3,0
2022,640492,660688,2.0,46,29.4,0
2022,677951,543592,2.01,36,30.3,0
2023,665828,681351,2.09,20,27.8,0
2023,677951,518735,2.08,69,30.5,0
2023,682998,553869,1.93,51,30.1,0
2023,676609,664874,2.0,28,29.0,0
2023,592206,682626,1.94,57,27.2,0
2023,596019,608348,1.96,23,28.1,0
2023,663538,553882,2.0,25,28.5,0
2023,663538,518735,2.08,69,28.5,0
2023,672580,663728,1.96,66,28.2,1
2023,665923,663728,1.96,66,29.6,0
2023,608070,681351,2.09,20,27.8,0
2023,671289,571912,1.93,36,28.6,0
2023,669720,660688,2.06,64,27.4,0
2024,621438,608348,1.97,51,28.9,0
2024,666149,680779,1.87,10,30.0,1
2024,694671,605131,2.0,27,29.8,0
2024,641857,682626,1.92,37,25.9,1
2024,678225,543309,2.02,44,29.0,0
2024,686668,543309,2.02,44,29.3,0
2024,500743,686780,1.93,39,25.8,0
2024,682177,641680,1.98,70,28.3,0
2024,602104,673237,1.97,73,26.9,0
2024,694359,672386,2.0,55,26.0,0
2024,686668,669221,1.95,39,29.3,0
2024,686611,518735,2.09,31,29.3,0
2024,665926,668670,1.93,30,28.9,0
2024,669242,553869,1.9,33,27.9,0
2025,680977,665561,1.88,24,26.6,0
2025,686475,607732,2.0,36,28.9,0
2025,683011,643376,2.0,60,28.3,0
2025,663586,660688,2.0,42,28.2,0
2025,668930,543877,1.94,39,28.9,0
2025,593428,663743,1.93,48,27.6,0
2025,695734,681351,2.0,50,29.1,0
2025,673237,543309,2.03,45,27.3,0
2025,669261,543877,1.94,39,27.9,0
2025,678882,521692,1.93,17,29.1,0
2025,677587,682626,1.93,35,27.0,0
2025,677594,668939,1.94,29,29.2,1
2025,593428,669257,1.94,53,27.6,1
2025,691176,686780,1.93,52,28.7,0
2025,682998,696100,1.95,45,29.8,0
2025,666139,686780,1.93,52,28.1,1
2025,667670,686780,1.93,52,27.5,0
2025,666160,666023,1.9,35,28.5,0
2025,681715,620443,1.87,29,28.7,1
2021,572008,605131,2.06,21,28.1,0
2021,656305,572287,1.95,28,28.1,0
2021,592663,642336,1.94,17,28.8,0
2021,664774,669257,1.96,56,26.5,0
2021,543063,592663,1.84,16,25.8,0
2021,670032,680777,2.03,34,28.2,0
2021,607208,435559,1.99,26,30.6,0
2021,606992,467092,2.01,12,27.9,0
2021,657557,605131,2.06,21,27.5,0
2021,670351,641470,2.02,30,27.2,1
2021,572816,543309,1.94,28,27.3,0
2022,663837,641680,1.99,46,29.5,0
2022,608070,571466,1.99,38,28.5,0
2022,645302,553869,1.94,28,28.8,0
2022,663897,455117,1.92,40,28.7,0
2022,673548,621512,1.96,30,28.3,0
2022,642731,543228,1.97,28,28.2,0
2022,621020,592663,1.82,44,28.4,1
2022,518692,596142,1.93,29,26.9,1
2022,608703,592663,1.82,44,27.4,0
2022,608336,663698,1.97,22,27.2,0
2022,663538,592663,1.82,44,29.1,0
2023,608671,669127,1.9,68,29.0,1
2023,673548,596142,1.9,24,28.5,1
2023,622761,672275,1.87,51,30.1,1
2023,666969,542194,1.87,39,27.3,0
2023,641313,663743,2.01,44,27.2,0
2023,678662,605131,2.01,29,28.1,0
2023,607208,665804,1.98,17,30.3,0
2023,624415,663728,1.96,66,28.3,0
2023,663538,571912,1.93,36,28.5,0
2023,642708,663728,1.96,66,29.4,0
2023,682998,592663,1.83,50,30.1,0
2024,678662,666163,1.92,47,28.1,0
2024,671732,663698,2.0,35,27.6,0
2024,664238,660688,2.06,57,28.0,0
2024,678246,680779,1.87,10,28.6,0
2024,672761,669257,1.94,57,28.2,1
2024,687401,543877,1.96,32,28.7,0
2024,596019,680777,1.93,40,27.6,0
2024,593160,672275,1.85,58,29.0,1
2024,665953,669221,1.95,39,25.8,0
2024,663538,660688,2.06,57,28.4,0
2024,592273,605170,2.02,35,26.0,0
2024,642715,663698,2.0,35,27.4,0
2024,666158,624431,2.07,44,27.7,0
2025,669397,669257,1.94,53,27.4,0
2025,687401,645444,2.0,25,28.7,0
2025,641680,673237,1.95,72,25.2,0
2025,805779,669087,1.98,11,27.0,0
2025,808982,663743,1.93,48,28.2,0
2025,666149,696100,1.95,45,29.6,0
2025,677950,663728,1.97,55,28.3,0
2025,664983,682663,1.99,53,29.9,0
2025,650489,643376,2.0,60,28.2,0
2025,596019,521692,1.93,17,27.4,0
2025,680474,623168,1.92,38,28.3,0
2025,671732,663728,1.97,55,26.9,1
2025,668885,623168,1.92,38,28.3,0
2025,596115,669127,1.89,67,28.6,0
2021,665926,543309,1.94,28,29.1,0
2021,545361,669257,1.96,56,29.2,0
2021,624415,455117,1.96,32,28.3,1
2021,664040,595956,2.03,14,27.6,0
2021,570256,506702,2.05,18,27.2,0
2021,645277,669257,1.96,56,28.4,1
2021,622534,543877,1.98,43,28.6,0
2021,656775,488771,1.97,11,28.5,0
2021,660162,521692,1.97,28,27.8,1
2021,592178,553869,1.95,20,27.9,0
2021,543760,608596,2.04,26,28.6,0
2021,595879,543877,1.98,43,28.5,0
2022,542364,669257,1.93,32,27.1,0
2022,607054,518595,1.99,36,28.5,0
2022,641355,660688,2.0,46,28.1,0
2022,677951,680777,1.98,25,30.3,0
2022,607208,621512,1.96,30,30.3,0
2022,681082,543592,2.01,36,29.0,0
2022,621035,518595,1.99,36,28.5,0
2022,663647,605170,2.01,34,27.9,0
2022,656775,596142,1.93,29,28.5,1
2022,571448,660688,2.0,46,25.5,0
2022,668804,455139,2.04,20,28.2,0
2022,642350,641680,1.99,46,30.3,0
2022,519203,643376,1.98,22,25.5,1
2022,677551,595978,1.95,39,27.8,0
2023,676609,605170,2.06,31,29.0,0
2023,592518,666165,2.0,21,26.3,0
2023,673490,666165,2.0,21,28.5,0
2023,641355,663743,2.01,44,28.3,0
2023,680776,553869,1.93,51,29.5,0
2023,686217,518735,2.08,69,28.6,0
2023,666971,596142,1.9,24,27.1,0
2023,596019,518595,1.97,39,28.1,0
2023,660670,553869,1.93,51,28.0,0
2023,608671,455117,1.93,55,29.0,0
2023,663837,663886,2.01,36,29.1,0
2023,677951,666310,1.94,44,30.5,0
2024,545121,680779,1.87,10,26.7,0
2024,571448,543309,2.02,44,25.3,1
2024,673490,671056,1.99,28,28.3,0
2024,593428,671056,1.99,28,27.4,0
2024,593871,641680,1.98,70,27.5,1
2024,676609,624431,2.07,44,28.3,0
2024,621028,608348,1.97,51,27.5,0
2024,467793,668832,2.0,18,25.9,0
2024,656413,660688,2.06,57,29.1,0
2024,660271,669127,1.91,70,28.1,0
2024,665862,641680,1.98,70,28.6,0
2024,656775,669224,1.98,45,28.3,0
2024,660271,553869,1.9,33,28.1,0
2025,542932,455117,1.98,31,28.3,0
2025,691718,605131,2.11,11,29.5,0
2025,695578,663886,1.99,35,27.8,0
2025,669242,682626,1.93,35,28.4,0
2025,668930,455117,1.98,31,28.9,0
2025,592450,665966,1.92,63,27.1,0
2025,664059,596142,1.91,9,28.9,0
2025,671289,669257,1.94,53,28.5,0
2025,608070,669127,1.89,67,28.4,1
2025,691176,682663,1.99,53,28.7,0
2025,665742,672275,1.86,44,25.8,0
2025,672761,605170,2.05,28,27.8,0
2025,702332,608348,1.95,39,28.1,0
2025,672640,686948,1.95,63,28.5,0
2025,676391,680777,1.98,34,28.6,0
2021,595879,553882,2.0,47,28.5,1
2021,570481,553869,1.95,20,27.4,1
2021,664238,596142,1.95,25,28.4,0
2021,676801,605244,1.94,7,28.7,1
2021,640457,624512,1.97,14,27.5,0
2022,622534,620443,2.0,20,27.9,1
2022,596115,518735,2.09,29,28.4,0
2022,592669,663698,1.97,22,27.1,0
2022,666624,592663,1.82,44,28.8,0
2022,671277,642020,1.9,11,27.0,0
2022,668942,669257,1.93,32,27.3,0
2023,663837,455117,1.93,55,29.1,1
2023,595281,657136,1.92,60,28.8,0
2023,641857,592663,1.83,50,25.8,1
2023,493329,660688,2.06,64,27.2,0
2023,665487,542194,1.87,39,29.3,0
2023,542932,575929,1.93,34,29.3,0
2023,680574,543228,1.99,45,29.0,0
2023,666181,663743,2.01,44,28.8,0
2023,666310,543877,1.95,35,27.4,0
2023,682626,660688,2.06,64,26.4,0
2023,641313,521692,1.98,26,27.2,0
2023,665742,669127,1.9,68,26.8,0
2023,642731,605131,2.01,29,28.1,1
2024,650489,521692,2.01,24,27.9,1
2024,666969,543228,1.98,12,26.8,0
2024,657136,455117,1.97,17,28.4,0
2024,665926,663728,1.95,70,28.9,0
2024,680776,643376,1.99,38,29.6,0
2024,642715,663698,2.0,35,27.4,1
2024,670042,643376,1.99,38,28.9,0
2024,701538,645305,1.96,18,28.5,0
2024,676475,669257,1.94,57,25.5,0
2024,592518,682626,1.92,37,25.8,0
2024,680776,661531,1.98,7,29.6,1
2024,667670,663728,1.95,70,27.6,1
2024,607208,661388,1.96,58,29.6,1
2024,686668,672515,1.89,26,29.3,0
2025,647304,666163,1.96,19,24.4,1
2025,621020,669257,1.94,53,28.5,0
2025,807712,700337,1.95,46,28.7,0
2025,641487,669127,1.89,67,26.7,0
2025,677951,543877,1.94,39,30.2,0
2025,694671,643376,2.0,60,28.9,1
2025,682928,696100,1.95,45,28.2,0
2025,683011,681351,2.0,50,28.3,0
2025,686217,669257,1.94,53,28.9,0
2025,702332,663743,1.93,48,28.1,1
2025,681082,700250,2.07,10,28.8,0
2025,668227,682626,1.93,35,27.7,0
2025,647304,696100,1.95,45,24.4,0
2021,643396,572287,1.95,28,28.0,0
2021,666135,663886,1.97,22,27.4,0
2021,592178,575929,1.91,37,27.9,0
2021,669242,575929,1.91,37,28.9,0
2021,621020,669257,1.96,56,28.3,0
2022,606466,553869,1.94,28,27.0,0
2022,673490,657709,2.08,21,28.4,0
2022,596146,669004,1.97,20,27.8,0
2022,666158,624512,1.97,34,28.8,0
2022,642201,571912,1.96,31,30.0,0
2022,663697,553882,2.01,23,27.7,1
2022,668227,606992,1.95,29,28.8,0
2022,663743,661388,1.97,18,27.8,0
2022,681987,624512,1.97,34,29.6,0
2022,605141,663698,1.97,22,27.4,1
2023,656582,642851,1.91,23,27.1,1
2023,665742,543877,1.95,35,26.8,0
2023,665923,542194,1.87,39,29.6,0
2023,624641,608348,1.96,23,29.2,0
2023,596019,592663,1.83,50,28.1,0
2023,502110,553869,1.93,51,26.1,0
2023,660670,543877,1.95,35,28.0,0
2023,669257,596142,1.9,24,27.2,0
2023,681297,682626,1.94,57,27.9,0
2023,624428,673237,1.9,35,26.5,1
2023,608070,643376,1.99,30,27.8,0
2023,671739,553882,2.0,25,28.8,0
2023,547180,672515,1.9,33,27.6,0
2024,516782,644433,1.92,9,27.1,0
2024,645277,543228,1.98,12,27.2,0
2024,595909,668832,2.0,18,27.7,0
2024,664238,643376,1.99,38,28.0,0
2024,668227,620443,1.87,19,28.1,1
2024,663368,663886,2.02,64,29.6,0
2024,683011,608348,1.97,51,28.6,0
2024,663457,661388,1.96,58,27.0,0
2024,682985,668939,1.96,55,27.7,1
2024,686452,663743,1.93,60,28.3,0
2024,681082,682626,1.92,37,29.1,0
2024,657757,543309,2.02,44,26.7,0
2025,608324,543309,2.03,45,26.0,0
2025,691718,592663,1.86,50,29.5,0
2025,641313,682663,1.99,53,27.9,1
2025,672016,666023,1.9,35,29.5,0
2025,680737,596142,1.91,9,29.4,0
2025,645277,663728,1.97,55,27.2,0
2025,682622,608348,1.95,39,29.0,0
2021,663757,607732,2.03,29,28.8,0
2021,663538,663886,1.97,22,28.8,0
2021,474832,592663,1.84,16,25.6,0
2021,668804,425877,1.91,24,28.6,0
2021,660271,606988,1.96,9,28.8,1
2021,657077,455117,1.96,32,27.0,0
2022,640492,518595,1.99,36,29.4,0
2022,514888,571466,1.99,38,28.1,1
2022,641680,435559,2.07,16,26.0,0
2022,660271,641680,1.99,46,28.2,0
2022,664056,664731,2.03,15,29.1,1
2022,592273,660688,2.0,46,27.0,0
2022,518692,664850,2.05,7,26.9,0
2022,657656,543309,1.95,22,27.6,1
2022,668942,663698,1.97,22,27.3,0
2022,621550,519222,2.08,18,27.8,0
2022,660670,663728,1.99,47,28.5,0
2022,502054,455139,2.04,20,27.9,0
2023,462101,571912,1.93,36,26.5,0
2023,677951,553869,1.93,51,30.5,0
2023,624585,518735,2.08,69,26.6,0
2023,667452,572287,2.04,33,28.4,0
2023,676694,572287,2.04,33,29.2,0
2023,657041,575929,1.93,34,29.3,0
2023,621028,669221,1.9,53,28.0,0
2023,807799,669127,1.9,68,26.2,0
2023,657041,672275,1.87,51,29.3,0
2023,680574,608348,1.96,23,29.0,1
2023,593428,642851,1.91,23,27.6,0
2023,444482,596142,1.9,24,27.0,0
2023,681481,673237,1.9,35,28.1,0
2023,681351,543510,2.01,25,27.9,1
2023,595281,521692,1.98,26,28.8,0
2023,606466,669257,1.91,56,27.7,0
2024,624428,673237,1.97,73,26.7,0
2024,545121,673237,1.97,73,26.7,1
2024,666181,669257,1.94,57,28.8,1
2024,592885,608348,1.97,51,28.5,0
2024,676369,663728,1.95,70,27.5,0
2024,664983,660688,2.06,57,29.8,0
2024,680700,680777,1.93,40,27.9,0
2024,664901,669221,1.95,39,26.5,0
2024,681297,663728,1.95,70,28.2,1
2024,645277,672515,1.89,26,27.2,0
2024,686469,668670,1.93,30,25.6,0
2024,663368,663886,2.02,64,29.6,1
2024,665862,608348,1.97,51,28.6,0
2024,657041,666023,1.88,23,29.3,0
2024,669242,665804,2.04,50,27.9,0
2024,672640,660688,2.06,57,28.7,1
2024,676801,668670,1.93,30,28.7,0
2025,596115,641680,2.01,44,28.6,0
2025,671732,455117,1.98,31,26.9,0
2025,686217,696100,1.95,45,28.9,0
2025,683146,686780,1.93,52,27.0,0
2025,681393,607732,2.0,36,28.8,0
2025,592663,663886,1.99,35,28.4,1
2025,516782,669224,1.97,42,26.6,0
2025,673357,663698,1.99,39,29.0,0
2025,669720,642136,2.0,38,27.6,0
2025,547180,620443,1.87,29,27.0,1
2025,677942,592663,1.86,50,28.8,1
2021,606132,457763,2.0,26,28.3,1
2021,643217,467092,2.01,12,27.6,0
2021,595777,608596,2.04,26,26.2,0
2021,542364,605170,2.02,28,27.5,1
2021,516770,669257,1.96,56,26.2,1
2021,665487,663886,1.97,22,29.2,0
2022,628451,518595,1.99,36,27.4,0
2022,658668,624431,1.99,29,28.6,0
2022,592273,605170,2.01,34,27.0,1
2022,664023,543592,2.01,36,27.9,0
2022,592663,663698,1.97,22,28.7,0
2022,640449,605170,2.01,34,26.6,0
2022,623205,624431,1.99,29,29.1,0
2023,444482,596117,1.87,18,27.0,0
2023,677594,543309,1.98,43,29.6,0
2023,650489,455117,1.93,55,28.6,0
2023,676801,641680,1.97,57,28.2,0
2023,665923,518735,2.08,69,29.6,0
2023,664761,663743,2.01,44,26.6,0
2023,679032,672275,1.87,51,29.5,0
2023,676801,668939,1.91,51,28.2,1
2023,676946,642851,1.91,23,28.6,1
2023,665750,650907,1.87,11,29.1,0
2024,680700,641680,1.98,70,27.9,0
2024,680776,669127,1.91,70,29.6,0
2024,607208,571912,1.97,27,29.6,0
2024,702358,672275,1.85,58,27.5,0
2024,663757,672386,2.0,55,26.9,1
2024,669699,666023,1.88,23,27.8,0
2024,694192,669134,1.97,25,29.7,0
2024,593160,663886,2.02,64,29.0,0
2024,596103,621512,1.93,27,28.2,0
2024,671739,665804,2.04,50,28.3,0
2024,669127,553869,1.9,33,27.8,0
2024,660670,665804,2.04,50,27.7,0
2024,592450,592200,2.0,31,26.8,0
2024,609280,543309,2.02,44,26.6,1
2024,662139,624512,1.98,16,28.5,0
2022,670770,605170,2.01,34,28.1,1
2024,656716,669224,1.98,45,28.4,0
2024,677800,669224,1.98,45,27.5,0
2024,660271,663743,1.93,60,28.1,0
2025,683083,607732,2.0,36,29.8,0
2025,607208,542963,1.93,5,30.3,0
2025,681624,682663,1.99,53,28.1,0
2025,686611,663743,1.93,48,29.0,0
2025,668885,666023,1.9,35,28.3,1
2025,682998,665966,1.92,63,29.8,1
2025,665487,691019,1.96,31,28.6,0
2021,663757,605131,2.06,21,28.8,0
2021,656555,519390,2.09,18,26.4,0
2021,656775,596142,1.95,25,28.5,0
2022,592518,518595,1.99,36,26.4,0
2022,606132,657136,1.92,15,28.2,0
2022,664056,663698,1.97,22,29.1,0
2022,671277,553882,2.01,23,27.0,1
2022,665161,663743,1.93,23,29.4,0
2022,673357,641680,1.99,46,27.9,0
2022,640492,592663,1.82,44,29.4,1
2022,643393,669004,1.97,20,26.3,0
2022,666211,545358,2.03,33,26.8,0
2022,645302,592663,1.82,44,28.8,0
2022,643376,455139,2.04,20,27.5,0
2023,663538,605131,2.01,29,28.5,0
2023,669242,663728,1.96,66,28.8,0
2023,681082,672386,1.98,48,28.8,0
2023,671277,664954,2.07,11,27.2,0
2023,664983,553869,1.93,51,30.0,0
2023,669004,663743,2.01,44,27.6,0
2023,664983,542194,1.87,39,30.0,0
2023,682928,672275,1.87,51,28.6,0
2023,680757,518735,2.08,69,28.1,0
2023,663538,666023,1.93,27,28.5,0
2023,670042,663728,1.96,66,28.8,1
2024,641933,663728,1.95,70,27.5,0
2024,686217,663728,1.95,70,29.3,0
2024,572191,672275,1.85,58,28.5,0
2024,676356,621512,1.93,27,29.8,0
2024,702358,686676,1.85,46,27.5,0
2024,680777,660688,2.06,57,26.3,0
2024,621028,621512,1.93,27,27.5,0
2024,676391,657136,1.95,46,28.4,1
2024,672279,663743,1.93,60,28.3,1
2024,676475,672275,1.85,58,25.5,0
2024,682998,605131,2.0,27,29.6,0
2024,657041,620443,1.87,19,29.3,1
2024,682622,656577,1.96,26,28.8,1
2024,668930,669257,1.94,57,29.3,0
2024,666971,663743,1.93,60,26.6,0
2024,665862,542194,1.9,29,28.6,0
2025,656941,660688,2.0,42,25.9,1
2025,691718,641680,2.01,44,29.5,0
2025,682668,689414,2.0,38,29.6,0
2025,664238,642851,1.96,19,27.7,0
2025,656976,689414,2.0,38,26.3,0
2025,607680,669087,1.98,11,28.4,0
2024,665862,542194,1.9,29,28.6,0
2025,702332,592663,1.86,50,28.1,0
2025,808975,700337,1.95,46,28.7,0
2025,696030,607732,2.0,36,28.5,0
2025,596019,681351,2.0,50,27.4,0
2025,671289,623168,1.92,38,28.5,0
2021,646240,467092,2.01,12,27.1,1
2021,607054,624513,2.01,28,28.1,0
2021,623993,455117,1.96,32,26.2,1
2021,572191,543877,1.98,43,28.2,0
2021,594809,641598,2.03,15,28.0,0
2021,457708,624512,1.97,14,27.4,0
2021,444482,605170,2.02,28,27.6,0
2022,605141,543592,2.01,36,27.4,0
2022,669256,542194,1.89,19,28.6,1
2022,666182,455117,1.92,40,27.5,1
2022,572204,595284,1.99,8,27.7,1
2022,669242,592200,2.01,13,28.7,0
2022,595777,592200,2.01,13,26.6,0
2022,542364,624512,1.97,34,27.1,0
2022,641553,661531,2.0,27,29.1,0
2022,592663,621512,1.96,30,28.7,0
2022,542932,669257,1.93,32,29.5,0
2022,592450,545358,2.03,33,27.3,0
2022,680757,518735,2.09,29,28.4,0
2022,662139,605131,2.06,17,28.0,0
2022,687093,668663,2.05,8,27.7,1
2022,668942,642851,2.04,15,27.3,0
2022,664238,669127,1.93,14,28.3,0
2023,608070,663728,1.96,66,27.8,0
2023,681082,663886,2.01,36,28.8,0
2023,682985,572287,2.04,33,28.1,0
2023,571448,624512,1.98,21,24.9,0
2023,660670,592663,1.83,50,28.0,0
2023,678662,518595,1.97,39,28.1,1
2023,680776,518735,2.08,69,29.5,0
2023,673490,595453,1.99,18,28.5,1
2023,621439,521692,1.98,26,29.3,0
2023,665926,518595,1.97,39,29.2,0
2023,643289,595453,1.99,18,28.1,0
2023,680869,553869,1.93,51,29.0,0
2023,650489,682626,1.94,57,28.6,0
2023,672515,543228,1.99,45,27.2,1
2023,608324,663728,1.96,66,26.3,1
2024,605141,553882,2.04,18,26.7,0
2024,656775,668832,2.0,18,28.3,0
2024,665742,661388,1.96,58,26.8,0
2024,683011,543309,2.02,44,28.6,1
2024,650859,605131,2.0,27,26.9,0
2024,666969,521692,2.01,24,26.8,1
2024,663697,518735,2.09,31,28.0,0
2024,695578,620443,1.87,19,28.7,0
2024,673490,518735,2.09,31,28.3,0
2024,664983,656577,1.96,26,29.8,0
2025,645277,607732,2.0,36,27.2,0
2025,677594,681351,2.0,50,29.2,0
2025,571970,686780,1.93,52,27.0,0
2025,678882,669224,1.97,42,29.1,0
2022,665833,605170,2.01,34,29.9,0
2022,677649,455117,1.92,40,29.1,0
2022,681987,596142,1.93,29,29.6,0
2023,660644,657136,1.92,60,26.9,1
2023,666139,518735,2.08,69,28.7,0
2023,668843,641680,1.97,57,27.0,1
2023,669261,642851,1.91,23,28.6,0
2023,623993,543877,1.95,35,26.7,1
2023,676801,669127,1.9,68,28.2,0
2023,664056,521692,1.98,26,28.8,0
2023,663586,672275,1.87,51,28.1,0
2023,641355,571912,1.93,36,28.3,1
2023,621563,660688,2.06,64,27.8,0
2023,571657,553882,2.0,25,26.5,1
2023,664059,641680,1.97,57,29.2,0
2023,669242,571912,1.93,36,28.8,1
2024,671289,669127,1.91,70,28.2,1
2024,676801,669224,1.98,45,28.7,0
2024,516782,663886,2.02,64,27.1,0
2024,592663,660688,2.06,57,28.4,1
2024,661388,663698,2.0,35,26.4,0
2024,671289,608348,1.97,51,28.2,0
2024,622534,663728,1.95,70,27.5,0
2024,670042,666023,1.88,23,28.9,0
2024,665487,672515,1.89,26,28.4,0
2024,663368,663886,2.02,64,29.6,0
2024,691718,686780,1.93,39,30.0,0
2024,682928,656577,1.96,26,28.5,0
2024,682928,661388,1.96,58,28.5,0
2024,672279,518595,1.98,37,28.3,0
2024,664983,553869,1.9,33,29.8,0
2024,695578,665804,2.04,50,28.7,0
2024,671732,641680,1.98,70,27.6,0
2025,677347,595978,1.94,21,29.0,0
2025,467793,680777,1.98,34,25.6,0
2024,672279,518595,1.98,37,28.3,0
2025,679845,693307,1.94,60,28.4,1
2025,667472,680779,1.89,25,28.4,0
2025,650333,543309,2.03,45,26.5,0
2025,663728,518595,2.0,33,26.0,0
2025,691406,686780,1.93,52,26.7,0
2025,683227,605170,2.05,28,27.5,0
2025,676609,668939,1.94,29,28.3,0
2021,592518,669257,1.96,56,26.4,0
2021,641933,595284,1.94,15,29.6,0
2021,669222,605131,2.06,21,29.0,0
2021,571970,519390,2.09,18,26.7,0
2021,665489,664874,2.04,13,27.0,0
2021,680776,467092,2.01,12,29.3,0
2021,622110,680777,2.03,34,26.4,0
2021,543510,661388,2.01,11,26.7,1
2021,664023,668800,2.0,13,27.7,0
2022,658668,595978,1.95,39,28.6,0
2022,669016,455117,1.92,40,28.8,1
2022,666158,543228,1.97,28,28.8,1
2022,623205,668939,1.93,24,29.1,0
2022,672695,642851,2.04,15,27.3,0
2022,669374,605131,2.06,17,27.5,0
2022,660162,571466,1.99,38,27.4,0
2022,542932,605170,2.01,34,29.5,0
2023,575929,605131,2.01,29,26.7,0
2023,678225,571466,1.99,21,29.7,1
2023,665923,642336,1.95,24,29.6,1
2023,677594,455117,1.93,55,29.6,0
2023,680776,669221,1.9,53,29.5,0
2023,502671,608348,1.96,23,26.4,0
2023,660670,657136,1.92,60,28.0,0
2023,669397,660688,2.06,64,27.9,0
2023,686668,669257,1.91,56,29.9,1
2023,543807,660688,2.06,64,27.8,0
2023,518692,668670,1.95,30,26.7,0
2023,682928,518735,2.08,69,28.6,0
2023,592663,553882,2.0,25,28.6,1
2023,686668,543228,1.99,45,29.9,0
2024,641343,665804,2.04,50,27.2,0
2024,678882,680777,1.93,40,28.8,1
2024,642086,624431,2.07,44,25.6,0
2024,664761,668939,1.96,55,26.3,0
2024,514888,608348,1.97,51,27.1,0
2024,666915,624431,2.07,44,28.6,0
2024,665862,682626,1.92,37,28.6,0
2024,678882,641680,1.98,70,28.8,0
2024,660271,680728,2.04,13,28.1,0
2024,680869,668670,1.93,30,28.7,0
2024,700242,669127,1.91,70,28.1,0
2024,607208,686452,1.94,12,29.6,1
2025,641584,641680,2.01,44,28.4,1
2025,607208,672275,1.86,44,30.3,1
2025,694192,693307,1.94,60,29.2,0
2025,687263,663728,1.97,55,28.1,0
2025,649966,668939,1.94,29,26.0,0
2023,672356,668670,1.95,30,28.0,1
2023,541645,666165,2.0,21,28.3,0
2023,669352,624431,1.99,18,30.2,1
2023,606132,592663,1.83,50,28.7,1
2023,667670,521692,1.98,26,27.1,0
2023,666150,660688,2.06,64,26.4,1
2023,641658,672275,1.87,51,29.8,0
2023,677594,642336,1.95,24,29.6,1
2023,646240,643376,1.99,30,26.0,0
2023,665926,543228,1.99,45,29.2,0
2023,682829,663728,1.96,66,30.5,0
2023,665926,680777,1.95,27,29.2,0
2023,676801,668939,1.91,51,28.2,0
2023,683002,595956,1.97,30,28.8,0
2024,668804,592663,1.85,39,28.0,0
2024,669743,643376,1.99,38,28.0,0
2024,702358,657136,1.95,46,27.5,0
2024,592696,657136,1.95,46,27.3,0
2024,673490,644433,1.92,9,28.3,0
2024,664983,455117,1.97,17,29.8,0
2024,672284,575929,1.97,29,27.9,0
2024,676694,607732,1.96,44,28.9,1
2024,669137,642136,2.01,15,27.7,0
2024,666149,666310,1.97,38,30.0,0
2024,695578,672275,1.85,58,28.7,0
2024,687263,661531,1.98,7,28.2,0
2024,682617,553869,1.9,33,27.5,1
2024,670623,592663,1.85,39,25.9,0
2024,671739,666023,1.88,23,28.3,0
2024,663538,571912,1.97,27,28.4,0
2025,695578,592663,1.86,50,27.8,0
2025,665833,663743,1.93,48,29.2,0
2025,665833,663743,1.93,48,29.2,0
2025,660844,624431,2.0,47,27.8,0
2025,676694,666023,1.9,35,28.2,1
2025,686555,663698,1.99,39,27.7,0
2025,691026,687221,1.93,15,28.4,0
2025,677588,663743,1.93,48,27.7,0
2025,668942,543309,2.03,45,26.2,0
2025,683002,518595,2.0,33,28.5,1
2025,665862,663728,1.97,55,27.6,1
2025,656716,642136,2.0,38,28.3,0
2025,664056,656180,1.93,35,28.8,1
2025,696285,689414,2.0,38,29.3,0
2025,596115,595978,1.94,21,28.6,0
2025,676914,694212,1.93,8,27.6,0
2025,543877,543309,2.03,45,24.7,0
2021,545350,553882,2.0,47,28.8,0
2021,572191,672386,1.94,15,28.2,0
2021,572816,553882,2.0,47,27.3,1
2021,666971,661388,2.01,11,26.7,1
2021,621006,642336,1.94,17,29.2,1
2021,606192,641470,2.02,30,28.5,0
2021,607043,660688,2.09,6,28.9,0
2021,624428,669257,1.96,56,27.1,0
2021,640457,672386,1.94,15,27.5,1
2021,656541,656180,1.98,13,28.9,0
2022,673357,620443,2.0,20,27.9,0
2022,592450,572287,2.03,13,27.3,0
2022,664238,672515,1.92,14,28.3,0
2022,621028,663743,1.93,23,27.9,0
2022,665833,663743,1.93,23,29.9,1
2022,642708,664874,1.97,14,29.4,0
2023,677951,672386,1.98,48,30.5,0
2023,660670,575929,1.93,34,28.0,1
2023,680757,660688,2.06,64,28.1,0
2023,676609,592663,1.83,50,29.0,0
2023,667452,664874,2.0,28,28.4,0
2023,680118,669257,1.91,56,30.3,0
2023,655316,596142,1.9,24,28.0,0
2023,686668,543877,1.95,35,29.9,0
2024,623912,661388,1.96,58,28.0,1
2024,683011,656577,1.96,26,28.6,0
2024,677594,668832,2.0,18,29.6,1
2024,665862,592663,1.85,39,28.6,1
2024,671289,543877,1.96,32,28.2,0
2024,608385,669221,1.95,39,26.1,0
2024,656775,666163,1.92,47,28.3,0
2024,682177,663728,1.95,70,28.3,0
2024,676609,543877,1.96,32,28.3,0
2024,650402,672386,2.0,55,26.6,1
2024,666181,575929,1.97,29,28.8,0
2024,545121,682626,1.92,37,26.7,0
2024,655316,663698,2.0,35,27.6,0
2024,676475,663698,2.0,35,25.5,1
2024,663538,686676,1.85,46,28.4,1
2024,663837,669134,1.97,25,28.8,0
2025,694192,642851,1.96,19,29.2,1
2025,672695,666163,1.96,19,27.2,0
2025,660821,642136,2.0,38,27.0,0
2025,664056,672275,1.86,44,28.8,0
2025,682668,608348,1.95,39,29.6,0
2025,665742,665966,1.92,63,25.8,0
2025,682985,686780,1.93,52,26.7,1
2025,686555,669257,1.94,53,27.7,0
2025,683002,608348,1.95,39,28.5,1
2025,665742,686948,1.95,63,25.8,0
2025,621020,686948,1.95,63,28.5,0
2021,543877,572287,1.95,28,25.2,0
2021,665862,444489,1.94,21,29.1,0
2021,664059,545358,2.02,25,29.4,0
2021,641933,669257,1.96,56,29.6,0
2025,607043,660688,2.0,42,27.3,0
2025,686475,455117,1.98,31,28.9,0
2025,695578,681351,2.0,50,27.8,0
2025,680776,643376,2.0,60,29.1,0
2025,694192,656180,1.93,35,29.2,1
2025,686217,663698,1.99,39,28.9,0
2025,676439,669127,1.89,67,26.2,0
2025,593428,663728,1.97,55,27.6,0
2025,680776,694212,1.93,8,29.1,0
2025,596115,669127,1.89,67,28.6,0
2021,624428,553882,2.0,47,27.1,1
2021,457708,595978,1.95,27,27.4,0
2021,595777,624513,2.01,28,26.2,0
2021,545341,620443,2.0,9,28.1,1
2021,647351,596142,1.95,25,28.1,0
2021,665750,455117,1.96,32,29.7,0
2021,643396,543309,1.94,28,28.0,0
2021,641531,680777,2.03,34,28.2,0
2021,493329,518595,2.03,14,27.0,0
2022,518735,543877,1.94,37,22.1,0
2022,664056,553882,2.01,23,29.1,0
2022,642201,663728,1.99,47,30.0,0
2022,593160,606992,1.95,29,28.6,0
2022,514917,596117,1.91,17,28.3,0
2023,663538,605170,2.06,31,28.5,0
2025,676439,669127,1.89,67,26.2,0
2023,665506,663743,2.01,44,27.8,0
2023,681082,663743,2.01,44,28.8,0
2023,680777,663728,1.96,66,26.5,0
2023,676694,595956,1.97,30,29.2,1
2024,686668,641680,1.98,70,29.3,0
2024,518735,665804,2.04,50,23.2,0
2024,670541,663728,1.95,70,26.1,0
2024,624641,668939,1.96,55,29.2,0
2024,657041,663886,2.02,64,29.3,0
2024,592206,669257,1.94,57,27.4,0
2024,668942,666163,1.92,47,27.0,0
2024,678246,668939,1.96,55,28.6,0
2024,673357,668832,2.0,18,28.8,0
2024,694671,669127,1.91,70,29.8,0
2024,676475,592200,2.0,31,25.5,1
2024,683011,666310,1.97,38,28.6,0
2025,665161,669087,1.98,11,29.6,0
2025,682928,663886,1.99,35,28.2,0
2025,686611,663886,1.99,35,29.0,0
2025,671739,660688,2.0,42,28.5,0
2025,808982,553869,1.91,25,28.2,0
2025,668227,595978,1.94,21,27.7,0
2025,686217,680779,1.89,25,28.9,0
2025,660271,661388,1.96,46,28.0,0
2025,665487,656180,1.93,35,28.6,0
2025,802415,663886,1.99,35,29.6,0
2025,656941,693307,1.94,60,25.9,0
2025,677594,700337,1.95,46,29.2,0
2025,666969,518595,2.0,33,27.0,0
2025,620443,693307,1.94,60,26.6,0
2025,694671,682626,1.93,35,28.9,0
2025,500743,672275,1.86,44,25.9,0
2025,665742,608348,1.95,39,25.8,0
2021,641553,606992,1.94,21,29.7,0
2021,622761,642336,1.94,17,30.3,0
2021,642715,607732,2.03,29,28.0,0
2021,673357,663886,1.97,22,28.0,0
2021,663993,435559,1.99,26,27.3,0
2021,663757,669257,1.96,56,28.8,0
2022,665926,518735,2.09,29,29.3,0
2022,592626,425877,2.05,19,26.0,1
2022,643396,518735,2.09,29,28.4,0
2022,607208,543592,2.01,36,30.3,0
2022,571448,592663,1.82,44,25.5,0
2022,664983,668663,2.05,8,30.1,0
2022,592885,575929,1.93,23,28.1,1
2022,668751,642020,1.9,11,26.1,0
2022,664238,669127,1.93,14,28.3,0
2023,677551,660688,2.06,64,27.5,0
2023,664702,669127,1.9,68,29.2,0
2023,668709,592663,1.83,50,27.2,0
2023,666160,543309,1.98,43,28.6,0
2023,665487,643376,1.99,30,29.3,0
2023,682998,663886,2.01,36,30.1,0
2023,676475,592663,1.83,50,25.6,0
2023,665742,518735,2.08,69,26.8,0
2024,665926,668832,2.0,18,28.9,0
2024,691026,672515,1.89,26,28.8,0
2024,686894,666163,1.92,47,28.6,0
2024,623912,643376,1.99,38,28.0,0
2024,592518,681351,2.02,59,25.8,0
2024,592885,642136,2.01,15,28.5,0
2024,668885,663728,1.95,70,28.3,1
2024,668930,621512,1.93,27,29.3,0
2024,657041,682626,1.92,37,29.3,0
2024,670541,645305,1.96,18,26.1,0
2024,673357,641680,1.98,70,28.8,0
2024,701538,645305,1.96,18,28.5,0
2024,663609,543309,2.02,44,24.9,0
2024,676475,543309,2.02,44,25.5,0
2024,514888,543309,2.02,44,27.1,0
2024,593428,686676,1.85,46,27.4,0
2024,593160,682626,1.92,37,29.0,0
2025,691718,553869,1.91,25,29.5,0
2025,663897,663698,1.99,39,28.4,0
2025,691406,661388,1.96,46,26.7,0
2025,808975,620443,1.87,29,28.7,0
2025,592885,680779,1.89,25,28.2,0
2025,607208,669127,1.89,67,30.3,0
2025,686555,663743,1.93,48,27.7,1
2025,665487,650968,2.0,24,28.6,1
2025,596115,682663,1.99,53,28.6,0
2025,672695,640902,1.93,13,27.2,0
2025,672724,661388,1.96,46,29.2,0
2025,592885,669257,1.94,53,28.2,0
2021,573262,605170,2.02,28,27.4,0
2021,641313,543877,1.98,43,28.2,0
2021,592444,608596,2.04,26,27.4,1
2021,669242,518735,2.06,29,28.9,0
2021,668731,595956,2.03,14,28.8,1
2021,641313,666163,1.92,8,28.2,1
2022,673357,572287,2.03,13,27.9,0
2022,642350,641680,1.99,46,30.3,0
2022,666969,595978,1.95,39,27.9,0
2022,596103,543592,2.01,36,28.2,0
2022,670032,672386,1.99,27,27.7,0
2022,672284,543877,1.94,37,27.3,1
2023,647304,663743,2.01,44,25.8,0
2023,650333,595453,1.99,18,26.1,1
2023,662139,673237,1.9,35,28.1,0
2023,608070,521692,1.98,26,27.8,0
2023,606132,663886,2.01,36,28.7,1
2023,677951,666310,1.94,44,30.5,0
2023,677649,455117,1.93,55,29.1,0
2023,680118,681807,1.92,8,30.3,0
2023,666969,596142,1.9,24,27.3,0
2023,678662,605131,2.01,29,28.1,0
2023,679032,660688,2.06,64,29.5,0
2023,673490,661388,1.95,47,28.5,0
2023,663993,543877,1.95,35,27.3,0
2023,593428,672275,1.87,51,27.6,0
2023,679032,605170,2.06,31,29.5,0
2023,667670,455117,1.93,55,27.1,0
2023,660670,596117,1.87,18,28.0,1
2023,694497,663728,1.96,66,29.6,0
2024,641658,553882,2.04,18,29.8,0
2024,607680,571912,1.97,27,28.4,0
2024,656775,666023,1.88,23,28.3,0
2024,657041,605170,2.02,35,29.3,0
2025,664056,669257,1.94,53,28.8,0
2025,666018,669224,1.97,42,25.9,1
2025,668904,700337,1.95,46,26.8,0
2025,702616,663698,1.99,39,28.6,0
2021,621438,605170,2.02,28,28.6,0
2021,570256,668800,2.0,13,27.2,0
2021,668731,641470,2.02,30,28.8,0
2021,676694,435559,1.99,26,29.2,0
2021,645277,669257,1.96,56,28.4,0
2022,669242,521692,1.99,18,28.7,1
2022,596103,661388,1.97,18,28.2,0
2022,592663,518595,1.99,36,28.7,0
2022,592273,642851,2.04,15,27.0,1
2022,641355,663698,1.97,22,28.1,0
2022,640492,608348,1.98,39,29.4,0
2022,543760,642336,1.95,24,28.8,1
2022,543807,657136,1.92,15,28.3,1
2023,668731,668939,1.91,51,29.0,0
2023,575929,666165,2.0,21,26.7,1
2023,677649,592200,1.99,13,29.1,1
2023,665923,666023,1.93,27,29.6,0
2023,621563,660688,2.06,64,27.8,0
2023,677951,553869,1.93,51,30.5,1
2023,660670,672515,1.9,33,28.0,1
2023,518692,595453,1.99,18,26.7,0
2023,621563,657136,1.92,60,27.8,0
2023,596019,596142,1.9,24,28.1,0
2023,660688,668800,2.01,33,25.1,0
2023,671277,666165,2.0,21,27.2,0
2023,682998,543228,1.99,45,30.1,0
2023,660670,543228,1.99,45,28.0,1
2024,664238,596142,1.96,20,28.0,1
2024,642350,553869,1.9,33,29.9,0
2024,696285,663743,1.93,60,29.7,0
2024,660644,669257,1.94,57,27.5,1
2024,672640,669134,1.97,25,28.7,0
2024,663538,663886,2.02,64,28.4,0
2024,595777,672515,1.89,26,26.5,0
2024,670032,680777,1.93,40,27.1,0
2024,595909,672275,1.85,58,27.7,0
2024,663897,660688,2.06,57,28.6,0
2024,682829,686780,1.93,39,30.0,0
2024,543760,669127,1.91,70,28.5,0
2025,694671,666163,1.96,19,28.9,0
2025,671221,693307,1.94,60,27.6,0
2025,592450,666163,1.96,19,27.1,1
2025,694497,455117,1.98,31,29.0,0
2025,696285,661388,1.96,46,29.3,0
2025,680977,687221,1.93,15,26.6,1
2025,593428,645444,2.0,25,27.6,0
2025,695578,521692,1.93,17,27.8,0
2025,681508,680862,2.0,9,26.8,0
2025,671732,693307,1.94,60,26.9,1
2025,656305,694212,1.93,8,28.1,1
2025,665833,665966,1.92,63,29.2,0
2025,676391,669257,1.94,53,28.6,0
2021,642423,553882,2.0,47,28.8,0
2021,543877,642336,1.94,17,25.2,0
2021,575929,605131,2.06,21,27.5,1
2021,593160,596142,1.95,25,28.6,0
2021,592450,620443,2.0,9,27.7,0
2021,591720,543877,1.98,43,26.9,0
2021,660634,669221,1.9,31,26.9,0
2021,516782,488771,1.97,11,28.5,0
2021,608070,624431,2.08,29,28.1,0
2022,608070,669221,1.89,33,28.5,0
2022,664670,657709,2.08,21,26.6,0
2022,664238,641680,1.99,46,28.3,0
2022,656582,680777,1.98,25,26.8,0
2022,596115,571912,1.96,31,28.4,0
2022,680757,542194,1.89,19,28.4,0
2022,518692,661531,2.0,27,26.9,0
2023,650402,666165,2.0,21,26.4,0
2023,664728,506702,1.96,11,27.6,0
2023,668472,680777,1.95,27,26.3,1
2023,647304,657136,1.92,60,25.8,0
2023,592663,455117,1.93,55,28.6,0
2023,443558,666165,2.0,21,24.7,0
2023,543685,605170,2.06,31,26.5,0
2023,571771,543592,1.97,28,26.9,0
2023,682829,521692,1.98,26,30.5,0
2023,608070,542208,1.98,13,27.8,1
2023,671289,666023,1.93,27,28.6,0
2023,673548,518735,2.08,69,28.5,0
2023,621438,571912,1.93,36,28.8,0
2023,502054,641680,1.97,57,27.8,0
2023,595879,663886,2.01,36,28.1,0
2023,646240,641680,1.97,57,26.0,0
2024,628451,605170,2.02,35,27.6,0
2024,650333,644433,1.92,9,26.7,0
2024,671277,661388,1.96,58,27.2,0
2024,656941,669257,1.94,57,25.8,0
2024,624641,669257,1.94,57,29.2,0
2024,673357,669127,1.91,70,28.8,0
2024,666310,663886,2.02,64,26.6,1
2025,663616,671056,2.0,6,26.1,0
2025,686555,666023,1.9,35,27.7,0
2025,682829,656180,1.93,35,29.1,1
2025,681082,607732,2.0,36,28.8,0
2025,682729,553869,1.91,25,29.4,0
2025,682729,595978,1.94,21,29.4,1
2025,682663,669224,1.97,42,26.7,0
2025,669016,682663,1.99,53,28.3,0
